set_id,num_patches,distance,center_score,fusion_score,patches
0,1,5,0.6803967356681824,0.10000000149011612,"[{'x_offset': 0.42816987556185104, 'y_offset': 0.9062541356804434, 'z_offset': 1.5571911605338844, 'patch_size': 0.4, 'side': 'left', 'stabilize_anchor': False}]"
0,2,5,0.6793315410614014,0.10000000149011612,"[{'x_offset': 0.42816987556185104, 'y_offset': 0.9062541356804434, 'z_offset': 1.5571911605338844, 'patch_size': 0.4, 'side': 'left', 'stabilize_anchor': False}, {'x_offset': 1.451029955877058, 'y_offset': -0.5075280205116878, 'z_offset': 1.731139856102441, 'patch_size': 0.4, 'side': 'right', 'stabilize_anchor': False}]"
0,3,5,0.6505343914031982,0.10000000149011612,"[{'x_offset': 0.42816987556185104, 'y_offset': 0.9062541356804434, 'z_offset': 1.5571911605338844, 'patch_size': 0.4, 'side': 'left', 'stabilize_anchor': False}, {'x_offset': 1.451029955877058, 'y_offset': -0.5075280205116878, 'z_offset': 1.731139856102441, 'patch_size': 0.4, 'side': 'right', 'stabilize_anchor': False}, {'x_offset': -0.3080929391827272, 'y_offset': 0.6411079880884891, 'z_offset': 0.263681428143745, 'patch_size': 0.4, 'side': 'right', 'stabilize_anchor': False}]"
0,4,5,0.5704625844955444,0.0,"[{'x_offset': 0.42816987556185104, 'y_offset': 0.9062541356804434, 'z_offset': 1.5571911605338844, 'patch_size': 0.4, 'side': 'left', 'stabilize_anchor': False}, {'x_offset': 1.451029955877058, 'y_offset': -0.5075280205116878, 'z_offset': 1.731139856102441, 'patch_size': 0.4, 'side': 'right', 'stabilize_anchor': False}, {'x_offset': -0.3080929391827272, 'y_offset': 0.6411079880884891, 'z_offset': 0.263681428143745, 'patch_size': 0.4, 'side': 'right', 'stabilize_anchor': False}, {'x_offset': -0.22633699121569617, 'y_offset': -0.10634949345253142, 'z_offset': 0.7408969455948129, 'patch_size': 0.4, 'side': 'left', 'stabilize_anchor': False}]"
0,5,5,0.5686111450195312,0.0,"[{'x_offset': 0.42816987556185104, 'y_offset': 0.9062541356804434, 'z_offset': 1.5571911605338844, 'patch_size': 0.4, 'side': 'left', 'stabilize_anchor': False}, {'x_offset': 1.451029955877058, 'y_offset': -0.5075280205116878, 'z_offset': 1.731139856102441, 'patch_size': 0.4, 'side': 'right', 'stabilize_anchor': False}, {'x_offset': -0.3080929391827272, 'y_offset': 0.6411079880884891, 'z_offset': 0.263681428143745, 'patch_size': 0.4, 'side': 'right', 'stabilize_anchor': False}, {'x_offset': -0.22633699121569617, 'y_offset': -0.10634949345253142, 'z_offset': 0.7408969455948129, 'patch_size': 0.4, 'side': 'left', 'stabilize_anchor': False}, {'x_offset': 2.412269082952266, 'y_offset': 0.4857259880933138, 'z_offset': 2.2049020605027567, 'patch_size': 0.4, 'side': 'left', 'stabilize_anchor': False}]"
0,1,10,0.6181962490081787,0.10000000149011612,"[{'x_offset': 0.42816987556185104, 'y_offset': 0.9062541356804434, 'z_offset': 1.5571911605338844, 'patch_size': 0.4, 'side': 'left', 'stabilize_anchor': False}]"
0,2,10,0.6533347368240356,0.10000000149011612,"[{'x_offset': 0.42816987556185104, 'y_offset': 0.9062541356804434, 'z_offset': 1.5571911605338844, 'patch_size': 0.4, 'side': 'left', 'stabilize_anchor': False}, {'x_offset': 1.451029955877058, 'y_offset': -0.5075280205116878, 'z_offset': 1.731139856102441, 'patch_size': 0.4, 'side': 'right', 'stabilize_anchor': False}]"
0,3,10,0.5741462707519531,0.0,"[{'x_offset': 0.42816987556185104, 'y_offset': 0.9062541356804434, 'z_offset': 1.5571911605338844, 'patch_size': 0.4, 'side': 'left', 'stabilize_anchor': False}, {'x_offset': 1.451029955877058, 'y_offset': -0.5075280205116878, 'z_offset': 1.731139856102441, 'patch_size': 0.4, 'side': 'right', 'stabilize_anchor': False}, {'x_offset': -0.3080929391827272, 'y_offset': 0.6411079880884891, 'z_offset': 0.263681428143745, 'patch_size': 0.4, 'side': 'right', 'stabilize_anchor': False}]"
0,4,10,0.6481348276138306,0.0,"[{'x_offset': 0.42816987556185104, 'y_offset': 0.9062541356804434, 'z_offset': 1.5571911605338844, 'patch_size': 0.4, 'side': 'left', 'stabilize_anchor': False}, {'x_offset': 1.451029955877058, 'y_offset': -0.5075280205116878, 'z_offset': 1.731139856102441, 'patch_size': 0.4, 'side': 'right', 'stabilize_anchor': False}, {'x_offset': -0.3080929391827272, 'y_offset': 0.6411079880884891, 'z_offset': 0.263681428143745, 'patch_size': 0.4, 'side': 'right', 'stabilize_anchor': False}, {'x_offset': -0.22633699121569617, 'y_offset': -0.10634949345253142, 'z_offset': 0.7408969455948129, 'patch_size': 0.4, 'side': 'left', 'stabilize_anchor': False}]"
0,5,10,0.464732825756073,0.0,"[{'x_offset': 0.42816987556185104, 'y_offset': 0.9062541356804434, 'z_offset': 1.5571911605338844, 'patch_size': 0.4, 'side': 'left', 'stabilize_anchor': False}, {'x_offset': 1.451029955877058, 'y_offset': -0.5075280205116878, 'z_offset': 1.731139856102441, 'patch_size': 0.4, 'side': 'right', 'stabilize_anchor': False}, {'x_offset': -0.3080929391827272, 'y_offset': 0.6411079880884891, 'z_offset': 0.263681428143745, 'patch_size': 0.4, 'side': 'right', 'stabilize_anchor': False}, {'x_offset': -0.22633699121569617, 'y_offset': -0.10634949345253142, 'z_offset': 0.7408969455948129, 'patch_size': 0.4, 'side': 'left', 'stabilize_anchor': False}, {'x_offset': 2.412269082952266, 'y_offset': 0.4857259880933138, 'z_offset': 2.2049020605027567, 'patch_size': 0.4, 'side': 'left', 'stabilize_anchor': False}]"
0,1,15,0.685833752155304,0.0,"[{'x_offset': 0.42816987556185104, 'y_offset': 0.9062541356804434, 'z_offset': 1.5571911605338844, 'patch_size': 0.4, 'side': 'left', 'stabilize_anchor': False}]"
0,2,15,0.6886568665504456,0.10000000149011612,"[{'x_offset': 0.42816987556185104, 'y_offset': 0.9062541356804434, 'z_offset': 1.5571911605338844, 'patch_size': 0.4, 'side': 'left', 'stabilize_anchor': False}, {'x_offset': 1.451029955877058, 'y_offset': -0.5075280205116878, 'z_offset': 1.731139856102441, 'patch_size': 0.4, 'side': 'right', 'stabilize_anchor': False}]"
0,3,15,0.6767206192016602,0.10000000149011612,"[{'x_offset': 0.42816987556185104, 'y_offset': 0.9062541356804434, 'z_offset': 1.5571911605338844, 'patch_size': 0.4, 'side': 'left', 'stabilize_anchor': False}, {'x_offset': 1.451029955877058, 'y_offset': -0.5075280205116878, 'z_offset': 1.731139856102441, 'patch_size': 0.4, 'side': 'right', 'stabilize_anchor': False}, {'x_offset': -0.3080929391827272, 'y_offset': 0.6411079880884891, 'z_offset': 0.263681428143745, 'patch_size': 0.4, 'side': 'right', 'stabilize_anchor': False}]"
0,4,15,0.6450598239898682,0.0,"[{'x_offset': 0.42816987556185104, 'y_offset': 0.9062541356804434, 'z_offset': 1.5571911605338844, 'patch_size': 0.4, 'side': 'left', 'stabilize_anchor': False}, {'x_offset': 1.451029955877058, 'y_offset': -0.5075280205116878, 'z_offset': 1.731139856102441, 'patch_size': 0.4, 'side': 'right', 'stabilize_anchor': False}, {'x_offset': -0.3080929391827272, 'y_offset': 0.6411079880884891, 'z_offset': 0.263681428143745, 'patch_size': 0.4, 'side': 'right', 'stabilize_anchor': False}, {'x_offset': -0.22633699121569617, 'y_offset': -0.10634949345253142, 'z_offset': 0.7408969455948129, 'patch_size': 0.4, 'side': 'left', 'stabilize_anchor': False}]"
0,5,15,0.6435369253158569,0.0,"[{'x_offset': 0.42816987556185104, 'y_offset': 0.9062541356804434, 'z_offset': 1.5571911605338844, 'patch_size': 0.4, 'side': 'left', 'stabilize_anchor': False}, {'x_offset': 1.451029955877058, 'y_offset': -0.5075280205116878, 'z_offset': 1.731139856102441, 'patch_size': 0.4, 'side': 'right', 'stabilize_anchor': False}, {'x_offset': -0.3080929391827272, 'y_offset': 0.6411079880884891, 'z_offset': 0.263681428143745, 'patch_size': 0.4, 'side': 'right', 'stabilize_anchor': False}, {'x_offset': -0.22633699121569617, 'y_offset': -0.10634949345253142, 'z_offset': 0.7408969455948129, 'patch_size': 0.4, 'side': 'left', 'stabilize_anchor': False}, {'x_offset': 2.412269082952266, 'y_offset': 0.4857259880933138, 'z_offset': 2.2049020605027567, 'patch_size': 0.4, 'side': 'left', 'stabilize_anchor': False}]"
0,1,20,0.6936630010604858,0.10000000149011612,"[{'x_offset': 0.42816987556185104, 'y_offset': 0.9062541356804434, 'z_offset': 1.5571911605338844, 'patch_size': 0.4, 'side': 'left', 'stabilize_anchor': False}]"
0,2,20,0.658328115940094,0.10000000149011612,"[{'x_offset': 0.42816987556185104, 'y_offset': 0.9062541356804434, 'z_offset': 1.5571911605338844, 'patch_size': 0.4, 'side': 'left', 'stabilize_anchor': False}, {'x_offset': 1.451029955877058, 'y_offset': -0.5075280205116878, 'z_offset': 1.731139856102441, 'patch_size': 0.4, 'side': 'right', 'stabilize_anchor': False}]"
0,3,20,0.40648311376571655,0.0,"[{'x_offset': 0.42816987556185104, 'y_offset': 0.9062541356804434, 'z_offset': 1.5571911605338844, 'patch_size': 0.4, 'side': 'left', 'stabilize_anchor': False}, {'x_offset': 1.451029955877058, 'y_offset': -0.5075280205116878, 'z_offset': 1.731139856102441, 'patch_size': 0.4, 'side': 'right', 'stabilize_anchor': False}, {'x_offset': -0.3080929391827272, 'y_offset': 0.6411079880884891, 'z_offset': 0.263681428143745, 'patch_size': 0.4, 'side': 'right', 'stabilize_anchor': False}]"
0,4,20,0.391312837600708,0.0,"[{'x_offset': 0.42816987556185104, 'y_offset': 0.9062541356804434, 'z_offset': 1.5571911605338844, 'patch_size': 0.4, 'side': 'left', 'stabilize_anchor': False}, {'x_offset': 1.451029955877058, 'y_offset': -0.5075280205116878, 'z_offset': 1.731139856102441, 'patch_size': 0.4, 'side': 'right', 'stabilize_anchor': False}, {'x_offset': -0.3080929391827272, 'y_offset': 0.6411079880884891, 'z_offset': 0.263681428143745, 'patch_size': 0.4, 'side': 'right', 'stabilize_anchor': False}, {'x_offset': -0.22633699121569617, 'y_offset': -0.10634949345253142, 'z_offset': 0.7408969455948129, 'patch_size': 0.4, 'side': 'left', 'stabilize_anchor': False}]"
0,5,20,0.0,0.10000000149011612,"[{'x_offset': 0.42816987556185104, 'y_offset': 0.9062541356804434, 'z_offset': 1.5571911605338844, 'patch_size': 0.4, 'side': 'left', 'stabilize_anchor': False}, {'x_offset': 1.451029955877058, 'y_offset': -0.5075280205116878, 'z_offset': 1.731139856102441, 'patch_size': 0.4, 'side': 'right', 'stabilize_anchor': False}, {'x_offset': -0.3080929391827272, 'y_offset': 0.6411079880884891, 'z_offset': 0.263681428143745, 'patch_size': 0.4, 'side': 'right', 'stabilize_anchor': False}, {'x_offset': -0.22633699121569617, 'y_offset': -0.10634949345253142, 'z_offset': 0.7408969455948129, 'patch_size': 0.4, 'side': 'left', 'stabilize_anchor': False}, {'x_offset': 2.412269082952266, 'y_offset': 0.4857259880933138, 'z_offset': 2.2049020605027567, 'patch_size': 0.4, 'side': 'left', 'stabilize_anchor': False}]"
0,1,25,0.4613482654094696,0.10000000149011612,"[{'x_offset': 0.42816987556185104, 'y_offset': 0.9062541356804434, 'z_offset': 1.5571911605338844, 'patch_size': 0.4, 'side': 'left', 'stabilize_anchor': False}]"
0,2,25,0.3585997223854065,0.10000000149011612,"[{'x_offset': 0.42816987556185104, 'y_offset': 0.9062541356804434, 'z_offset': 1.5571911605338844, 'patch_size': 0.4, 'side': 'left', 'stabilize_anchor': False}, {'x_offset': 1.451029955877058, 'y_offset': -0.5075280205116878, 'z_offset': 1.731139856102441, 'patch_size': 0.4, 'side': 'right', 'stabilize_anchor': False}]"
0,3,25,0.0,0.0,"[{'x_offset': 0.42816987556185104, 'y_offset': 0.9062541356804434, 'z_offset': 1.5571911605338844, 'patch_size': 0.4, 'side': 'left', 'stabilize_anchor': False}, {'x_offset': 1.451029955877058, 'y_offset': -0.5075280205116878, 'z_offset': 1.731139856102441, 'patch_size': 0.4, 'side': 'right', 'stabilize_anchor': False}, {'x_offset': -0.3080929391827272, 'y_offset': 0.6411079880884891, 'z_offset': 0.263681428143745, 'patch_size': 0.4, 'side': 'right', 'stabilize_anchor': False}]"
0,4,25,0.0,0.0,"[{'x_offset': 0.42816987556185104, 'y_offset': 0.9062541356804434, 'z_offset': 1.5571911605338844, 'patch_size': 0.4, 'side': 'left', 'stabilize_anchor': False}, {'x_offset': 1.451029955877058, 'y_offset': -0.5075280205116878, 'z_offset': 1.731139856102441, 'patch_size': 0.4, 'side': 'right', 'stabilize_anchor': False}, {'x_offset': -0.3080929391827272, 'y_offset': 0.6411079880884891, 'z_offset': 0.263681428143745, 'patch_size': 0.4, 'side': 'right', 'stabilize_anchor': False}, {'x_offset': -0.22633699121569617, 'y_offset': -0.10634949345253142, 'z_offset': 0.7408969455948129, 'patch_size': 0.4, 'side': 'left', 'stabilize_anchor': False}]"
0,5,25,0.350538045167923,0.0,"[{'x_offset': 0.42816987556185104, 'y_offset': 0.9062541356804434, 'z_offset': 1.5571911605338844, 'patch_size': 0.4, 'side': 'left', 'stabilize_anchor': False}, {'x_offset': 1.451029955877058, 'y_offset': -0.5075280205116878, 'z_offset': 1.731139856102441, 'patch_size': 0.4, 'side': 'right', 'stabilize_anchor': False}, {'x_offset': -0.3080929391827272, 'y_offset': 0.6411079880884891, 'z_offset': 0.263681428143745, 'patch_size': 0.4, 'side': 'right', 'stabilize_anchor': False}, {'x_offset': -0.22633699121569617, 'y_offset': -0.10634949345253142, 'z_offset': 0.7408969455948129, 'patch_size': 0.4, 'side': 'left', 'stabilize_anchor': False}, {'x_offset': 2.412269082952266, 'y_offset': 0.4857259880933138, 'z_offset': 2.2049020605027567, 'patch_size': 0.4, 'side': 'left', 'stabilize_anchor': False}]"
0,1,30,0.36185669898986816,0.0,"[{'x_offset': 0.42816987556185104, 'y_offset': 0.9062541356804434, 'z_offset': 1.5571911605338844, 'patch_size': 0.4, 'side': 'left', 'stabilize_anchor': False}]"
0,2,30,0.3941216468811035,0.0,"[{'x_offset': 0.42816987556185104, 'y_offset': 0.9062541356804434, 'z_offset': 1.5571911605338844, 'patch_size': 0.4, 'side': 'left', 'stabilize_anchor': False}, {'x_offset': 1.451029955877058, 'y_offset': -0.5075280205116878, 'z_offset': 1.731139856102441, 'patch_size': 0.4, 'side': 'right', 'stabilize_anchor': False}]"
0,3,30,0.39214614033699036,0.0,"[{'x_offset': 0.42816987556185104, 'y_offset': 0.9062541356804434, 'z_offset': 1.5571911605338844, 'patch_size': 0.4, 'side': 'left', 'stabilize_anchor': False}, {'x_offset': 1.451029955877058, 'y_offset': -0.5075280205116878, 'z_offset': 1.731139856102441, 'patch_size': 0.4, 'side': 'right', 'stabilize_anchor': False}, {'x_offset': -0.3080929391827272, 'y_offset': 0.6411079880884891, 'z_offset': 0.263681428143745, 'patch_size': 0.4, 'side': 'right', 'stabilize_anchor': False}]"
0,4,30,0.0,0.0,"[{'x_offset': 0.42816987556185104, 'y_offset': 0.9062541356804434, 'z_offset': 1.5571911605338844, 'patch_size': 0.4, 'side': 'left', 'stabilize_anchor': False}, {'x_offset': 1.451029955877058, 'y_offset': -0.5075280205116878, 'z_offset': 1.731139856102441, 'patch_size': 0.4, 'side': 'right', 'stabilize_anchor': False}, {'x_offset': -0.3080929391827272, 'y_offset': 0.6411079880884891, 'z_offset': 0.263681428143745, 'patch_size': 0.4, 'side': 'right', 'stabilize_anchor': False}, {'x_offset': -0.22633699121569617, 'y_offset': -0.10634949345253142, 'z_offset': 0.7408969455948129, 'patch_size': 0.4, 'side': 'left', 'stabilize_anchor': False}]"
0,5,30,0.0,0.0,"[{'x_offset': 0.42816987556185104, 'y_offset': 0.9062541356804434, 'z_offset': 1.5571911605338844, 'patch_size': 0.4, 'side': 'left', 'stabilize_anchor': False}, {'x_offset': 1.451029955877058, 'y_offset': -0.5075280205116878, 'z_offset': 1.731139856102441, 'patch_size': 0.4, 'side': 'right', 'stabilize_anchor': False}, {'x_offset': -0.3080929391827272, 'y_offset': 0.6411079880884891, 'z_offset': 0.263681428143745, 'patch_size': 0.4, 'side': 'right', 'stabilize_anchor': False}, {'x_offset': -0.22633699121569617, 'y_offset': -0.10634949345253142, 'z_offset': 0.7408969455948129, 'patch_size': 0.4, 'side': 'left', 'stabilize_anchor': False}, {'x_offset': 2.412269082952266, 'y_offset': 0.4857259880933138, 'z_offset': 2.2049020605027567, 'patch_size': 0.4, 'side': 'left', 'stabilize_anchor': False}]"
1,1,5,0.6366050243377686,0.0,"[{'x_offset': -0.2808457644486164, 'y_offset': -0.02018416260307143, 'z_offset': 1.4773634799378617, 'patch_size': 0.4, 'side': 'left', 'stabilize_anchor': False}]"
1,2,5,0.6710658669471741,0.0,"[{'x_offset': -0.2808457644486164, 'y_offset': -0.02018416260307143, 'z_offset': 1.4773634799378617, 'patch_size': 0.4, 'side': 'left', 'stabilize_anchor': False}, {'x_offset': -0.170318674844522, 'y_offset': 0.3649788067028801, 'z_offset': 0.952434985707609, 'patch_size': 0.4, 'side': 'right', 'stabilize_anchor': False}]"
1,3,5,0.6889262199401855,0.0,"[{'x_offset': -0.2808457644486164, 'y_offset': -0.02018416260307143, 'z_offset': 1.4773634799378617, 'patch_size': 0.4, 'side': 'left', 'stabilize_anchor': False}, {'x_offset': -0.170318674844522, 'y_offset': 0.3649788067028801, 'z_offset': 0.952434985707609, 'patch_size': 0.4, 'side': 'right', 'stabilize_anchor': False}, {'x_offset': 0.03822999876576905, 'y_offset': 0.9753826139350883, 'z_offset': 1.419584168523159, 'patch_size': 0.4, 'side': 'right', 'stabilize_anchor': False}]"
1,4,5,0.6822317838668823,0.0,"[{'x_offset': -0.2808457644486164, 'y_offset': -0.02018416260307143, 'z_offset': 1.4773634799378617, 'patch_size': 0.4, 'side': 'left', 'stabilize_anchor': False}, {'x_offset': -0.170318674844522, 'y_offset': 0.3649788067028801, 'z_offset': 0.952434985707609, 'patch_size': 0.4, 'side': 'right', 'stabilize_anchor': False}, {'x_offset': 0.03822999876576905, 'y_offset': 0.9753826139350883, 'z_offset': 1.419584168523159, 'patch_size': 0.4, 'side': 'right', 'stabilize_anchor': False}, {'x_offset': 2.6449229282027855, 'y_offset': 0.8145032219459711, 'z_offset': 1.9488192624642324, 'patch_size': 0.4, 'side': 'left', 'stabilize_anchor': False}]"
1,5,5,0.6797757148742676,0.0,"[{'x_offset': -0.2808457644486164, 'y_offset': -0.02018416260307143, 'z_offset': 1.4773634799378617, 'patch_size': 0.4, 'side': 'left', 'stabilize_anchor': False}, {'x_offset': -0.170318674844522, 'y_offset': 0.3649788067028801, 'z_offset': 0.952434985707609, 'patch_size': 0.4, 'side': 'right', 'stabilize_anchor': False}, {'x_offset': 0.03822999876576905, 'y_offset': 0.9753826139350883, 'z_offset': 1.419584168523159, 'patch_size': 0.4, 'side': 'right', 'stabilize_anchor': False}, {'x_offset': 2.6449229282027855, 'y_offset': 0.8145032219459711, 'z_offset': 1.9488192624642324, 'patch_size': 0.4, 'side': 'left', 'stabilize_anchor': False}, {'x_offset': 0.2463478241534114, 'y_offset': -0.34649490062939614, 'z_offset': 2.0663250136937115, 'patch_size': 0.4, 'side': 'right', 'stabilize_anchor': False}]"
1,1,10,0.6389103531837463,0.0,"[{'x_offset': -0.2808457644486164, 'y_offset': -0.02018416260307143, 'z_offset': 1.4773634799378617, 'patch_size': 0.4, 'side': 'left', 'stabilize_anchor': False}]"
1,2,10,0.7148023843765259,0.0,"[{'x_offset': -0.2808457644486164, 'y_offset': -0.02018416260307143, 'z_offset': 1.4773634799378617, 'patch_size': 0.4, 'side': 'left', 'stabilize_anchor': False}, {'x_offset': -0.170318674844522, 'y_offset': 0.3649788067028801, 'z_offset': 0.952434985707609, 'patch_size': 0.4, 'side': 'right', 'stabilize_anchor': False}]"
1,3,10,0.7575100064277649,0.0,"[{'x_offset': -0.2808457644486164, 'y_offset': -0.02018416260307143, 'z_offset': 1.4773634799378617, 'patch_size': 0.4, 'side': 'left', 'stabilize_anchor': False}, {'x_offset': -0.170318674844522, 'y_offset': 0.3649788067028801, 'z_offset': 0.952434985707609, 'patch_size': 0.4, 'side': 'right', 'stabilize_anchor': False}, {'x_offset': 0.03822999876576905, 'y_offset': 0.9753826139350883, 'z_offset': 1.419584168523159, 'patch_size': 0.4, 'side': 'right', 'stabilize_anchor': False}]"
1,4,10,0.7403136491775513,0.0,"[{'x_offset': -0.2808457644486164, 'y_offset': -0.02018416260307143, 'z_offset': 1.4773634799378617, 'patch_size': 0.4, 'side': 'left', 'stabilize_anchor': False}, {'x_offset': -0.170318674844522, 'y_offset': 0.3649788067028801, 'z_offset': 0.952434985707609, 'patch_size': 0.4, 'side': 'right', 'stabilize_anchor': False}, {'x_offset': 0.03822999876576905, 'y_offset': 0.9753826139350883, 'z_offset': 1.419584168523159, 'patch_size': 0.4, 'side': 'right', 'stabilize_anchor': False}, {'x_offset': 2.6449229282027855, 'y_offset': 0.8145032219459711, 'z_offset': 1.9488192624642324, 'patch_size': 0.4, 'side': 'left', 'stabilize_anchor': False}]"
1,5,10,0.6945869326591492,0.0,"[{'x_offset': -0.2808457644486164, 'y_offset': -0.02018416260307143, 'z_offset': 1.4773634799378617, 'patch_size': 0.4, 'side': 'left', 'stabilize_anchor': False}, {'x_offset': -0.170318674844522, 'y_offset': 0.3649788067028801, 'z_offset': 0.952434985707609, 'patch_size': 0.4, 'side': 'right', 'stabilize_anchor': False}, {'x_offset': 0.03822999876576905, 'y_offset': 0.9753826139350883, 'z_offset': 1.419584168523159, 'patch_size': 0.4, 'side': 'right', 'stabilize_anchor': False}, {'x_offset': 2.6449229282027855, 'y_offset': 0.8145032219459711, 'z_offset': 1.9488192624642324, 'patch_size': 0.4, 'side': 'left', 'stabilize_anchor': False}, {'x_offset': 0.2463478241534114, 'y_offset': -0.34649490062939614, 'z_offset': 2.0663250136937115, 'patch_size': 0.4, 'side': 'right', 'stabilize_anchor': False}]"
1,1,15,0.6373854279518127,0.0,"[{'x_offset': -0.2808457644486164, 'y_offset': -0.02018416260307143, 'z_offset': 1.4773634799378617, 'patch_size': 0.4, 'side': 'left', 'stabilize_anchor': False}]"
1,2,15,0.6152644753456116,0.0,"[{'x_offset': -0.2808457644486164, 'y_offset': -0.02018416260307143, 'z_offset': 1.4773634799378617, 'patch_size': 0.4, 'side': 'left', 'stabilize_anchor': False}, {'x_offset': -0.170318674844522, 'y_offset': 0.3649788067028801, 'z_offset': 0.952434985707609, 'patch_size': 0.4, 'side': 'right', 'stabilize_anchor': False}]"
1,3,15,0.5780382752418518,0.0,"[{'x_offset': -0.2808457644486164, 'y_offset': -0.02018416260307143, 'z_offset': 1.4773634799378617, 'patch_size': 0.4, 'side': 'left', 'stabilize_anchor': False}, {'x_offset': -0.170318674844522, 'y_offset': 0.3649788067028801, 'z_offset': 0.952434985707609, 'patch_size': 0.4, 'side': 'right', 'stabilize_anchor': False}, {'x_offset': 0.03822999876576905, 'y_offset': 0.9753826139350883, 'z_offset': 1.419584168523159, 'patch_size': 0.4, 'side': 'right', 'stabilize_anchor': False}]"
1,4,15,0.5013434290885925,0.0,"[{'x_offset': -0.2808457644486164, 'y_offset': -0.02018416260307143, 'z_offset': 1.4773634799378617, 'patch_size': 0.4, 'side': 'left', 'stabilize_anchor': False}, {'x_offset': -0.170318674844522, 'y_offset': 0.3649788067028801, 'z_offset': 0.952434985707609, 'patch_size': 0.4, 'side': 'right', 'stabilize_anchor': False}, {'x_offset': 0.03822999876576905, 'y_offset': 0.9753826139350883, 'z_offset': 1.419584168523159, 'patch_size': 0.4, 'side': 'right', 'stabilize_anchor': False}, {'x_offset': 2.6449229282027855, 'y_offset': 0.8145032219459711, 'z_offset': 1.9488192624642324, 'patch_size': 0.4, 'side': 'left', 'stabilize_anchor': False}]"
1,5,15,0.5748674869537354,0.0,"[{'x_offset': -0.2808457644486164, 'y_offset': -0.02018416260307143, 'z_offset': 1.4773634799378617, 'patch_size': 0.4, 'side': 'left', 'stabilize_anchor': False}, {'x_offset': -0.170318674844522, 'y_offset': 0.3649788067028801, 'z_offset': 0.952434985707609, 'patch_size': 0.4, 'side': 'right', 'stabilize_anchor': False}, {'x_offset': 0.03822999876576905, 'y_offset': 0.9753826139350883, 'z_offset': 1.419584168523159, 'patch_size': 0.4, 'side': 'right', 'stabilize_anchor': False}, {'x_offset': 2.6449229282027855, 'y_offset': 0.8145032219459711, 'z_offset': 1.9488192624642324, 'patch_size': 0.4, 'side': 'left', 'stabilize_anchor': False}, {'x_offset': 0.2463478241534114, 'y_offset': -0.34649490062939614, 'z_offset': 2.0663250136937115, 'patch_size': 0.4, 'side': 'right', 'stabilize_anchor': False}]"
1,1,20,0.703662097454071,0.0,"[{'x_offset': -0.2808457644486164, 'y_offset': -0.02018416260307143, 'z_offset': 1.4773634799378617, 'patch_size': 0.4, 'side': 'left', 'stabilize_anchor': False}]"
1,2,20,0.5897448062896729,0.0,"[{'x_offset': -0.2808457644486164, 'y_offset': -0.02018416260307143, 'z_offset': 1.4773634799378617, 'patch_size': 0.4, 'side': 'left', 'stabilize_anchor': False}, {'x_offset': -0.170318674844522, 'y_offset': 0.3649788067028801, 'z_offset': 0.952434985707609, 'patch_size': 0.4, 'side': 'right', 'stabilize_anchor': False}]"
1,3,20,0.6218957901000977,0.0,"[{'x_offset': -0.2808457644486164, 'y_offset': -0.02018416260307143, 'z_offset': 1.4773634799378617, 'patch_size': 0.4, 'side': 'left', 'stabilize_anchor': False}, {'x_offset': -0.170318674844522, 'y_offset': 0.3649788067028801, 'z_offset': 0.952434985707609, 'patch_size': 0.4, 'side': 'right', 'stabilize_anchor': False}, {'x_offset': 0.03822999876576905, 'y_offset': 0.9753826139350883, 'z_offset': 1.419584168523159, 'patch_size': 0.4, 'side': 'right', 'stabilize_anchor': False}]"
1,4,20,0.42590612173080444,0.0,"[{'x_offset': -0.2808457644486164, 'y_offset': -0.02018416260307143, 'z_offset': 1.4773634799378617, 'patch_size': 0.4, 'side': 'left', 'stabilize_anchor': False}, {'x_offset': -0.170318674844522, 'y_offset': 0.3649788067028801, 'z_offset': 0.952434985707609, 'patch_size': 0.4, 'side': 'right', 'stabilize_anchor': False}, {'x_offset': 0.03822999876576905, 'y_offset': 0.9753826139350883, 'z_offset': 1.419584168523159, 'patch_size': 0.4, 'side': 'right', 'stabilize_anchor': False}, {'x_offset': 2.6449229282027855, 'y_offset': 0.8145032219459711, 'z_offset': 1.9488192624642324, 'patch_size': 0.4, 'side': 'left', 'stabilize_anchor': False}]"
1,5,20,0.5130950212478638,0.0,"[{'x_offset': -0.2808457644486164, 'y_offset': -0.02018416260307143, 'z_offset': 1.4773634799378617, 'patch_size': 0.4, 'side': 'left', 'stabilize_anchor': False}, {'x_offset': -0.170318674844522, 'y_offset': 0.3649788067028801, 'z_offset': 0.952434985707609, 'patch_size': 0.4, 'side': 'right', 'stabilize_anchor': False}, {'x_offset': 0.03822999876576905, 'y_offset': 0.9753826139350883, 'z_offset': 1.419584168523159, 'patch_size': 0.4, 'side': 'right', 'stabilize_anchor': False}, {'x_offset': 2.6449229282027855, 'y_offset': 0.8145032219459711, 'z_offset': 1.9488192624642324, 'patch_size': 0.4, 'side': 'left', 'stabilize_anchor': False}, {'x_offset': 0.2463478241534114, 'y_offset': -0.34649490062939614, 'z_offset': 2.0663250136937115, 'patch_size': 0.4, 'side': 'right', 'stabilize_anchor': False}]"
1,1,25,0.3995354473590851,0.0,"[{'x_offset': -0.2808457644486164, 'y_offset': -0.02018416260307143, 'z_offset': 1.4773634799378617, 'patch_size': 0.4, 'side': 'left', 'stabilize_anchor': False}]"
1,2,25,0.0,0.0,"[{'x_offset': -0.2808457644486164, 'y_offset': -0.02018416260307143, 'z_offset': 1.4773634799378617, 'patch_size': 0.4, 'side': 'left', 'stabilize_anchor': False}, {'x_offset': -0.170318674844522, 'y_offset': 0.3649788067028801, 'z_offset': 0.952434985707609, 'patch_size': 0.4, 'side': 'right', 'stabilize_anchor': False}]"
1,3,25,0.39619702100753784,0.0,"[{'x_offset': -0.2808457644486164, 'y_offset': -0.02018416260307143, 'z_offset': 1.4773634799378617, 'patch_size': 0.4, 'side': 'left', 'stabilize_anchor': False}, {'x_offset': -0.170318674844522, 'y_offset': 0.3649788067028801, 'z_offset': 0.952434985707609, 'patch_size': 0.4, 'side': 'right', 'stabilize_anchor': False}, {'x_offset': 0.03822999876576905, 'y_offset': 0.9753826139350883, 'z_offset': 1.419584168523159, 'patch_size': 0.4, 'side': 'right', 'stabilize_anchor': False}]"
1,4,25,0.0,0.0,"[{'x_offset': -0.2808457644486164, 'y_offset': -0.02018416260307143, 'z_offset': 1.4773634799378617, 'patch_size': 0.4, 'side': 'left', 'stabilize_anchor': False}, {'x_offset': -0.170318674844522, 'y_offset': 0.3649788067028801, 'z_offset': 0.952434985707609, 'patch_size': 0.4, 'side': 'right', 'stabilize_anchor': False}, {'x_offset': 0.03822999876576905, 'y_offset': 0.9753826139350883, 'z_offset': 1.419584168523159, 'patch_size': 0.4, 'side': 'right', 'stabilize_anchor': False}, {'x_offset': 2.6449229282027855, 'y_offset': 0.8145032219459711, 'z_offset': 1.9488192624642324, 'patch_size': 0.4, 'side': 'left', 'stabilize_anchor': False}]"
1,5,25,0.0,0.0,"[{'x_offset': -0.2808457644486164, 'y_offset': -0.02018416260307143, 'z_offset': 1.4773634799378617, 'patch_size': 0.4, 'side': 'left', 'stabilize_anchor': False}, {'x_offset': -0.170318674844522, 'y_offset': 0.3649788067028801, 'z_offset': 0.952434985707609, 'patch_size': 0.4, 'side': 'right', 'stabilize_anchor': False}, {'x_offset': 0.03822999876576905, 'y_offset': 0.9753826139350883, 'z_offset': 1.419584168523159, 'patch_size': 0.4, 'side': 'right', 'stabilize_anchor': False}, {'x_offset': 2.6449229282027855, 'y_offset': 0.8145032219459711, 'z_offset': 1.9488192624642324, 'patch_size': 0.4, 'side': 'left', 'stabilize_anchor': False}, {'x_offset': 0.2463478241534114, 'y_offset': -0.34649490062939614, 'z_offset': 2.0663250136937115, 'patch_size': 0.4, 'side': 'right', 'stabilize_anchor': False}]"
1,1,30,0.0,0.0,"[{'x_offset': -0.2808457644486164, 'y_offset': -0.02018416260307143, 'z_offset': 1.4773634799378617, 'patch_size': 0.4, 'side': 'left', 'stabilize_anchor': False}]"
1,2,30,0.0,0.10000000149011612,"[{'x_offset': -0.2808457644486164, 'y_offset': -0.02018416260307143, 'z_offset': 1.4773634799378617, 'patch_size': 0.4, 'side': 'left', 'stabilize_anchor': False}, {'x_offset': -0.170318674844522, 'y_offset': 0.3649788067028801, 'z_offset': 0.952434985707609, 'patch_size': 0.4, 'side': 'right', 'stabilize_anchor': False}]"
1,3,30,0.0,0.0,"[{'x_offset': -0.2808457644486164, 'y_offset': -0.02018416260307143, 'z_offset': 1.4773634799378617, 'patch_size': 0.4, 'side': 'left', 'stabilize_anchor': False}, {'x_offset': -0.170318674844522, 'y_offset': 0.3649788067028801, 'z_offset': 0.952434985707609, 'patch_size': 0.4, 'side': 'right', 'stabilize_anchor': False}, {'x_offset': 0.03822999876576905, 'y_offset': 0.9753826139350883, 'z_offset': 1.419584168523159, 'patch_size': 0.4, 'side': 'right', 'stabilize_anchor': False}]"
1,4,30,0.35882556438446045,0.0,"[{'x_offset': -0.2808457644486164, 'y_offset': -0.02018416260307143, 'z_offset': 1.4773634799378617, 'patch_size': 0.4, 'side': 'left', 'stabilize_anchor': False}, {'x_offset': -0.170318674844522, 'y_offset': 0.3649788067028801, 'z_offset': 0.952434985707609, 'patch_size': 0.4, 'side': 'right', 'stabilize_anchor': False}, {'x_offset': 0.03822999876576905, 'y_offset': 0.9753826139350883, 'z_offset': 1.419584168523159, 'patch_size': 0.4, 'side': 'right', 'stabilize_anchor': False}, {'x_offset': 2.6449229282027855, 'y_offset': 0.8145032219459711, 'z_offset': 1.9488192624642324, 'patch_size': 0.4, 'side': 'left', 'stabilize_anchor': False}]"
1,5,30,0.42709052562713623,0.10000000149011612,"[{'x_offset': -0.2808457644486164, 'y_offset': -0.02018416260307143, 'z_offset': 1.4773634799378617, 'patch_size': 0.4, 'side': 'left', 'stabilize_anchor': False}, {'x_offset': -0.170318674844522, 'y_offset': 0.3649788067028801, 'z_offset': 0.952434985707609, 'patch_size': 0.4, 'side': 'right', 'stabilize_anchor': False}, {'x_offset': 0.03822999876576905, 'y_offset': 0.9753826139350883, 'z_offset': 1.419584168523159, 'patch_size': 0.4, 'side': 'right', 'stabilize_anchor': False}, {'x_offset': 2.6449229282027855, 'y_offset': 0.8145032219459711, 'z_offset': 1.9488192624642324, 'patch_size': 0.4, 'side': 'left', 'stabilize_anchor': False}, {'x_offset': 0.2463478241534114, 'y_offset': -0.34649490062939614, 'z_offset': 2.0663250136937115, 'patch_size': 0.4, 'side': 'right', 'stabilize_anchor': False}]"
2,1,5,0.6413047909736633,0.10000000149011612,"[{'x_offset': -0.6429713111855225, 'y_offset': 0.8699530860029139, 'z_offset': 1.462420424007261, 'patch_size': 0.4, 'side': 'left', 'stabilize_anchor': False}]"
2,2,5,0.6317375302314758,0.10000000149011612,"[{'x_offset': -0.6429713111855225, 'y_offset': 0.8699530860029139, 'z_offset': 1.462420424007261, 'patch_size': 0.4, 'side': 'left', 'stabilize_anchor': False}, {'x_offset': 1.2003598587200965, 'y_offset': 0.8733902510241764, 'z_offset': 1.8378134115217242, 'patch_size': 0.4, 'side': 'right', 'stabilize_anchor': False}]"
2,3,5,0.6312307119369507,0.0,"[{'x_offset': -0.6429713111855225, 'y_offset': 0.8699530860029139, 'z_offset': 1.462420424007261, 'patch_size': 0.4, 'side': 'left', 'stabilize_anchor': False}, {'x_offset': 1.2003598587200965, 'y_offset': 0.8733902510241764, 'z_offset': 1.8378134115217242, 'patch_size': 0.4, 'side': 'right', 'stabilize_anchor': False}, {'x_offset': -0.13005413268527188, 'y_offset': 0.22563409279193902, 'z_offset': 1.227331035061154, 'patch_size': 0.4, 'side': 'right', 'stabilize_anchor': False}]"
2,4,5,0.6471006870269775,0.0,"[{'x_offset': -0.6429713111855225, 'y_offset': 0.8699530860029139, 'z_offset': 1.462420424007261, 'patch_size': 0.4, 'side': 'left', 'stabilize_anchor': False}, {'x_offset': 1.2003598587200965, 'y_offset': 0.8733902510241764, 'z_offset': 1.8378134115217242, 'patch_size': 0.4, 'side': 'right', 'stabilize_anchor': False}, {'x_offset': -0.13005413268527188, 'y_offset': 0.22563409279193902, 'z_offset': 1.227331035061154, 'patch_size': 0.4, 'side': 'right', 'stabilize_anchor': False}, {'x_offset': -0.1336812936769285, 'y_offset': 0.1607167272657034, 'z_offset': 2.059795137819805, 'patch_size': 0.4, 'side': 'left', 'stabilize_anchor': False}]"
2,5,5,0.6428606510162354,0.0,"[{'x_offset': -0.6429713111855225, 'y_offset': 0.8699530860029139, 'z_offset': 1.462420424007261, 'patch_size': 0.4, 'side': 'left', 'stabilize_anchor': False}, {'x_offset': 1.2003598587200965, 'y_offset': 0.8733902510241764, 'z_offset': 1.8378134115217242, 'patch_size': 0.4, 'side': 'right', 'stabilize_anchor': False}, {'x_offset': -0.13005413268527188, 'y_offset': 0.22563409279193902, 'z_offset': 1.227331035061154, 'patch_size': 0.4, 'side': 'right', 'stabilize_anchor': False}, {'x_offset': -0.1336812936769285, 'y_offset': 0.1607167272657034, 'z_offset': 2.059795137819805, 'patch_size': 0.4, 'side': 'left', 'stabilize_anchor': False}, {'x_offset': 3.1649256505220302, 'y_offset': -0.24018091349158155, 'z_offset': 2.2409477294613764, 'patch_size': 0.4, 'side': 'right', 'stabilize_anchor': False}]"
2,1,10,0.6866189241409302,0.10000000149011612,"[{'x_offset': -0.6429713111855225, 'y_offset': 0.8699530860029139, 'z_offset': 1.462420424007261, 'patch_size': 0.4, 'side': 'left', 'stabilize_anchor': False}]"
2,2,10,0.6779709458351135,0.10000000149011612,"[{'x_offset': -0.6429713111855225, 'y_offset': 0.8699530860029139, 'z_offset': 1.462420424007261, 'patch_size': 0.4, 'side': 'left', 'stabilize_anchor': False}, {'x_offset': 1.2003598587200965, 'y_offset': 0.8733902510241764, 'z_offset': 1.8378134115217242, 'patch_size': 0.4, 'side': 'right', 'stabilize_anchor': False}]"
2,3,10,0.7275386452674866,0.0,"[{'x_offset': -0.6429713111855225, 'y_offset': 0.8699530860029139, 'z_offset': 1.462420424007261, 'patch_size': 0.4, 'side': 'left', 'stabilize_anchor': False}, {'x_offset': 1.2003598587200965, 'y_offset': 0.8733902510241764, 'z_offset': 1.8378134115217242, 'patch_size': 0.4, 'side': 'right', 'stabilize_anchor': False}, {'x_offset': -0.13005413268527188, 'y_offset': 0.22563409279193902, 'z_offset': 1.227331035061154, 'patch_size': 0.4, 'side': 'right', 'stabilize_anchor': False}]"
2,4,10,0.7096049785614014,0.0,"[{'x_offset': -0.6429713111855225, 'y_offset': 0.8699530860029139, 'z_offset': 1.462420424007261, 'patch_size': 0.4, 'side': 'left', 'stabilize_anchor': False}, {'x_offset': 1.2003598587200965, 'y_offset': 0.8733902510241764, 'z_offset': 1.8378134115217242, 'patch_size': 0.4, 'side': 'right', 'stabilize_anchor': False}, {'x_offset': -0.13005413268527188, 'y_offset': 0.22563409279193902, 'z_offset': 1.227331035061154, 'patch_size': 0.4, 'side': 'right', 'stabilize_anchor': False}, {'x_offset': -0.1336812936769285, 'y_offset': 0.1607167272657034, 'z_offset': 2.059795137819805, 'patch_size': 0.4, 'side': 'left', 'stabilize_anchor': False}]"
2,5,10,0.6960251331329346,0.0,"[{'x_offset': -0.6429713111855225, 'y_offset': 0.8699530860029139, 'z_offset': 1.462420424007261, 'patch_size': 0.4, 'side': 'left', 'stabilize_anchor': False}, {'x_offset': 1.2003598587200965, 'y_offset': 0.8733902510241764, 'z_offset': 1.8378134115217242, 'patch_size': 0.4, 'side': 'right', 'stabilize_anchor': False}, {'x_offset': -0.13005413268527188, 'y_offset': 0.22563409279193902, 'z_offset': 1.227331035061154, 'patch_size': 0.4, 'side': 'right', 'stabilize_anchor': False}, {'x_offset': -0.1336812936769285, 'y_offset': 0.1607167272657034, 'z_offset': 2.059795137819805, 'patch_size': 0.4, 'side': 'left', 'stabilize_anchor': False}, {'x_offset': 3.1649256505220302, 'y_offset': -0.24018091349158155, 'z_offset': 2.2409477294613764, 'patch_size': 0.4, 'side': 'right', 'stabilize_anchor': False}]"
2,1,15,0.5980688333511353,0.10000000149011612,"[{'x_offset': -0.6429713111855225, 'y_offset': 0.8699530860029139, 'z_offset': 1.462420424007261, 'patch_size': 0.4, 'side': 'left', 'stabilize_anchor': False}]"
2,2,15,0.7135312557220459,0.10000000149011612,"[{'x_offset': -0.6429713111855225, 'y_offset': 0.8699530860029139, 'z_offset': 1.462420424007261, 'patch_size': 0.4, 'side': 'left', 'stabilize_anchor': False}, {'x_offset': 1.2003598587200965, 'y_offset': 0.8733902510241764, 'z_offset': 1.8378134115217242, 'patch_size': 0.4, 'side': 'right', 'stabilize_anchor': False}]"
2,3,15,0.7066605091094971,0.0,"[{'x_offset': -0.6429713111855225, 'y_offset': 0.8699530860029139, 'z_offset': 1.462420424007261, 'patch_size': 0.4, 'side': 'left', 'stabilize_anchor': False}, {'x_offset': 1.2003598587200965, 'y_offset': 0.8733902510241764, 'z_offset': 1.8378134115217242, 'patch_size': 0.4, 'side': 'right', 'stabilize_anchor': False}, {'x_offset': -0.13005413268527188, 'y_offset': 0.22563409279193902, 'z_offset': 1.227331035061154, 'patch_size': 0.4, 'side': 'right', 'stabilize_anchor': False}]"
2,4,15,0.6609187126159668,0.0,"[{'x_offset': -0.6429713111855225, 'y_offset': 0.8699530860029139, 'z_offset': 1.462420424007261, 'patch_size': 0.4, 'side': 'left', 'stabilize_anchor': False}, {'x_offset': 1.2003598587200965, 'y_offset': 0.8733902510241764, 'z_offset': 1.8378134115217242, 'patch_size': 0.4, 'side': 'right', 'stabilize_anchor': False}, {'x_offset': -0.13005413268527188, 'y_offset': 0.22563409279193902, 'z_offset': 1.227331035061154, 'patch_size': 0.4, 'side': 'right', 'stabilize_anchor': False}, {'x_offset': -0.1336812936769285, 'y_offset': 0.1607167272657034, 'z_offset': 2.059795137819805, 'patch_size': 0.4, 'side': 'left', 'stabilize_anchor': False}]"
2,5,15,0.6658837795257568,0.0,"[{'x_offset': -0.6429713111855225, 'y_offset': 0.8699530860029139, 'z_offset': 1.462420424007261, 'patch_size': 0.4, 'side': 'left', 'stabilize_anchor': False}, {'x_offset': 1.2003598587200965, 'y_offset': 0.8733902510241764, 'z_offset': 1.8378134115217242, 'patch_size': 0.4, 'side': 'right', 'stabilize_anchor': False}, {'x_offset': -0.13005413268527188, 'y_offset': 0.22563409279193902, 'z_offset': 1.227331035061154, 'patch_size': 0.4, 'side': 'right', 'stabilize_anchor': False}, {'x_offset': -0.1336812936769285, 'y_offset': 0.1607167272657034, 'z_offset': 2.059795137819805, 'patch_size': 0.4, 'side': 'left', 'stabilize_anchor': False}, {'x_offset': 3.1649256505220302, 'y_offset': -0.24018091349158155, 'z_offset': 2.2409477294613764, 'patch_size': 0.4, 'side': 'right', 'stabilize_anchor': False}]"
2,1,20,0.7010395526885986,0.10000000149011612,"[{'x_offset': -0.6429713111855225, 'y_offset': 0.8699530860029139, 'z_offset': 1.462420424007261, 'patch_size': 0.4, 'side': 'left', 'stabilize_anchor': False}]"
2,2,20,0.6857088804244995,0.10000000149011612,"[{'x_offset': -0.6429713111855225, 'y_offset': 0.8699530860029139, 'z_offset': 1.462420424007261, 'patch_size': 0.4, 'side': 'left', 'stabilize_anchor': False}, {'x_offset': 1.2003598587200965, 'y_offset': 0.8733902510241764, 'z_offset': 1.8378134115217242, 'patch_size': 0.4, 'side': 'right', 'stabilize_anchor': False}]"
2,3,20,0.6609212160110474,0.0,"[{'x_offset': -0.6429713111855225, 'y_offset': 0.8699530860029139, 'z_offset': 1.462420424007261, 'patch_size': 0.4, 'side': 'left', 'stabilize_anchor': False}, {'x_offset': 1.2003598587200965, 'y_offset': 0.8733902510241764, 'z_offset': 1.8378134115217242, 'patch_size': 0.4, 'side': 'right', 'stabilize_anchor': False}, {'x_offset': -0.13005413268527188, 'y_offset': 0.22563409279193902, 'z_offset': 1.227331035061154, 'patch_size': 0.4, 'side': 'right', 'stabilize_anchor': False}]"
2,4,20,0.6307376027107239,0.0,"[{'x_offset': -0.6429713111855225, 'y_offset': 0.8699530860029139, 'z_offset': 1.462420424007261, 'patch_size': 0.4, 'side': 'left', 'stabilize_anchor': False}, {'x_offset': 1.2003598587200965, 'y_offset': 0.8733902510241764, 'z_offset': 1.8378134115217242, 'patch_size': 0.4, 'side': 'right', 'stabilize_anchor': False}, {'x_offset': -0.13005413268527188, 'y_offset': 0.22563409279193902, 'z_offset': 1.227331035061154, 'patch_size': 0.4, 'side': 'right', 'stabilize_anchor': False}, {'x_offset': -0.1336812936769285, 'y_offset': 0.1607167272657034, 'z_offset': 2.059795137819805, 'patch_size': 0.4, 'side': 'left', 'stabilize_anchor': False}]"
2,5,20,0.6204085946083069,0.0,"[{'x_offset': -0.6429713111855225, 'y_offset': 0.8699530860029139, 'z_offset': 1.462420424007261, 'patch_size': 0.4, 'side': 'left', 'stabilize_anchor': False}, {'x_offset': 1.2003598587200965, 'y_offset': 0.8733902510241764, 'z_offset': 1.8378134115217242, 'patch_size': 0.4, 'side': 'right', 'stabilize_anchor': False}, {'x_offset': -0.13005413268527188, 'y_offset': 0.22563409279193902, 'z_offset': 1.227331035061154, 'patch_size': 0.4, 'side': 'right', 'stabilize_anchor': False}, {'x_offset': -0.1336812936769285, 'y_offset': 0.1607167272657034, 'z_offset': 2.059795137819805, 'patch_size': 0.4, 'side': 'left', 'stabilize_anchor': False}, {'x_offset': 3.1649256505220302, 'y_offset': -0.24018091349158155, 'z_offset': 2.2409477294613764, 'patch_size': 0.4, 'side': 'right', 'stabilize_anchor': False}]"
2,1,25,0.5565775036811829,0.10000000149011612,"[{'x_offset': -0.6429713111855225, 'y_offset': 0.8699530860029139, 'z_offset': 1.462420424007261, 'patch_size': 0.4, 'side': 'left', 'stabilize_anchor': False}]"
2,2,25,0.3726341128349304,0.10000000149011612,"[{'x_offset': -0.6429713111855225, 'y_offset': 0.8699530860029139, 'z_offset': 1.462420424007261, 'patch_size': 0.4, 'side': 'left', 'stabilize_anchor': False}, {'x_offset': 1.2003598587200965, 'y_offset': 0.8733902510241764, 'z_offset': 1.8378134115217242, 'patch_size': 0.4, 'side': 'right', 'stabilize_anchor': False}]"
2,3,25,0.0,0.0,"[{'x_offset': -0.6429713111855225, 'y_offset': 0.8699530860029139, 'z_offset': 1.462420424007261, 'patch_size': 0.4, 'side': 'left', 'stabilize_anchor': False}, {'x_offset': 1.2003598587200965, 'y_offset': 0.8733902510241764, 'z_offset': 1.8378134115217242, 'patch_size': 0.4, 'side': 'right', 'stabilize_anchor': False}, {'x_offset': -0.13005413268527188, 'y_offset': 0.22563409279193902, 'z_offset': 1.227331035061154, 'patch_size': 0.4, 'side': 'right', 'stabilize_anchor': False}]"
2,4,25,0.0,0.0,"[{'x_offset': -0.6429713111855225, 'y_offset': 0.8699530860029139, 'z_offset': 1.462420424007261, 'patch_size': 0.4, 'side': 'left', 'stabilize_anchor': False}, {'x_offset': 1.2003598587200965, 'y_offset': 0.8733902510241764, 'z_offset': 1.8378134115217242, 'patch_size': 0.4, 'side': 'right', 'stabilize_anchor': False}, {'x_offset': -0.13005413268527188, 'y_offset': 0.22563409279193902, 'z_offset': 1.227331035061154, 'patch_size': 0.4, 'side': 'right', 'stabilize_anchor': False}, {'x_offset': -0.1336812936769285, 'y_offset': 0.1607167272657034, 'z_offset': 2.059795137819805, 'patch_size': 0.4, 'side': 'left', 'stabilize_anchor': False}]"
2,5,25,0.0,0.0,"[{'x_offset': -0.6429713111855225, 'y_offset': 0.8699530860029139, 'z_offset': 1.462420424007261, 'patch_size': 0.4, 'side': 'left', 'stabilize_anchor': False}, {'x_offset': 1.2003598587200965, 'y_offset': 0.8733902510241764, 'z_offset': 1.8378134115217242, 'patch_size': 0.4, 'side': 'right', 'stabilize_anchor': False}, {'x_offset': -0.13005413268527188, 'y_offset': 0.22563409279193902, 'z_offset': 1.227331035061154, 'patch_size': 0.4, 'side': 'right', 'stabilize_anchor': False}, {'x_offset': -0.1336812936769285, 'y_offset': 0.1607167272657034, 'z_offset': 2.059795137819805, 'patch_size': 0.4, 'side': 'left', 'stabilize_anchor': False}, {'x_offset': 3.1649256505220302, 'y_offset': -0.24018091349158155, 'z_offset': 2.2409477294613764, 'patch_size': 0.4, 'side': 'right', 'stabilize_anchor': False}]"
2,1,30,0.36540690064430237,0.0,"[{'x_offset': -0.6429713111855225, 'y_offset': 0.8699530860029139, 'z_offset': 1.462420424007261, 'patch_size': 0.4, 'side': 'left', 'stabilize_anchor': False}]"
2,2,30,0.35752177238464355,0.0,"[{'x_offset': -0.6429713111855225, 'y_offset': 0.8699530860029139, 'z_offset': 1.462420424007261, 'patch_size': 0.4, 'side': 'left', 'stabilize_anchor': False}, {'x_offset': 1.2003598587200965, 'y_offset': 0.8733902510241764, 'z_offset': 1.8378134115217242, 'patch_size': 0.4, 'side': 'right', 'stabilize_anchor': False}]"
2,3,30,0.0,0.0,"[{'x_offset': -0.6429713111855225, 'y_offset': 0.8699530860029139, 'z_offset': 1.462420424007261, 'patch_size': 0.4, 'side': 'left', 'stabilize_anchor': False}, {'x_offset': 1.2003598587200965, 'y_offset': 0.8733902510241764, 'z_offset': 1.8378134115217242, 'patch_size': 0.4, 'side': 'right', 'stabilize_anchor': False}, {'x_offset': -0.13005413268527188, 'y_offset': 0.22563409279193902, 'z_offset': 1.227331035061154, 'patch_size': 0.4, 'side': 'right', 'stabilize_anchor': False}]"
2,4,30,0.0,0.0,"[{'x_offset': -0.6429713111855225, 'y_offset': 0.8699530860029139, 'z_offset': 1.462420424007261, 'patch_size': 0.4, 'side': 'left', 'stabilize_anchor': False}, {'x_offset': 1.2003598587200965, 'y_offset': 0.8733902510241764, 'z_offset': 1.8378134115217242, 'patch_size': 0.4, 'side': 'right', 'stabilize_anchor': False}, {'x_offset': -0.13005413268527188, 'y_offset': 0.22563409279193902, 'z_offset': 1.227331035061154, 'patch_size': 0.4, 'side': 'right', 'stabilize_anchor': False}, {'x_offset': -0.1336812936769285, 'y_offset': 0.1607167272657034, 'z_offset': 2.059795137819805, 'patch_size': 0.4, 'side': 'left', 'stabilize_anchor': False}]"
2,5,30,0.0,0.0,"[{'x_offset': -0.6429713111855225, 'y_offset': 0.8699530860029139, 'z_offset': 1.462420424007261, 'patch_size': 0.4, 'side': 'left', 'stabilize_anchor': False}, {'x_offset': 1.2003598587200965, 'y_offset': 0.8733902510241764, 'z_offset': 1.8378134115217242, 'patch_size': 0.4, 'side': 'right', 'stabilize_anchor': False}, {'x_offset': -0.13005413268527188, 'y_offset': 0.22563409279193902, 'z_offset': 1.227331035061154, 'patch_size': 0.4, 'side': 'right', 'stabilize_anchor': False}, {'x_offset': -0.1336812936769285, 'y_offset': 0.1607167272657034, 'z_offset': 2.059795137819805, 'patch_size': 0.4, 'side': 'left', 'stabilize_anchor': False}, {'x_offset': 3.1649256505220302, 'y_offset': -0.24018091349158155, 'z_offset': 2.2409477294613764, 'patch_size': 0.4, 'side': 'right', 'stabilize_anchor': False}]"
3,1,5,0.6469526290893555,0.10000000149011612,"[{'x_offset': 1.0661562781732252, 'y_offset': 0.9590565415686589, 'z_offset': 1.3767231296592648, 'patch_size': 0.4, 'side': 'left', 'stabilize_anchor': False}]"
3,2,5,0.651072084903717,0.10000000149011612,"[{'x_offset': 1.0661562781732252, 'y_offset': 0.9590565415686589, 'z_offset': 1.3767231296592648, 'patch_size': 0.4, 'side': 'left', 'stabilize_anchor': False}, {'x_offset': 0.45166847906413543, 'y_offset': 0.6083791261292868, 'z_offset': 1.517064147496721, 'patch_size': 0.4, 'side': 'right', 'stabilize_anchor': False}]"
3,3,5,0.6571725606918335,0.0,"[{'x_offset': 1.0661562781732252, 'y_offset': 0.9590565415686589, 'z_offset': 1.3767231296592648, 'patch_size': 0.4, 'side': 'left', 'stabilize_anchor': False}, {'x_offset': 0.45166847906413543, 'y_offset': 0.6083791261292868, 'z_offset': 1.517064147496721, 'patch_size': 0.4, 'side': 'right', 'stabilize_anchor': False}, {'x_offset': -0.8011431483861239, 'y_offset': -0.24569744244593889, 'z_offset': 0.7001827833956047, 'patch_size': 0.4, 'side': 'right', 'stabilize_anchor': False}]"
3,4,5,0.6642462611198425,0.0,"[{'x_offset': 1.0661562781732252, 'y_offset': 0.9590565415686589, 'z_offset': 1.3767231296592648, 'patch_size': 0.4, 'side': 'left', 'stabilize_anchor': False}, {'x_offset': 0.45166847906413543, 'y_offset': 0.6083791261292868, 'z_offset': 1.517064147496721, 'patch_size': 0.4, 'side': 'right', 'stabilize_anchor': False}, {'x_offset': -0.8011431483861239, 'y_offset': -0.24569744244593889, 'z_offset': 0.7001827833956047, 'patch_size': 0.4, 'side': 'right', 'stabilize_anchor': False}, {'x_offset': 0.10588116915469481, 'y_offset': -0.2, 'z_offset': 0.577465197936056, 'patch_size': 0.4, 'side': 'left', 'stabilize_anchor': False}]"
3,5,5,0.6309959888458252,0.0,"[{'x_offset': 1.0661562781732252, 'y_offset': 0.9590565415686589, 'z_offset': 1.3767231296592648, 'patch_size': 0.4, 'side': 'left', 'stabilize_anchor': False}, {'x_offset': 0.45166847906413543, 'y_offset': 0.6083791261292868, 'z_offset': 1.517064147496721, 'patch_size': 0.4, 'side': 'right', 'stabilize_anchor': False}, {'x_offset': -0.8011431483861239, 'y_offset': -0.24569744244593889, 'z_offset': 0.7001827833956047, 'patch_size': 0.4, 'side': 'right', 'stabilize_anchor': False}, {'x_offset': 0.10588116915469481, 'y_offset': -0.2, 'z_offset': 0.577465197936056, 'patch_size': 0.4, 'side': 'left', 'stabilize_anchor': False}, {'x_offset': 1.1283267640968466, 'y_offset': 0.2044028354177161, 'z_offset': 0.23906931482459526, 'patch_size': 0.4, 'side': 'right', 'stabilize_anchor': False}]"
3,1,10,0.6227414608001709,0.10000000149011612,"[{'x_offset': 1.0661562781732252, 'y_offset': 0.9590565415686589, 'z_offset': 1.3767231296592648, 'patch_size': 0.4, 'side': 'left', 'stabilize_anchor': False}]"
3,2,10,0.6587903499603271,0.0,"[{'x_offset': 1.0661562781732252, 'y_offset': 0.9590565415686589, 'z_offset': 1.3767231296592648, 'patch_size': 0.4, 'side': 'left', 'stabilize_anchor': False}, {'x_offset': 0.45166847906413543, 'y_offset': 0.6083791261292868, 'z_offset': 1.517064147496721, 'patch_size': 0.4, 'side': 'right', 'stabilize_anchor': False}]"
3,3,10,0.7116352319717407,0.0,"[{'x_offset': 1.0661562781732252, 'y_offset': 0.9590565415686589, 'z_offset': 1.3767231296592648, 'patch_size': 0.4, 'side': 'left', 'stabilize_anchor': False}, {'x_offset': 0.45166847906413543, 'y_offset': 0.6083791261292868, 'z_offset': 1.517064147496721, 'patch_size': 0.4, 'side': 'right', 'stabilize_anchor': False}, {'x_offset': -0.8011431483861239, 'y_offset': -0.24569744244593889, 'z_offset': 0.7001827833956047, 'patch_size': 0.4, 'side': 'right', 'stabilize_anchor': False}]"
3,4,10,0.6852878332138062,0.0,"[{'x_offset': 1.0661562781732252, 'y_offset': 0.9590565415686589, 'z_offset': 1.3767231296592648, 'patch_size': 0.4, 'side': 'left', 'stabilize_anchor': False}, {'x_offset': 0.45166847906413543, 'y_offset': 0.6083791261292868, 'z_offset': 1.517064147496721, 'patch_size': 0.4, 'side': 'right', 'stabilize_anchor': False}, {'x_offset': -0.8011431483861239, 'y_offset': -0.24569744244593889, 'z_offset': 0.7001827833956047, 'patch_size': 0.4, 'side': 'right', 'stabilize_anchor': False}, {'x_offset': 0.10588116915469481, 'y_offset': -0.2, 'z_offset': 0.577465197936056, 'patch_size': 0.4, 'side': 'left', 'stabilize_anchor': False}]"
3,5,10,0.6983779072761536,0.0,"[{'x_offset': 1.0661562781732252, 'y_offset': 0.9590565415686589, 'z_offset': 1.3767231296592648, 'patch_size': 0.4, 'side': 'left', 'stabilize_anchor': False}, {'x_offset': 0.45166847906413543, 'y_offset': 0.6083791261292868, 'z_offset': 1.517064147496721, 'patch_size': 0.4, 'side': 'right', 'stabilize_anchor': False}, {'x_offset': -0.8011431483861239, 'y_offset': -0.24569744244593889, 'z_offset': 0.7001827833956047, 'patch_size': 0.4, 'side': 'right', 'stabilize_anchor': False}, {'x_offset': 0.10588116915469481, 'y_offset': -0.2, 'z_offset': 0.577465197936056, 'patch_size': 0.4, 'side': 'left', 'stabilize_anchor': False}, {'x_offset': 1.1283267640968466, 'y_offset': 0.2044028354177161, 'z_offset': 0.23906931482459526, 'patch_size': 0.4, 'side': 'right', 'stabilize_anchor': False}]"
3,1,15,0.661063551902771,0.10000000149011612,"[{'x_offset': 1.0661562781732252, 'y_offset': 0.9590565415686589, 'z_offset': 1.3767231296592648, 'patch_size': 0.4, 'side': 'left', 'stabilize_anchor': False}]"
3,2,15,0.6811304688453674,0.10000000149011612,"[{'x_offset': 1.0661562781732252, 'y_offset': 0.9590565415686589, 'z_offset': 1.3767231296592648, 'patch_size': 0.4, 'side': 'left', 'stabilize_anchor': False}, {'x_offset': 0.45166847906413543, 'y_offset': 0.6083791261292868, 'z_offset': 1.517064147496721, 'patch_size': 0.4, 'side': 'right', 'stabilize_anchor': False}]"
3,3,15,0.6362424492835999,0.0,"[{'x_offset': 1.0661562781732252, 'y_offset': 0.9590565415686589, 'z_offset': 1.3767231296592648, 'patch_size': 0.4, 'side': 'left', 'stabilize_anchor': False}, {'x_offset': 0.45166847906413543, 'y_offset': 0.6083791261292868, 'z_offset': 1.517064147496721, 'patch_size': 0.4, 'side': 'right', 'stabilize_anchor': False}, {'x_offset': -0.8011431483861239, 'y_offset': -0.24569744244593889, 'z_offset': 0.7001827833956047, 'patch_size': 0.4, 'side': 'right', 'stabilize_anchor': False}]"
3,4,15,0.6176522970199585,0.0,"[{'x_offset': 1.0661562781732252, 'y_offset': 0.9590565415686589, 'z_offset': 1.3767231296592648, 'patch_size': 0.4, 'side': 'left', 'stabilize_anchor': False}, {'x_offset': 0.45166847906413543, 'y_offset': 0.6083791261292868, 'z_offset': 1.517064147496721, 'patch_size': 0.4, 'side': 'right', 'stabilize_anchor': False}, {'x_offset': -0.8011431483861239, 'y_offset': -0.24569744244593889, 'z_offset': 0.7001827833956047, 'patch_size': 0.4, 'side': 'right', 'stabilize_anchor': False}, {'x_offset': 0.10588116915469481, 'y_offset': -0.2, 'z_offset': 0.577465197936056, 'patch_size': 0.4, 'side': 'left', 'stabilize_anchor': False}]"
3,5,15,0.6061936020851135,0.0,"[{'x_offset': 1.0661562781732252, 'y_offset': 0.9590565415686589, 'z_offset': 1.3767231296592648, 'patch_size': 0.4, 'side': 'left', 'stabilize_anchor': False}, {'x_offset': 0.45166847906413543, 'y_offset': 0.6083791261292868, 'z_offset': 1.517064147496721, 'patch_size': 0.4, 'side': 'right', 'stabilize_anchor': False}, {'x_offset': -0.8011431483861239, 'y_offset': -0.24569744244593889, 'z_offset': 0.7001827833956047, 'patch_size': 0.4, 'side': 'right', 'stabilize_anchor': False}, {'x_offset': 0.10588116915469481, 'y_offset': -0.2, 'z_offset': 0.577465197936056, 'patch_size': 0.4, 'side': 'left', 'stabilize_anchor': False}, {'x_offset': 1.1283267640968466, 'y_offset': 0.2044028354177161, 'z_offset': 0.23906931482459526, 'patch_size': 0.4, 'side': 'right', 'stabilize_anchor': False}]"
3,1,20,0.6732666492462158,0.10000000149011612,"[{'x_offset': 1.0661562781732252, 'y_offset': 0.9590565415686589, 'z_offset': 1.3767231296592648, 'patch_size': 0.4, 'side': 'left', 'stabilize_anchor': False}]"
3,2,20,0.6631792783737183,0.0,"[{'x_offset': 1.0661562781732252, 'y_offset': 0.9590565415686589, 'z_offset': 1.3767231296592648, 'patch_size': 0.4, 'side': 'left', 'stabilize_anchor': False}, {'x_offset': 0.45166847906413543, 'y_offset': 0.6083791261292868, 'z_offset': 1.517064147496721, 'patch_size': 0.4, 'side': 'right', 'stabilize_anchor': False}]"
3,3,20,0.6015793085098267,0.10000000149011612,"[{'x_offset': 1.0661562781732252, 'y_offset': 0.9590565415686589, 'z_offset': 1.3767231296592648, 'patch_size': 0.4, 'side': 'left', 'stabilize_anchor': False}, {'x_offset': 0.45166847906413543, 'y_offset': 0.6083791261292868, 'z_offset': 1.517064147496721, 'patch_size': 0.4, 'side': 'right', 'stabilize_anchor': False}, {'x_offset': -0.8011431483861239, 'y_offset': -0.24569744244593889, 'z_offset': 0.7001827833956047, 'patch_size': 0.4, 'side': 'right', 'stabilize_anchor': False}]"
3,4,20,0.5128739476203918,0.10000000149011612,"[{'x_offset': 1.0661562781732252, 'y_offset': 0.9590565415686589, 'z_offset': 1.3767231296592648, 'patch_size': 0.4, 'side': 'left', 'stabilize_anchor': False}, {'x_offset': 0.45166847906413543, 'y_offset': 0.6083791261292868, 'z_offset': 1.517064147496721, 'patch_size': 0.4, 'side': 'right', 'stabilize_anchor': False}, {'x_offset': -0.8011431483861239, 'y_offset': -0.24569744244593889, 'z_offset': 0.7001827833956047, 'patch_size': 0.4, 'side': 'right', 'stabilize_anchor': False}, {'x_offset': 0.10588116915469481, 'y_offset': -0.2, 'z_offset': 0.577465197936056, 'patch_size': 0.4, 'side': 'left', 'stabilize_anchor': False}]"
3,5,20,0.5423392653465271,0.10000000149011612,"[{'x_offset': 1.0661562781732252, 'y_offset': 0.9590565415686589, 'z_offset': 1.3767231296592648, 'patch_size': 0.4, 'side': 'left', 'stabilize_anchor': False}, {'x_offset': 0.45166847906413543, 'y_offset': 0.6083791261292868, 'z_offset': 1.517064147496721, 'patch_size': 0.4, 'side': 'right', 'stabilize_anchor': False}, {'x_offset': -0.8011431483861239, 'y_offset': -0.24569744244593889, 'z_offset': 0.7001827833956047, 'patch_size': 0.4, 'side': 'right', 'stabilize_anchor': False}, {'x_offset': 0.10588116915469481, 'y_offset': -0.2, 'z_offset': 0.577465197936056, 'patch_size': 0.4, 'side': 'left', 'stabilize_anchor': False}, {'x_offset': 1.1283267640968466, 'y_offset': 0.2044028354177161, 'z_offset': 0.23906931482459526, 'patch_size': 0.4, 'side': 'right', 'stabilize_anchor': False}]"
3,1,25,0.5172892212867737,0.0,"[{'x_offset': 1.0661562781732252, 'y_offset': 0.9590565415686589, 'z_offset': 1.3767231296592648, 'patch_size': 0.4, 'side': 'left', 'stabilize_anchor': False}]"
3,2,25,0.0,0.0,"[{'x_offset': 1.0661562781732252, 'y_offset': 0.9590565415686589, 'z_offset': 1.3767231296592648, 'patch_size': 0.4, 'side': 'left', 'stabilize_anchor': False}, {'x_offset': 0.45166847906413543, 'y_offset': 0.6083791261292868, 'z_offset': 1.517064147496721, 'patch_size': 0.4, 'side': 'right', 'stabilize_anchor': False}]"
3,3,25,0.0,0.0,"[{'x_offset': 1.0661562781732252, 'y_offset': 0.9590565415686589, 'z_offset': 1.3767231296592648, 'patch_size': 0.4, 'side': 'left', 'stabilize_anchor': False}, {'x_offset': 0.45166847906413543, 'y_offset': 0.6083791261292868, 'z_offset': 1.517064147496721, 'patch_size': 0.4, 'side': 'right', 'stabilize_anchor': False}, {'x_offset': -0.8011431483861239, 'y_offset': -0.24569744244593889, 'z_offset': 0.7001827833956047, 'patch_size': 0.4, 'side': 'right', 'stabilize_anchor': False}]"
3,4,25,0.0,0.10000000149011612,"[{'x_offset': 1.0661562781732252, 'y_offset': 0.9590565415686589, 'z_offset': 1.3767231296592648, 'patch_size': 0.4, 'side': 'left', 'stabilize_anchor': False}, {'x_offset': 0.45166847906413543, 'y_offset': 0.6083791261292868, 'z_offset': 1.517064147496721, 'patch_size': 0.4, 'side': 'right', 'stabilize_anchor': False}, {'x_offset': -0.8011431483861239, 'y_offset': -0.24569744244593889, 'z_offset': 0.7001827833956047, 'patch_size': 0.4, 'side': 'right', 'stabilize_anchor': False}, {'x_offset': 0.10588116915469481, 'y_offset': -0.2, 'z_offset': 0.577465197936056, 'patch_size': 0.4, 'side': 'left', 'stabilize_anchor': False}]"
3,5,25,0.0,0.0,"[{'x_offset': 1.0661562781732252, 'y_offset': 0.9590565415686589, 'z_offset': 1.3767231296592648, 'patch_size': 0.4, 'side': 'left', 'stabilize_anchor': False}, {'x_offset': 0.45166847906413543, 'y_offset': 0.6083791261292868, 'z_offset': 1.517064147496721, 'patch_size': 0.4, 'side': 'right', 'stabilize_anchor': False}, {'x_offset': -0.8011431483861239, 'y_offset': -0.24569744244593889, 'z_offset': 0.7001827833956047, 'patch_size': 0.4, 'side': 'right', 'stabilize_anchor': False}, {'x_offset': 0.10588116915469481, 'y_offset': -0.2, 'z_offset': 0.577465197936056, 'patch_size': 0.4, 'side': 'left', 'stabilize_anchor': False}, {'x_offset': 1.1283267640968466, 'y_offset': 0.2044028354177161, 'z_offset': 0.23906931482459526, 'patch_size': 0.4, 'side': 'right', 'stabilize_anchor': False}]"
3,1,30,0.45586156845092773,0.0,"[{'x_offset': 1.0661562781732252, 'y_offset': 0.9590565415686589, 'z_offset': 1.3767231296592648, 'patch_size': 0.4, 'side': 'left', 'stabilize_anchor': False}]"
3,2,30,0.36388930678367615,0.0,"[{'x_offset': 1.0661562781732252, 'y_offset': 0.9590565415686589, 'z_offset': 1.3767231296592648, 'patch_size': 0.4, 'side': 'left', 'stabilize_anchor': False}, {'x_offset': 0.45166847906413543, 'y_offset': 0.6083791261292868, 'z_offset': 1.517064147496721, 'patch_size': 0.4, 'side': 'right', 'stabilize_anchor': False}]"
3,3,30,0.36450445652008057,0.0,"[{'x_offset': 1.0661562781732252, 'y_offset': 0.9590565415686589, 'z_offset': 1.3767231296592648, 'patch_size': 0.4, 'side': 'left', 'stabilize_anchor': False}, {'x_offset': 0.45166847906413543, 'y_offset': 0.6083791261292868, 'z_offset': 1.517064147496721, 'patch_size': 0.4, 'side': 'right', 'stabilize_anchor': False}, {'x_offset': -0.8011431483861239, 'y_offset': -0.24569744244593889, 'z_offset': 0.7001827833956047, 'patch_size': 0.4, 'side': 'right', 'stabilize_anchor': False}]"
3,4,30,0.379448801279068,0.0,"[{'x_offset': 1.0661562781732252, 'y_offset': 0.9590565415686589, 'z_offset': 1.3767231296592648, 'patch_size': 0.4, 'side': 'left', 'stabilize_anchor': False}, {'x_offset': 0.45166847906413543, 'y_offset': 0.6083791261292868, 'z_offset': 1.517064147496721, 'patch_size': 0.4, 'side': 'right', 'stabilize_anchor': False}, {'x_offset': -0.8011431483861239, 'y_offset': -0.24569744244593889, 'z_offset': 0.7001827833956047, 'patch_size': 0.4, 'side': 'right', 'stabilize_anchor': False}, {'x_offset': 0.10588116915469481, 'y_offset': -0.2, 'z_offset': 0.577465197936056, 'patch_size': 0.4, 'side': 'left', 'stabilize_anchor': False}]"
3,5,30,0.3633027970790863,0.0,"[{'x_offset': 1.0661562781732252, 'y_offset': 0.9590565415686589, 'z_offset': 1.3767231296592648, 'patch_size': 0.4, 'side': 'left', 'stabilize_anchor': False}, {'x_offset': 0.45166847906413543, 'y_offset': 0.6083791261292868, 'z_offset': 1.517064147496721, 'patch_size': 0.4, 'side': 'right', 'stabilize_anchor': False}, {'x_offset': -0.8011431483861239, 'y_offset': -0.24569744244593889, 'z_offset': 0.7001827833956047, 'patch_size': 0.4, 'side': 'right', 'stabilize_anchor': False}, {'x_offset': 0.10588116915469481, 'y_offset': -0.2, 'z_offset': 0.577465197936056, 'patch_size': 0.4, 'side': 'left', 'stabilize_anchor': False}, {'x_offset': 1.1283267640968466, 'y_offset': 0.2044028354177161, 'z_offset': 0.23906931482459526, 'patch_size': 0.4, 'side': 'right', 'stabilize_anchor': False}]"
4,1,5,0.5924914479255676,0.10000000149011612,"[{'x_offset': 1.6246171701086225, 'y_offset': 0.7906518670585032, 'z_offset': 0.46618498610620096, 'patch_size': 0.4, 'side': 'right', 'stabilize_anchor': False}]"
4,2,5,0.608113706111908,0.10000000149011612,"[{'x_offset': 1.6246171701086225, 'y_offset': 0.7906518670585032, 'z_offset': 0.46618498610620096, 'patch_size': 0.4, 'side': 'right', 'stabilize_anchor': False}, {'x_offset': 3.022088945124633, 'y_offset': 0.8414328112800391, 'z_offset': 2.1382770550654513, 'patch_size': 0.4, 'side': 'left', 'stabilize_anchor': False}]"
4,3,5,0.6894654035568237,0.0,"[{'x_offset': 1.6246171701086225, 'y_offset': 0.7906518670585032, 'z_offset': 0.46618498610620096, 'patch_size': 0.4, 'side': 'right', 'stabilize_anchor': False}, {'x_offset': 3.022088945124633, 'y_offset': 0.8414328112800391, 'z_offset': 2.1382770550654513, 'patch_size': 0.4, 'side': 'left', 'stabilize_anchor': False}, {'x_offset': -0.14817961539841185, 'y_offset': -0.5543176506730101, 'z_offset': 1.253551280128542, 'patch_size': 0.4, 'side': 'left', 'stabilize_anchor': False}]"
4,4,5,0.6705198884010315,0.0,"[{'x_offset': 1.6246171701086225, 'y_offset': 0.7906518670585032, 'z_offset': 0.46618498610620096, 'patch_size': 0.4, 'side': 'right', 'stabilize_anchor': False}, {'x_offset': 3.022088945124633, 'y_offset': 0.8414328112800391, 'z_offset': 2.1382770550654513, 'patch_size': 0.4, 'side': 'left', 'stabilize_anchor': False}, {'x_offset': -0.14817961539841185, 'y_offset': -0.5543176506730101, 'z_offset': 1.253551280128542, 'patch_size': 0.4, 'side': 'left', 'stabilize_anchor': False}, {'x_offset': -0.21011026430952173, 'y_offset': 0.08859690576323531, 'z_offset': 2.0925771005936573, 'patch_size': 0.4, 'side': 'right', 'stabilize_anchor': False}]"
4,5,5,0.6979254484176636,0.0,"[{'x_offset': 1.6246171701086225, 'y_offset': 0.7906518670585032, 'z_offset': 0.46618498610620096, 'patch_size': 0.4, 'side': 'right', 'stabilize_anchor': False}, {'x_offset': 3.022088945124633, 'y_offset': 0.8414328112800391, 'z_offset': 2.1382770550654513, 'patch_size': 0.4, 'side': 'left', 'stabilize_anchor': False}, {'x_offset': -0.14817961539841185, 'y_offset': -0.5543176506730101, 'z_offset': 1.253551280128542, 'patch_size': 0.4, 'side': 'left', 'stabilize_anchor': False}, {'x_offset': -0.21011026430952173, 'y_offset': 0.08859690576323531, 'z_offset': 2.0925771005936573, 'patch_size': 0.4, 'side': 'right', 'stabilize_anchor': False}, {'x_offset': -0.6947360460608967, 'y_offset': 0.44059222638167084, 'z_offset': 0.020299913849723936, 'patch_size': 0.4, 'side': 'left', 'stabilize_anchor': False}]"
4,1,10,0.7134363055229187,0.10000000149011612,"[{'x_offset': 1.6246171701086225, 'y_offset': 0.7906518670585032, 'z_offset': 0.46618498610620096, 'patch_size': 0.4, 'side': 'right', 'stabilize_anchor': False}]"
4,2,10,0.7217831611633301,0.10000000149011612,"[{'x_offset': 1.6246171701086225, 'y_offset': 0.7906518670585032, 'z_offset': 0.46618498610620096, 'patch_size': 0.4, 'side': 'right', 'stabilize_anchor': False}, {'x_offset': 3.022088945124633, 'y_offset': 0.8414328112800391, 'z_offset': 2.1382770550654513, 'patch_size': 0.4, 'side': 'left', 'stabilize_anchor': False}]"
4,3,10,0.6292742490768433,0.0,"[{'x_offset': 1.6246171701086225, 'y_offset': 0.7906518670585032, 'z_offset': 0.46618498610620096, 'patch_size': 0.4, 'side': 'right', 'stabilize_anchor': False}, {'x_offset': 3.022088945124633, 'y_offset': 0.8414328112800391, 'z_offset': 2.1382770550654513, 'patch_size': 0.4, 'side': 'left', 'stabilize_anchor': False}, {'x_offset': -0.14817961539841185, 'y_offset': -0.5543176506730101, 'z_offset': 1.253551280128542, 'patch_size': 0.4, 'side': 'left', 'stabilize_anchor': False}]"
4,4,10,0.6990686058998108,0.0,"[{'x_offset': 1.6246171701086225, 'y_offset': 0.7906518670585032, 'z_offset': 0.46618498610620096, 'patch_size': 0.4, 'side': 'right', 'stabilize_anchor': False}, {'x_offset': 3.022088945124633, 'y_offset': 0.8414328112800391, 'z_offset': 2.1382770550654513, 'patch_size': 0.4, 'side': 'left', 'stabilize_anchor': False}, {'x_offset': -0.14817961539841185, 'y_offset': -0.5543176506730101, 'z_offset': 1.253551280128542, 'patch_size': 0.4, 'side': 'left', 'stabilize_anchor': False}, {'x_offset': -0.21011026430952173, 'y_offset': 0.08859690576323531, 'z_offset': 2.0925771005936573, 'patch_size': 0.4, 'side': 'right', 'stabilize_anchor': False}]"
4,5,10,0.674954354763031,0.0,"[{'x_offset': 1.6246171701086225, 'y_offset': 0.7906518670585032, 'z_offset': 0.46618498610620096, 'patch_size': 0.4, 'side': 'right', 'stabilize_anchor': False}, {'x_offset': 3.022088945124633, 'y_offset': 0.8414328112800391, 'z_offset': 2.1382770550654513, 'patch_size': 0.4, 'side': 'left', 'stabilize_anchor': False}, {'x_offset': -0.14817961539841185, 'y_offset': -0.5543176506730101, 'z_offset': 1.253551280128542, 'patch_size': 0.4, 'side': 'left', 'stabilize_anchor': False}, {'x_offset': -0.21011026430952173, 'y_offset': 0.08859690576323531, 'z_offset': 2.0925771005936573, 'patch_size': 0.4, 'side': 'right', 'stabilize_anchor': False}, {'x_offset': -0.6947360460608967, 'y_offset': 0.44059222638167084, 'z_offset': 0.020299913849723936, 'patch_size': 0.4, 'side': 'left', 'stabilize_anchor': False}]"
4,1,15,0.7034989595413208,0.10000000149011612,"[{'x_offset': 1.6246171701086225, 'y_offset': 0.7906518670585032, 'z_offset': 0.46618498610620096, 'patch_size': 0.4, 'side': 'right', 'stabilize_anchor': False}]"
4,2,15,0.6922656893730164,0.0,"[{'x_offset': 1.6246171701086225, 'y_offset': 0.7906518670585032, 'z_offset': 0.46618498610620096, 'patch_size': 0.4, 'side': 'right', 'stabilize_anchor': False}, {'x_offset': 3.022088945124633, 'y_offset': 0.8414328112800391, 'z_offset': 2.1382770550654513, 'patch_size': 0.4, 'side': 'left', 'stabilize_anchor': False}]"
4,3,15,0.6690340042114258,0.0,"[{'x_offset': 1.6246171701086225, 'y_offset': 0.7906518670585032, 'z_offset': 0.46618498610620096, 'patch_size': 0.4, 'side': 'right', 'stabilize_anchor': False}, {'x_offset': 3.022088945124633, 'y_offset': 0.8414328112800391, 'z_offset': 2.1382770550654513, 'patch_size': 0.4, 'side': 'left', 'stabilize_anchor': False}, {'x_offset': -0.14817961539841185, 'y_offset': -0.5543176506730101, 'z_offset': 1.253551280128542, 'patch_size': 0.4, 'side': 'left', 'stabilize_anchor': False}]"
4,4,15,0.7079907059669495,0.0,"[{'x_offset': 1.6246171701086225, 'y_offset': 0.7906518670585032, 'z_offset': 0.46618498610620096, 'patch_size': 0.4, 'side': 'right', 'stabilize_anchor': False}, {'x_offset': 3.022088945124633, 'y_offset': 0.8414328112800391, 'z_offset': 2.1382770550654513, 'patch_size': 0.4, 'side': 'left', 'stabilize_anchor': False}, {'x_offset': -0.14817961539841185, 'y_offset': -0.5543176506730101, 'z_offset': 1.253551280128542, 'patch_size': 0.4, 'side': 'left', 'stabilize_anchor': False}, {'x_offset': -0.21011026430952173, 'y_offset': 0.08859690576323531, 'z_offset': 2.0925771005936573, 'patch_size': 0.4, 'side': 'right', 'stabilize_anchor': False}]"
4,5,15,0.6795299649238586,0.0,"[{'x_offset': 1.6246171701086225, 'y_offset': 0.7906518670585032, 'z_offset': 0.46618498610620096, 'patch_size': 0.4, 'side': 'right', 'stabilize_anchor': False}, {'x_offset': 3.022088945124633, 'y_offset': 0.8414328112800391, 'z_offset': 2.1382770550654513, 'patch_size': 0.4, 'side': 'left', 'stabilize_anchor': False}, {'x_offset': -0.14817961539841185, 'y_offset': -0.5543176506730101, 'z_offset': 1.253551280128542, 'patch_size': 0.4, 'side': 'left', 'stabilize_anchor': False}, {'x_offset': -0.21011026430952173, 'y_offset': 0.08859690576323531, 'z_offset': 2.0925771005936573, 'patch_size': 0.4, 'side': 'right', 'stabilize_anchor': False}, {'x_offset': -0.6947360460608967, 'y_offset': 0.44059222638167084, 'z_offset': 0.020299913849723936, 'patch_size': 0.4, 'side': 'left', 'stabilize_anchor': False}]"
4,1,20,0.6709718704223633,0.10000000149011612,"[{'x_offset': 1.6246171701086225, 'y_offset': 0.7906518670585032, 'z_offset': 0.46618498610620096, 'patch_size': 0.4, 'side': 'right', 'stabilize_anchor': False}]"
4,2,20,0.5625119209289551,0.10000000149011612,"[{'x_offset': 1.6246171701086225, 'y_offset': 0.7906518670585032, 'z_offset': 0.46618498610620096, 'patch_size': 0.4, 'side': 'right', 'stabilize_anchor': False}, {'x_offset': 3.022088945124633, 'y_offset': 0.8414328112800391, 'z_offset': 2.1382770550654513, 'patch_size': 0.4, 'side': 'left', 'stabilize_anchor': False}]"
4,3,20,0.512840747833252,0.0,"[{'x_offset': 1.6246171701086225, 'y_offset': 0.7906518670585032, 'z_offset': 0.46618498610620096, 'patch_size': 0.4, 'side': 'right', 'stabilize_anchor': False}, {'x_offset': 3.022088945124633, 'y_offset': 0.8414328112800391, 'z_offset': 2.1382770550654513, 'patch_size': 0.4, 'side': 'left', 'stabilize_anchor': False}, {'x_offset': -0.14817961539841185, 'y_offset': -0.5543176506730101, 'z_offset': 1.253551280128542, 'patch_size': 0.4, 'side': 'left', 'stabilize_anchor': False}]"
4,4,20,0.5276524424552917,0.0,"[{'x_offset': 1.6246171701086225, 'y_offset': 0.7906518670585032, 'z_offset': 0.46618498610620096, 'patch_size': 0.4, 'side': 'right', 'stabilize_anchor': False}, {'x_offset': 3.022088945124633, 'y_offset': 0.8414328112800391, 'z_offset': 2.1382770550654513, 'patch_size': 0.4, 'side': 'left', 'stabilize_anchor': False}, {'x_offset': -0.14817961539841185, 'y_offset': -0.5543176506730101, 'z_offset': 1.253551280128542, 'patch_size': 0.4, 'side': 'left', 'stabilize_anchor': False}, {'x_offset': -0.21011026430952173, 'y_offset': 0.08859690576323531, 'z_offset': 2.0925771005936573, 'patch_size': 0.4, 'side': 'right', 'stabilize_anchor': False}]"
4,5,20,0.5586029291152954,0.0,"[{'x_offset': 1.6246171701086225, 'y_offset': 0.7906518670585032, 'z_offset': 0.46618498610620096, 'patch_size': 0.4, 'side': 'right', 'stabilize_anchor': False}, {'x_offset': 3.022088945124633, 'y_offset': 0.8414328112800391, 'z_offset': 2.1382770550654513, 'patch_size': 0.4, 'side': 'left', 'stabilize_anchor': False}, {'x_offset': -0.14817961539841185, 'y_offset': -0.5543176506730101, 'z_offset': 1.253551280128542, 'patch_size': 0.4, 'side': 'left', 'stabilize_anchor': False}, {'x_offset': -0.21011026430952173, 'y_offset': 0.08859690576323531, 'z_offset': 2.0925771005936573, 'patch_size': 0.4, 'side': 'right', 'stabilize_anchor': False}, {'x_offset': -0.6947360460608967, 'y_offset': 0.44059222638167084, 'z_offset': 0.020299913849723936, 'patch_size': 0.4, 'side': 'left', 'stabilize_anchor': False}]"
4,1,25,0.5532753467559814,0.10000000149011612,"[{'x_offset': 1.6246171701086225, 'y_offset': 0.7906518670585032, 'z_offset': 0.46618498610620096, 'patch_size': 0.4, 'side': 'right', 'stabilize_anchor': False}]"
4,2,25,0.4531053602695465,0.10000000149011612,"[{'x_offset': 1.6246171701086225, 'y_offset': 0.7906518670585032, 'z_offset': 0.46618498610620096, 'patch_size': 0.4, 'side': 'right', 'stabilize_anchor': False}, {'x_offset': 3.022088945124633, 'y_offset': 0.8414328112800391, 'z_offset': 2.1382770550654513, 'patch_size': 0.4, 'side': 'left', 'stabilize_anchor': False}]"
4,3,25,0.5922673940658569,0.0,"[{'x_offset': 1.6246171701086225, 'y_offset': 0.7906518670585032, 'z_offset': 0.46618498610620096, 'patch_size': 0.4, 'side': 'right', 'stabilize_anchor': False}, {'x_offset': 3.022088945124633, 'y_offset': 0.8414328112800391, 'z_offset': 2.1382770550654513, 'patch_size': 0.4, 'side': 'left', 'stabilize_anchor': False}, {'x_offset': -0.14817961539841185, 'y_offset': -0.5543176506730101, 'z_offset': 1.253551280128542, 'patch_size': 0.4, 'side': 'left', 'stabilize_anchor': False}]"
4,4,25,0.47626835107803345,0.0,"[{'x_offset': 1.6246171701086225, 'y_offset': 0.7906518670585032, 'z_offset': 0.46618498610620096, 'patch_size': 0.4, 'side': 'right', 'stabilize_anchor': False}, {'x_offset': 3.022088945124633, 'y_offset': 0.8414328112800391, 'z_offset': 2.1382770550654513, 'patch_size': 0.4, 'side': 'left', 'stabilize_anchor': False}, {'x_offset': -0.14817961539841185, 'y_offset': -0.5543176506730101, 'z_offset': 1.253551280128542, 'patch_size': 0.4, 'side': 'left', 'stabilize_anchor': False}, {'x_offset': -0.21011026430952173, 'y_offset': 0.08859690576323531, 'z_offset': 2.0925771005936573, 'patch_size': 0.4, 'side': 'right', 'stabilize_anchor': False}]"
4,5,25,0.43872958421707153,0.0,"[{'x_offset': 1.6246171701086225, 'y_offset': 0.7906518670585032, 'z_offset': 0.46618498610620096, 'patch_size': 0.4, 'side': 'right', 'stabilize_anchor': False}, {'x_offset': 3.022088945124633, 'y_offset': 0.8414328112800391, 'z_offset': 2.1382770550654513, 'patch_size': 0.4, 'side': 'left', 'stabilize_anchor': False}, {'x_offset': -0.14817961539841185, 'y_offset': -0.5543176506730101, 'z_offset': 1.253551280128542, 'patch_size': 0.4, 'side': 'left', 'stabilize_anchor': False}, {'x_offset': -0.21011026430952173, 'y_offset': 0.08859690576323531, 'z_offset': 2.0925771005936573, 'patch_size': 0.4, 'side': 'right', 'stabilize_anchor': False}, {'x_offset': -0.6947360460608967, 'y_offset': 0.44059222638167084, 'z_offset': 0.020299913849723936, 'patch_size': 0.4, 'side': 'left', 'stabilize_anchor': False}]"
4,1,30,0.4313467741012573,0.0,"[{'x_offset': 1.6246171701086225, 'y_offset': 0.7906518670585032, 'z_offset': 0.46618498610620096, 'patch_size': 0.4, 'side': 'right', 'stabilize_anchor': False}]"
4,2,30,0.43795135617256165,0.0,"[{'x_offset': 1.6246171701086225, 'y_offset': 0.7906518670585032, 'z_offset': 0.46618498610620096, 'patch_size': 0.4, 'side': 'right', 'stabilize_anchor': False}, {'x_offset': 3.022088945124633, 'y_offset': 0.8414328112800391, 'z_offset': 2.1382770550654513, 'patch_size': 0.4, 'side': 'left', 'stabilize_anchor': False}]"
4,3,30,0.5584725737571716,0.0,"[{'x_offset': 1.6246171701086225, 'y_offset': 0.7906518670585032, 'z_offset': 0.46618498610620096, 'patch_size': 0.4, 'side': 'right', 'stabilize_anchor': False}, {'x_offset': 3.022088945124633, 'y_offset': 0.8414328112800391, 'z_offset': 2.1382770550654513, 'patch_size': 0.4, 'side': 'left', 'stabilize_anchor': False}, {'x_offset': -0.14817961539841185, 'y_offset': -0.5543176506730101, 'z_offset': 1.253551280128542, 'patch_size': 0.4, 'side': 'left', 'stabilize_anchor': False}]"
4,4,30,0.49068307876586914,0.0,"[{'x_offset': 1.6246171701086225, 'y_offset': 0.7906518670585032, 'z_offset': 0.46618498610620096, 'patch_size': 0.4, 'side': 'right', 'stabilize_anchor': False}, {'x_offset': 3.022088945124633, 'y_offset': 0.8414328112800391, 'z_offset': 2.1382770550654513, 'patch_size': 0.4, 'side': 'left', 'stabilize_anchor': False}, {'x_offset': -0.14817961539841185, 'y_offset': -0.5543176506730101, 'z_offset': 1.253551280128542, 'patch_size': 0.4, 'side': 'left', 'stabilize_anchor': False}, {'x_offset': -0.21011026430952173, 'y_offset': 0.08859690576323531, 'z_offset': 2.0925771005936573, 'patch_size': 0.4, 'side': 'right', 'stabilize_anchor': False}]"
4,5,30,0.40846723318099976,0.0,"[{'x_offset': 1.6246171701086225, 'y_offset': 0.7906518670585032, 'z_offset': 0.46618498610620096, 'patch_size': 0.4, 'side': 'right', 'stabilize_anchor': False}, {'x_offset': 3.022088945124633, 'y_offset': 0.8414328112800391, 'z_offset': 2.1382770550654513, 'patch_size': 0.4, 'side': 'left', 'stabilize_anchor': False}, {'x_offset': -0.14817961539841185, 'y_offset': -0.5543176506730101, 'z_offset': 1.253551280128542, 'patch_size': 0.4, 'side': 'left', 'stabilize_anchor': False}, {'x_offset': -0.21011026430952173, 'y_offset': 0.08859690576323531, 'z_offset': 2.0925771005936573, 'patch_size': 0.4, 'side': 'right', 'stabilize_anchor': False}, {'x_offset': -0.6947360460608967, 'y_offset': 0.44059222638167084, 'z_offset': 0.020299913849723936, 'patch_size': 0.4, 'side': 'left', 'stabilize_anchor': False}]"
5,1,5,0.6114776730537415,0.10000000149011612,"[{'x_offset': 1.7029096563014239, 'y_offset': 0.9079689121416523, 'z_offset': 0.9463511528656061, 'patch_size': 0.4, 'side': 'right', 'stabilize_anchor': False}]"
5,2,5,0.6244993805885315,0.10000000149011612,"[{'x_offset': 1.7029096563014239, 'y_offset': 0.9079689121416523, 'z_offset': 0.9463511528656061, 'patch_size': 0.4, 'side': 'right', 'stabilize_anchor': False}, {'x_offset': -0.1249998643951552, 'y_offset': 0.7855714935313898, 'z_offset': 2.062696715924923, 'patch_size': 0.4, 'side': 'left', 'stabilize_anchor': False}]"
5,3,5,0.6369315981864929,0.0,"[{'x_offset': 1.7029096563014239, 'y_offset': 0.9079689121416523, 'z_offset': 0.9463511528656061, 'patch_size': 0.4, 'side': 'right', 'stabilize_anchor': False}, {'x_offset': -0.1249998643951552, 'y_offset': 0.7855714935313898, 'z_offset': 2.062696715924923, 'patch_size': 0.4, 'side': 'left', 'stabilize_anchor': False}, {'x_offset': -0.471270806012132, 'y_offset': -0.04765565559953178, 'z_offset': 0.5438215346652971, 'patch_size': 0.4, 'side': 'right', 'stabilize_anchor': False}]"
5,4,5,0.6476773619651794,0.10000000149011612,"[{'x_offset': 1.7029096563014239, 'y_offset': 0.9079689121416523, 'z_offset': 0.9463511528656061, 'patch_size': 0.4, 'side': 'right', 'stabilize_anchor': False}, {'x_offset': -0.1249998643951552, 'y_offset': 0.7855714935313898, 'z_offset': 2.062696715924923, 'patch_size': 0.4, 'side': 'left', 'stabilize_anchor': False}, {'x_offset': -0.471270806012132, 'y_offset': -0.04765565559953178, 'z_offset': 0.5438215346652971, 'patch_size': 0.4, 'side': 'right', 'stabilize_anchor': False}, {'x_offset': -0.13779115906121597, 'y_offset': 0.42327502606767586, 'z_offset': 1.6260915653026318, 'patch_size': 0.4, 'side': 'right', 'stabilize_anchor': False}]"
5,5,5,0.6727777123451233,0.10000000149011612,"[{'x_offset': 1.7029096563014239, 'y_offset': 0.9079689121416523, 'z_offset': 0.9463511528656061, 'patch_size': 0.4, 'side': 'right', 'stabilize_anchor': False}, {'x_offset': -0.1249998643951552, 'y_offset': 0.7855714935313898, 'z_offset': 2.062696715924923, 'patch_size': 0.4, 'side': 'left', 'stabilize_anchor': False}, {'x_offset': -0.471270806012132, 'y_offset': -0.04765565559953178, 'z_offset': 0.5438215346652971, 'patch_size': 0.4, 'side': 'right', 'stabilize_anchor': False}, {'x_offset': -0.13779115906121597, 'y_offset': 0.42327502606767586, 'z_offset': 1.6260915653026318, 'patch_size': 0.4, 'side': 'right', 'stabilize_anchor': False}, {'x_offset': -0.008728508660651113, 'y_offset': -0.43622510717316243, 'z_offset': 0.627112065197819, 'patch_size': 0.4, 'side': 'left', 'stabilize_anchor': False}]"
5,1,10,0.6593143343925476,0.10000000149011612,"[{'x_offset': 1.7029096563014239, 'y_offset': 0.9079689121416523, 'z_offset': 0.9463511528656061, 'patch_size': 0.4, 'side': 'right', 'stabilize_anchor': False}]"
5,2,10,0.637580156326294,0.10000000149011612,"[{'x_offset': 1.7029096563014239, 'y_offset': 0.9079689121416523, 'z_offset': 0.9463511528656061, 'patch_size': 0.4, 'side': 'right', 'stabilize_anchor': False}, {'x_offset': -0.1249998643951552, 'y_offset': 0.7855714935313898, 'z_offset': 2.062696715924923, 'patch_size': 0.4, 'side': 'left', 'stabilize_anchor': False}]"
5,3,10,0.7211213707923889,0.0,"[{'x_offset': 1.7029096563014239, 'y_offset': 0.9079689121416523, 'z_offset': 0.9463511528656061, 'patch_size': 0.4, 'side': 'right', 'stabilize_anchor': False}, {'x_offset': -0.1249998643951552, 'y_offset': 0.7855714935313898, 'z_offset': 2.062696715924923, 'patch_size': 0.4, 'side': 'left', 'stabilize_anchor': False}, {'x_offset': -0.471270806012132, 'y_offset': -0.04765565559953178, 'z_offset': 0.5438215346652971, 'patch_size': 0.4, 'side': 'right', 'stabilize_anchor': False}]"
5,4,10,0.6983775496482849,0.0,"[{'x_offset': 1.7029096563014239, 'y_offset': 0.9079689121416523, 'z_offset': 0.9463511528656061, 'patch_size': 0.4, 'side': 'right', 'stabilize_anchor': False}, {'x_offset': -0.1249998643951552, 'y_offset': 0.7855714935313898, 'z_offset': 2.062696715924923, 'patch_size': 0.4, 'side': 'left', 'stabilize_anchor': False}, {'x_offset': -0.471270806012132, 'y_offset': -0.04765565559953178, 'z_offset': 0.5438215346652971, 'patch_size': 0.4, 'side': 'right', 'stabilize_anchor': False}, {'x_offset': -0.13779115906121597, 'y_offset': 0.42327502606767586, 'z_offset': 1.6260915653026318, 'patch_size': 0.4, 'side': 'right', 'stabilize_anchor': False}]"
5,5,10,0.7255061864852905,0.0,"[{'x_offset': 1.7029096563014239, 'y_offset': 0.9079689121416523, 'z_offset': 0.9463511528656061, 'patch_size': 0.4, 'side': 'right', 'stabilize_anchor': False}, {'x_offset': -0.1249998643951552, 'y_offset': 0.7855714935313898, 'z_offset': 2.062696715924923, 'patch_size': 0.4, 'side': 'left', 'stabilize_anchor': False}, {'x_offset': -0.471270806012132, 'y_offset': -0.04765565559953178, 'z_offset': 0.5438215346652971, 'patch_size': 0.4, 'side': 'right', 'stabilize_anchor': False}, {'x_offset': -0.13779115906121597, 'y_offset': 0.42327502606767586, 'z_offset': 1.6260915653026318, 'patch_size': 0.4, 'side': 'right', 'stabilize_anchor': False}, {'x_offset': -0.008728508660651113, 'y_offset': -0.43622510717316243, 'z_offset': 0.627112065197819, 'patch_size': 0.4, 'side': 'left', 'stabilize_anchor': False}]"
5,1,15,0.7196455001831055,0.10000000149011612,"[{'x_offset': 1.7029096563014239, 'y_offset': 0.9079689121416523, 'z_offset': 0.9463511528656061, 'patch_size': 0.4, 'side': 'right', 'stabilize_anchor': False}]"
5,2,15,0.6974654197692871,0.10000000149011612,"[{'x_offset': 1.7029096563014239, 'y_offset': 0.9079689121416523, 'z_offset': 0.9463511528656061, 'patch_size': 0.4, 'side': 'right', 'stabilize_anchor': False}, {'x_offset': -0.1249998643951552, 'y_offset': 0.7855714935313898, 'z_offset': 2.062696715924923, 'patch_size': 0.4, 'side': 'left', 'stabilize_anchor': False}]"
5,3,15,0.6723384857177734,0.10000000149011612,"[{'x_offset': 1.7029096563014239, 'y_offset': 0.9079689121416523, 'z_offset': 0.9463511528656061, 'patch_size': 0.4, 'side': 'right', 'stabilize_anchor': False}, {'x_offset': -0.1249998643951552, 'y_offset': 0.7855714935313898, 'z_offset': 2.062696715924923, 'patch_size': 0.4, 'side': 'left', 'stabilize_anchor': False}, {'x_offset': -0.471270806012132, 'y_offset': -0.04765565559953178, 'z_offset': 0.5438215346652971, 'patch_size': 0.4, 'side': 'right', 'stabilize_anchor': False}]"
5,4,15,0.6789610981941223,0.0,"[{'x_offset': 1.7029096563014239, 'y_offset': 0.9079689121416523, 'z_offset': 0.9463511528656061, 'patch_size': 0.4, 'side': 'right', 'stabilize_anchor': False}, {'x_offset': -0.1249998643951552, 'y_offset': 0.7855714935313898, 'z_offset': 2.062696715924923, 'patch_size': 0.4, 'side': 'left', 'stabilize_anchor': False}, {'x_offset': -0.471270806012132, 'y_offset': -0.04765565559953178, 'z_offset': 0.5438215346652971, 'patch_size': 0.4, 'side': 'right', 'stabilize_anchor': False}, {'x_offset': -0.13779115906121597, 'y_offset': 0.42327502606767586, 'z_offset': 1.6260915653026318, 'patch_size': 0.4, 'side': 'right', 'stabilize_anchor': False}]"
5,5,15,0.7094042897224426,0.0,"[{'x_offset': 1.7029096563014239, 'y_offset': 0.9079689121416523, 'z_offset': 0.9463511528656061, 'patch_size': 0.4, 'side': 'right', 'stabilize_anchor': False}, {'x_offset': -0.1249998643951552, 'y_offset': 0.7855714935313898, 'z_offset': 2.062696715924923, 'patch_size': 0.4, 'side': 'left', 'stabilize_anchor': False}, {'x_offset': -0.471270806012132, 'y_offset': -0.04765565559953178, 'z_offset': 0.5438215346652971, 'patch_size': 0.4, 'side': 'right', 'stabilize_anchor': False}, {'x_offset': -0.13779115906121597, 'y_offset': 0.42327502606767586, 'z_offset': 1.6260915653026318, 'patch_size': 0.4, 'side': 'right', 'stabilize_anchor': False}, {'x_offset': -0.008728508660651113, 'y_offset': -0.43622510717316243, 'z_offset': 0.627112065197819, 'patch_size': 0.4, 'side': 'left', 'stabilize_anchor': False}]"
5,1,20,0.6820956468582153,0.10000000149011612,"[{'x_offset': 1.7029096563014239, 'y_offset': 0.9079689121416523, 'z_offset': 0.9463511528656061, 'patch_size': 0.4, 'side': 'right', 'stabilize_anchor': False}]"
5,2,20,0.668307900428772,0.10000000149011612,"[{'x_offset': 1.7029096563014239, 'y_offset': 0.9079689121416523, 'z_offset': 0.9463511528656061, 'patch_size': 0.4, 'side': 'right', 'stabilize_anchor': False}, {'x_offset': -0.1249998643951552, 'y_offset': 0.7855714935313898, 'z_offset': 2.062696715924923, 'patch_size': 0.4, 'side': 'left', 'stabilize_anchor': False}]"
5,3,20,0.6457068920135498,0.10000000149011612,"[{'x_offset': 1.7029096563014239, 'y_offset': 0.9079689121416523, 'z_offset': 0.9463511528656061, 'patch_size': 0.4, 'side': 'right', 'stabilize_anchor': False}, {'x_offset': -0.1249998643951552, 'y_offset': 0.7855714935313898, 'z_offset': 2.062696715924923, 'patch_size': 0.4, 'side': 'left', 'stabilize_anchor': False}, {'x_offset': -0.471270806012132, 'y_offset': -0.04765565559953178, 'z_offset': 0.5438215346652971, 'patch_size': 0.4, 'side': 'right', 'stabilize_anchor': False}]"
5,4,20,0.6426387429237366,0.10000000149011612,"[{'x_offset': 1.7029096563014239, 'y_offset': 0.9079689121416523, 'z_offset': 0.9463511528656061, 'patch_size': 0.4, 'side': 'right', 'stabilize_anchor': False}, {'x_offset': -0.1249998643951552, 'y_offset': 0.7855714935313898, 'z_offset': 2.062696715924923, 'patch_size': 0.4, 'side': 'left', 'stabilize_anchor': False}, {'x_offset': -0.471270806012132, 'y_offset': -0.04765565559953178, 'z_offset': 0.5438215346652971, 'patch_size': 0.4, 'side': 'right', 'stabilize_anchor': False}, {'x_offset': -0.13779115906121597, 'y_offset': 0.42327502606767586, 'z_offset': 1.6260915653026318, 'patch_size': 0.4, 'side': 'right', 'stabilize_anchor': False}]"
5,5,20,0.6043565273284912,0.10000000149011612,"[{'x_offset': 1.7029096563014239, 'y_offset': 0.9079689121416523, 'z_offset': 0.9463511528656061, 'patch_size': 0.4, 'side': 'right', 'stabilize_anchor': False}, {'x_offset': -0.1249998643951552, 'y_offset': 0.7855714935313898, 'z_offset': 2.062696715924923, 'patch_size': 0.4, 'side': 'left', 'stabilize_anchor': False}, {'x_offset': -0.471270806012132, 'y_offset': -0.04765565559953178, 'z_offset': 0.5438215346652971, 'patch_size': 0.4, 'side': 'right', 'stabilize_anchor': False}, {'x_offset': -0.13779115906121597, 'y_offset': 0.42327502606767586, 'z_offset': 1.6260915653026318, 'patch_size': 0.4, 'side': 'right', 'stabilize_anchor': False}, {'x_offset': -0.008728508660651113, 'y_offset': -0.43622510717316243, 'z_offset': 0.627112065197819, 'patch_size': 0.4, 'side': 'left', 'stabilize_anchor': False}]"
5,1,25,0.5383097529411316,0.10000000149011612,"[{'x_offset': 1.7029096563014239, 'y_offset': 0.9079689121416523, 'z_offset': 0.9463511528656061, 'patch_size': 0.4, 'side': 'right', 'stabilize_anchor': False}]"
5,2,25,0.0,0.10000000149011612,"[{'x_offset': 1.7029096563014239, 'y_offset': 0.9079689121416523, 'z_offset': 0.9463511528656061, 'patch_size': 0.4, 'side': 'right', 'stabilize_anchor': False}, {'x_offset': -0.1249998643951552, 'y_offset': 0.7855714935313898, 'z_offset': 2.062696715924923, 'patch_size': 0.4, 'side': 'left', 'stabilize_anchor': False}]"
5,3,25,0.5498794317245483,0.10000000149011612,"[{'x_offset': 1.7029096563014239, 'y_offset': 0.9079689121416523, 'z_offset': 0.9463511528656061, 'patch_size': 0.4, 'side': 'right', 'stabilize_anchor': False}, {'x_offset': -0.1249998643951552, 'y_offset': 0.7855714935313898, 'z_offset': 2.062696715924923, 'patch_size': 0.4, 'side': 'left', 'stabilize_anchor': False}, {'x_offset': -0.471270806012132, 'y_offset': -0.04765565559953178, 'z_offset': 0.5438215346652971, 'patch_size': 0.4, 'side': 'right', 'stabilize_anchor': False}]"
5,4,25,0.4501706659793854,0.0,"[{'x_offset': 1.7029096563014239, 'y_offset': 0.9079689121416523, 'z_offset': 0.9463511528656061, 'patch_size': 0.4, 'side': 'right', 'stabilize_anchor': False}, {'x_offset': -0.1249998643951552, 'y_offset': 0.7855714935313898, 'z_offset': 2.062696715924923, 'patch_size': 0.4, 'side': 'left', 'stabilize_anchor': False}, {'x_offset': -0.471270806012132, 'y_offset': -0.04765565559953178, 'z_offset': 0.5438215346652971, 'patch_size': 0.4, 'side': 'right', 'stabilize_anchor': False}, {'x_offset': -0.13779115906121597, 'y_offset': 0.42327502606767586, 'z_offset': 1.6260915653026318, 'patch_size': 0.4, 'side': 'right', 'stabilize_anchor': False}]"
5,5,25,0.43903258442878723,0.0,"[{'x_offset': 1.7029096563014239, 'y_offset': 0.9079689121416523, 'z_offset': 0.9463511528656061, 'patch_size': 0.4, 'side': 'right', 'stabilize_anchor': False}, {'x_offset': -0.1249998643951552, 'y_offset': 0.7855714935313898, 'z_offset': 2.062696715924923, 'patch_size': 0.4, 'side': 'left', 'stabilize_anchor': False}, {'x_offset': -0.471270806012132, 'y_offset': -0.04765565559953178, 'z_offset': 0.5438215346652971, 'patch_size': 0.4, 'side': 'right', 'stabilize_anchor': False}, {'x_offset': -0.13779115906121597, 'y_offset': 0.42327502606767586, 'z_offset': 1.6260915653026318, 'patch_size': 0.4, 'side': 'right', 'stabilize_anchor': False}, {'x_offset': -0.008728508660651113, 'y_offset': -0.43622510717316243, 'z_offset': 0.627112065197819, 'patch_size': 0.4, 'side': 'left', 'stabilize_anchor': False}]"
5,1,30,0.3871426284313202,0.0,"[{'x_offset': 1.7029096563014239, 'y_offset': 0.9079689121416523, 'z_offset': 0.9463511528656061, 'patch_size': 0.4, 'side': 'right', 'stabilize_anchor': False}]"
5,2,30,0.0,0.0,"[{'x_offset': 1.7029096563014239, 'y_offset': 0.9079689121416523, 'z_offset': 0.9463511528656061, 'patch_size': 0.4, 'side': 'right', 'stabilize_anchor': False}, {'x_offset': -0.1249998643951552, 'y_offset': 0.7855714935313898, 'z_offset': 2.062696715924923, 'patch_size': 0.4, 'side': 'left', 'stabilize_anchor': False}]"
5,3,30,0.0,0.0,"[{'x_offset': 1.7029096563014239, 'y_offset': 0.9079689121416523, 'z_offset': 0.9463511528656061, 'patch_size': 0.4, 'side': 'right', 'stabilize_anchor': False}, {'x_offset': -0.1249998643951552, 'y_offset': 0.7855714935313898, 'z_offset': 2.062696715924923, 'patch_size': 0.4, 'side': 'left', 'stabilize_anchor': False}, {'x_offset': -0.471270806012132, 'y_offset': -0.04765565559953178, 'z_offset': 0.5438215346652971, 'patch_size': 0.4, 'side': 'right', 'stabilize_anchor': False}]"
5,4,30,0.4464874565601349,0.0,"[{'x_offset': 1.7029096563014239, 'y_offset': 0.9079689121416523, 'z_offset': 0.9463511528656061, 'patch_size': 0.4, 'side': 'right', 'stabilize_anchor': False}, {'x_offset': -0.1249998643951552, 'y_offset': 0.7855714935313898, 'z_offset': 2.062696715924923, 'patch_size': 0.4, 'side': 'left', 'stabilize_anchor': False}, {'x_offset': -0.471270806012132, 'y_offset': -0.04765565559953178, 'z_offset': 0.5438215346652971, 'patch_size': 0.4, 'side': 'right', 'stabilize_anchor': False}, {'x_offset': -0.13779115906121597, 'y_offset': 0.42327502606767586, 'z_offset': 1.6260915653026318, 'patch_size': 0.4, 'side': 'right', 'stabilize_anchor': False}]"
5,5,30,0.5270446538925171,0.0,"[{'x_offset': 1.7029096563014239, 'y_offset': 0.9079689121416523, 'z_offset': 0.9463511528656061, 'patch_size': 0.4, 'side': 'right', 'stabilize_anchor': False}, {'x_offset': -0.1249998643951552, 'y_offset': 0.7855714935313898, 'z_offset': 2.062696715924923, 'patch_size': 0.4, 'side': 'left', 'stabilize_anchor': False}, {'x_offset': -0.471270806012132, 'y_offset': -0.04765565559953178, 'z_offset': 0.5438215346652971, 'patch_size': 0.4, 'side': 'right', 'stabilize_anchor': False}, {'x_offset': -0.13779115906121597, 'y_offset': 0.42327502606767586, 'z_offset': 1.6260915653026318, 'patch_size': 0.4, 'side': 'right', 'stabilize_anchor': False}, {'x_offset': -0.008728508660651113, 'y_offset': -0.43622510717316243, 'z_offset': 0.627112065197819, 'patch_size': 0.4, 'side': 'left', 'stabilize_anchor': False}]"
6,1,5,0.5838763117790222,0.10000000149011612,"[{'x_offset': 1.3532167155962713, 'y_offset': 0.9157083543552957, 'z_offset': 1.2684292321156179, 'patch_size': 0.4, 'side': 'right', 'stabilize_anchor': False}]"
6,2,5,0.6106449365615845,0.10000000149011612,"[{'x_offset': 1.3532167155962713, 'y_offset': 0.9157083543552957, 'z_offset': 1.2684292321156179, 'patch_size': 0.4, 'side': 'right', 'stabilize_anchor': False}, {'x_offset': 1.2100287889965342, 'y_offset': -0.2644776491692227, 'z_offset': 2.062153932406984, 'patch_size': 0.4, 'side': 'left', 'stabilize_anchor': False}]"
6,3,5,0.620829164981842,0.10000000149011612,"[{'x_offset': 1.3532167155962713, 'y_offset': 0.9157083543552957, 'z_offset': 1.2684292321156179, 'patch_size': 0.4, 'side': 'right', 'stabilize_anchor': False}, {'x_offset': 1.2100287889965342, 'y_offset': -0.2644776491692227, 'z_offset': 2.062153932406984, 'patch_size': 0.4, 'side': 'left', 'stabilize_anchor': False}, {'x_offset': 0.8664862031163403, 'y_offset': 0.43858304492767886, 'z_offset': 0.4934292254573398, 'patch_size': 0.4, 'side': 'left', 'stabilize_anchor': False}]"
6,4,5,0.5967392325401306,0.0,"[{'x_offset': 1.3532167155962713, 'y_offset': 0.9157083543552957, 'z_offset': 1.2684292321156179, 'patch_size': 0.4, 'side': 'right', 'stabilize_anchor': False}, {'x_offset': 1.2100287889965342, 'y_offset': -0.2644776491692227, 'z_offset': 2.062153932406984, 'patch_size': 0.4, 'side': 'left', 'stabilize_anchor': False}, {'x_offset': 0.8664862031163403, 'y_offset': 0.43858304492767886, 'z_offset': 0.4934292254573398, 'patch_size': 0.4, 'side': 'left', 'stabilize_anchor': False}, {'x_offset': 0.2552432422668469, 'y_offset': 0.2180290178074078, 'z_offset': 1.783690738900469, 'patch_size': 0.4, 'side': 'right', 'stabilize_anchor': False}]"
6,5,5,0.5519549250602722,0.0,"[{'x_offset': 1.3532167155962713, 'y_offset': 0.9157083543552957, 'z_offset': 1.2684292321156179, 'patch_size': 0.4, 'side': 'right', 'stabilize_anchor': False}, {'x_offset': 1.2100287889965342, 'y_offset': -0.2644776491692227, 'z_offset': 2.062153932406984, 'patch_size': 0.4, 'side': 'left', 'stabilize_anchor': False}, {'x_offset': 0.8664862031163403, 'y_offset': 0.43858304492767886, 'z_offset': 0.4934292254573398, 'patch_size': 0.4, 'side': 'left', 'stabilize_anchor': False}, {'x_offset': 0.2552432422668469, 'y_offset': 0.2180290178074078, 'z_offset': 1.783690738900469, 'patch_size': 0.4, 'side': 'right', 'stabilize_anchor': False}, {'x_offset': -0.752781878361943, 'y_offset': -0.28394588252704067, 'z_offset': 0.5488260126467533, 'patch_size': 0.4, 'side': 'right', 'stabilize_anchor': False}]"
6,1,10,0.6569403409957886,0.10000000149011612,"[{'x_offset': 1.3532167155962713, 'y_offset': 0.9157083543552957, 'z_offset': 1.2684292321156179, 'patch_size': 0.4, 'side': 'right', 'stabilize_anchor': False}]"
6,2,10,0.6208176016807556,0.10000000149011612,"[{'x_offset': 1.3532167155962713, 'y_offset': 0.9157083543552957, 'z_offset': 1.2684292321156179, 'patch_size': 0.4, 'side': 'right', 'stabilize_anchor': False}, {'x_offset': 1.2100287889965342, 'y_offset': -0.2644776491692227, 'z_offset': 2.062153932406984, 'patch_size': 0.4, 'side': 'left', 'stabilize_anchor': False}]"
6,3,10,0.6323294639587402,0.0,"[{'x_offset': 1.3532167155962713, 'y_offset': 0.9157083543552957, 'z_offset': 1.2684292321156179, 'patch_size': 0.4, 'side': 'right', 'stabilize_anchor': False}, {'x_offset': 1.2100287889965342, 'y_offset': -0.2644776491692227, 'z_offset': 2.062153932406984, 'patch_size': 0.4, 'side': 'left', 'stabilize_anchor': False}, {'x_offset': 0.8664862031163403, 'y_offset': 0.43858304492767886, 'z_offset': 0.4934292254573398, 'patch_size': 0.4, 'side': 'left', 'stabilize_anchor': False}]"
6,4,10,0.5645353198051453,0.0,"[{'x_offset': 1.3532167155962713, 'y_offset': 0.9157083543552957, 'z_offset': 1.2684292321156179, 'patch_size': 0.4, 'side': 'right', 'stabilize_anchor': False}, {'x_offset': 1.2100287889965342, 'y_offset': -0.2644776491692227, 'z_offset': 2.062153932406984, 'patch_size': 0.4, 'side': 'left', 'stabilize_anchor': False}, {'x_offset': 0.8664862031163403, 'y_offset': 0.43858304492767886, 'z_offset': 0.4934292254573398, 'patch_size': 0.4, 'side': 'left', 'stabilize_anchor': False}, {'x_offset': 0.2552432422668469, 'y_offset': 0.2180290178074078, 'z_offset': 1.783690738900469, 'patch_size': 0.4, 'side': 'right', 'stabilize_anchor': False}]"
6,5,10,0.6410148739814758,0.0,"[{'x_offset': 1.3532167155962713, 'y_offset': 0.9157083543552957, 'z_offset': 1.2684292321156179, 'patch_size': 0.4, 'side': 'right', 'stabilize_anchor': False}, {'x_offset': 1.2100287889965342, 'y_offset': -0.2644776491692227, 'z_offset': 2.062153932406984, 'patch_size': 0.4, 'side': 'left', 'stabilize_anchor': False}, {'x_offset': 0.8664862031163403, 'y_offset': 0.43858304492767886, 'z_offset': 0.4934292254573398, 'patch_size': 0.4, 'side': 'left', 'stabilize_anchor': False}, {'x_offset': 0.2552432422668469, 'y_offset': 0.2180290178074078, 'z_offset': 1.783690738900469, 'patch_size': 0.4, 'side': 'right', 'stabilize_anchor': False}, {'x_offset': -0.752781878361943, 'y_offset': -0.28394588252704067, 'z_offset': 0.5488260126467533, 'patch_size': 0.4, 'side': 'right', 'stabilize_anchor': False}]"
6,1,15,0.6789423227310181,0.10000000149011612,"[{'x_offset': 1.3532167155962713, 'y_offset': 0.9157083543552957, 'z_offset': 1.2684292321156179, 'patch_size': 0.4, 'side': 'right', 'stabilize_anchor': False}]"
6,2,15,0.6733030080795288,0.10000000149011612,"[{'x_offset': 1.3532167155962713, 'y_offset': 0.9157083543552957, 'z_offset': 1.2684292321156179, 'patch_size': 0.4, 'side': 'right', 'stabilize_anchor': False}, {'x_offset': 1.2100287889965342, 'y_offset': -0.2644776491692227, 'z_offset': 2.062153932406984, 'patch_size': 0.4, 'side': 'left', 'stabilize_anchor': False}]"
6,3,15,0.6278542876243591,0.10000000149011612,"[{'x_offset': 1.3532167155962713, 'y_offset': 0.9157083543552957, 'z_offset': 1.2684292321156179, 'patch_size': 0.4, 'side': 'right', 'stabilize_anchor': False}, {'x_offset': 1.2100287889965342, 'y_offset': -0.2644776491692227, 'z_offset': 2.062153932406984, 'patch_size': 0.4, 'side': 'left', 'stabilize_anchor': False}, {'x_offset': 0.8664862031163403, 'y_offset': 0.43858304492767886, 'z_offset': 0.4934292254573398, 'patch_size': 0.4, 'side': 'left', 'stabilize_anchor': False}]"
6,4,15,0.5568423867225647,0.10000000149011612,"[{'x_offset': 1.3532167155962713, 'y_offset': 0.9157083543552957, 'z_offset': 1.2684292321156179, 'patch_size': 0.4, 'side': 'right', 'stabilize_anchor': False}, {'x_offset': 1.2100287889965342, 'y_offset': -0.2644776491692227, 'z_offset': 2.062153932406984, 'patch_size': 0.4, 'side': 'left', 'stabilize_anchor': False}, {'x_offset': 0.8664862031163403, 'y_offset': 0.43858304492767886, 'z_offset': 0.4934292254573398, 'patch_size': 0.4, 'side': 'left', 'stabilize_anchor': False}, {'x_offset': 0.2552432422668469, 'y_offset': 0.2180290178074078, 'z_offset': 1.783690738900469, 'patch_size': 0.4, 'side': 'right', 'stabilize_anchor': False}]"
6,5,15,0.6214107871055603,0.10000000149011612,"[{'x_offset': 1.3532167155962713, 'y_offset': 0.9157083543552957, 'z_offset': 1.2684292321156179, 'patch_size': 0.4, 'side': 'right', 'stabilize_anchor': False}, {'x_offset': 1.2100287889965342, 'y_offset': -0.2644776491692227, 'z_offset': 2.062153932406984, 'patch_size': 0.4, 'side': 'left', 'stabilize_anchor': False}, {'x_offset': 0.8664862031163403, 'y_offset': 0.43858304492767886, 'z_offset': 0.4934292254573398, 'patch_size': 0.4, 'side': 'left', 'stabilize_anchor': False}, {'x_offset': 0.2552432422668469, 'y_offset': 0.2180290178074078, 'z_offset': 1.783690738900469, 'patch_size': 0.4, 'side': 'right', 'stabilize_anchor': False}, {'x_offset': -0.752781878361943, 'y_offset': -0.28394588252704067, 'z_offset': 0.5488260126467533, 'patch_size': 0.4, 'side': 'right', 'stabilize_anchor': False}]"
6,1,20,0.6927766799926758,0.10000000149011612,"[{'x_offset': 1.3532167155962713, 'y_offset': 0.9157083543552957, 'z_offset': 1.2684292321156179, 'patch_size': 0.4, 'side': 'right', 'stabilize_anchor': False}]"
6,2,20,0.5176635980606079,0.10000000149011612,"[{'x_offset': 1.3532167155962713, 'y_offset': 0.9157083543552957, 'z_offset': 1.2684292321156179, 'patch_size': 0.4, 'side': 'right', 'stabilize_anchor': False}, {'x_offset': 1.2100287889965342, 'y_offset': -0.2644776491692227, 'z_offset': 2.062153932406984, 'patch_size': 0.4, 'side': 'left', 'stabilize_anchor': False}]"
6,3,20,0.0,0.10000000149011612,"[{'x_offset': 1.3532167155962713, 'y_offset': 0.9157083543552957, 'z_offset': 1.2684292321156179, 'patch_size': 0.4, 'side': 'right', 'stabilize_anchor': False}, {'x_offset': 1.2100287889965342, 'y_offset': -0.2644776491692227, 'z_offset': 2.062153932406984, 'patch_size': 0.4, 'side': 'left', 'stabilize_anchor': False}, {'x_offset': 0.8664862031163403, 'y_offset': 0.43858304492767886, 'z_offset': 0.4934292254573398, 'patch_size': 0.4, 'side': 'left', 'stabilize_anchor': False}]"
6,4,20,0.0,0.10000000149011612,"[{'x_offset': 1.3532167155962713, 'y_offset': 0.9157083543552957, 'z_offset': 1.2684292321156179, 'patch_size': 0.4, 'side': 'right', 'stabilize_anchor': False}, {'x_offset': 1.2100287889965342, 'y_offset': -0.2644776491692227, 'z_offset': 2.062153932406984, 'patch_size': 0.4, 'side': 'left', 'stabilize_anchor': False}, {'x_offset': 0.8664862031163403, 'y_offset': 0.43858304492767886, 'z_offset': 0.4934292254573398, 'patch_size': 0.4, 'side': 'left', 'stabilize_anchor': False}, {'x_offset': 0.2552432422668469, 'y_offset': 0.2180290178074078, 'z_offset': 1.783690738900469, 'patch_size': 0.4, 'side': 'right', 'stabilize_anchor': False}]"
6,5,20,0.0,0.10000000149011612,"[{'x_offset': 1.3532167155962713, 'y_offset': 0.9157083543552957, 'z_offset': 1.2684292321156179, 'patch_size': 0.4, 'side': 'right', 'stabilize_anchor': False}, {'x_offset': 1.2100287889965342, 'y_offset': -0.2644776491692227, 'z_offset': 2.062153932406984, 'patch_size': 0.4, 'side': 'left', 'stabilize_anchor': False}, {'x_offset': 0.8664862031163403, 'y_offset': 0.43858304492767886, 'z_offset': 0.4934292254573398, 'patch_size': 0.4, 'side': 'left', 'stabilize_anchor': False}, {'x_offset': 0.2552432422668469, 'y_offset': 0.2180290178074078, 'z_offset': 1.783690738900469, 'patch_size': 0.4, 'side': 'right', 'stabilize_anchor': False}, {'x_offset': -0.752781878361943, 'y_offset': -0.28394588252704067, 'z_offset': 0.5488260126467533, 'patch_size': 0.4, 'side': 'right', 'stabilize_anchor': False}]"
6,1,25,0.4601442813873291,0.10000000149011612,"[{'x_offset': 1.3532167155962713, 'y_offset': 0.9157083543552957, 'z_offset': 1.2684292321156179, 'patch_size': 0.4, 'side': 'right', 'stabilize_anchor': False}]"
6,2,25,0.0,0.0,"[{'x_offset': 1.3532167155962713, 'y_offset': 0.9157083543552957, 'z_offset': 1.2684292321156179, 'patch_size': 0.4, 'side': 'right', 'stabilize_anchor': False}, {'x_offset': 1.2100287889965342, 'y_offset': -0.2644776491692227, 'z_offset': 2.062153932406984, 'patch_size': 0.4, 'side': 'left', 'stabilize_anchor': False}]"
6,3,25,0.4263231158256531,0.0,"[{'x_offset': 1.3532167155962713, 'y_offset': 0.9157083543552957, 'z_offset': 1.2684292321156179, 'patch_size': 0.4, 'side': 'right', 'stabilize_anchor': False}, {'x_offset': 1.2100287889965342, 'y_offset': -0.2644776491692227, 'z_offset': 2.062153932406984, 'patch_size': 0.4, 'side': 'left', 'stabilize_anchor': False}, {'x_offset': 0.8664862031163403, 'y_offset': 0.43858304492767886, 'z_offset': 0.4934292254573398, 'patch_size': 0.4, 'side': 'left', 'stabilize_anchor': False}]"
6,4,25,0.3566037118434906,0.0,"[{'x_offset': 1.3532167155962713, 'y_offset': 0.9157083543552957, 'z_offset': 1.2684292321156179, 'patch_size': 0.4, 'side': 'right', 'stabilize_anchor': False}, {'x_offset': 1.2100287889965342, 'y_offset': -0.2644776491692227, 'z_offset': 2.062153932406984, 'patch_size': 0.4, 'side': 'left', 'stabilize_anchor': False}, {'x_offset': 0.8664862031163403, 'y_offset': 0.43858304492767886, 'z_offset': 0.4934292254573398, 'patch_size': 0.4, 'side': 'left', 'stabilize_anchor': False}, {'x_offset': 0.2552432422668469, 'y_offset': 0.2180290178074078, 'z_offset': 1.783690738900469, 'patch_size': 0.4, 'side': 'right', 'stabilize_anchor': False}]"
6,5,25,0.3946465253829956,0.10000000149011612,"[{'x_offset': 1.3532167155962713, 'y_offset': 0.9157083543552957, 'z_offset': 1.2684292321156179, 'patch_size': 0.4, 'side': 'right', 'stabilize_anchor': False}, {'x_offset': 1.2100287889965342, 'y_offset': -0.2644776491692227, 'z_offset': 2.062153932406984, 'patch_size': 0.4, 'side': 'left', 'stabilize_anchor': False}, {'x_offset': 0.8664862031163403, 'y_offset': 0.43858304492767886, 'z_offset': 0.4934292254573398, 'patch_size': 0.4, 'side': 'left', 'stabilize_anchor': False}, {'x_offset': 0.2552432422668469, 'y_offset': 0.2180290178074078, 'z_offset': 1.783690738900469, 'patch_size': 0.4, 'side': 'right', 'stabilize_anchor': False}, {'x_offset': -0.752781878361943, 'y_offset': -0.28394588252704067, 'z_offset': 0.5488260126467533, 'patch_size': 0.4, 'side': 'right', 'stabilize_anchor': False}]"
6,1,30,0.0,0.0,"[{'x_offset': 1.3532167155962713, 'y_offset': 0.9157083543552957, 'z_offset': 1.2684292321156179, 'patch_size': 0.4, 'side': 'right', 'stabilize_anchor': False}]"
6,2,30,0.4468713402748108,0.0,"[{'x_offset': 1.3532167155962713, 'y_offset': 0.9157083543552957, 'z_offset': 1.2684292321156179, 'patch_size': 0.4, 'side': 'right', 'stabilize_anchor': False}, {'x_offset': 1.2100287889965342, 'y_offset': -0.2644776491692227, 'z_offset': 2.062153932406984, 'patch_size': 0.4, 'side': 'left', 'stabilize_anchor': False}]"
6,3,30,0.45645660161972046,0.10000000149011612,"[{'x_offset': 1.3532167155962713, 'y_offset': 0.9157083543552957, 'z_offset': 1.2684292321156179, 'patch_size': 0.4, 'side': 'right', 'stabilize_anchor': False}, {'x_offset': 1.2100287889965342, 'y_offset': -0.2644776491692227, 'z_offset': 2.062153932406984, 'patch_size': 0.4, 'side': 'left', 'stabilize_anchor': False}, {'x_offset': 0.8664862031163403, 'y_offset': 0.43858304492767886, 'z_offset': 0.4934292254573398, 'patch_size': 0.4, 'side': 'left', 'stabilize_anchor': False}]"
6,4,30,0.3990713059902191,0.0,"[{'x_offset': 1.3532167155962713, 'y_offset': 0.9157083543552957, 'z_offset': 1.2684292321156179, 'patch_size': 0.4, 'side': 'right', 'stabilize_anchor': False}, {'x_offset': 1.2100287889965342, 'y_offset': -0.2644776491692227, 'z_offset': 2.062153932406984, 'patch_size': 0.4, 'side': 'left', 'stabilize_anchor': False}, {'x_offset': 0.8664862031163403, 'y_offset': 0.43858304492767886, 'z_offset': 0.4934292254573398, 'patch_size': 0.4, 'side': 'left', 'stabilize_anchor': False}, {'x_offset': 0.2552432422668469, 'y_offset': 0.2180290178074078, 'z_offset': 1.783690738900469, 'patch_size': 0.4, 'side': 'right', 'stabilize_anchor': False}]"
6,5,30,0.4129338264465332,0.0,"[{'x_offset': 1.3532167155962713, 'y_offset': 0.9157083543552957, 'z_offset': 1.2684292321156179, 'patch_size': 0.4, 'side': 'right', 'stabilize_anchor': False}, {'x_offset': 1.2100287889965342, 'y_offset': -0.2644776491692227, 'z_offset': 2.062153932406984, 'patch_size': 0.4, 'side': 'left', 'stabilize_anchor': False}, {'x_offset': 0.8664862031163403, 'y_offset': 0.43858304492767886, 'z_offset': 0.4934292254573398, 'patch_size': 0.4, 'side': 'left', 'stabilize_anchor': False}, {'x_offset': 0.2552432422668469, 'y_offset': 0.2180290178074078, 'z_offset': 1.783690738900469, 'patch_size': 0.4, 'side': 'right', 'stabilize_anchor': False}, {'x_offset': -0.752781878361943, 'y_offset': -0.28394588252704067, 'z_offset': 0.5488260126467533, 'patch_size': 0.4, 'side': 'right', 'stabilize_anchor': False}]"
7,1,5,0.6225045323371887,0.0,"[{'x_offset': 0.4870588885573639, 'y_offset': 0.41322013680701586, 'z_offset': 1.5300651411977757, 'patch_size': 0.4, 'side': 'right', 'stabilize_anchor': False}]"
7,2,5,0.6014472246170044,0.0,"[{'x_offset': 0.4870588885573639, 'y_offset': 0.41322013680701586, 'z_offset': 1.5300651411977757, 'patch_size': 0.4, 'side': 'right', 'stabilize_anchor': False}, {'x_offset': 1.9575526226121376, 'y_offset': 0.9888187283831542, 'z_offset': 0.2797952863394637, 'patch_size': 0.4, 'side': 'left', 'stabilize_anchor': False}]"
7,3,5,0.632623553276062,0.0,"[{'x_offset': 0.4870588885573639, 'y_offset': 0.41322013680701586, 'z_offset': 1.5300651411977757, 'patch_size': 0.4, 'side': 'right', 'stabilize_anchor': False}, {'x_offset': 1.9575526226121376, 'y_offset': 0.9888187283831542, 'z_offset': 0.2797952863394637, 'patch_size': 0.4, 'side': 'left', 'stabilize_anchor': False}, {'x_offset': -0.7034628062873424, 'y_offset': 0.07032259247220296, 'z_offset': 1.056836356159778, 'patch_size': 0.4, 'side': 'left', 'stabilize_anchor': False}]"
7,4,5,0.5829378366470337,0.0,"[{'x_offset': 0.4870588885573639, 'y_offset': 0.41322013680701586, 'z_offset': 1.5300651411977757, 'patch_size': 0.4, 'side': 'right', 'stabilize_anchor': False}, {'x_offset': 1.9575526226121376, 'y_offset': 0.9888187283831542, 'z_offset': 0.2797952863394637, 'patch_size': 0.4, 'side': 'left', 'stabilize_anchor': False}, {'x_offset': -0.7034628062873424, 'y_offset': 0.07032259247220296, 'z_offset': 1.056836356159778, 'patch_size': 0.4, 'side': 'left', 'stabilize_anchor': False}, {'x_offset': 1.7058314826419307, 'y_offset': -0.5089161871595969, 'z_offset': 1.8143050989203438, 'patch_size': 0.4, 'side': 'left', 'stabilize_anchor': False}]"
7,5,5,0.5690603852272034,0.0,"[{'x_offset': 0.4870588885573639, 'y_offset': 0.41322013680701586, 'z_offset': 1.5300651411977757, 'patch_size': 0.4, 'side': 'right', 'stabilize_anchor': False}, {'x_offset': 1.9575526226121376, 'y_offset': 0.9888187283831542, 'z_offset': 0.2797952863394637, 'patch_size': 0.4, 'side': 'left', 'stabilize_anchor': False}, {'x_offset': -0.7034628062873424, 'y_offset': 0.07032259247220296, 'z_offset': 1.056836356159778, 'patch_size': 0.4, 'side': 'left', 'stabilize_anchor': False}, {'x_offset': 1.7058314826419307, 'y_offset': -0.5089161871595969, 'z_offset': 1.8143050989203438, 'patch_size': 0.4, 'side': 'left', 'stabilize_anchor': False}, {'x_offset': 2.8360071220610683, 'y_offset': -0.3353891157344047, 'z_offset': 2.024353188079687, 'patch_size': 0.4, 'side': 'right', 'stabilize_anchor': False}]"
7,1,10,0.6492674350738525,0.0,"[{'x_offset': 0.4870588885573639, 'y_offset': 0.41322013680701586, 'z_offset': 1.5300651411977757, 'patch_size': 0.4, 'side': 'right', 'stabilize_anchor': False}]"
7,2,10,0.5821081399917603,0.0,"[{'x_offset': 0.4870588885573639, 'y_offset': 0.41322013680701586, 'z_offset': 1.5300651411977757, 'patch_size': 0.4, 'side': 'right', 'stabilize_anchor': False}, {'x_offset': 1.9575526226121376, 'y_offset': 0.9888187283831542, 'z_offset': 0.2797952863394637, 'patch_size': 0.4, 'side': 'left', 'stabilize_anchor': False}]"
7,3,10,0.5880698561668396,0.0,"[{'x_offset': 0.4870588885573639, 'y_offset': 0.41322013680701586, 'z_offset': 1.5300651411977757, 'patch_size': 0.4, 'side': 'right', 'stabilize_anchor': False}, {'x_offset': 1.9575526226121376, 'y_offset': 0.9888187283831542, 'z_offset': 0.2797952863394637, 'patch_size': 0.4, 'side': 'left', 'stabilize_anchor': False}, {'x_offset': -0.7034628062873424, 'y_offset': 0.07032259247220296, 'z_offset': 1.056836356159778, 'patch_size': 0.4, 'side': 'left', 'stabilize_anchor': False}]"
7,4,10,0.5921081304550171,0.0,"[{'x_offset': 0.4870588885573639, 'y_offset': 0.41322013680701586, 'z_offset': 1.5300651411977757, 'patch_size': 0.4, 'side': 'right', 'stabilize_anchor': False}, {'x_offset': 1.9575526226121376, 'y_offset': 0.9888187283831542, 'z_offset': 0.2797952863394637, 'patch_size': 0.4, 'side': 'left', 'stabilize_anchor': False}, {'x_offset': -0.7034628062873424, 'y_offset': 0.07032259247220296, 'z_offset': 1.056836356159778, 'patch_size': 0.4, 'side': 'left', 'stabilize_anchor': False}, {'x_offset': 1.7058314826419307, 'y_offset': -0.5089161871595969, 'z_offset': 1.8143050989203438, 'patch_size': 0.4, 'side': 'left', 'stabilize_anchor': False}]"
7,5,10,0.5456491112709045,0.0,"[{'x_offset': 0.4870588885573639, 'y_offset': 0.41322013680701586, 'z_offset': 1.5300651411977757, 'patch_size': 0.4, 'side': 'right', 'stabilize_anchor': False}, {'x_offset': 1.9575526226121376, 'y_offset': 0.9888187283831542, 'z_offset': 0.2797952863394637, 'patch_size': 0.4, 'side': 'left', 'stabilize_anchor': False}, {'x_offset': -0.7034628062873424, 'y_offset': 0.07032259247220296, 'z_offset': 1.056836356159778, 'patch_size': 0.4, 'side': 'left', 'stabilize_anchor': False}, {'x_offset': 1.7058314826419307, 'y_offset': -0.5089161871595969, 'z_offset': 1.8143050989203438, 'patch_size': 0.4, 'side': 'left', 'stabilize_anchor': False}, {'x_offset': 2.8360071220610683, 'y_offset': -0.3353891157344047, 'z_offset': 2.024353188079687, 'patch_size': 0.4, 'side': 'right', 'stabilize_anchor': False}]"
7,1,15,0.6894450187683105,0.0,"[{'x_offset': 0.4870588885573639, 'y_offset': 0.41322013680701586, 'z_offset': 1.5300651411977757, 'patch_size': 0.4, 'side': 'right', 'stabilize_anchor': False}]"
7,2,15,0.627872109413147,0.0,"[{'x_offset': 0.4870588885573639, 'y_offset': 0.41322013680701586, 'z_offset': 1.5300651411977757, 'patch_size': 0.4, 'side': 'right', 'stabilize_anchor': False}, {'x_offset': 1.9575526226121376, 'y_offset': 0.9888187283831542, 'z_offset': 0.2797952863394637, 'patch_size': 0.4, 'side': 'left', 'stabilize_anchor': False}]"
7,3,15,0.5719772577285767,0.0,"[{'x_offset': 0.4870588885573639, 'y_offset': 0.41322013680701586, 'z_offset': 1.5300651411977757, 'patch_size': 0.4, 'side': 'right', 'stabilize_anchor': False}, {'x_offset': 1.9575526226121376, 'y_offset': 0.9888187283831542, 'z_offset': 0.2797952863394637, 'patch_size': 0.4, 'side': 'left', 'stabilize_anchor': False}, {'x_offset': -0.7034628062873424, 'y_offset': 0.07032259247220296, 'z_offset': 1.056836356159778, 'patch_size': 0.4, 'side': 'left', 'stabilize_anchor': False}]"
7,4,15,0.5983421802520752,0.0,"[{'x_offset': 0.4870588885573639, 'y_offset': 0.41322013680701586, 'z_offset': 1.5300651411977757, 'patch_size': 0.4, 'side': 'right', 'stabilize_anchor': False}, {'x_offset': 1.9575526226121376, 'y_offset': 0.9888187283831542, 'z_offset': 0.2797952863394637, 'patch_size': 0.4, 'side': 'left', 'stabilize_anchor': False}, {'x_offset': -0.7034628062873424, 'y_offset': 0.07032259247220296, 'z_offset': 1.056836356159778, 'patch_size': 0.4, 'side': 'left', 'stabilize_anchor': False}, {'x_offset': 1.7058314826419307, 'y_offset': -0.5089161871595969, 'z_offset': 1.8143050989203438, 'patch_size': 0.4, 'side': 'left', 'stabilize_anchor': False}]"
7,5,15,0.5642126202583313,0.0,"[{'x_offset': 0.4870588885573639, 'y_offset': 0.41322013680701586, 'z_offset': 1.5300651411977757, 'patch_size': 0.4, 'side': 'right', 'stabilize_anchor': False}, {'x_offset': 1.9575526226121376, 'y_offset': 0.9888187283831542, 'z_offset': 0.2797952863394637, 'patch_size': 0.4, 'side': 'left', 'stabilize_anchor': False}, {'x_offset': -0.7034628062873424, 'y_offset': 0.07032259247220296, 'z_offset': 1.056836356159778, 'patch_size': 0.4, 'side': 'left', 'stabilize_anchor': False}, {'x_offset': 1.7058314826419307, 'y_offset': -0.5089161871595969, 'z_offset': 1.8143050989203438, 'patch_size': 0.4, 'side': 'left', 'stabilize_anchor': False}, {'x_offset': 2.8360071220610683, 'y_offset': -0.3353891157344047, 'z_offset': 2.024353188079687, 'patch_size': 0.4, 'side': 'right', 'stabilize_anchor': False}]"
7,1,20,0.6149243116378784,0.10000000149011612,"[{'x_offset': 0.4870588885573639, 'y_offset': 0.41322013680701586, 'z_offset': 1.5300651411977757, 'patch_size': 0.4, 'side': 'right', 'stabilize_anchor': False}]"
7,2,20,0.6376214027404785,0.0,"[{'x_offset': 0.4870588885573639, 'y_offset': 0.41322013680701586, 'z_offset': 1.5300651411977757, 'patch_size': 0.4, 'side': 'right', 'stabilize_anchor': False}, {'x_offset': 1.9575526226121376, 'y_offset': 0.9888187283831542, 'z_offset': 0.2797952863394637, 'patch_size': 0.4, 'side': 'left', 'stabilize_anchor': False}]"
7,3,20,0.5973011255264282,0.10000000149011612,"[{'x_offset': 0.4870588885573639, 'y_offset': 0.41322013680701586, 'z_offset': 1.5300651411977757, 'patch_size': 0.4, 'side': 'right', 'stabilize_anchor': False}, {'x_offset': 1.9575526226121376, 'y_offset': 0.9888187283831542, 'z_offset': 0.2797952863394637, 'patch_size': 0.4, 'side': 'left', 'stabilize_anchor': False}, {'x_offset': -0.7034628062873424, 'y_offset': 0.07032259247220296, 'z_offset': 1.056836356159778, 'patch_size': 0.4, 'side': 'left', 'stabilize_anchor': False}]"
7,4,20,0.5516529083251953,0.10000000149011612,"[{'x_offset': 0.4870588885573639, 'y_offset': 0.41322013680701586, 'z_offset': 1.5300651411977757, 'patch_size': 0.4, 'side': 'right', 'stabilize_anchor': False}, {'x_offset': 1.9575526226121376, 'y_offset': 0.9888187283831542, 'z_offset': 0.2797952863394637, 'patch_size': 0.4, 'side': 'left', 'stabilize_anchor': False}, {'x_offset': -0.7034628062873424, 'y_offset': 0.07032259247220296, 'z_offset': 1.056836356159778, 'patch_size': 0.4, 'side': 'left', 'stabilize_anchor': False}, {'x_offset': 1.7058314826419307, 'y_offset': -0.5089161871595969, 'z_offset': 1.8143050989203438, 'patch_size': 0.4, 'side': 'left', 'stabilize_anchor': False}]"
7,5,20,0.4178909659385681,0.0,"[{'x_offset': 0.4870588885573639, 'y_offset': 0.41322013680701586, 'z_offset': 1.5300651411977757, 'patch_size': 0.4, 'side': 'right', 'stabilize_anchor': False}, {'x_offset': 1.9575526226121376, 'y_offset': 0.9888187283831542, 'z_offset': 0.2797952863394637, 'patch_size': 0.4, 'side': 'left', 'stabilize_anchor': False}, {'x_offset': -0.7034628062873424, 'y_offset': 0.07032259247220296, 'z_offset': 1.056836356159778, 'patch_size': 0.4, 'side': 'left', 'stabilize_anchor': False}, {'x_offset': 1.7058314826419307, 'y_offset': -0.5089161871595969, 'z_offset': 1.8143050989203438, 'patch_size': 0.4, 'side': 'left', 'stabilize_anchor': False}, {'x_offset': 2.8360071220610683, 'y_offset': -0.3353891157344047, 'z_offset': 2.024353188079687, 'patch_size': 0.4, 'side': 'right', 'stabilize_anchor': False}]"
7,1,25,0.5887466073036194,0.0,"[{'x_offset': 0.4870588885573639, 'y_offset': 0.41322013680701586, 'z_offset': 1.5300651411977757, 'patch_size': 0.4, 'side': 'right', 'stabilize_anchor': False}]"
7,2,25,0.39855247735977173,0.0,"[{'x_offset': 0.4870588885573639, 'y_offset': 0.41322013680701586, 'z_offset': 1.5300651411977757, 'patch_size': 0.4, 'side': 'right', 'stabilize_anchor': False}, {'x_offset': 1.9575526226121376, 'y_offset': 0.9888187283831542, 'z_offset': 0.2797952863394637, 'patch_size': 0.4, 'side': 'left', 'stabilize_anchor': False}]"
7,3,25,0.3861476480960846,0.0,"[{'x_offset': 0.4870588885573639, 'y_offset': 0.41322013680701586, 'z_offset': 1.5300651411977757, 'patch_size': 0.4, 'side': 'right', 'stabilize_anchor': False}, {'x_offset': 1.9575526226121376, 'y_offset': 0.9888187283831542, 'z_offset': 0.2797952863394637, 'patch_size': 0.4, 'side': 'left', 'stabilize_anchor': False}, {'x_offset': -0.7034628062873424, 'y_offset': 0.07032259247220296, 'z_offset': 1.056836356159778, 'patch_size': 0.4, 'side': 'left', 'stabilize_anchor': False}]"
7,4,25,0.0,0.0,"[{'x_offset': 0.4870588885573639, 'y_offset': 0.41322013680701586, 'z_offset': 1.5300651411977757, 'patch_size': 0.4, 'side': 'right', 'stabilize_anchor': False}, {'x_offset': 1.9575526226121376, 'y_offset': 0.9888187283831542, 'z_offset': 0.2797952863394637, 'patch_size': 0.4, 'side': 'left', 'stabilize_anchor': False}, {'x_offset': -0.7034628062873424, 'y_offset': 0.07032259247220296, 'z_offset': 1.056836356159778, 'patch_size': 0.4, 'side': 'left', 'stabilize_anchor': False}, {'x_offset': 1.7058314826419307, 'y_offset': -0.5089161871595969, 'z_offset': 1.8143050989203438, 'patch_size': 0.4, 'side': 'left', 'stabilize_anchor': False}]"
7,5,25,0.0,0.0,"[{'x_offset': 0.4870588885573639, 'y_offset': 0.41322013680701586, 'z_offset': 1.5300651411977757, 'patch_size': 0.4, 'side': 'right', 'stabilize_anchor': False}, {'x_offset': 1.9575526226121376, 'y_offset': 0.9888187283831542, 'z_offset': 0.2797952863394637, 'patch_size': 0.4, 'side': 'left', 'stabilize_anchor': False}, {'x_offset': -0.7034628062873424, 'y_offset': 0.07032259247220296, 'z_offset': 1.056836356159778, 'patch_size': 0.4, 'side': 'left', 'stabilize_anchor': False}, {'x_offset': 1.7058314826419307, 'y_offset': -0.5089161871595969, 'z_offset': 1.8143050989203438, 'patch_size': 0.4, 'side': 'left', 'stabilize_anchor': False}, {'x_offset': 2.8360071220610683, 'y_offset': -0.3353891157344047, 'z_offset': 2.024353188079687, 'patch_size': 0.4, 'side': 'right', 'stabilize_anchor': False}]"
7,1,30,0.3682449162006378,0.0,"[{'x_offset': 0.4870588885573639, 'y_offset': 0.41322013680701586, 'z_offset': 1.5300651411977757, 'patch_size': 0.4, 'side': 'right', 'stabilize_anchor': False}]"
7,2,30,0.37783172726631165,0.0,"[{'x_offset': 0.4870588885573639, 'y_offset': 0.41322013680701586, 'z_offset': 1.5300651411977757, 'patch_size': 0.4, 'side': 'right', 'stabilize_anchor': False}, {'x_offset': 1.9575526226121376, 'y_offset': 0.9888187283831542, 'z_offset': 0.2797952863394637, 'patch_size': 0.4, 'side': 'left', 'stabilize_anchor': False}]"
7,3,30,0.44720229506492615,0.0,"[{'x_offset': 0.4870588885573639, 'y_offset': 0.41322013680701586, 'z_offset': 1.5300651411977757, 'patch_size': 0.4, 'side': 'right', 'stabilize_anchor': False}, {'x_offset': 1.9575526226121376, 'y_offset': 0.9888187283831542, 'z_offset': 0.2797952863394637, 'patch_size': 0.4, 'side': 'left', 'stabilize_anchor': False}, {'x_offset': -0.7034628062873424, 'y_offset': 0.07032259247220296, 'z_offset': 1.056836356159778, 'patch_size': 0.4, 'side': 'left', 'stabilize_anchor': False}]"
7,4,30,0.5259074568748474,0.0,"[{'x_offset': 0.4870588885573639, 'y_offset': 0.41322013680701586, 'z_offset': 1.5300651411977757, 'patch_size': 0.4, 'side': 'right', 'stabilize_anchor': False}, {'x_offset': 1.9575526226121376, 'y_offset': 0.9888187283831542, 'z_offset': 0.2797952863394637, 'patch_size': 0.4, 'side': 'left', 'stabilize_anchor': False}, {'x_offset': -0.7034628062873424, 'y_offset': 0.07032259247220296, 'z_offset': 1.056836356159778, 'patch_size': 0.4, 'side': 'left', 'stabilize_anchor': False}, {'x_offset': 1.7058314826419307, 'y_offset': -0.5089161871595969, 'z_offset': 1.8143050989203438, 'patch_size': 0.4, 'side': 'left', 'stabilize_anchor': False}]"
7,5,30,0.4247443675994873,0.0,"[{'x_offset': 0.4870588885573639, 'y_offset': 0.41322013680701586, 'z_offset': 1.5300651411977757, 'patch_size': 0.4, 'side': 'right', 'stabilize_anchor': False}, {'x_offset': 1.9575526226121376, 'y_offset': 0.9888187283831542, 'z_offset': 0.2797952863394637, 'patch_size': 0.4, 'side': 'left', 'stabilize_anchor': False}, {'x_offset': -0.7034628062873424, 'y_offset': 0.07032259247220296, 'z_offset': 1.056836356159778, 'patch_size': 0.4, 'side': 'left', 'stabilize_anchor': False}, {'x_offset': 1.7058314826419307, 'y_offset': -0.5089161871595969, 'z_offset': 1.8143050989203438, 'patch_size': 0.4, 'side': 'left', 'stabilize_anchor': False}, {'x_offset': 2.8360071220610683, 'y_offset': -0.3353891157344047, 'z_offset': 2.024353188079687, 'patch_size': 0.4, 'side': 'right', 'stabilize_anchor': False}]"
8,1,5,0.6001393795013428,0.10000000149011612,"[{'x_offset': 1.2162317908883256, 'y_offset': 0.9491925353503319, 'z_offset': 0.6427986246383871, 'patch_size': 0.4, 'side': 'right', 'stabilize_anchor': False}]"
8,2,5,0.6138615012168884,0.10000000149011612,"[{'x_offset': 1.2162317908883256, 'y_offset': 0.9491925353503319, 'z_offset': 0.6427986246383871, 'patch_size': 0.4, 'side': 'right', 'stabilize_anchor': False}, {'x_offset': 2.1842912119859657, 'y_offset': 0.9875396065937276, 'z_offset': 1.4069929549498206, 'patch_size': 0.4, 'side': 'left', 'stabilize_anchor': False}]"
8,3,5,0.7032380104064941,0.0,"[{'x_offset': 1.2162317908883256, 'y_offset': 0.9491925353503319, 'z_offset': 0.6427986246383871, 'patch_size': 0.4, 'side': 'right', 'stabilize_anchor': False}, {'x_offset': 2.1842912119859657, 'y_offset': 0.9875396065937276, 'z_offset': 1.4069929549498206, 'patch_size': 0.4, 'side': 'left', 'stabilize_anchor': False}, {'x_offset': 0.021734011912262652, 'y_offset': 0.5372853350150275, 'z_offset': 1.084096547340551, 'patch_size': 0.4, 'side': 'right', 'stabilize_anchor': False}]"
8,4,5,0.65883868932724,0.0,"[{'x_offset': 1.2162317908883256, 'y_offset': 0.9491925353503319, 'z_offset': 0.6427986246383871, 'patch_size': 0.4, 'side': 'right', 'stabilize_anchor': False}, {'x_offset': 2.1842912119859657, 'y_offset': 0.9875396065937276, 'z_offset': 1.4069929549498206, 'patch_size': 0.4, 'side': 'left', 'stabilize_anchor': False}, {'x_offset': 0.021734011912262652, 'y_offset': 0.5372853350150275, 'z_offset': 1.084096547340551, 'patch_size': 0.4, 'side': 'right', 'stabilize_anchor': False}, {'x_offset': 1.1311532765001844, 'y_offset': -0.15050602473633834, 'z_offset': 2.2606341158147036, 'patch_size': 0.4, 'side': 'left', 'stabilize_anchor': False}]"
8,5,5,0.6141166687011719,0.0,"[{'x_offset': 1.2162317908883256, 'y_offset': 0.9491925353503319, 'z_offset': 0.6427986246383871, 'patch_size': 0.4, 'side': 'right', 'stabilize_anchor': False}, {'x_offset': 2.1842912119859657, 'y_offset': 0.9875396065937276, 'z_offset': 1.4069929549498206, 'patch_size': 0.4, 'side': 'left', 'stabilize_anchor': False}, {'x_offset': 0.021734011912262652, 'y_offset': 0.5372853350150275, 'z_offset': 1.084096547340551, 'patch_size': 0.4, 'side': 'right', 'stabilize_anchor': False}, {'x_offset': 1.1311532765001844, 'y_offset': -0.15050602473633834, 'z_offset': 2.2606341158147036, 'patch_size': 0.4, 'side': 'left', 'stabilize_anchor': False}, {'x_offset': 2.5651979717340283, 'y_offset': -0.23586793611690576, 'z_offset': 1.4984829470258185, 'patch_size': 0.4, 'side': 'right', 'stabilize_anchor': False}]"
8,1,10,0.6819766759872437,0.10000000149011612,"[{'x_offset': 1.2162317908883256, 'y_offset': 0.9491925353503319, 'z_offset': 0.6427986246383871, 'patch_size': 0.4, 'side': 'right', 'stabilize_anchor': False}]"
8,2,10,0.6646096110343933,0.10000000149011612,"[{'x_offset': 1.2162317908883256, 'y_offset': 0.9491925353503319, 'z_offset': 0.6427986246383871, 'patch_size': 0.4, 'side': 'right', 'stabilize_anchor': False}, {'x_offset': 2.1842912119859657, 'y_offset': 0.9875396065937276, 'z_offset': 1.4069929549498206, 'patch_size': 0.4, 'side': 'left', 'stabilize_anchor': False}]"
8,3,10,0.64168781042099,0.0,"[{'x_offset': 1.2162317908883256, 'y_offset': 0.9491925353503319, 'z_offset': 0.6427986246383871, 'patch_size': 0.4, 'side': 'right', 'stabilize_anchor': False}, {'x_offset': 2.1842912119859657, 'y_offset': 0.9875396065937276, 'z_offset': 1.4069929549498206, 'patch_size': 0.4, 'side': 'left', 'stabilize_anchor': False}, {'x_offset': 0.021734011912262652, 'y_offset': 0.5372853350150275, 'z_offset': 1.084096547340551, 'patch_size': 0.4, 'side': 'right', 'stabilize_anchor': False}]"
8,4,10,0.5978981852531433,0.0,"[{'x_offset': 1.2162317908883256, 'y_offset': 0.9491925353503319, 'z_offset': 0.6427986246383871, 'patch_size': 0.4, 'side': 'right', 'stabilize_anchor': False}, {'x_offset': 2.1842912119859657, 'y_offset': 0.9875396065937276, 'z_offset': 1.4069929549498206, 'patch_size': 0.4, 'side': 'left', 'stabilize_anchor': False}, {'x_offset': 0.021734011912262652, 'y_offset': 0.5372853350150275, 'z_offset': 1.084096547340551, 'patch_size': 0.4, 'side': 'right', 'stabilize_anchor': False}, {'x_offset': 1.1311532765001844, 'y_offset': -0.15050602473633834, 'z_offset': 2.2606341158147036, 'patch_size': 0.4, 'side': 'left', 'stabilize_anchor': False}]"
8,5,10,0.5392550826072693,0.0,"[{'x_offset': 1.2162317908883256, 'y_offset': 0.9491925353503319, 'z_offset': 0.6427986246383871, 'patch_size': 0.4, 'side': 'right', 'stabilize_anchor': False}, {'x_offset': 2.1842912119859657, 'y_offset': 0.9875396065937276, 'z_offset': 1.4069929549498206, 'patch_size': 0.4, 'side': 'left', 'stabilize_anchor': False}, {'x_offset': 0.021734011912262652, 'y_offset': 0.5372853350150275, 'z_offset': 1.084096547340551, 'patch_size': 0.4, 'side': 'right', 'stabilize_anchor': False}, {'x_offset': 1.1311532765001844, 'y_offset': -0.15050602473633834, 'z_offset': 2.2606341158147036, 'patch_size': 0.4, 'side': 'left', 'stabilize_anchor': False}, {'x_offset': 2.5651979717340283, 'y_offset': -0.23586793611690576, 'z_offset': 1.4984829470258185, 'patch_size': 0.4, 'side': 'right', 'stabilize_anchor': False}]"
8,1,15,0.6464955806732178,0.10000000149011612,"[{'x_offset': 1.2162317908883256, 'y_offset': 0.9491925353503319, 'z_offset': 0.6427986246383871, 'patch_size': 0.4, 'side': 'right', 'stabilize_anchor': False}]"
8,2,15,0.6427677869796753,0.0,"[{'x_offset': 1.2162317908883256, 'y_offset': 0.9491925353503319, 'z_offset': 0.6427986246383871, 'patch_size': 0.4, 'side': 'right', 'stabilize_anchor': False}, {'x_offset': 2.1842912119859657, 'y_offset': 0.9875396065937276, 'z_offset': 1.4069929549498206, 'patch_size': 0.4, 'side': 'left', 'stabilize_anchor': False}]"
8,3,15,0.40954121947288513,0.0,"[{'x_offset': 1.2162317908883256, 'y_offset': 0.9491925353503319, 'z_offset': 0.6427986246383871, 'patch_size': 0.4, 'side': 'right', 'stabilize_anchor': False}, {'x_offset': 2.1842912119859657, 'y_offset': 0.9875396065937276, 'z_offset': 1.4069929549498206, 'patch_size': 0.4, 'side': 'left', 'stabilize_anchor': False}, {'x_offset': 0.021734011912262652, 'y_offset': 0.5372853350150275, 'z_offset': 1.084096547340551, 'patch_size': 0.4, 'side': 'right', 'stabilize_anchor': False}]"
8,4,15,0.5018040537834167,0.0,"[{'x_offset': 1.2162317908883256, 'y_offset': 0.9491925353503319, 'z_offset': 0.6427986246383871, 'patch_size': 0.4, 'side': 'right', 'stabilize_anchor': False}, {'x_offset': 2.1842912119859657, 'y_offset': 0.9875396065937276, 'z_offset': 1.4069929549498206, 'patch_size': 0.4, 'side': 'left', 'stabilize_anchor': False}, {'x_offset': 0.021734011912262652, 'y_offset': 0.5372853350150275, 'z_offset': 1.084096547340551, 'patch_size': 0.4, 'side': 'right', 'stabilize_anchor': False}, {'x_offset': 1.1311532765001844, 'y_offset': -0.15050602473633834, 'z_offset': 2.2606341158147036, 'patch_size': 0.4, 'side': 'left', 'stabilize_anchor': False}]"
8,5,15,0.4246406555175781,0.0,"[{'x_offset': 1.2162317908883256, 'y_offset': 0.9491925353503319, 'z_offset': 0.6427986246383871, 'patch_size': 0.4, 'side': 'right', 'stabilize_anchor': False}, {'x_offset': 2.1842912119859657, 'y_offset': 0.9875396065937276, 'z_offset': 1.4069929549498206, 'patch_size': 0.4, 'side': 'left', 'stabilize_anchor': False}, {'x_offset': 0.021734011912262652, 'y_offset': 0.5372853350150275, 'z_offset': 1.084096547340551, 'patch_size': 0.4, 'side': 'right', 'stabilize_anchor': False}, {'x_offset': 1.1311532765001844, 'y_offset': -0.15050602473633834, 'z_offset': 2.2606341158147036, 'patch_size': 0.4, 'side': 'left', 'stabilize_anchor': False}, {'x_offset': 2.5651979717340283, 'y_offset': -0.23586793611690576, 'z_offset': 1.4984829470258185, 'patch_size': 0.4, 'side': 'right', 'stabilize_anchor': False}]"
8,1,20,0.6388776302337646,0.10000000149011612,"[{'x_offset': 1.2162317908883256, 'y_offset': 0.9491925353503319, 'z_offset': 0.6427986246383871, 'patch_size': 0.4, 'side': 'right', 'stabilize_anchor': False}]"
8,2,20,0.5257168412208557,0.10000000149011612,"[{'x_offset': 1.2162317908883256, 'y_offset': 0.9491925353503319, 'z_offset': 0.6427986246383871, 'patch_size': 0.4, 'side': 'right', 'stabilize_anchor': False}, {'x_offset': 2.1842912119859657, 'y_offset': 0.9875396065937276, 'z_offset': 1.4069929549498206, 'patch_size': 0.4, 'side': 'left', 'stabilize_anchor': False}]"
8,3,20,0.35442477464675903,0.0,"[{'x_offset': 1.2162317908883256, 'y_offset': 0.9491925353503319, 'z_offset': 0.6427986246383871, 'patch_size': 0.4, 'side': 'right', 'stabilize_anchor': False}, {'x_offset': 2.1842912119859657, 'y_offset': 0.9875396065937276, 'z_offset': 1.4069929549498206, 'patch_size': 0.4, 'side': 'left', 'stabilize_anchor': False}, {'x_offset': 0.021734011912262652, 'y_offset': 0.5372853350150275, 'z_offset': 1.084096547340551, 'patch_size': 0.4, 'side': 'right', 'stabilize_anchor': False}]"
8,4,20,0.0,0.0,"[{'x_offset': 1.2162317908883256, 'y_offset': 0.9491925353503319, 'z_offset': 0.6427986246383871, 'patch_size': 0.4, 'side': 'right', 'stabilize_anchor': False}, {'x_offset': 2.1842912119859657, 'y_offset': 0.9875396065937276, 'z_offset': 1.4069929549498206, 'patch_size': 0.4, 'side': 'left', 'stabilize_anchor': False}, {'x_offset': 0.021734011912262652, 'y_offset': 0.5372853350150275, 'z_offset': 1.084096547340551, 'patch_size': 0.4, 'side': 'right', 'stabilize_anchor': False}, {'x_offset': 1.1311532765001844, 'y_offset': -0.15050602473633834, 'z_offset': 2.2606341158147036, 'patch_size': 0.4, 'side': 'left', 'stabilize_anchor': False}]"
8,5,20,0.0,0.0,"[{'x_offset': 1.2162317908883256, 'y_offset': 0.9491925353503319, 'z_offset': 0.6427986246383871, 'patch_size': 0.4, 'side': 'right', 'stabilize_anchor': False}, {'x_offset': 2.1842912119859657, 'y_offset': 0.9875396065937276, 'z_offset': 1.4069929549498206, 'patch_size': 0.4, 'side': 'left', 'stabilize_anchor': False}, {'x_offset': 0.021734011912262652, 'y_offset': 0.5372853350150275, 'z_offset': 1.084096547340551, 'patch_size': 0.4, 'side': 'right', 'stabilize_anchor': False}, {'x_offset': 1.1311532765001844, 'y_offset': -0.15050602473633834, 'z_offset': 2.2606341158147036, 'patch_size': 0.4, 'side': 'left', 'stabilize_anchor': False}, {'x_offset': 2.5651979717340283, 'y_offset': -0.23586793611690576, 'z_offset': 1.4984829470258185, 'patch_size': 0.4, 'side': 'right', 'stabilize_anchor': False}]"
8,1,25,0.41372987627983093,0.10000000149011612,"[{'x_offset': 1.2162317908883256, 'y_offset': 0.9491925353503319, 'z_offset': 0.6427986246383871, 'patch_size': 0.4, 'side': 'right', 'stabilize_anchor': False}]"
8,2,25,0.5287619829177856,0.0,"[{'x_offset': 1.2162317908883256, 'y_offset': 0.9491925353503319, 'z_offset': 0.6427986246383871, 'patch_size': 0.4, 'side': 'right', 'stabilize_anchor': False}, {'x_offset': 2.1842912119859657, 'y_offset': 0.9875396065937276, 'z_offset': 1.4069929549498206, 'patch_size': 0.4, 'side': 'left', 'stabilize_anchor': False}]"
8,3,25,0.0,0.10000000149011612,"[{'x_offset': 1.2162317908883256, 'y_offset': 0.9491925353503319, 'z_offset': 0.6427986246383871, 'patch_size': 0.4, 'side': 'right', 'stabilize_anchor': False}, {'x_offset': 2.1842912119859657, 'y_offset': 0.9875396065937276, 'z_offset': 1.4069929549498206, 'patch_size': 0.4, 'side': 'left', 'stabilize_anchor': False}, {'x_offset': 0.021734011912262652, 'y_offset': 0.5372853350150275, 'z_offset': 1.084096547340551, 'patch_size': 0.4, 'side': 'right', 'stabilize_anchor': False}]"
8,4,25,0.0,0.0,"[{'x_offset': 1.2162317908883256, 'y_offset': 0.9491925353503319, 'z_offset': 0.6427986246383871, 'patch_size': 0.4, 'side': 'right', 'stabilize_anchor': False}, {'x_offset': 2.1842912119859657, 'y_offset': 0.9875396065937276, 'z_offset': 1.4069929549498206, 'patch_size': 0.4, 'side': 'left', 'stabilize_anchor': False}, {'x_offset': 0.021734011912262652, 'y_offset': 0.5372853350150275, 'z_offset': 1.084096547340551, 'patch_size': 0.4, 'side': 'right', 'stabilize_anchor': False}, {'x_offset': 1.1311532765001844, 'y_offset': -0.15050602473633834, 'z_offset': 2.2606341158147036, 'patch_size': 0.4, 'side': 'left', 'stabilize_anchor': False}]"
8,5,25,0.37110593914985657,0.0,"[{'x_offset': 1.2162317908883256, 'y_offset': 0.9491925353503319, 'z_offset': 0.6427986246383871, 'patch_size': 0.4, 'side': 'right', 'stabilize_anchor': False}, {'x_offset': 2.1842912119859657, 'y_offset': 0.9875396065937276, 'z_offset': 1.4069929549498206, 'patch_size': 0.4, 'side': 'left', 'stabilize_anchor': False}, {'x_offset': 0.021734011912262652, 'y_offset': 0.5372853350150275, 'z_offset': 1.084096547340551, 'patch_size': 0.4, 'side': 'right', 'stabilize_anchor': False}, {'x_offset': 1.1311532765001844, 'y_offset': -0.15050602473633834, 'z_offset': 2.2606341158147036, 'patch_size': 0.4, 'side': 'left', 'stabilize_anchor': False}, {'x_offset': 2.5651979717340283, 'y_offset': -0.23586793611690576, 'z_offset': 1.4984829470258185, 'patch_size': 0.4, 'side': 'right', 'stabilize_anchor': False}]"
8,1,30,0.3706541657447815,0.10000000149011612,"[{'x_offset': 1.2162317908883256, 'y_offset': 0.9491925353503319, 'z_offset': 0.6427986246383871, 'patch_size': 0.4, 'side': 'right', 'stabilize_anchor': False}]"
8,2,30,0.38499966263771057,0.0,"[{'x_offset': 1.2162317908883256, 'y_offset': 0.9491925353503319, 'z_offset': 0.6427986246383871, 'patch_size': 0.4, 'side': 'right', 'stabilize_anchor': False}, {'x_offset': 2.1842912119859657, 'y_offset': 0.9875396065937276, 'z_offset': 1.4069929549498206, 'patch_size': 0.4, 'side': 'left', 'stabilize_anchor': False}]"
8,3,30,0.40721336007118225,0.0,"[{'x_offset': 1.2162317908883256, 'y_offset': 0.9491925353503319, 'z_offset': 0.6427986246383871, 'patch_size': 0.4, 'side': 'right', 'stabilize_anchor': False}, {'x_offset': 2.1842912119859657, 'y_offset': 0.9875396065937276, 'z_offset': 1.4069929549498206, 'patch_size': 0.4, 'side': 'left', 'stabilize_anchor': False}, {'x_offset': 0.021734011912262652, 'y_offset': 0.5372853350150275, 'z_offset': 1.084096547340551, 'patch_size': 0.4, 'side': 'right', 'stabilize_anchor': False}]"
8,4,30,0.5460345149040222,0.10000000149011612,"[{'x_offset': 1.2162317908883256, 'y_offset': 0.9491925353503319, 'z_offset': 0.6427986246383871, 'patch_size': 0.4, 'side': 'right', 'stabilize_anchor': False}, {'x_offset': 2.1842912119859657, 'y_offset': 0.9875396065937276, 'z_offset': 1.4069929549498206, 'patch_size': 0.4, 'side': 'left', 'stabilize_anchor': False}, {'x_offset': 0.021734011912262652, 'y_offset': 0.5372853350150275, 'z_offset': 1.084096547340551, 'patch_size': 0.4, 'side': 'right', 'stabilize_anchor': False}, {'x_offset': 1.1311532765001844, 'y_offset': -0.15050602473633834, 'z_offset': 2.2606341158147036, 'patch_size': 0.4, 'side': 'left', 'stabilize_anchor': False}]"
8,5,30,0.47907865047454834,0.10000000149011612,"[{'x_offset': 1.2162317908883256, 'y_offset': 0.9491925353503319, 'z_offset': 0.6427986246383871, 'patch_size': 0.4, 'side': 'right', 'stabilize_anchor': False}, {'x_offset': 2.1842912119859657, 'y_offset': 0.9875396065937276, 'z_offset': 1.4069929549498206, 'patch_size': 0.4, 'side': 'left', 'stabilize_anchor': False}, {'x_offset': 0.021734011912262652, 'y_offset': 0.5372853350150275, 'z_offset': 1.084096547340551, 'patch_size': 0.4, 'side': 'right', 'stabilize_anchor': False}, {'x_offset': 1.1311532765001844, 'y_offset': -0.15050602473633834, 'z_offset': 2.2606341158147036, 'patch_size': 0.4, 'side': 'left', 'stabilize_anchor': False}, {'x_offset': 2.5651979717340283, 'y_offset': -0.23586793611690576, 'z_offset': 1.4984829470258185, 'patch_size': 0.4, 'side': 'right', 'stabilize_anchor': False}]"
9,1,5,0.6205121874809265,0.10000000149011612,"[{'x_offset': 1.916229069001894, 'y_offset': 0.98433552281824, 'z_offset': 0.9700062549353947, 'patch_size': 0.4, 'side': 'right', 'stabilize_anchor': False}]"
9,2,5,0.6329257488250732,0.10000000149011612,"[{'x_offset': 1.916229069001894, 'y_offset': 0.98433552281824, 'z_offset': 0.9700062549353947, 'patch_size': 0.4, 'side': 'right', 'stabilize_anchor': False}, {'x_offset': 0.5779971017140326, 'y_offset': 0.7387927212786571, 'z_offset': 0.8577217421988921, 'patch_size': 0.4, 'side': 'left', 'stabilize_anchor': False}]"
9,3,5,0.6347887516021729,0.0,"[{'x_offset': 1.916229069001894, 'y_offset': 0.98433552281824, 'z_offset': 0.9700062549353947, 'patch_size': 0.4, 'side': 'right', 'stabilize_anchor': False}, {'x_offset': 0.5779971017140326, 'y_offset': 0.7387927212786571, 'z_offset': 0.8577217421988921, 'patch_size': 0.4, 'side': 'left', 'stabilize_anchor': False}, {'x_offset': 0.9370210512517072, 'y_offset': 0.34824659722543627, 'z_offset': 0.5132395168689479, 'patch_size': 0.4, 'side': 'right', 'stabilize_anchor': False}]"
9,4,5,0.6697357892990112,0.0,"[{'x_offset': 1.916229069001894, 'y_offset': 0.98433552281824, 'z_offset': 0.9700062549353947, 'patch_size': 0.4, 'side': 'right', 'stabilize_anchor': False}, {'x_offset': 0.5779971017140326, 'y_offset': 0.7387927212786571, 'z_offset': 0.8577217421988921, 'patch_size': 0.4, 'side': 'left', 'stabilize_anchor': False}, {'x_offset': 0.9370210512517072, 'y_offset': 0.34824659722543627, 'z_offset': 0.5132395168689479, 'patch_size': 0.4, 'side': 'right', 'stabilize_anchor': False}, {'x_offset': 2.5345491210331876, 'y_offset': 0.3071713422429918, 'z_offset': 1.43934729076263, 'patch_size': 0.4, 'side': 'left', 'stabilize_anchor': False}]"
9,5,5,0.5979328155517578,0.0,"[{'x_offset': 1.916229069001894, 'y_offset': 0.98433552281824, 'z_offset': 0.9700062549353947, 'patch_size': 0.4, 'side': 'right', 'stabilize_anchor': False}, {'x_offset': 0.5779971017140326, 'y_offset': 0.7387927212786571, 'z_offset': 0.8577217421988921, 'patch_size': 0.4, 'side': 'left', 'stabilize_anchor': False}, {'x_offset': 0.9370210512517072, 'y_offset': 0.34824659722543627, 'z_offset': 0.5132395168689479, 'patch_size': 0.4, 'side': 'right', 'stabilize_anchor': False}, {'x_offset': 2.5345491210331876, 'y_offset': 0.3071713422429918, 'z_offset': 1.43934729076263, 'patch_size': 0.4, 'side': 'left', 'stabilize_anchor': False}, {'x_offset': 1.1764004585393453, 'y_offset': -0.6888995565850845, 'z_offset': 2.0145961039658236, 'patch_size': 0.4, 'side': 'left', 'stabilize_anchor': False}]"
9,1,10,0.7607061266899109,0.10000000149011612,"[{'x_offset': 1.916229069001894, 'y_offset': 0.98433552281824, 'z_offset': 0.9700062549353947, 'patch_size': 0.4, 'side': 'right', 'stabilize_anchor': False}]"
9,2,10,0.682020366191864,0.10000000149011612,"[{'x_offset': 1.916229069001894, 'y_offset': 0.98433552281824, 'z_offset': 0.9700062549353947, 'patch_size': 0.4, 'side': 'right', 'stabilize_anchor': False}, {'x_offset': 0.5779971017140326, 'y_offset': 0.7387927212786571, 'z_offset': 0.8577217421988921, 'patch_size': 0.4, 'side': 'left', 'stabilize_anchor': False}]"
9,3,10,0.6972812414169312,0.0,"[{'x_offset': 1.916229069001894, 'y_offset': 0.98433552281824, 'z_offset': 0.9700062549353947, 'patch_size': 0.4, 'side': 'right', 'stabilize_anchor': False}, {'x_offset': 0.5779971017140326, 'y_offset': 0.7387927212786571, 'z_offset': 0.8577217421988921, 'patch_size': 0.4, 'side': 'left', 'stabilize_anchor': False}, {'x_offset': 0.9370210512517072, 'y_offset': 0.34824659722543627, 'z_offset': 0.5132395168689479, 'patch_size': 0.4, 'side': 'right', 'stabilize_anchor': False}]"
9,4,10,0.6889438033103943,0.0,"[{'x_offset': 1.916229069001894, 'y_offset': 0.98433552281824, 'z_offset': 0.9700062549353947, 'patch_size': 0.4, 'side': 'right', 'stabilize_anchor': False}, {'x_offset': 0.5779971017140326, 'y_offset': 0.7387927212786571, 'z_offset': 0.8577217421988921, 'patch_size': 0.4, 'side': 'left', 'stabilize_anchor': False}, {'x_offset': 0.9370210512517072, 'y_offset': 0.34824659722543627, 'z_offset': 0.5132395168689479, 'patch_size': 0.4, 'side': 'right', 'stabilize_anchor': False}, {'x_offset': 2.5345491210331876, 'y_offset': 0.3071713422429918, 'z_offset': 1.43934729076263, 'patch_size': 0.4, 'side': 'left', 'stabilize_anchor': False}]"
9,5,10,0.6095390319824219,0.0,"[{'x_offset': 1.916229069001894, 'y_offset': 0.98433552281824, 'z_offset': 0.9700062549353947, 'patch_size': 0.4, 'side': 'right', 'stabilize_anchor': False}, {'x_offset': 0.5779971017140326, 'y_offset': 0.7387927212786571, 'z_offset': 0.8577217421988921, 'patch_size': 0.4, 'side': 'left', 'stabilize_anchor': False}, {'x_offset': 0.9370210512517072, 'y_offset': 0.34824659722543627, 'z_offset': 0.5132395168689479, 'patch_size': 0.4, 'side': 'right', 'stabilize_anchor': False}, {'x_offset': 2.5345491210331876, 'y_offset': 0.3071713422429918, 'z_offset': 1.43934729076263, 'patch_size': 0.4, 'side': 'left', 'stabilize_anchor': False}, {'x_offset': 1.1764004585393453, 'y_offset': -0.6888995565850845, 'z_offset': 2.0145961039658236, 'patch_size': 0.4, 'side': 'left', 'stabilize_anchor': False}]"
9,1,15,0.6997511386871338,0.10000000149011612,"[{'x_offset': 1.916229069001894, 'y_offset': 0.98433552281824, 'z_offset': 0.9700062549353947, 'patch_size': 0.4, 'side': 'right', 'stabilize_anchor': False}]"
9,2,15,0.6416027545928955,0.10000000149011612,"[{'x_offset': 1.916229069001894, 'y_offset': 0.98433552281824, 'z_offset': 0.9700062549353947, 'patch_size': 0.4, 'side': 'right', 'stabilize_anchor': False}, {'x_offset': 0.5779971017140326, 'y_offset': 0.7387927212786571, 'z_offset': 0.8577217421988921, 'patch_size': 0.4, 'side': 'left', 'stabilize_anchor': False}]"
9,3,15,0.701054573059082,0.10000000149011612,"[{'x_offset': 1.916229069001894, 'y_offset': 0.98433552281824, 'z_offset': 0.9700062549353947, 'patch_size': 0.4, 'side': 'right', 'stabilize_anchor': False}, {'x_offset': 0.5779971017140326, 'y_offset': 0.7387927212786571, 'z_offset': 0.8577217421988921, 'patch_size': 0.4, 'side': 'left', 'stabilize_anchor': False}, {'x_offset': 0.9370210512517072, 'y_offset': 0.34824659722543627, 'z_offset': 0.5132395168689479, 'patch_size': 0.4, 'side': 'right', 'stabilize_anchor': False}]"
9,4,15,0.7010028958320618,0.10000000149011612,"[{'x_offset': 1.916229069001894, 'y_offset': 0.98433552281824, 'z_offset': 0.9700062549353947, 'patch_size': 0.4, 'side': 'right', 'stabilize_anchor': False}, {'x_offset': 0.5779971017140326, 'y_offset': 0.7387927212786571, 'z_offset': 0.8577217421988921, 'patch_size': 0.4, 'side': 'left', 'stabilize_anchor': False}, {'x_offset': 0.9370210512517072, 'y_offset': 0.34824659722543627, 'z_offset': 0.5132395168689479, 'patch_size': 0.4, 'side': 'right', 'stabilize_anchor': False}, {'x_offset': 2.5345491210331876, 'y_offset': 0.3071713422429918, 'z_offset': 1.43934729076263, 'patch_size': 0.4, 'side': 'left', 'stabilize_anchor': False}]"
9,5,15,0.6143938899040222,0.0,"[{'x_offset': 1.916229069001894, 'y_offset': 0.98433552281824, 'z_offset': 0.9700062549353947, 'patch_size': 0.4, 'side': 'right', 'stabilize_anchor': False}, {'x_offset': 0.5779971017140326, 'y_offset': 0.7387927212786571, 'z_offset': 0.8577217421988921, 'patch_size': 0.4, 'side': 'left', 'stabilize_anchor': False}, {'x_offset': 0.9370210512517072, 'y_offset': 0.34824659722543627, 'z_offset': 0.5132395168689479, 'patch_size': 0.4, 'side': 'right', 'stabilize_anchor': False}, {'x_offset': 2.5345491210331876, 'y_offset': 0.3071713422429918, 'z_offset': 1.43934729076263, 'patch_size': 0.4, 'side': 'left', 'stabilize_anchor': False}, {'x_offset': 1.1764004585393453, 'y_offset': -0.6888995565850845, 'z_offset': 2.0145961039658236, 'patch_size': 0.4, 'side': 'left', 'stabilize_anchor': False}]"
9,1,20,0.6561338305473328,0.10000000149011612,"[{'x_offset': 1.916229069001894, 'y_offset': 0.98433552281824, 'z_offset': 0.9700062549353947, 'patch_size': 0.4, 'side': 'right', 'stabilize_anchor': False}]"
9,2,20,0.5858083963394165,0.10000000149011612,"[{'x_offset': 1.916229069001894, 'y_offset': 0.98433552281824, 'z_offset': 0.9700062549353947, 'patch_size': 0.4, 'side': 'right', 'stabilize_anchor': False}, {'x_offset': 0.5779971017140326, 'y_offset': 0.7387927212786571, 'z_offset': 0.8577217421988921, 'patch_size': 0.4, 'side': 'left', 'stabilize_anchor': False}]"
9,3,20,0.6497031450271606,0.10000000149011612,"[{'x_offset': 1.916229069001894, 'y_offset': 0.98433552281824, 'z_offset': 0.9700062549353947, 'patch_size': 0.4, 'side': 'right', 'stabilize_anchor': False}, {'x_offset': 0.5779971017140326, 'y_offset': 0.7387927212786571, 'z_offset': 0.8577217421988921, 'patch_size': 0.4, 'side': 'left', 'stabilize_anchor': False}, {'x_offset': 0.9370210512517072, 'y_offset': 0.34824659722543627, 'z_offset': 0.5132395168689479, 'patch_size': 0.4, 'side': 'right', 'stabilize_anchor': False}]"
9,4,20,0.6111293435096741,0.10000000149011612,"[{'x_offset': 1.916229069001894, 'y_offset': 0.98433552281824, 'z_offset': 0.9700062549353947, 'patch_size': 0.4, 'side': 'right', 'stabilize_anchor': False}, {'x_offset': 0.5779971017140326, 'y_offset': 0.7387927212786571, 'z_offset': 0.8577217421988921, 'patch_size': 0.4, 'side': 'left', 'stabilize_anchor': False}, {'x_offset': 0.9370210512517072, 'y_offset': 0.34824659722543627, 'z_offset': 0.5132395168689479, 'patch_size': 0.4, 'side': 'right', 'stabilize_anchor': False}, {'x_offset': 2.5345491210331876, 'y_offset': 0.3071713422429918, 'z_offset': 1.43934729076263, 'patch_size': 0.4, 'side': 'left', 'stabilize_anchor': False}]"
9,5,20,0.0,0.10000000149011612,"[{'x_offset': 1.916229069001894, 'y_offset': 0.98433552281824, 'z_offset': 0.9700062549353947, 'patch_size': 0.4, 'side': 'right', 'stabilize_anchor': False}, {'x_offset': 0.5779971017140326, 'y_offset': 0.7387927212786571, 'z_offset': 0.8577217421988921, 'patch_size': 0.4, 'side': 'left', 'stabilize_anchor': False}, {'x_offset': 0.9370210512517072, 'y_offset': 0.34824659722543627, 'z_offset': 0.5132395168689479, 'patch_size': 0.4, 'side': 'right', 'stabilize_anchor': False}, {'x_offset': 2.5345491210331876, 'y_offset': 0.3071713422429918, 'z_offset': 1.43934729076263, 'patch_size': 0.4, 'side': 'left', 'stabilize_anchor': False}, {'x_offset': 1.1764004585393453, 'y_offset': -0.6888995565850845, 'z_offset': 2.0145961039658236, 'patch_size': 0.4, 'side': 'left', 'stabilize_anchor': False}]"
9,1,25,0.5886919498443604,0.10000000149011612,"[{'x_offset': 1.916229069001894, 'y_offset': 0.98433552281824, 'z_offset': 0.9700062549353947, 'patch_size': 0.4, 'side': 'right', 'stabilize_anchor': False}]"
9,2,25,0.38426077365875244,0.10000000149011612,"[{'x_offset': 1.916229069001894, 'y_offset': 0.98433552281824, 'z_offset': 0.9700062549353947, 'patch_size': 0.4, 'side': 'right', 'stabilize_anchor': False}, {'x_offset': 0.5779971017140326, 'y_offset': 0.7387927212786571, 'z_offset': 0.8577217421988921, 'patch_size': 0.4, 'side': 'left', 'stabilize_anchor': False}]"
9,3,25,0.49273601174354553,0.0,"[{'x_offset': 1.916229069001894, 'y_offset': 0.98433552281824, 'z_offset': 0.9700062549353947, 'patch_size': 0.4, 'side': 'right', 'stabilize_anchor': False}, {'x_offset': 0.5779971017140326, 'y_offset': 0.7387927212786571, 'z_offset': 0.8577217421988921, 'patch_size': 0.4, 'side': 'left', 'stabilize_anchor': False}, {'x_offset': 0.9370210512517072, 'y_offset': 0.34824659722543627, 'z_offset': 0.5132395168689479, 'patch_size': 0.4, 'side': 'right', 'stabilize_anchor': False}]"
9,4,25,0.0,0.10000000149011612,"[{'x_offset': 1.916229069001894, 'y_offset': 0.98433552281824, 'z_offset': 0.9700062549353947, 'patch_size': 0.4, 'side': 'right', 'stabilize_anchor': False}, {'x_offset': 0.5779971017140326, 'y_offset': 0.7387927212786571, 'z_offset': 0.8577217421988921, 'patch_size': 0.4, 'side': 'left', 'stabilize_anchor': False}, {'x_offset': 0.9370210512517072, 'y_offset': 0.34824659722543627, 'z_offset': 0.5132395168689479, 'patch_size': 0.4, 'side': 'right', 'stabilize_anchor': False}, {'x_offset': 2.5345491210331876, 'y_offset': 0.3071713422429918, 'z_offset': 1.43934729076263, 'patch_size': 0.4, 'side': 'left', 'stabilize_anchor': False}]"
9,5,25,0.0,0.0,"[{'x_offset': 1.916229069001894, 'y_offset': 0.98433552281824, 'z_offset': 0.9700062549353947, 'patch_size': 0.4, 'side': 'right', 'stabilize_anchor': False}, {'x_offset': 0.5779971017140326, 'y_offset': 0.7387927212786571, 'z_offset': 0.8577217421988921, 'patch_size': 0.4, 'side': 'left', 'stabilize_anchor': False}, {'x_offset': 0.9370210512517072, 'y_offset': 0.34824659722543627, 'z_offset': 0.5132395168689479, 'patch_size': 0.4, 'side': 'right', 'stabilize_anchor': False}, {'x_offset': 2.5345491210331876, 'y_offset': 0.3071713422429918, 'z_offset': 1.43934729076263, 'patch_size': 0.4, 'side': 'left', 'stabilize_anchor': False}, {'x_offset': 1.1764004585393453, 'y_offset': -0.6888995565850845, 'z_offset': 2.0145961039658236, 'patch_size': 0.4, 'side': 'left', 'stabilize_anchor': False}]"
9,1,30,0.42425647377967834,0.0,"[{'x_offset': 1.916229069001894, 'y_offset': 0.98433552281824, 'z_offset': 0.9700062549353947, 'patch_size': 0.4, 'side': 'right', 'stabilize_anchor': False}]"
9,2,30,0.39547356963157654,0.0,"[{'x_offset': 1.916229069001894, 'y_offset': 0.98433552281824, 'z_offset': 0.9700062549353947, 'patch_size': 0.4, 'side': 'right', 'stabilize_anchor': False}, {'x_offset': 0.5779971017140326, 'y_offset': 0.7387927212786571, 'z_offset': 0.8577217421988921, 'patch_size': 0.4, 'side': 'left', 'stabilize_anchor': False}]"
9,3,30,0.3928709626197815,0.0,"[{'x_offset': 1.916229069001894, 'y_offset': 0.98433552281824, 'z_offset': 0.9700062549353947, 'patch_size': 0.4, 'side': 'right', 'stabilize_anchor': False}, {'x_offset': 0.5779971017140326, 'y_offset': 0.7387927212786571, 'z_offset': 0.8577217421988921, 'patch_size': 0.4, 'side': 'left', 'stabilize_anchor': False}, {'x_offset': 0.9370210512517072, 'y_offset': 0.34824659722543627, 'z_offset': 0.5132395168689479, 'patch_size': 0.4, 'side': 'right', 'stabilize_anchor': False}]"
9,4,30,0.5722334384918213,0.0,"[{'x_offset': 1.916229069001894, 'y_offset': 0.98433552281824, 'z_offset': 0.9700062549353947, 'patch_size': 0.4, 'side': 'right', 'stabilize_anchor': False}, {'x_offset': 0.5779971017140326, 'y_offset': 0.7387927212786571, 'z_offset': 0.8577217421988921, 'patch_size': 0.4, 'side': 'left', 'stabilize_anchor': False}, {'x_offset': 0.9370210512517072, 'y_offset': 0.34824659722543627, 'z_offset': 0.5132395168689479, 'patch_size': 0.4, 'side': 'right', 'stabilize_anchor': False}, {'x_offset': 2.5345491210331876, 'y_offset': 0.3071713422429918, 'z_offset': 1.43934729076263, 'patch_size': 0.4, 'side': 'left', 'stabilize_anchor': False}]"
9,5,30,0.5077983736991882,0.0,"[{'x_offset': 1.916229069001894, 'y_offset': 0.98433552281824, 'z_offset': 0.9700062549353947, 'patch_size': 0.4, 'side': 'right', 'stabilize_anchor': False}, {'x_offset': 0.5779971017140326, 'y_offset': 0.7387927212786571, 'z_offset': 0.8577217421988921, 'patch_size': 0.4, 'side': 'left', 'stabilize_anchor': False}, {'x_offset': 0.9370210512517072, 'y_offset': 0.34824659722543627, 'z_offset': 0.5132395168689479, 'patch_size': 0.4, 'side': 'right', 'stabilize_anchor': False}, {'x_offset': 2.5345491210331876, 'y_offset': 0.3071713422429918, 'z_offset': 1.43934729076263, 'patch_size': 0.4, 'side': 'left', 'stabilize_anchor': False}, {'x_offset': 1.1764004585393453, 'y_offset': -0.6888995565850845, 'z_offset': 2.0145961039658236, 'patch_size': 0.4, 'side': 'left', 'stabilize_anchor': False}]"
