set_id,distance,num_points,score_center,score_fusion,point_idx,points
0,5,1,0.5973933935165405,0.10000000149011612,[10],"[{'x_offset': 3.4070059690844783, 'y_offset': -0.499819816669638, 'z_offset': 1.9554070330036508, 'patch_size': 0.0, 'side': 'right', 'stabilize_anchor': False}]"
0,5,2,0.5822421908378601,0.0,"[10, 13]","[{'x_offset': 3.4070059690844783, 'y_offset': -0.499819816669638, 'z_offset': 1.9554070330036508, 'patch_size': 0.0, 'side': 'right', 'stabilize_anchor': False}, {'x_offset': -0.5036238522478933, 'y_offset': -0.6652649162926672, 'z_offset': 1.4443866872172881, 'patch_size': 0.0, 'side': 'left', 'stabilize_anchor': False}]"
0,5,3,0.5707290172576904,0.0,"[10, 13, 19]","[{'x_offset': 3.4070059690844783, 'y_offset': -0.499819816669638, 'z_offset': 1.9554070330036508, 'patch_size': 0.0, 'side': 'right', 'stabilize_anchor': False}, {'x_offset': -0.5036238522478933, 'y_offset': -0.6652649162926672, 'z_offset': 1.4443866872172881, 'patch_size': 0.0, 'side': 'left', 'stabilize_anchor': False}, {'x_offset': -0.6174327242132812, 'y_offset': -0.3052802469931098, 'z_offset': 2.117356050731212, 'patch_size': 0.0, 'side': 'right', 'stabilize_anchor': False}]"
0,10,1,0.6151217818260193,0.0,[16],"[{'x_offset': -0.24582364550242675, 'y_offset': 0.21545443658744046, 'z_offset': 0.18026712399761657, 'patch_size': 0.0, 'side': 'left', 'stabilize_anchor': False}]"
0,10,2,0.6044425964355469,0.0,"[16, 3]","[{'x_offset': -0.24582364550242675, 'y_offset': 0.21545443658744046, 'z_offset': 0.18026712399761657, 'patch_size': 0.0, 'side': 'left', 'stabilize_anchor': False}, {'x_offset': 3.1296723999366742, 'y_offset': -0.03648527552240821, 'z_offset': 1.8281371368953263, 'patch_size': 0.0, 'side': 'left', 'stabilize_anchor': False}]"
0,10,3,0.597872257232666,0.0,"[16, 3, 46]","[{'x_offset': -0.24582364550242675, 'y_offset': 0.21545443658744046, 'z_offset': 0.18026712399761657, 'patch_size': 0.0, 'side': 'left', 'stabilize_anchor': False}, {'x_offset': 3.1296723999366742, 'y_offset': -0.03648527552240821, 'z_offset': 1.8281371368953263, 'patch_size': 0.0, 'side': 'left', 'stabilize_anchor': False}, {'x_offset': 0.15248813415882045, 'y_offset': -0.39889200640108946, 'z_offset': 1.7258729522711682, 'patch_size': 0.0, 'side': 'right', 'stabilize_anchor': False}]"
0,10,4,0.5889861583709717,0.0,"[16, 3, 46, 33]","[{'x_offset': -0.24582364550242675, 'y_offset': 0.21545443658744046, 'z_offset': 0.18026712399761657, 'patch_size': 0.0, 'side': 'left', 'stabilize_anchor': False}, {'x_offset': 3.1296723999366742, 'y_offset': -0.03648527552240821, 'z_offset': 1.8281371368953263, 'patch_size': 0.0, 'side': 'left', 'stabilize_anchor': False}, {'x_offset': 0.15248813415882045, 'y_offset': -0.39889200640108946, 'z_offset': 1.7258729522711682, 'patch_size': 0.0, 'side': 'right', 'stabilize_anchor': False}, {'x_offset': 2.0692917436234843, 'y_offset': 0.6847742925966831, 'z_offset': 2.191944463194803, 'patch_size': 0.0, 'side': 'left', 'stabilize_anchor': False}]"
0,10,5,0.5787582397460938,0.0,"[16, 3, 46, 33, 35]","[{'x_offset': -0.24582364550242675, 'y_offset': 0.21545443658744046, 'z_offset': 0.18026712399761657, 'patch_size': 0.0, 'side': 'left', 'stabilize_anchor': False}, {'x_offset': 3.1296723999366742, 'y_offset': -0.03648527552240821, 'z_offset': 1.8281371368953263, 'patch_size': 0.0, 'side': 'left', 'stabilize_anchor': False}, {'x_offset': 0.15248813415882045, 'y_offset': -0.39889200640108946, 'z_offset': 1.7258729522711682, 'patch_size': 0.0, 'side': 'right', 'stabilize_anchor': False}, {'x_offset': 2.0692917436234843, 'y_offset': 0.6847742925966831, 'z_offset': 2.191944463194803, 'patch_size': 0.0, 'side': 'left', 'stabilize_anchor': False}, {'x_offset': 1.451029955877058, 'y_offset': -0.5075280205116878, 'z_offset': 1.731139856102441, 'patch_size': 0.0, 'side': 'right', 'stabilize_anchor': False}]"
0,15,1,0.6682996153831482,0.10000000149011612,[11],"[{'x_offset': 0.7806185720880952, 'y_offset': 0.9223447476735271, 'z_offset': 1.0639480163825714, 'patch_size': 0.0, 'side': 'right', 'stabilize_anchor': False}]"
0,15,2,0.6614266037940979,0.10000000149011612,"[11, 8]","[{'x_offset': 0.7806185720880952, 'y_offset': 0.9223447476735271, 'z_offset': 1.0639480163825714, 'patch_size': 0.0, 'side': 'right', 'stabilize_anchor': False}, {'x_offset': 3.187042922824425, 'y_offset': 0.22605107559681026, 'z_offset': 1.6715406995188717, 'patch_size': 0.0, 'side': 'left', 'stabilize_anchor': False}]"
0,15,3,0.6181731224060059,0.0,"[11, 8, 39]","[{'x_offset': 0.7806185720880952, 'y_offset': 0.9223447476735271, 'z_offset': 1.0639480163825714, 'patch_size': 0.0, 'side': 'right', 'stabilize_anchor': False}, {'x_offset': 3.187042922824425, 'y_offset': 0.22605107559681026, 'z_offset': 1.6715406995188717, 'patch_size': 0.0, 'side': 'left', 'stabilize_anchor': False}, {'x_offset': -0.22633699121569617, 'y_offset': -0.10634949345253142, 'z_offset': 0.7408969455948129, 'patch_size': 0.0, 'side': 'left', 'stabilize_anchor': False}]"
0,15,4,0.5794655084609985,0.0,"[11, 8, 39, 32]","[{'x_offset': 0.7806185720880952, 'y_offset': 0.9223447476735271, 'z_offset': 1.0639480163825714, 'patch_size': 0.0, 'side': 'right', 'stabilize_anchor': False}, {'x_offset': 3.187042922824425, 'y_offset': 0.22605107559681026, 'z_offset': 1.6715406995188717, 'patch_size': 0.0, 'side': 'left', 'stabilize_anchor': False}, {'x_offset': -0.22633699121569617, 'y_offset': -0.10634949345253142, 'z_offset': 0.7408969455948129, 'patch_size': 0.0, 'side': 'left', 'stabilize_anchor': False}, {'x_offset': 0.42816987556185104, 'y_offset': 0.9062541356804434, 'z_offset': 1.5571911605338844, 'patch_size': 0.0, 'side': 'left', 'stabilize_anchor': False}]"
0,15,5,0.5532224774360657,0.0,"[11, 8, 39, 32, 36]","[{'x_offset': 0.7806185720880952, 'y_offset': 0.9223447476735271, 'z_offset': 1.0639480163825714, 'patch_size': 0.0, 'side': 'right', 'stabilize_anchor': False}, {'x_offset': 3.187042922824425, 'y_offset': 0.22605107559681026, 'z_offset': 1.6715406995188717, 'patch_size': 0.0, 'side': 'left', 'stabilize_anchor': False}, {'x_offset': -0.22633699121569617, 'y_offset': -0.10634949345253142, 'z_offset': 0.7408969455948129, 'patch_size': 0.0, 'side': 'left', 'stabilize_anchor': False}, {'x_offset': 0.42816987556185104, 'y_offset': 0.9062541356804434, 'z_offset': 1.5571911605338844, 'patch_size': 0.0, 'side': 'left', 'stabilize_anchor': False}, {'x_offset': -0.2286335691104321, 'y_offset': 0.005111919867859083, 'z_offset': 1.3297188024429623, 'patch_size': 0.0, 'side': 'right', 'stabilize_anchor': False}]"
0,15,6,0.48964741826057434,0.0,"[11, 8, 39, 32, 36, 14]","[{'x_offset': 0.7806185720880952, 'y_offset': 0.9223447476735271, 'z_offset': 1.0639480163825714, 'patch_size': 0.0, 'side': 'right', 'stabilize_anchor': False}, {'x_offset': 3.187042922824425, 'y_offset': 0.22605107559681026, 'z_offset': 1.6715406995188717, 'patch_size': 0.0, 'side': 'left', 'stabilize_anchor': False}, {'x_offset': -0.22633699121569617, 'y_offset': -0.10634949345253142, 'z_offset': 0.7408969455948129, 'patch_size': 0.0, 'side': 'left', 'stabilize_anchor': False}, {'x_offset': 0.42816987556185104, 'y_offset': 0.9062541356804434, 'z_offset': 1.5571911605338844, 'patch_size': 0.0, 'side': 'left', 'stabilize_anchor': False}, {'x_offset': -0.2286335691104321, 'y_offset': 0.005111919867859083, 'z_offset': 1.3297188024429623, 'patch_size': 0.0, 'side': 'right', 'stabilize_anchor': False}, {'x_offset': -0.2862967718248324, 'y_offset': 0.8406445632161097, 'z_offset': 0.6186379366581883, 'patch_size': 0.0, 'side': 'left', 'stabilize_anchor': False}]"
0,20,1,0.622191846370697,0.10000000149011612,[2],"[{'x_offset': 1.5811493071296665, 'y_offset': 0.8572862192912927, 'z_offset': 1.7956552352625326, 'patch_size': 0.0, 'side': 'right', 'stabilize_anchor': False}]"
0,20,2,0.596949577331543,0.10000000149011612,"[2, 7]","[{'x_offset': 1.5811493071296665, 'y_offset': 0.8572862192912927, 'z_offset': 1.7956552352625326, 'patch_size': 0.0, 'side': 'right', 'stabilize_anchor': False}, {'x_offset': -0.3080929391827272, 'y_offset': 0.6411079880884891, 'z_offset': 0.263681428143745, 'patch_size': 0.0, 'side': 'right', 'stabilize_anchor': False}]"
0,20,3,0.5692501664161682,0.10000000149011612,"[2, 7, 35]","[{'x_offset': 1.5811493071296665, 'y_offset': 0.8572862192912927, 'z_offset': 1.7956552352625326, 'patch_size': 0.0, 'side': 'right', 'stabilize_anchor': False}, {'x_offset': -0.3080929391827272, 'y_offset': 0.6411079880884891, 'z_offset': 0.263681428143745, 'patch_size': 0.0, 'side': 'right', 'stabilize_anchor': False}, {'x_offset': 1.451029955877058, 'y_offset': -0.5075280205116878, 'z_offset': 1.731139856102441, 'patch_size': 0.0, 'side': 'right', 'stabilize_anchor': False}]"
0,25,1,0.6058820486068726,0.10000000149011612,[9],"[{'x_offset': 1.8370364052903407, 'y_offset': -0.06209156640639779, 'z_offset': 2.1073205369810974, 'patch_size': 0.0, 'side': 'right', 'stabilize_anchor': False}]"
0,25,2,0.5461049675941467,0.0,"[9, 14]","[{'x_offset': 1.8370364052903407, 'y_offset': -0.06209156640639779, 'z_offset': 2.1073205369810974, 'patch_size': 0.0, 'side': 'right', 'stabilize_anchor': False}, {'x_offset': -0.2862967718248324, 'y_offset': 0.8406445632161097, 'z_offset': 0.6186379366581883, 'patch_size': 0.0, 'side': 'left', 'stabilize_anchor': False}]"
0,25,3,0.5312983989715576,0.0,"[9, 14, 13]","[{'x_offset': 1.8370364052903407, 'y_offset': -0.06209156640639779, 'z_offset': 2.1073205369810974, 'patch_size': 0.0, 'side': 'right', 'stabilize_anchor': False}, {'x_offset': -0.2862967718248324, 'y_offset': 0.8406445632161097, 'z_offset': 0.6186379366581883, 'patch_size': 0.0, 'side': 'left', 'stabilize_anchor': False}, {'x_offset': -0.5036238522478933, 'y_offset': -0.6652649162926672, 'z_offset': 1.4443866872172881, 'patch_size': 0.0, 'side': 'left', 'stabilize_anchor': False}]"
0,25,4,0.47785723209381104,0.0,"[9, 14, 13, 32]","[{'x_offset': 1.8370364052903407, 'y_offset': -0.06209156640639779, 'z_offset': 2.1073205369810974, 'patch_size': 0.0, 'side': 'right', 'stabilize_anchor': False}, {'x_offset': -0.2862967718248324, 'y_offset': 0.8406445632161097, 'z_offset': 0.6186379366581883, 'patch_size': 0.0, 'side': 'left', 'stabilize_anchor': False}, {'x_offset': -0.5036238522478933, 'y_offset': -0.6652649162926672, 'z_offset': 1.4443866872172881, 'patch_size': 0.0, 'side': 'left', 'stabilize_anchor': False}, {'x_offset': 0.42816987556185104, 'y_offset': 0.9062541356804434, 'z_offset': 1.5571911605338844, 'patch_size': 0.0, 'side': 'left', 'stabilize_anchor': False}]"
0,25,5,0.47265908122062683,0.0,"[9, 14, 13, 32, 7]","[{'x_offset': 1.8370364052903407, 'y_offset': -0.06209156640639779, 'z_offset': 2.1073205369810974, 'patch_size': 0.0, 'side': 'right', 'stabilize_anchor': False}, {'x_offset': -0.2862967718248324, 'y_offset': 0.8406445632161097, 'z_offset': 0.6186379366581883, 'patch_size': 0.0, 'side': 'left', 'stabilize_anchor': False}, {'x_offset': -0.5036238522478933, 'y_offset': -0.6652649162926672, 'z_offset': 1.4443866872172881, 'patch_size': 0.0, 'side': 'left', 'stabilize_anchor': False}, {'x_offset': 0.42816987556185104, 'y_offset': 0.9062541356804434, 'z_offset': 1.5571911605338844, 'patch_size': 0.0, 'side': 'left', 'stabilize_anchor': False}, {'x_offset': -0.3080929391827272, 'y_offset': 0.6411079880884891, 'z_offset': 0.263681428143745, 'patch_size': 0.0, 'side': 'right', 'stabilize_anchor': False}]"
0,25,6,0.0,0.0,"[9, 14, 13, 32, 7, 11]","[{'x_offset': 1.8370364052903407, 'y_offset': -0.06209156640639779, 'z_offset': 2.1073205369810974, 'patch_size': 0.0, 'side': 'right', 'stabilize_anchor': False}, {'x_offset': -0.2862967718248324, 'y_offset': 0.8406445632161097, 'z_offset': 0.6186379366581883, 'patch_size': 0.0, 'side': 'left', 'stabilize_anchor': False}, {'x_offset': -0.5036238522478933, 'y_offset': -0.6652649162926672, 'z_offset': 1.4443866872172881, 'patch_size': 0.0, 'side': 'left', 'stabilize_anchor': False}, {'x_offset': 0.42816987556185104, 'y_offset': 0.9062541356804434, 'z_offset': 1.5571911605338844, 'patch_size': 0.0, 'side': 'left', 'stabilize_anchor': False}, {'x_offset': -0.3080929391827272, 'y_offset': 0.6411079880884891, 'z_offset': 0.263681428143745, 'patch_size': 0.0, 'side': 'right', 'stabilize_anchor': False}, {'x_offset': 0.7806185720880952, 'y_offset': 0.9223447476735271, 'z_offset': 1.0639480163825714, 'patch_size': 0.0, 'side': 'right', 'stabilize_anchor': False}]"
0,30,1,0.0,0.0,[32],"[{'x_offset': 0.42816987556185104, 'y_offset': 0.9062541356804434, 'z_offset': 1.5571911605338844, 'patch_size': 0.0, 'side': 'left', 'stabilize_anchor': False}]"
1,5,1,0.6346901059150696,0.0,[45],"[{'x_offset': 1.694256569946785, 'y_offset': 0.14608087300120343, 'z_offset': 1.4732001399285037, 'patch_size': 0.0, 'side': 'left', 'stabilize_anchor': False}]"
1,5,2,0.6205368041992188,0.0,"[45, 21]","[{'x_offset': 1.694256569946785, 'y_offset': 0.14608087300120343, 'z_offset': 1.4732001399285037, 'patch_size': 0.0, 'side': 'left', 'stabilize_anchor': False}, {'x_offset': 0.687674075288601, 'y_offset': -0.6205800501721955, 'z_offset': 1.5276299442380297, 'patch_size': 0.0, 'side': 'left', 'stabilize_anchor': False}]"
1,5,3,0.615338921546936,0.0,"[45, 21, 14]","[{'x_offset': 1.694256569946785, 'y_offset': 0.14608087300120343, 'z_offset': 1.4732001399285037, 'patch_size': 0.0, 'side': 'left', 'stabilize_anchor': False}, {'x_offset': 0.687674075288601, 'y_offset': -0.6205800501721955, 'z_offset': 1.5276299442380297, 'patch_size': 0.0, 'side': 'left', 'stabilize_anchor': False}, {'x_offset': 0.03822999876576905, 'y_offset': 0.9753826139350883, 'z_offset': 1.419584168523159, 'patch_size': 0.0, 'side': 'right', 'stabilize_anchor': False}]"
1,5,4,0.609319269657135,0.0,"[45, 21, 14, 43]","[{'x_offset': 1.694256569946785, 'y_offset': 0.14608087300120343, 'z_offset': 1.4732001399285037, 'patch_size': 0.0, 'side': 'left', 'stabilize_anchor': False}, {'x_offset': 0.687674075288601, 'y_offset': -0.6205800501721955, 'z_offset': 1.5276299442380297, 'patch_size': 0.0, 'side': 'left', 'stabilize_anchor': False}, {'x_offset': 0.03822999876576905, 'y_offset': 0.9753826139350883, 'z_offset': 1.419584168523159, 'patch_size': 0.0, 'side': 'right', 'stabilize_anchor': False}, {'x_offset': -0.4306998642561157, 'y_offset': -0.326115324409306, 'z_offset': 0.6141767003781232, 'patch_size': 0.0, 'side': 'right', 'stabilize_anchor': False}]"
1,5,5,0.5922130346298218,0.0,"[45, 21, 14, 43, 9]","[{'x_offset': 1.694256569946785, 'y_offset': 0.14608087300120343, 'z_offset': 1.4732001399285037, 'patch_size': 0.0, 'side': 'left', 'stabilize_anchor': False}, {'x_offset': 0.687674075288601, 'y_offset': -0.6205800501721955, 'z_offset': 1.5276299442380297, 'patch_size': 0.0, 'side': 'left', 'stabilize_anchor': False}, {'x_offset': 0.03822999876576905, 'y_offset': 0.9753826139350883, 'z_offset': 1.419584168523159, 'patch_size': 0.0, 'side': 'right', 'stabilize_anchor': False}, {'x_offset': -0.4306998642561157, 'y_offset': -0.326115324409306, 'z_offset': 0.6141767003781232, 'patch_size': 0.0, 'side': 'right', 'stabilize_anchor': False}, {'x_offset': 0.02544561334725337, 'y_offset': 0.1802687106654589, 'z_offset': 1.0233041652096129, 'patch_size': 0.0, 'side': 'right', 'stabilize_anchor': False}]"
1,5,6,0.5671675205230713,0.0,"[45, 21, 14, 43, 9, 35]","[{'x_offset': 1.694256569946785, 'y_offset': 0.14608087300120343, 'z_offset': 1.4732001399285037, 'patch_size': 0.0, 'side': 'left', 'stabilize_anchor': False}, {'x_offset': 0.687674075288601, 'y_offset': -0.6205800501721955, 'z_offset': 1.5276299442380297, 'patch_size': 0.0, 'side': 'left', 'stabilize_anchor': False}, {'x_offset': 0.03822999876576905, 'y_offset': 0.9753826139350883, 'z_offset': 1.419584168523159, 'patch_size': 0.0, 'side': 'right', 'stabilize_anchor': False}, {'x_offset': -0.4306998642561157, 'y_offset': -0.326115324409306, 'z_offset': 0.6141767003781232, 'patch_size': 0.0, 'side': 'right', 'stabilize_anchor': False}, {'x_offset': 0.02544561334725337, 'y_offset': 0.1802687106654589, 'z_offset': 1.0233041652096129, 'patch_size': 0.0, 'side': 'right', 'stabilize_anchor': False}, {'x_offset': -0.2808457644486164, 'y_offset': -0.02018416260307143, 'z_offset': 1.4773634799378617, 'patch_size': 0.0, 'side': 'left', 'stabilize_anchor': False}]"
1,5,7,0.5495443940162659,0.0,"[45, 21, 14, 43, 9, 35, 4]","[{'x_offset': 1.694256569946785, 'y_offset': 0.14608087300120343, 'z_offset': 1.4732001399285037, 'patch_size': 0.0, 'side': 'left', 'stabilize_anchor': False}, {'x_offset': 0.687674075288601, 'y_offset': -0.6205800501721955, 'z_offset': 1.5276299442380297, 'patch_size': 0.0, 'side': 'left', 'stabilize_anchor': False}, {'x_offset': 0.03822999876576905, 'y_offset': 0.9753826139350883, 'z_offset': 1.419584168523159, 'patch_size': 0.0, 'side': 'right', 'stabilize_anchor': False}, {'x_offset': -0.4306998642561157, 'y_offset': -0.326115324409306, 'z_offset': 0.6141767003781232, 'patch_size': 0.0, 'side': 'right', 'stabilize_anchor': False}, {'x_offset': 0.02544561334725337, 'y_offset': 0.1802687106654589, 'z_offset': 1.0233041652096129, 'patch_size': 0.0, 'side': 'right', 'stabilize_anchor': False}, {'x_offset': -0.2808457644486164, 'y_offset': -0.02018416260307143, 'z_offset': 1.4773634799378617, 'patch_size': 0.0, 'side': 'left', 'stabilize_anchor': False}, {'x_offset': -0.5613116620307365, 'y_offset': 0.8629368529830648, 'z_offset': 2.0337933556823984, 'patch_size': 0.0, 'side': 'left', 'stabilize_anchor': False}]"
1,5,8,0.5433123707771301,0.0,"[45, 21, 14, 43, 9, 35, 4, 12]","[{'x_offset': 1.694256569946785, 'y_offset': 0.14608087300120343, 'z_offset': 1.4732001399285037, 'patch_size': 0.0, 'side': 'left', 'stabilize_anchor': False}, {'x_offset': 0.687674075288601, 'y_offset': -0.6205800501721955, 'z_offset': 1.5276299442380297, 'patch_size': 0.0, 'side': 'left', 'stabilize_anchor': False}, {'x_offset': 0.03822999876576905, 'y_offset': 0.9753826139350883, 'z_offset': 1.419584168523159, 'patch_size': 0.0, 'side': 'right', 'stabilize_anchor': False}, {'x_offset': -0.4306998642561157, 'y_offset': -0.326115324409306, 'z_offset': 0.6141767003781232, 'patch_size': 0.0, 'side': 'right', 'stabilize_anchor': False}, {'x_offset': 0.02544561334725337, 'y_offset': 0.1802687106654589, 'z_offset': 1.0233041652096129, 'patch_size': 0.0, 'side': 'right', 'stabilize_anchor': False}, {'x_offset': -0.2808457644486164, 'y_offset': -0.02018416260307143, 'z_offset': 1.4773634799378617, 'patch_size': 0.0, 'side': 'left', 'stabilize_anchor': False}, {'x_offset': -0.5613116620307365, 'y_offset': 0.8629368529830648, 'z_offset': 2.0337933556823984, 'patch_size': 0.0, 'side': 'left', 'stabilize_anchor': False}, {'x_offset': 1.753518233993994, 'y_offset': 0.9078384783626154, 'z_offset': 1.4793651838288824, 'patch_size': 0.0, 'side': 'right', 'stabilize_anchor': False}]"
1,10,1,0.602943480014801,0.10000000149011612,[49],"[{'x_offset': 2.6449229282027855, 'y_offset': 0.8145032219459711, 'z_offset': 1.9488192624642324, 'patch_size': 0.0, 'side': 'left', 'stabilize_anchor': False}]"
1,10,2,0.5850623250007629,0.10000000149011612,"[49, 44]","[{'x_offset': 2.6449229282027855, 'y_offset': 0.8145032219459711, 'z_offset': 1.9488192624642324, 'patch_size': 0.0, 'side': 'left', 'stabilize_anchor': False}, {'x_offset': -0.6259522635958122, 'y_offset': 0.7378082323519324, 'z_offset': 0.26911025151425294, 'patch_size': 0.0, 'side': 'right', 'stabilize_anchor': False}]"
1,15,1,0.6553407311439514,0.0,[35],"[{'x_offset': -0.2808457644486164, 'y_offset': -0.02018416260307143, 'z_offset': 1.4773634799378617, 'patch_size': 0.0, 'side': 'left', 'stabilize_anchor': False}]"
1,15,2,0.6236739158630371,0.0,"[35, 9]","[{'x_offset': -0.2808457644486164, 'y_offset': -0.02018416260307143, 'z_offset': 1.4773634799378617, 'patch_size': 0.0, 'side': 'left', 'stabilize_anchor': False}, {'x_offset': 0.02544561334725337, 'y_offset': 0.1802687106654589, 'z_offset': 1.0233041652096129, 'patch_size': 0.0, 'side': 'right', 'stabilize_anchor': False}]"
1,15,3,0.6029056310653687,0.0,"[35, 9, 14]","[{'x_offset': -0.2808457644486164, 'y_offset': -0.02018416260307143, 'z_offset': 1.4773634799378617, 'patch_size': 0.0, 'side': 'left', 'stabilize_anchor': False}, {'x_offset': 0.02544561334725337, 'y_offset': 0.1802687106654589, 'z_offset': 1.0233041652096129, 'patch_size': 0.0, 'side': 'right', 'stabilize_anchor': False}, {'x_offset': 0.03822999876576905, 'y_offset': 0.9753826139350883, 'z_offset': 1.419584168523159, 'patch_size': 0.0, 'side': 'right', 'stabilize_anchor': False}]"
1,15,4,0.5499392747879028,0.0,"[35, 9, 14, 45]","[{'x_offset': -0.2808457644486164, 'y_offset': -0.02018416260307143, 'z_offset': 1.4773634799378617, 'patch_size': 0.0, 'side': 'left', 'stabilize_anchor': False}, {'x_offset': 0.02544561334725337, 'y_offset': 0.1802687106654589, 'z_offset': 1.0233041652096129, 'patch_size': 0.0, 'side': 'right', 'stabilize_anchor': False}, {'x_offset': 0.03822999876576905, 'y_offset': 0.9753826139350883, 'z_offset': 1.419584168523159, 'patch_size': 0.0, 'side': 'right', 'stabilize_anchor': False}, {'x_offset': 1.694256569946785, 'y_offset': 0.14608087300120343, 'z_offset': 1.4732001399285037, 'patch_size': 0.0, 'side': 'left', 'stabilize_anchor': False}]"
1,15,5,0.4750915467739105,0.0,"[35, 9, 14, 45, 22]","[{'x_offset': -0.2808457644486164, 'y_offset': -0.02018416260307143, 'z_offset': 1.4773634799378617, 'patch_size': 0.0, 'side': 'left', 'stabilize_anchor': False}, {'x_offset': 0.02544561334725337, 'y_offset': 0.1802687106654589, 'z_offset': 1.0233041652096129, 'patch_size': 0.0, 'side': 'right', 'stabilize_anchor': False}, {'x_offset': 0.03822999876576905, 'y_offset': 0.9753826139350883, 'z_offset': 1.419584168523159, 'patch_size': 0.0, 'side': 'right', 'stabilize_anchor': False}, {'x_offset': 1.694256569946785, 'y_offset': 0.14608087300120343, 'z_offset': 1.4732001399285037, 'patch_size': 0.0, 'side': 'left', 'stabilize_anchor': False}, {'x_offset': 0.9657486622019316, 'y_offset': 0.5093897024123992, 'z_offset': 0.9981846409238443, 'patch_size': 0.0, 'side': 'right', 'stabilize_anchor': False}]"
1,15,6,0.40196463465690613,0.0,"[35, 9, 14, 45, 22, 3]","[{'x_offset': -0.2808457644486164, 'y_offset': -0.02018416260307143, 'z_offset': 1.4773634799378617, 'patch_size': 0.0, 'side': 'left', 'stabilize_anchor': False}, {'x_offset': 0.02544561334725337, 'y_offset': 0.1802687106654589, 'z_offset': 1.0233041652096129, 'patch_size': 0.0, 'side': 'right', 'stabilize_anchor': False}, {'x_offset': 0.03822999876576905, 'y_offset': 0.9753826139350883, 'z_offset': 1.419584168523159, 'patch_size': 0.0, 'side': 'right', 'stabilize_anchor': False}, {'x_offset': 1.694256569946785, 'y_offset': 0.14608087300120343, 'z_offset': 1.4732001399285037, 'patch_size': 0.0, 'side': 'left', 'stabilize_anchor': False}, {'x_offset': 0.9657486622019316, 'y_offset': 0.5093897024123992, 'z_offset': 0.9981846409238443, 'patch_size': 0.0, 'side': 'right', 'stabilize_anchor': False}, {'x_offset': 3.6041121202852047, 'y_offset': 0.24474746838472783, 'z_offset': 0.2644903689959677, 'patch_size': 0.0, 'side': 'right', 'stabilize_anchor': False}]"
1,15,7,0.0,0.0,"[35, 9, 14, 45, 22, 3, 26]","[{'x_offset': -0.2808457644486164, 'y_offset': -0.02018416260307143, 'z_offset': 1.4773634799378617, 'patch_size': 0.0, 'side': 'left', 'stabilize_anchor': False}, {'x_offset': 0.02544561334725337, 'y_offset': 0.1802687106654589, 'z_offset': 1.0233041652096129, 'patch_size': 0.0, 'side': 'right', 'stabilize_anchor': False}, {'x_offset': 0.03822999876576905, 'y_offset': 0.9753826139350883, 'z_offset': 1.419584168523159, 'patch_size': 0.0, 'side': 'right', 'stabilize_anchor': False}, {'x_offset': 1.694256569946785, 'y_offset': 0.14608087300120343, 'z_offset': 1.4732001399285037, 'patch_size': 0.0, 'side': 'left', 'stabilize_anchor': False}, {'x_offset': 0.9657486622019316, 'y_offset': 0.5093897024123992, 'z_offset': 0.9981846409238443, 'patch_size': 0.0, 'side': 'right', 'stabilize_anchor': False}, {'x_offset': 3.6041121202852047, 'y_offset': 0.24474746838472783, 'z_offset': 0.2644903689959677, 'patch_size': 0.0, 'side': 'right', 'stabilize_anchor': False}, {'x_offset': 1.0296640551006595, 'y_offset': 0.7433709647139197, 'z_offset': 0.6211214187343517, 'patch_size': 0.0, 'side': 'left', 'stabilize_anchor': False}]"
1,20,1,0.7099595069885254,0.10000000149011612,[7],"[{'x_offset': 1.2375868029709127, 'y_offset': 0.9212545492696285, 'z_offset': 0.33245437224518054, 'patch_size': 0.0, 'side': 'right', 'stabilize_anchor': False}]"
1,20,2,0.6725534200668335,0.10000000149011612,"[7, 29]","[{'x_offset': 1.2375868029709127, 'y_offset': 0.9212545492696285, 'z_offset': 0.33245437224518054, 'patch_size': 0.0, 'side': 'right', 'stabilize_anchor': False}, {'x_offset': 2.5316912693836997, 'y_offset': -0.19735397944791355, 'z_offset': 2.180291609520622, 'patch_size': 0.0, 'side': 'left', 'stabilize_anchor': False}]"
1,20,3,0.535597026348114,0.0,"[7, 29, 13]","[{'x_offset': 1.2375868029709127, 'y_offset': 0.9212545492696285, 'z_offset': 0.33245437224518054, 'patch_size': 0.0, 'side': 'right', 'stabilize_anchor': False}, {'x_offset': 2.5316912693836997, 'y_offset': -0.19735397944791355, 'z_offset': 2.180291609520622, 'patch_size': 0.0, 'side': 'left', 'stabilize_anchor': False}, {'x_offset': -0.170318674844522, 'y_offset': 0.3649788067028801, 'z_offset': 0.952434985707609, 'patch_size': 0.0, 'side': 'right', 'stabilize_anchor': False}]"
1,20,4,0.5250765085220337,0.0,"[7, 29, 13, 35]","[{'x_offset': 1.2375868029709127, 'y_offset': 0.9212545492696285, 'z_offset': 0.33245437224518054, 'patch_size': 0.0, 'side': 'right', 'stabilize_anchor': False}, {'x_offset': 2.5316912693836997, 'y_offset': -0.19735397944791355, 'z_offset': 2.180291609520622, 'patch_size': 0.0, 'side': 'left', 'stabilize_anchor': False}, {'x_offset': -0.170318674844522, 'y_offset': 0.3649788067028801, 'z_offset': 0.952434985707609, 'patch_size': 0.0, 'side': 'right', 'stabilize_anchor': False}, {'x_offset': -0.2808457644486164, 'y_offset': -0.02018416260307143, 'z_offset': 1.4773634799378617, 'patch_size': 0.0, 'side': 'left', 'stabilize_anchor': False}]"
1,20,5,0.5185065865516663,0.0,"[7, 29, 13, 35, 23]","[{'x_offset': 1.2375868029709127, 'y_offset': 0.9212545492696285, 'z_offset': 0.33245437224518054, 'patch_size': 0.0, 'side': 'right', 'stabilize_anchor': False}, {'x_offset': 2.5316912693836997, 'y_offset': -0.19735397944791355, 'z_offset': 2.180291609520622, 'patch_size': 0.0, 'side': 'left', 'stabilize_anchor': False}, {'x_offset': -0.170318674844522, 'y_offset': 0.3649788067028801, 'z_offset': 0.952434985707609, 'patch_size': 0.0, 'side': 'right', 'stabilize_anchor': False}, {'x_offset': -0.2808457644486164, 'y_offset': -0.02018416260307143, 'z_offset': 1.4773634799378617, 'patch_size': 0.0, 'side': 'left', 'stabilize_anchor': False}, {'x_offset': 0.2463478241534114, 'y_offset': -0.34649490062939614, 'z_offset': 2.0663250136937115, 'patch_size': 0.0, 'side': 'right', 'stabilize_anchor': False}]"
1,20,6,0.48252615332603455,0.0,"[7, 29, 13, 35, 23, 44]","[{'x_offset': 1.2375868029709127, 'y_offset': 0.9212545492696285, 'z_offset': 0.33245437224518054, 'patch_size': 0.0, 'side': 'right', 'stabilize_anchor': False}, {'x_offset': 2.5316912693836997, 'y_offset': -0.19735397944791355, 'z_offset': 2.180291609520622, 'patch_size': 0.0, 'side': 'left', 'stabilize_anchor': False}, {'x_offset': -0.170318674844522, 'y_offset': 0.3649788067028801, 'z_offset': 0.952434985707609, 'patch_size': 0.0, 'side': 'right', 'stabilize_anchor': False}, {'x_offset': -0.2808457644486164, 'y_offset': -0.02018416260307143, 'z_offset': 1.4773634799378617, 'patch_size': 0.0, 'side': 'left', 'stabilize_anchor': False}, {'x_offset': 0.2463478241534114, 'y_offset': -0.34649490062939614, 'z_offset': 2.0663250136937115, 'patch_size': 0.0, 'side': 'right', 'stabilize_anchor': False}, {'x_offset': -0.6259522635958122, 'y_offset': 0.7378082323519324, 'z_offset': 0.26911025151425294, 'patch_size': 0.0, 'side': 'right', 'stabilize_anchor': False}]"
1,20,7,0.43185505270957947,0.0,"[7, 29, 13, 35, 23, 44, 20]","[{'x_offset': 1.2375868029709127, 'y_offset': 0.9212545492696285, 'z_offset': 0.33245437224518054, 'patch_size': 0.0, 'side': 'right', 'stabilize_anchor': False}, {'x_offset': 2.5316912693836997, 'y_offset': -0.19735397944791355, 'z_offset': 2.180291609520622, 'patch_size': 0.0, 'side': 'left', 'stabilize_anchor': False}, {'x_offset': -0.170318674844522, 'y_offset': 0.3649788067028801, 'z_offset': 0.952434985707609, 'patch_size': 0.0, 'side': 'right', 'stabilize_anchor': False}, {'x_offset': -0.2808457644486164, 'y_offset': -0.02018416260307143, 'z_offset': 1.4773634799378617, 'patch_size': 0.0, 'side': 'left', 'stabilize_anchor': False}, {'x_offset': 0.2463478241534114, 'y_offset': -0.34649490062939614, 'z_offset': 2.0663250136937115, 'patch_size': 0.0, 'side': 'right', 'stabilize_anchor': False}, {'x_offset': -0.6259522635958122, 'y_offset': 0.7378082323519324, 'z_offset': 0.26911025151425294, 'patch_size': 0.0, 'side': 'right', 'stabilize_anchor': False}, {'x_offset': 0.008808857262694092, 'y_offset': 0.7072405086526774, 'z_offset': 1.043714101536876, 'patch_size': 0.0, 'side': 'left', 'stabilize_anchor': False}]"
1,25,1,0.6673924326896667,0.10000000149011612,[49],"[{'x_offset': 2.6449229282027855, 'y_offset': 0.8145032219459711, 'z_offset': 1.9488192624642324, 'patch_size': 0.0, 'side': 'left', 'stabilize_anchor': False}]"
1,25,2,0.6310285329818726,0.10000000149011612,"[49, 30]","[{'x_offset': 2.6449229282027855, 'y_offset': 0.8145032219459711, 'z_offset': 1.9488192624642324, 'patch_size': 0.0, 'side': 'left', 'stabilize_anchor': False}, {'x_offset': 1.4164740510379579, 'y_offset': 0.19494286899103608, 'z_offset': 2.0797710614148714, 'patch_size': 0.0, 'side': 'right', 'stabilize_anchor': False}]"
1,25,3,0.6084718704223633,0.10000000149011612,"[49, 30, 17]","[{'x_offset': 2.6449229282027855, 'y_offset': 0.8145032219459711, 'z_offset': 1.9488192624642324, 'patch_size': 0.0, 'side': 'left', 'stabilize_anchor': False}, {'x_offset': 1.4164740510379579, 'y_offset': 0.19494286899103608, 'z_offset': 2.0797710614148714, 'patch_size': 0.0, 'side': 'right', 'stabilize_anchor': False}, {'x_offset': 1.5510239806657813, 'y_offset': 0.8583824626557379, 'z_offset': 1.9512866903464359, 'patch_size': 0.0, 'side': 'right', 'stabilize_anchor': False}]"
1,25,4,0.49265095591545105,0.10000000149011612,"[49, 30, 17, 42]","[{'x_offset': 2.6449229282027855, 'y_offset': 0.8145032219459711, 'z_offset': 1.9488192624642324, 'patch_size': 0.0, 'side': 'left', 'stabilize_anchor': False}, {'x_offset': 1.4164740510379579, 'y_offset': 0.19494286899103608, 'z_offset': 2.0797710614148714, 'patch_size': 0.0, 'side': 'right', 'stabilize_anchor': False}, {'x_offset': 1.5510239806657813, 'y_offset': 0.8583824626557379, 'z_offset': 1.9512866903464359, 'patch_size': 0.0, 'side': 'right', 'stabilize_anchor': False}, {'x_offset': 0.8498626151028663, 'y_offset': 0.8330173418887914, 'z_offset': 0.37491214599154227, 'patch_size': 0.0, 'side': 'left', 'stabilize_anchor': False}]"
1,25,5,0.36185935139656067,0.10000000149011612,"[49, 30, 17, 42, 13]","[{'x_offset': 2.6449229282027855, 'y_offset': 0.8145032219459711, 'z_offset': 1.9488192624642324, 'patch_size': 0.0, 'side': 'left', 'stabilize_anchor': False}, {'x_offset': 1.4164740510379579, 'y_offset': 0.19494286899103608, 'z_offset': 2.0797710614148714, 'patch_size': 0.0, 'side': 'right', 'stabilize_anchor': False}, {'x_offset': 1.5510239806657813, 'y_offset': 0.8583824626557379, 'z_offset': 1.9512866903464359, 'patch_size': 0.0, 'side': 'right', 'stabilize_anchor': False}, {'x_offset': 0.8498626151028663, 'y_offset': 0.8330173418887914, 'z_offset': 0.37491214599154227, 'patch_size': 0.0, 'side': 'left', 'stabilize_anchor': False}, {'x_offset': -0.170318674844522, 'y_offset': 0.3649788067028801, 'z_offset': 0.952434985707609, 'patch_size': 0.0, 'side': 'right', 'stabilize_anchor': False}]"
1,25,6,0.361258327960968,0.0,"[49, 30, 17, 42, 13, 15]","[{'x_offset': 2.6449229282027855, 'y_offset': 0.8145032219459711, 'z_offset': 1.9488192624642324, 'patch_size': 0.0, 'side': 'left', 'stabilize_anchor': False}, {'x_offset': 1.4164740510379579, 'y_offset': 0.19494286899103608, 'z_offset': 2.0797710614148714, 'patch_size': 0.0, 'side': 'right', 'stabilize_anchor': False}, {'x_offset': 1.5510239806657813, 'y_offset': 0.8583824626557379, 'z_offset': 1.9512866903464359, 'patch_size': 0.0, 'side': 'right', 'stabilize_anchor': False}, {'x_offset': 0.8498626151028663, 'y_offset': 0.8330173418887914, 'z_offset': 0.37491214599154227, 'patch_size': 0.0, 'side': 'left', 'stabilize_anchor': False}, {'x_offset': -0.170318674844522, 'y_offset': 0.3649788067028801, 'z_offset': 0.952434985707609, 'patch_size': 0.0, 'side': 'right', 'stabilize_anchor': False}, {'x_offset': -0.29069772427027707, 'y_offset': 0.5302636951536381, 'z_offset': 0.24762720516205228, 'patch_size': 0.0, 'side': 'left', 'stabilize_anchor': False}]"
1,30,1,0.0,0.0,[8],"[{'x_offset': -0.5785113019008228, 'y_offset': 0.9099041063833613, 'z_offset': 1.4420258372952102, 'patch_size': 0.0, 'side': 'right', 'stabilize_anchor': False}]"
2,5,1,0.6298838257789612,0.10000000149011612,[24],"[{'x_offset': 2.1232515326768695, 'y_offset': 0.11391303989115942, 'z_offset': 1.380021466734859, 'patch_size': 0.0, 'side': 'left', 'stabilize_anchor': False}]"
2,5,2,0.6180664300918579,0.10000000149011612,"[24, 29]","[{'x_offset': 2.1232515326768695, 'y_offset': 0.11391303989115942, 'z_offset': 1.380021466734859, 'patch_size': 0.0, 'side': 'left', 'stabilize_anchor': False}, {'x_offset': -0.7848404675680234, 'y_offset': -0.11547892299170515, 'z_offset': 0.4831615071308124, 'patch_size': 0.0, 'side': 'right', 'stabilize_anchor': False}]"
2,5,3,0.604961097240448,0.10000000149011612,"[24, 29, 28]","[{'x_offset': 2.1232515326768695, 'y_offset': 0.11391303989115942, 'z_offset': 1.380021466734859, 'patch_size': 0.0, 'side': 'left', 'stabilize_anchor': False}, {'x_offset': -0.7848404675680234, 'y_offset': -0.11547892299170515, 'z_offset': 0.4831615071308124, 'patch_size': 0.0, 'side': 'right', 'stabilize_anchor': False}, {'x_offset': -0.08298618714229511, 'y_offset': 0.0898825063745694, 'z_offset': 0.48585683371238314, 'patch_size': 0.0, 'side': 'left', 'stabilize_anchor': False}]"
2,5,4,0.5982885360717773,0.10000000149011612,"[24, 29, 28, 26]","[{'x_offset': 2.1232515326768695, 'y_offset': 0.11391303989115942, 'z_offset': 1.380021466734859, 'patch_size': 0.0, 'side': 'left', 'stabilize_anchor': False}, {'x_offset': -0.7848404675680234, 'y_offset': -0.11547892299170515, 'z_offset': 0.4831615071308124, 'patch_size': 0.0, 'side': 'right', 'stabilize_anchor': False}, {'x_offset': -0.08298618714229511, 'y_offset': 0.0898825063745694, 'z_offset': 0.48585683371238314, 'patch_size': 0.0, 'side': 'left', 'stabilize_anchor': False}, {'x_offset': 2.516373907559302, 'y_offset': 0.6773938188002766, 'z_offset': 2.2032475717937787, 'patch_size': 0.0, 'side': 'right', 'stabilize_anchor': False}]"
2,5,5,0.5856938362121582,0.10000000149011612,"[24, 29, 28, 26, 43]","[{'x_offset': 2.1232515326768695, 'y_offset': 0.11391303989115942, 'z_offset': 1.380021466734859, 'patch_size': 0.0, 'side': 'left', 'stabilize_anchor': False}, {'x_offset': -0.7848404675680234, 'y_offset': -0.11547892299170515, 'z_offset': 0.4831615071308124, 'patch_size': 0.0, 'side': 'right', 'stabilize_anchor': False}, {'x_offset': -0.08298618714229511, 'y_offset': 0.0898825063745694, 'z_offset': 0.48585683371238314, 'patch_size': 0.0, 'side': 'left', 'stabilize_anchor': False}, {'x_offset': 2.516373907559302, 'y_offset': 0.6773938188002766, 'z_offset': 2.2032475717937787, 'patch_size': 0.0, 'side': 'right', 'stabilize_anchor': False}, {'x_offset': 1.1091492230480133, 'y_offset': 0.4790793822226349, 'z_offset': 2.1692207390196456, 'patch_size': 0.0, 'side': 'left', 'stabilize_anchor': False}]"
2,5,6,0.5831909775733948,0.0,"[24, 29, 28, 26, 43, 46]","[{'x_offset': 2.1232515326768695, 'y_offset': 0.11391303989115942, 'z_offset': 1.380021466734859, 'patch_size': 0.0, 'side': 'left', 'stabilize_anchor': False}, {'x_offset': -0.7848404675680234, 'y_offset': -0.11547892299170515, 'z_offset': 0.4831615071308124, 'patch_size': 0.0, 'side': 'right', 'stabilize_anchor': False}, {'x_offset': -0.08298618714229511, 'y_offset': 0.0898825063745694, 'z_offset': 0.48585683371238314, 'patch_size': 0.0, 'side': 'left', 'stabilize_anchor': False}, {'x_offset': 2.516373907559302, 'y_offset': 0.6773938188002766, 'z_offset': 2.2032475717937787, 'patch_size': 0.0, 'side': 'right', 'stabilize_anchor': False}, {'x_offset': 1.1091492230480133, 'y_offset': 0.4790793822226349, 'z_offset': 2.1692207390196456, 'patch_size': 0.0, 'side': 'left', 'stabilize_anchor': False}, {'x_offset': 0.7367794257434932, 'y_offset': -0.23596075810879708, 'z_offset': 1.7150844285157674, 'patch_size': 0.0, 'side': 'right', 'stabilize_anchor': False}]"
2,5,7,0.5704250931739807,0.0,"[24, 29, 28, 26, 43, 46, 0]","[{'x_offset': 2.1232515326768695, 'y_offset': 0.11391303989115942, 'z_offset': 1.380021466734859, 'patch_size': 0.0, 'side': 'left', 'stabilize_anchor': False}, {'x_offset': -0.7848404675680234, 'y_offset': -0.11547892299170515, 'z_offset': 0.4831615071308124, 'patch_size': 0.0, 'side': 'right', 'stabilize_anchor': False}, {'x_offset': -0.08298618714229511, 'y_offset': 0.0898825063745694, 'z_offset': 0.48585683371238314, 'patch_size': 0.0, 'side': 'left', 'stabilize_anchor': False}, {'x_offset': 2.516373907559302, 'y_offset': 0.6773938188002766, 'z_offset': 2.2032475717937787, 'patch_size': 0.0, 'side': 'right', 'stabilize_anchor': False}, {'x_offset': 1.1091492230480133, 'y_offset': 0.4790793822226349, 'z_offset': 2.1692207390196456, 'patch_size': 0.0, 'side': 'left', 'stabilize_anchor': False}, {'x_offset': 0.7367794257434932, 'y_offset': -0.23596075810879708, 'z_offset': 1.7150844285157674, 'patch_size': 0.0, 'side': 'right', 'stabilize_anchor': False}, {'x_offset': -0.5894792389356803, 'y_offset': -0.11348689808158041, 'z_offset': 0.6611603724484043, 'patch_size': 0.0, 'side': 'right', 'stabilize_anchor': False}]"
2,5,8,0.556990385055542,0.0,"[24, 29, 28, 26, 43, 46, 0, 39]","[{'x_offset': 2.1232515326768695, 'y_offset': 0.11391303989115942, 'z_offset': 1.380021466734859, 'patch_size': 0.0, 'side': 'left', 'stabilize_anchor': False}, {'x_offset': -0.7848404675680234, 'y_offset': -0.11547892299170515, 'z_offset': 0.4831615071308124, 'patch_size': 0.0, 'side': 'right', 'stabilize_anchor': False}, {'x_offset': -0.08298618714229511, 'y_offset': 0.0898825063745694, 'z_offset': 0.48585683371238314, 'patch_size': 0.0, 'side': 'left', 'stabilize_anchor': False}, {'x_offset': 2.516373907559302, 'y_offset': 0.6773938188002766, 'z_offset': 2.2032475717937787, 'patch_size': 0.0, 'side': 'right', 'stabilize_anchor': False}, {'x_offset': 1.1091492230480133, 'y_offset': 0.4790793822226349, 'z_offset': 2.1692207390196456, 'patch_size': 0.0, 'side': 'left', 'stabilize_anchor': False}, {'x_offset': 0.7367794257434932, 'y_offset': -0.23596075810879708, 'z_offset': 1.7150844285157674, 'patch_size': 0.0, 'side': 'right', 'stabilize_anchor': False}, {'x_offset': -0.5894792389356803, 'y_offset': -0.11348689808158041, 'z_offset': 0.6611603724484043, 'patch_size': 0.0, 'side': 'right', 'stabilize_anchor': False}, {'x_offset': -0.12876553499898769, 'y_offset': 0.0033435334560004693, 'z_offset': 1.4176685907958826, 'patch_size': 0.0, 'side': 'left', 'stabilize_anchor': False}]"
2,5,9,0.5474450588226318,0.0,"[24, 29, 28, 26, 43, 46, 0, 39, 20]","[{'x_offset': 2.1232515326768695, 'y_offset': 0.11391303989115942, 'z_offset': 1.380021466734859, 'patch_size': 0.0, 'side': 'left', 'stabilize_anchor': False}, {'x_offset': -0.7848404675680234, 'y_offset': -0.11547892299170515, 'z_offset': 0.4831615071308124, 'patch_size': 0.0, 'side': 'right', 'stabilize_anchor': False}, {'x_offset': -0.08298618714229511, 'y_offset': 0.0898825063745694, 'z_offset': 0.48585683371238314, 'patch_size': 0.0, 'side': 'left', 'stabilize_anchor': False}, {'x_offset': 2.516373907559302, 'y_offset': 0.6773938188002766, 'z_offset': 2.2032475717937787, 'patch_size': 0.0, 'side': 'right', 'stabilize_anchor': False}, {'x_offset': 1.1091492230480133, 'y_offset': 0.4790793822226349, 'z_offset': 2.1692207390196456, 'patch_size': 0.0, 'side': 'left', 'stabilize_anchor': False}, {'x_offset': 0.7367794257434932, 'y_offset': -0.23596075810879708, 'z_offset': 1.7150844285157674, 'patch_size': 0.0, 'side': 'right', 'stabilize_anchor': False}, {'x_offset': -0.5894792389356803, 'y_offset': -0.11348689808158041, 'z_offset': 0.6611603724484043, 'patch_size': 0.0, 'side': 'right', 'stabilize_anchor': False}, {'x_offset': -0.12876553499898769, 'y_offset': 0.0033435334560004693, 'z_offset': 1.4176685907958826, 'patch_size': 0.0, 'side': 'left', 'stabilize_anchor': False}, {'x_offset': 1.2492737062430628, 'y_offset': 0.9194490446975743, 'z_offset': 0.20670595085652366, 'patch_size': 0.0, 'side': 'left', 'stabilize_anchor': False}]"
2,5,10,0.5395949482917786,0.0,"[24, 29, 28, 26, 43, 46, 0, 39, 20, 37]","[{'x_offset': 2.1232515326768695, 'y_offset': 0.11391303989115942, 'z_offset': 1.380021466734859, 'patch_size': 0.0, 'side': 'left', 'stabilize_anchor': False}, {'x_offset': -0.7848404675680234, 'y_offset': -0.11547892299170515, 'z_offset': 0.4831615071308124, 'patch_size': 0.0, 'side': 'right', 'stabilize_anchor': False}, {'x_offset': -0.08298618714229511, 'y_offset': 0.0898825063745694, 'z_offset': 0.48585683371238314, 'patch_size': 0.0, 'side': 'left', 'stabilize_anchor': False}, {'x_offset': 2.516373907559302, 'y_offset': 0.6773938188002766, 'z_offset': 2.2032475717937787, 'patch_size': 0.0, 'side': 'right', 'stabilize_anchor': False}, {'x_offset': 1.1091492230480133, 'y_offset': 0.4790793822226349, 'z_offset': 2.1692207390196456, 'patch_size': 0.0, 'side': 'left', 'stabilize_anchor': False}, {'x_offset': 0.7367794257434932, 'y_offset': -0.23596075810879708, 'z_offset': 1.7150844285157674, 'patch_size': 0.0, 'side': 'right', 'stabilize_anchor': False}, {'x_offset': -0.5894792389356803, 'y_offset': -0.11348689808158041, 'z_offset': 0.6611603724484043, 'patch_size': 0.0, 'side': 'right', 'stabilize_anchor': False}, {'x_offset': -0.12876553499898769, 'y_offset': 0.0033435334560004693, 'z_offset': 1.4176685907958826, 'patch_size': 0.0, 'side': 'left', 'stabilize_anchor': False}, {'x_offset': 1.2492737062430628, 'y_offset': 0.9194490446975743, 'z_offset': 0.20670595085652366, 'patch_size': 0.0, 'side': 'left', 'stabilize_anchor': False}, {'x_offset': -0.6429713111855225, 'y_offset': 0.8699530860029139, 'z_offset': 1.462420424007261, 'patch_size': 0.0, 'side': 'left', 'stabilize_anchor': False}]"
2,10,1,0.6650996208190918,0.10000000149011612,[23],"[{'x_offset': 0.6257547053689874, 'y_offset': 0.1118914591843917, 'z_offset': 1.8469492230437508, 'patch_size': 0.0, 'side': 'left', 'stabilize_anchor': False}]"
2,10,2,0.6429981589317322,0.10000000149011612,"[23, 34]","[{'x_offset': 0.6257547053689874, 'y_offset': 0.1118914591843917, 'z_offset': 1.8469492230437508, 'patch_size': 0.0, 'side': 'left', 'stabilize_anchor': False}, {'x_offset': 0.453842160347103, 'y_offset': 0.9934626105461957, 'z_offset': 1.1218212719420924, 'patch_size': 0.0, 'side': 'left', 'stabilize_anchor': False}]"
2,10,3,0.6362622380256653,0.10000000149011612,"[23, 34, 29]","[{'x_offset': 0.6257547053689874, 'y_offset': 0.1118914591843917, 'z_offset': 1.8469492230437508, 'patch_size': 0.0, 'side': 'left', 'stabilize_anchor': False}, {'x_offset': 0.453842160347103, 'y_offset': 0.9934626105461957, 'z_offset': 1.1218212719420924, 'patch_size': 0.0, 'side': 'left', 'stabilize_anchor': False}, {'x_offset': -0.7848404675680234, 'y_offset': -0.11547892299170515, 'z_offset': 0.4831615071308124, 'patch_size': 0.0, 'side': 'right', 'stabilize_anchor': False}]"
2,10,4,0.6186459064483643,0.10000000149011612,"[23, 34, 29, 31]","[{'x_offset': 0.6257547053689874, 'y_offset': 0.1118914591843917, 'z_offset': 1.8469492230437508, 'patch_size': 0.0, 'side': 'left', 'stabilize_anchor': False}, {'x_offset': 0.453842160347103, 'y_offset': 0.9934626105461957, 'z_offset': 1.1218212719420924, 'patch_size': 0.0, 'side': 'left', 'stabilize_anchor': False}, {'x_offset': -0.7848404675680234, 'y_offset': -0.11547892299170515, 'z_offset': 0.4831615071308124, 'patch_size': 0.0, 'side': 'right', 'stabilize_anchor': False}, {'x_offset': 0.13408992910039297, 'y_offset': 0.9136421677871631, 'z_offset': 0.5046660684968869, 'patch_size': 0.0, 'side': 'right', 'stabilize_anchor': False}]"
2,10,5,0.6087296009063721,0.10000000149011612,"[23, 34, 29, 31, 7]","[{'x_offset': 0.6257547053689874, 'y_offset': 0.1118914591843917, 'z_offset': 1.8469492230437508, 'patch_size': 0.0, 'side': 'left', 'stabilize_anchor': False}, {'x_offset': 0.453842160347103, 'y_offset': 0.9934626105461957, 'z_offset': 1.1218212719420924, 'patch_size': 0.0, 'side': 'left', 'stabilize_anchor': False}, {'x_offset': -0.7848404675680234, 'y_offset': -0.11547892299170515, 'z_offset': 0.4831615071308124, 'patch_size': 0.0, 'side': 'right', 'stabilize_anchor': False}, {'x_offset': 0.13408992910039297, 'y_offset': 0.9136421677871631, 'z_offset': 0.5046660684968869, 'patch_size': 0.0, 'side': 'right', 'stabilize_anchor': False}, {'x_offset': 3.802235232714559, 'y_offset': -0.12263826740165351, 'z_offset': 1.574425196438867, 'patch_size': 0.0, 'side': 'left', 'stabilize_anchor': False}]"
2,10,6,0.6022470593452454,0.10000000149011612,"[23, 34, 29, 31, 7, 24]","[{'x_offset': 0.6257547053689874, 'y_offset': 0.1118914591843917, 'z_offset': 1.8469492230437508, 'patch_size': 0.0, 'side': 'left', 'stabilize_anchor': False}, {'x_offset': 0.453842160347103, 'y_offset': 0.9934626105461957, 'z_offset': 1.1218212719420924, 'patch_size': 0.0, 'side': 'left', 'stabilize_anchor': False}, {'x_offset': -0.7848404675680234, 'y_offset': -0.11547892299170515, 'z_offset': 0.4831615071308124, 'patch_size': 0.0, 'side': 'right', 'stabilize_anchor': False}, {'x_offset': 0.13408992910039297, 'y_offset': 0.9136421677871631, 'z_offset': 0.5046660684968869, 'patch_size': 0.0, 'side': 'right', 'stabilize_anchor': False}, {'x_offset': 3.802235232714559, 'y_offset': -0.12263826740165351, 'z_offset': 1.574425196438867, 'patch_size': 0.0, 'side': 'left', 'stabilize_anchor': False}, {'x_offset': 2.1232515326768695, 'y_offset': 0.11391303989115942, 'z_offset': 1.380021466734859, 'patch_size': 0.0, 'side': 'left', 'stabilize_anchor': False}]"
2,10,7,0.588969349861145,0.10000000149011612,"[23, 34, 29, 31, 7, 24, 18]","[{'x_offset': 0.6257547053689874, 'y_offset': 0.1118914591843917, 'z_offset': 1.8469492230437508, 'patch_size': 0.0, 'side': 'left', 'stabilize_anchor': False}, {'x_offset': 0.453842160347103, 'y_offset': 0.9934626105461957, 'z_offset': 1.1218212719420924, 'patch_size': 0.0, 'side': 'left', 'stabilize_anchor': False}, {'x_offset': -0.7848404675680234, 'y_offset': -0.11547892299170515, 'z_offset': 0.4831615071308124, 'patch_size': 0.0, 'side': 'right', 'stabilize_anchor': False}, {'x_offset': 0.13408992910039297, 'y_offset': 0.9136421677871631, 'z_offset': 0.5046660684968869, 'patch_size': 0.0, 'side': 'right', 'stabilize_anchor': False}, {'x_offset': 3.802235232714559, 'y_offset': -0.12263826740165351, 'z_offset': 1.574425196438867, 'patch_size': 0.0, 'side': 'left', 'stabilize_anchor': False}, {'x_offset': 2.1232515326768695, 'y_offset': 0.11391303989115942, 'z_offset': 1.380021466734859, 'patch_size': 0.0, 'side': 'left', 'stabilize_anchor': False}, {'x_offset': 1.2003598587200965, 'y_offset': 0.8733902510241764, 'z_offset': 1.8378134115217242, 'patch_size': 0.0, 'side': 'right', 'stabilize_anchor': False}]"
2,15,1,0.6856180429458618,0.10000000149011612,[18],"[{'x_offset': 1.2003598587200965, 'y_offset': 0.8733902510241764, 'z_offset': 1.8378134115217242, 'patch_size': 0.0, 'side': 'right', 'stabilize_anchor': False}]"
2,15,2,0.639390766620636,0.0,"[18, 8]","[{'x_offset': 1.2003598587200965, 'y_offset': 0.8733902510241764, 'z_offset': 1.8378134115217242, 'patch_size': 0.0, 'side': 'right', 'stabilize_anchor': False}, {'x_offset': -0.13005413268527188, 'y_offset': 0.22563409279193902, 'z_offset': 1.227331035061154, 'patch_size': 0.0, 'side': 'right', 'stabilize_anchor': False}]"
2,15,3,0.6242995858192444,0.0,"[18, 8, 33]","[{'x_offset': 1.2003598587200965, 'y_offset': 0.8733902510241764, 'z_offset': 1.8378134115217242, 'patch_size': 0.0, 'side': 'right', 'stabilize_anchor': False}, {'x_offset': -0.13005413268527188, 'y_offset': 0.22563409279193902, 'z_offset': 1.227331035061154, 'patch_size': 0.0, 'side': 'right', 'stabilize_anchor': False}, {'x_offset': 2.1887190123115334, 'y_offset': 0.9684947289289714, 'z_offset': 0.6284060363616568, 'patch_size': 0.0, 'side': 'left', 'stabilize_anchor': False}]"
2,15,4,0.5828810334205627,0.0,"[18, 8, 33, 44]","[{'x_offset': 1.2003598587200965, 'y_offset': 0.8733902510241764, 'z_offset': 1.8378134115217242, 'patch_size': 0.0, 'side': 'right', 'stabilize_anchor': False}, {'x_offset': -0.13005413268527188, 'y_offset': 0.22563409279193902, 'z_offset': 1.227331035061154, 'patch_size': 0.0, 'side': 'right', 'stabilize_anchor': False}, {'x_offset': 2.1887190123115334, 'y_offset': 0.9684947289289714, 'z_offset': 0.6284060363616568, 'patch_size': 0.0, 'side': 'left', 'stabilize_anchor': False}, {'x_offset': -0.1336812936769285, 'y_offset': 0.1607167272657034, 'z_offset': 2.059795137819805, 'patch_size': 0.0, 'side': 'left', 'stabilize_anchor': False}]"
2,15,5,0.5202709436416626,0.0,"[18, 8, 33, 44, 37]","[{'x_offset': 1.2003598587200965, 'y_offset': 0.8733902510241764, 'z_offset': 1.8378134115217242, 'patch_size': 0.0, 'side': 'right', 'stabilize_anchor': False}, {'x_offset': -0.13005413268527188, 'y_offset': 0.22563409279193902, 'z_offset': 1.227331035061154, 'patch_size': 0.0, 'side': 'right', 'stabilize_anchor': False}, {'x_offset': 2.1887190123115334, 'y_offset': 0.9684947289289714, 'z_offset': 0.6284060363616568, 'patch_size': 0.0, 'side': 'left', 'stabilize_anchor': False}, {'x_offset': -0.1336812936769285, 'y_offset': 0.1607167272657034, 'z_offset': 2.059795137819805, 'patch_size': 0.0, 'side': 'left', 'stabilize_anchor': False}, {'x_offset': -0.6429713111855225, 'y_offset': 0.8699530860029139, 'z_offset': 1.462420424007261, 'patch_size': 0.0, 'side': 'left', 'stabilize_anchor': False}]"
2,15,6,0.4937635362148285,0.0,"[18, 8, 33, 44, 37, 23]","[{'x_offset': 1.2003598587200965, 'y_offset': 0.8733902510241764, 'z_offset': 1.8378134115217242, 'patch_size': 0.0, 'side': 'right', 'stabilize_anchor': False}, {'x_offset': -0.13005413268527188, 'y_offset': 0.22563409279193902, 'z_offset': 1.227331035061154, 'patch_size': 0.0, 'side': 'right', 'stabilize_anchor': False}, {'x_offset': 2.1887190123115334, 'y_offset': 0.9684947289289714, 'z_offset': 0.6284060363616568, 'patch_size': 0.0, 'side': 'left', 'stabilize_anchor': False}, {'x_offset': -0.1336812936769285, 'y_offset': 0.1607167272657034, 'z_offset': 2.059795137819805, 'patch_size': 0.0, 'side': 'left', 'stabilize_anchor': False}, {'x_offset': -0.6429713111855225, 'y_offset': 0.8699530860029139, 'z_offset': 1.462420424007261, 'patch_size': 0.0, 'side': 'left', 'stabilize_anchor': False}, {'x_offset': 0.6257547053689874, 'y_offset': 0.1118914591843917, 'z_offset': 1.8469492230437508, 'patch_size': 0.0, 'side': 'left', 'stabilize_anchor': False}]"
2,15,7,0.4802493751049042,0.0,"[18, 8, 33, 44, 37, 23, 38]","[{'x_offset': 1.2003598587200965, 'y_offset': 0.8733902510241764, 'z_offset': 1.8378134115217242, 'patch_size': 0.0, 'side': 'right', 'stabilize_anchor': False}, {'x_offset': -0.13005413268527188, 'y_offset': 0.22563409279193902, 'z_offset': 1.227331035061154, 'patch_size': 0.0, 'side': 'right', 'stabilize_anchor': False}, {'x_offset': 2.1887190123115334, 'y_offset': 0.9684947289289714, 'z_offset': 0.6284060363616568, 'patch_size': 0.0, 'side': 'left', 'stabilize_anchor': False}, {'x_offset': -0.1336812936769285, 'y_offset': 0.1607167272657034, 'z_offset': 2.059795137819805, 'patch_size': 0.0, 'side': 'left', 'stabilize_anchor': False}, {'x_offset': -0.6429713111855225, 'y_offset': 0.8699530860029139, 'z_offset': 1.462420424007261, 'patch_size': 0.0, 'side': 'left', 'stabilize_anchor': False}, {'x_offset': 0.6257547053689874, 'y_offset': 0.1118914591843917, 'z_offset': 1.8469492230437508, 'patch_size': 0.0, 'side': 'left', 'stabilize_anchor': False}, {'x_offset': -0.713854664681898, 'y_offset': 0.8887109801418476, 'z_offset': 1.897028610922552, 'patch_size': 0.0, 'side': 'right', 'stabilize_anchor': False}]"
2,15,8,0.42787232995033264,0.0,"[18, 8, 33, 44, 37, 23, 38, 31]","[{'x_offset': 1.2003598587200965, 'y_offset': 0.8733902510241764, 'z_offset': 1.8378134115217242, 'patch_size': 0.0, 'side': 'right', 'stabilize_anchor': False}, {'x_offset': -0.13005413268527188, 'y_offset': 0.22563409279193902, 'z_offset': 1.227331035061154, 'patch_size': 0.0, 'side': 'right', 'stabilize_anchor': False}, {'x_offset': 2.1887190123115334, 'y_offset': 0.9684947289289714, 'z_offset': 0.6284060363616568, 'patch_size': 0.0, 'side': 'left', 'stabilize_anchor': False}, {'x_offset': -0.1336812936769285, 'y_offset': 0.1607167272657034, 'z_offset': 2.059795137819805, 'patch_size': 0.0, 'side': 'left', 'stabilize_anchor': False}, {'x_offset': -0.6429713111855225, 'y_offset': 0.8699530860029139, 'z_offset': 1.462420424007261, 'patch_size': 0.0, 'side': 'left', 'stabilize_anchor': False}, {'x_offset': 0.6257547053689874, 'y_offset': 0.1118914591843917, 'z_offset': 1.8469492230437508, 'patch_size': 0.0, 'side': 'left', 'stabilize_anchor': False}, {'x_offset': -0.713854664681898, 'y_offset': 0.8887109801418476, 'z_offset': 1.897028610922552, 'patch_size': 0.0, 'side': 'right', 'stabilize_anchor': False}, {'x_offset': 0.13408992910039297, 'y_offset': 0.9136421677871631, 'z_offset': 0.5046660684968869, 'patch_size': 0.0, 'side': 'right', 'stabilize_anchor': False}]"
2,15,9,0.3765997290611267,0.0,"[18, 8, 33, 44, 37, 23, 38, 31, 22]","[{'x_offset': 1.2003598587200965, 'y_offset': 0.8733902510241764, 'z_offset': 1.8378134115217242, 'patch_size': 0.0, 'side': 'right', 'stabilize_anchor': False}, {'x_offset': -0.13005413268527188, 'y_offset': 0.22563409279193902, 'z_offset': 1.227331035061154, 'patch_size': 0.0, 'side': 'right', 'stabilize_anchor': False}, {'x_offset': 2.1887190123115334, 'y_offset': 0.9684947289289714, 'z_offset': 0.6284060363616568, 'patch_size': 0.0, 'side': 'left', 'stabilize_anchor': False}, {'x_offset': -0.1336812936769285, 'y_offset': 0.1607167272657034, 'z_offset': 2.059795137819805, 'patch_size': 0.0, 'side': 'left', 'stabilize_anchor': False}, {'x_offset': -0.6429713111855225, 'y_offset': 0.8699530860029139, 'z_offset': 1.462420424007261, 'patch_size': 0.0, 'side': 'left', 'stabilize_anchor': False}, {'x_offset': 0.6257547053689874, 'y_offset': 0.1118914591843917, 'z_offset': 1.8469492230437508, 'patch_size': 0.0, 'side': 'left', 'stabilize_anchor': False}, {'x_offset': -0.713854664681898, 'y_offset': 0.8887109801418476, 'z_offset': 1.897028610922552, 'patch_size': 0.0, 'side': 'right', 'stabilize_anchor': False}, {'x_offset': 0.13408992910039297, 'y_offset': 0.9136421677871631, 'z_offset': 0.5046660684968869, 'patch_size': 0.0, 'side': 'right', 'stabilize_anchor': False}, {'x_offset': -0.6218338075955662, 'y_offset': 0.7070390234170396, 'z_offset': 2.250360228781361, 'patch_size': 0.0, 'side': 'left', 'stabilize_anchor': False}]"
2,20,1,0.6781944632530212,0.10000000149011612,[18],"[{'x_offset': 1.2003598587200965, 'y_offset': 0.8733902510241764, 'z_offset': 1.8378134115217242, 'patch_size': 0.0, 'side': 'right', 'stabilize_anchor': False}]"
2,20,2,0.6577118039131165,0.10000000149011612,"[18, 44]","[{'x_offset': 1.2003598587200965, 'y_offset': 0.8733902510241764, 'z_offset': 1.8378134115217242, 'patch_size': 0.0, 'side': 'right', 'stabilize_anchor': False}, {'x_offset': -0.1336812936769285, 'y_offset': 0.1607167272657034, 'z_offset': 2.059795137819805, 'patch_size': 0.0, 'side': 'left', 'stabilize_anchor': False}]"
2,20,3,0.6152448058128357,0.10000000149011612,"[18, 44, 8]","[{'x_offset': 1.2003598587200965, 'y_offset': 0.8733902510241764, 'z_offset': 1.8378134115217242, 'patch_size': 0.0, 'side': 'right', 'stabilize_anchor': False}, {'x_offset': -0.1336812936769285, 'y_offset': 0.1607167272657034, 'z_offset': 2.059795137819805, 'patch_size': 0.0, 'side': 'left', 'stabilize_anchor': False}, {'x_offset': -0.13005413268527188, 'y_offset': 0.22563409279193902, 'z_offset': 1.227331035061154, 'patch_size': 0.0, 'side': 'right', 'stabilize_anchor': False}]"
2,20,4,0.42912936210632324,0.10000000149011612,"[18, 44, 8, 37]","[{'x_offset': 1.2003598587200965, 'y_offset': 0.8733902510241764, 'z_offset': 1.8378134115217242, 'patch_size': 0.0, 'side': 'right', 'stabilize_anchor': False}, {'x_offset': -0.1336812936769285, 'y_offset': 0.1607167272657034, 'z_offset': 2.059795137819805, 'patch_size': 0.0, 'side': 'left', 'stabilize_anchor': False}, {'x_offset': -0.13005413268527188, 'y_offset': 0.22563409279193902, 'z_offset': 1.227331035061154, 'patch_size': 0.0, 'side': 'right', 'stabilize_anchor': False}, {'x_offset': -0.6429713111855225, 'y_offset': 0.8699530860029139, 'z_offset': 1.462420424007261, 'patch_size': 0.0, 'side': 'left', 'stabilize_anchor': False}]"
2,25,1,0.5436983704566956,0.0,[18],"[{'x_offset': 1.2003598587200965, 'y_offset': 0.8733902510241764, 'z_offset': 1.8378134115217242, 'patch_size': 0.0, 'side': 'right', 'stabilize_anchor': False}]"
2,25,2,0.488221138715744,0.0,"[18, 27]","[{'x_offset': 1.2003598587200965, 'y_offset': 0.8733902510241764, 'z_offset': 1.8378134115217242, 'patch_size': 0.0, 'side': 'right', 'stabilize_anchor': False}, {'x_offset': 0.4346746015770606, 'y_offset': 0.9130317986633913, 'z_offset': 1.6166695560628332, 'patch_size': 0.0, 'side': 'right', 'stabilize_anchor': False}]"
2,25,3,0.4514508545398712,0.0,"[18, 27, 8]","[{'x_offset': 1.2003598587200965, 'y_offset': 0.8733902510241764, 'z_offset': 1.8378134115217242, 'patch_size': 0.0, 'side': 'right', 'stabilize_anchor': False}, {'x_offset': 0.4346746015770606, 'y_offset': 0.9130317986633913, 'z_offset': 1.6166695560628332, 'patch_size': 0.0, 'side': 'right', 'stabilize_anchor': False}, {'x_offset': -0.13005413268527188, 'y_offset': 0.22563409279193902, 'z_offset': 1.227331035061154, 'patch_size': 0.0, 'side': 'right', 'stabilize_anchor': False}]"
2,25,4,0.3819337487220764,0.0,"[18, 27, 8, 37]","[{'x_offset': 1.2003598587200965, 'y_offset': 0.8733902510241764, 'z_offset': 1.8378134115217242, 'patch_size': 0.0, 'side': 'right', 'stabilize_anchor': False}, {'x_offset': 0.4346746015770606, 'y_offset': 0.9130317986633913, 'z_offset': 1.6166695560628332, 'patch_size': 0.0, 'side': 'right', 'stabilize_anchor': False}, {'x_offset': -0.13005413268527188, 'y_offset': 0.22563409279193902, 'z_offset': 1.227331035061154, 'patch_size': 0.0, 'side': 'right', 'stabilize_anchor': False}, {'x_offset': -0.6429713111855225, 'y_offset': 0.8699530860029139, 'z_offset': 1.462420424007261, 'patch_size': 0.0, 'side': 'left', 'stabilize_anchor': False}]"
2,25,5,0.3505641222000122,0.0,"[18, 27, 8, 37, 33]","[{'x_offset': 1.2003598587200965, 'y_offset': 0.8733902510241764, 'z_offset': 1.8378134115217242, 'patch_size': 0.0, 'side': 'right', 'stabilize_anchor': False}, {'x_offset': 0.4346746015770606, 'y_offset': 0.9130317986633913, 'z_offset': 1.6166695560628332, 'patch_size': 0.0, 'side': 'right', 'stabilize_anchor': False}, {'x_offset': -0.13005413268527188, 'y_offset': 0.22563409279193902, 'z_offset': 1.227331035061154, 'patch_size': 0.0, 'side': 'right', 'stabilize_anchor': False}, {'x_offset': -0.6429713111855225, 'y_offset': 0.8699530860029139, 'z_offset': 1.462420424007261, 'patch_size': 0.0, 'side': 'left', 'stabilize_anchor': False}, {'x_offset': 2.1887190123115334, 'y_offset': 0.9684947289289714, 'z_offset': 0.6284060363616568, 'patch_size': 0.0, 'side': 'left', 'stabilize_anchor': False}]"
2,25,6,0.0,0.0,"[18, 27, 8, 37, 33, 4]","[{'x_offset': 1.2003598587200965, 'y_offset': 0.8733902510241764, 'z_offset': 1.8378134115217242, 'patch_size': 0.0, 'side': 'right', 'stabilize_anchor': False}, {'x_offset': 0.4346746015770606, 'y_offset': 0.9130317986633913, 'z_offset': 1.6166695560628332, 'patch_size': 0.0, 'side': 'right', 'stabilize_anchor': False}, {'x_offset': -0.13005413268527188, 'y_offset': 0.22563409279193902, 'z_offset': 1.227331035061154, 'patch_size': 0.0, 'side': 'right', 'stabilize_anchor': False}, {'x_offset': -0.6429713111855225, 'y_offset': 0.8699530860029139, 'z_offset': 1.462420424007261, 'patch_size': 0.0, 'side': 'left', 'stabilize_anchor': False}, {'x_offset': 2.1887190123115334, 'y_offset': 0.9684947289289714, 'z_offset': 0.6284060363616568, 'patch_size': 0.0, 'side': 'left', 'stabilize_anchor': False}, {'x_offset': -0.4351816942735195, 'y_offset': 0.6214097199173207, 'z_offset': 0.415967971243224, 'patch_size': 0.0, 'side': 'right', 'stabilize_anchor': False}]"
2,30,1,0.0,0.0,[44],"[{'x_offset': -0.1336812936769285, 'y_offset': 0.1607167272657034, 'z_offset': 2.059795137819805, 'patch_size': 0.0, 'side': 'left', 'stabilize_anchor': False}]"
3,5,1,0.6836708784103394,0.10000000149011612,[49],"[{'x_offset': 2.068721961985289, 'y_offset': 0.22609502625126732, 'z_offset': 1.0113642539361787, 'patch_size': 0.0, 'side': 'right', 'stabilize_anchor': False}]"
3,5,2,0.6675140857696533,0.10000000149011612,"[49, 10]","[{'x_offset': 2.068721961985289, 'y_offset': 0.22609502625126732, 'z_offset': 1.0113642539361787, 'patch_size': 0.0, 'side': 'right', 'stabilize_anchor': False}, {'x_offset': 1.6902670528945571, 'y_offset': 0.33076821074953466, 'z_offset': 2.1334073794789656, 'patch_size': 0.0, 'side': 'right', 'stabilize_anchor': False}]"
3,5,3,0.6573498249053955,0.0,"[49, 10, 23]","[{'x_offset': 2.068721961985289, 'y_offset': 0.22609502625126732, 'z_offset': 1.0113642539361787, 'patch_size': 0.0, 'side': 'right', 'stabilize_anchor': False}, {'x_offset': 1.6902670528945571, 'y_offset': 0.33076821074953466, 'z_offset': 2.1334073794789656, 'patch_size': 0.0, 'side': 'right', 'stabilize_anchor': False}, {'x_offset': -0.1824436247155089, 'y_offset': -0.29795982780938773, 'z_offset': 1.4995025230394623, 'patch_size': 0.0, 'side': 'right', 'stabilize_anchor': False}]"
3,5,4,0.6324656009674072,0.0,"[49, 10, 23, 42]","[{'x_offset': 2.068721961985289, 'y_offset': 0.22609502625126732, 'z_offset': 1.0113642539361787, 'patch_size': 0.0, 'side': 'right', 'stabilize_anchor': False}, {'x_offset': 1.6902670528945571, 'y_offset': 0.33076821074953466, 'z_offset': 2.1334073794789656, 'patch_size': 0.0, 'side': 'right', 'stabilize_anchor': False}, {'x_offset': -0.1824436247155089, 'y_offset': -0.29795982780938773, 'z_offset': 1.4995025230394623, 'patch_size': 0.0, 'side': 'right', 'stabilize_anchor': False}, {'x_offset': -0.33684021417410914, 'y_offset': 0.3926271729958273, 'z_offset': 0.7607817681589739, 'patch_size': 0.0, 'side': 'right', 'stabilize_anchor': False}]"
3,5,5,0.6023730039596558,0.0,"[49, 10, 23, 42, 34]","[{'x_offset': 2.068721961985289, 'y_offset': 0.22609502625126732, 'z_offset': 1.0113642539361787, 'patch_size': 0.0, 'side': 'right', 'stabilize_anchor': False}, {'x_offset': 1.6902670528945571, 'y_offset': 0.33076821074953466, 'z_offset': 2.1334073794789656, 'patch_size': 0.0, 'side': 'right', 'stabilize_anchor': False}, {'x_offset': -0.1824436247155089, 'y_offset': -0.29795982780938773, 'z_offset': 1.4995025230394623, 'patch_size': 0.0, 'side': 'right', 'stabilize_anchor': False}, {'x_offset': -0.33684021417410914, 'y_offset': 0.3926271729958273, 'z_offset': 0.7607817681589739, 'patch_size': 0.0, 'side': 'right', 'stabilize_anchor': False}, {'x_offset': 0.10588116915469481, 'y_offset': 0.1888263786333264, 'z_offset': 0.577465197936056, 'patch_size': 0.0, 'side': 'left', 'stabilize_anchor': False}]"
3,5,6,0.5894088745117188,0.0,"[49, 10, 23, 42, 34, 46]","[{'x_offset': 2.068721961985289, 'y_offset': 0.22609502625126732, 'z_offset': 1.0113642539361787, 'patch_size': 0.0, 'side': 'right', 'stabilize_anchor': False}, {'x_offset': 1.6902670528945571, 'y_offset': 0.33076821074953466, 'z_offset': 2.1334073794789656, 'patch_size': 0.0, 'side': 'right', 'stabilize_anchor': False}, {'x_offset': -0.1824436247155089, 'y_offset': -0.29795982780938773, 'z_offset': 1.4995025230394623, 'patch_size': 0.0, 'side': 'right', 'stabilize_anchor': False}, {'x_offset': -0.33684021417410914, 'y_offset': 0.3926271729958273, 'z_offset': 0.7607817681589739, 'patch_size': 0.0, 'side': 'right', 'stabilize_anchor': False}, {'x_offset': 0.10588116915469481, 'y_offset': 0.1888263786333264, 'z_offset': 0.577465197936056, 'patch_size': 0.0, 'side': 'left', 'stabilize_anchor': False}, {'x_offset': 0.9230679024922543, 'y_offset': 0.15432004648250097, 'z_offset': 1.2189827663031203, 'patch_size': 0.0, 'side': 'left', 'stabilize_anchor': False}]"
3,10,1,0.7314282655715942,0.10000000149011612,[28],"[{'x_offset': 1.8891445569199918, 'y_offset': 0.6710756771977224, 'z_offset': 1.1628580688933787, 'patch_size': 0.0, 'side': 'right', 'stabilize_anchor': False}]"
3,10,2,0.7200685143470764,0.10000000149011612,"[28, 32]","[{'x_offset': 1.8891445569199918, 'y_offset': 0.6710756771977224, 'z_offset': 1.1628580688933787, 'patch_size': 0.0, 'side': 'right', 'stabilize_anchor': False}, {'x_offset': 1.0661562781732252, 'y_offset': 0.9590565415686589, 'z_offset': 1.3767231296592648, 'patch_size': 0.0, 'side': 'left', 'stabilize_anchor': False}]"
3,10,3,0.6747215986251831,0.10000000149011612,"[28, 32, 39]","[{'x_offset': 1.8891445569199918, 'y_offset': 0.6710756771977224, 'z_offset': 1.1628580688933787, 'patch_size': 0.0, 'side': 'right', 'stabilize_anchor': False}, {'x_offset': 1.0661562781732252, 'y_offset': 0.9590565415686589, 'z_offset': 1.3767231296592648, 'patch_size': 0.0, 'side': 'left', 'stabilize_anchor': False}, {'x_offset': 1.2760277018999227, 'y_offset': 0.8889148310449204, 'z_offset': 2.175126649099312, 'patch_size': 0.0, 'side': 'left', 'stabilize_anchor': False}]"
3,10,4,0.6680976152420044,0.0,"[28, 32, 39, 23]","[{'x_offset': 1.8891445569199918, 'y_offset': 0.6710756771977224, 'z_offset': 1.1628580688933787, 'patch_size': 0.0, 'side': 'right', 'stabilize_anchor': False}, {'x_offset': 1.0661562781732252, 'y_offset': 0.9590565415686589, 'z_offset': 1.3767231296592648, 'patch_size': 0.0, 'side': 'left', 'stabilize_anchor': False}, {'x_offset': 1.2760277018999227, 'y_offset': 0.8889148310449204, 'z_offset': 2.175126649099312, 'patch_size': 0.0, 'side': 'left', 'stabilize_anchor': False}, {'x_offset': -0.1824436247155089, 'y_offset': -0.29795982780938773, 'z_offset': 1.4995025230394623, 'patch_size': 0.0, 'side': 'right', 'stabilize_anchor': False}]"
3,10,5,0.6350288987159729,0.0,"[28, 32, 39, 23, 26]","[{'x_offset': 1.8891445569199918, 'y_offset': 0.6710756771977224, 'z_offset': 1.1628580688933787, 'patch_size': 0.0, 'side': 'right', 'stabilize_anchor': False}, {'x_offset': 1.0661562781732252, 'y_offset': 0.9590565415686589, 'z_offset': 1.3767231296592648, 'patch_size': 0.0, 'side': 'left', 'stabilize_anchor': False}, {'x_offset': 1.2760277018999227, 'y_offset': 0.8889148310449204, 'z_offset': 2.175126649099312, 'patch_size': 0.0, 'side': 'left', 'stabilize_anchor': False}, {'x_offset': -0.1824436247155089, 'y_offset': -0.29795982780938773, 'z_offset': 1.4995025230394623, 'patch_size': 0.0, 'side': 'right', 'stabilize_anchor': False}, {'x_offset': 1.3668539924200074, 'y_offset': -0.4750941297942367, 'z_offset': 2.136850629069904, 'patch_size': 0.0, 'side': 'right', 'stabilize_anchor': False}]"
3,10,6,0.6100659370422363,0.0,"[28, 32, 39, 23, 26, 29]","[{'x_offset': 1.8891445569199918, 'y_offset': 0.6710756771977224, 'z_offset': 1.1628580688933787, 'patch_size': 0.0, 'side': 'right', 'stabilize_anchor': False}, {'x_offset': 1.0661562781732252, 'y_offset': 0.9590565415686589, 'z_offset': 1.3767231296592648, 'patch_size': 0.0, 'side': 'left', 'stabilize_anchor': False}, {'x_offset': 1.2760277018999227, 'y_offset': 0.8889148310449204, 'z_offset': 2.175126649099312, 'patch_size': 0.0, 'side': 'left', 'stabilize_anchor': False}, {'x_offset': -0.1824436247155089, 'y_offset': -0.29795982780938773, 'z_offset': 1.4995025230394623, 'patch_size': 0.0, 'side': 'right', 'stabilize_anchor': False}, {'x_offset': 1.3668539924200074, 'y_offset': -0.4750941297942367, 'z_offset': 2.136850629069904, 'patch_size': 0.0, 'side': 'right', 'stabilize_anchor': False}, {'x_offset': 1.1611776609412816, 'y_offset': 0.10868522927649515, 'z_offset': 2.143660058921722, 'patch_size': 0.0, 'side': 'left', 'stabilize_anchor': False}]"
3,10,7,0.5849429965019226,0.0,"[28, 32, 39, 23, 26, 29, 9]","[{'x_offset': 1.8891445569199918, 'y_offset': 0.6710756771977224, 'z_offset': 1.1628580688933787, 'patch_size': 0.0, 'side': 'right', 'stabilize_anchor': False}, {'x_offset': 1.0661562781732252, 'y_offset': 0.9590565415686589, 'z_offset': 1.3767231296592648, 'patch_size': 0.0, 'side': 'left', 'stabilize_anchor': False}, {'x_offset': 1.2760277018999227, 'y_offset': 0.8889148310449204, 'z_offset': 2.175126649099312, 'patch_size': 0.0, 'side': 'left', 'stabilize_anchor': False}, {'x_offset': -0.1824436247155089, 'y_offset': -0.29795982780938773, 'z_offset': 1.4995025230394623, 'patch_size': 0.0, 'side': 'right', 'stabilize_anchor': False}, {'x_offset': 1.3668539924200074, 'y_offset': -0.4750941297942367, 'z_offset': 2.136850629069904, 'patch_size': 0.0, 'side': 'right', 'stabilize_anchor': False}, {'x_offset': 1.1611776609412816, 'y_offset': 0.10868522927649515, 'z_offset': 2.143660058921722, 'patch_size': 0.0, 'side': 'left', 'stabilize_anchor': False}, {'x_offset': 0.8024107582078797, 'y_offset': 0.7029213472157207, 'z_offset': 0.8071552812601738, 'patch_size': 0.0, 'side': 'left', 'stabilize_anchor': False}]"
3,10,8,0.56778484582901,0.0,"[28, 32, 39, 23, 26, 29, 9, 36]","[{'x_offset': 1.8891445569199918, 'y_offset': 0.6710756771977224, 'z_offset': 1.1628580688933787, 'patch_size': 0.0, 'side': 'right', 'stabilize_anchor': False}, {'x_offset': 1.0661562781732252, 'y_offset': 0.9590565415686589, 'z_offset': 1.3767231296592648, 'patch_size': 0.0, 'side': 'left', 'stabilize_anchor': False}, {'x_offset': 1.2760277018999227, 'y_offset': 0.8889148310449204, 'z_offset': 2.175126649099312, 'patch_size': 0.0, 'side': 'left', 'stabilize_anchor': False}, {'x_offset': -0.1824436247155089, 'y_offset': -0.29795982780938773, 'z_offset': 1.4995025230394623, 'patch_size': 0.0, 'side': 'right', 'stabilize_anchor': False}, {'x_offset': 1.3668539924200074, 'y_offset': -0.4750941297942367, 'z_offset': 2.136850629069904, 'patch_size': 0.0, 'side': 'right', 'stabilize_anchor': False}, {'x_offset': 1.1611776609412816, 'y_offset': 0.10868522927649515, 'z_offset': 2.143660058921722, 'patch_size': 0.0, 'side': 'left', 'stabilize_anchor': False}, {'x_offset': 0.8024107582078797, 'y_offset': 0.7029213472157207, 'z_offset': 0.8071552812601738, 'patch_size': 0.0, 'side': 'left', 'stabilize_anchor': False}, {'x_offset': 1.184645789702551, 'y_offset': 0.16303258254380382, 'z_offset': 1.3490628609771311, 'patch_size': 0.0, 'side': 'left', 'stabilize_anchor': False}]"
3,10,9,0.5476247072219849,0.0,"[28, 32, 39, 23, 26, 29, 9, 36, 18]","[{'x_offset': 1.8891445569199918, 'y_offset': 0.6710756771977224, 'z_offset': 1.1628580688933787, 'patch_size': 0.0, 'side': 'right', 'stabilize_anchor': False}, {'x_offset': 1.0661562781732252, 'y_offset': 0.9590565415686589, 'z_offset': 1.3767231296592648, 'patch_size': 0.0, 'side': 'left', 'stabilize_anchor': False}, {'x_offset': 1.2760277018999227, 'y_offset': 0.8889148310449204, 'z_offset': 2.175126649099312, 'patch_size': 0.0, 'side': 'left', 'stabilize_anchor': False}, {'x_offset': -0.1824436247155089, 'y_offset': -0.29795982780938773, 'z_offset': 1.4995025230394623, 'patch_size': 0.0, 'side': 'right', 'stabilize_anchor': False}, {'x_offset': 1.3668539924200074, 'y_offset': -0.4750941297942367, 'z_offset': 2.136850629069904, 'patch_size': 0.0, 'side': 'right', 'stabilize_anchor': False}, {'x_offset': 1.1611776609412816, 'y_offset': 0.10868522927649515, 'z_offset': 2.143660058921722, 'patch_size': 0.0, 'side': 'left', 'stabilize_anchor': False}, {'x_offset': 0.8024107582078797, 'y_offset': 0.7029213472157207, 'z_offset': 0.8071552812601738, 'patch_size': 0.0, 'side': 'left', 'stabilize_anchor': False}, {'x_offset': 1.184645789702551, 'y_offset': 0.16303258254380382, 'z_offset': 1.3490628609771311, 'patch_size': 0.0, 'side': 'left', 'stabilize_anchor': False}, {'x_offset': 1.0952381902609831, 'y_offset': 0.288684816740444, 'z_offset': 1.692165877111702, 'patch_size': 0.0, 'side': 'left', 'stabilize_anchor': False}]"
3,15,1,0.6500141620635986,0.10000000149011612,[24],"[{'x_offset': 0.45166847906413543, 'y_offset': 0.6083791261292868, 'z_offset': 1.517064147496721, 'patch_size': 0.0, 'side': 'right', 'stabilize_anchor': False}]"
3,15,2,0.6362021565437317,0.0,"[24, 20]","[{'x_offset': 0.45166847906413543, 'y_offset': 0.6083791261292868, 'z_offset': 1.517064147496721, 'patch_size': 0.0, 'side': 'right', 'stabilize_anchor': False}, {'x_offset': -0.5895666848148631, 'y_offset': 0.8575284280070774, 'z_offset': 0.3584828826611661, 'patch_size': 0.0, 'side': 'right', 'stabilize_anchor': False}]"
3,15,3,0.6224426031112671,0.0,"[24, 20, 32]","[{'x_offset': 0.45166847906413543, 'y_offset': 0.6083791261292868, 'z_offset': 1.517064147496721, 'patch_size': 0.0, 'side': 'right', 'stabilize_anchor': False}, {'x_offset': -0.5895666848148631, 'y_offset': 0.8575284280070774, 'z_offset': 0.3584828826611661, 'patch_size': 0.0, 'side': 'right', 'stabilize_anchor': False}, {'x_offset': 1.0661562781732252, 'y_offset': 0.9590565415686589, 'z_offset': 1.3767231296592648, 'patch_size': 0.0, 'side': 'left', 'stabilize_anchor': False}]"
3,15,4,0.5746593475341797,0.0,"[24, 20, 32, 41]","[{'x_offset': 0.45166847906413543, 'y_offset': 0.6083791261292868, 'z_offset': 1.517064147496721, 'patch_size': 0.0, 'side': 'right', 'stabilize_anchor': False}, {'x_offset': -0.5895666848148631, 'y_offset': 0.8575284280070774, 'z_offset': 0.3584828826611661, 'patch_size': 0.0, 'side': 'right', 'stabilize_anchor': False}, {'x_offset': 1.0661562781732252, 'y_offset': 0.9590565415686589, 'z_offset': 1.3767231296592648, 'patch_size': 0.0, 'side': 'left', 'stabilize_anchor': False}, {'x_offset': 1.3141957273934821, 'y_offset': 0.5981307963406042, 'z_offset': 0.3545449248925023, 'patch_size': 0.0, 'side': 'left', 'stabilize_anchor': False}]"
3,15,5,0.5329370498657227,0.0,"[24, 20, 32, 41, 13]","[{'x_offset': 0.45166847906413543, 'y_offset': 0.6083791261292868, 'z_offset': 1.517064147496721, 'patch_size': 0.0, 'side': 'right', 'stabilize_anchor': False}, {'x_offset': -0.5895666848148631, 'y_offset': 0.8575284280070774, 'z_offset': 0.3584828826611661, 'patch_size': 0.0, 'side': 'right', 'stabilize_anchor': False}, {'x_offset': 1.0661562781732252, 'y_offset': 0.9590565415686589, 'z_offset': 1.3767231296592648, 'patch_size': 0.0, 'side': 'left', 'stabilize_anchor': False}, {'x_offset': 1.3141957273934821, 'y_offset': 0.5981307963406042, 'z_offset': 0.3545449248925023, 'patch_size': 0.0, 'side': 'left', 'stabilize_anchor': False}, {'x_offset': 0.6562771211550191, 'y_offset': 0.249491419866398, 'z_offset': 1.5242865869524675, 'patch_size': 0.0, 'side': 'right', 'stabilize_anchor': False}]"
3,15,6,0.49281546473503113,0.0,"[24, 20, 32, 41, 13, 25]","[{'x_offset': 0.45166847906413543, 'y_offset': 0.6083791261292868, 'z_offset': 1.517064147496721, 'patch_size': 0.0, 'side': 'right', 'stabilize_anchor': False}, {'x_offset': -0.5895666848148631, 'y_offset': 0.8575284280070774, 'z_offset': 0.3584828826611661, 'patch_size': 0.0, 'side': 'right', 'stabilize_anchor': False}, {'x_offset': 1.0661562781732252, 'y_offset': 0.9590565415686589, 'z_offset': 1.3767231296592648, 'patch_size': 0.0, 'side': 'left', 'stabilize_anchor': False}, {'x_offset': 1.3141957273934821, 'y_offset': 0.5981307963406042, 'z_offset': 0.3545449248925023, 'patch_size': 0.0, 'side': 'left', 'stabilize_anchor': False}, {'x_offset': 0.6562771211550191, 'y_offset': 0.249491419866398, 'z_offset': 1.5242865869524675, 'patch_size': 0.0, 'side': 'right', 'stabilize_anchor': False}, {'x_offset': -0.29381180077582025, 'y_offset': 0.2913360671176458, 'z_offset': 1.0539202757976363, 'patch_size': 0.0, 'side': 'left', 'stabilize_anchor': False}]"
3,15,7,0.47083809971809387,0.0,"[24, 20, 32, 41, 13, 25, 43]","[{'x_offset': 0.45166847906413543, 'y_offset': 0.6083791261292868, 'z_offset': 1.517064147496721, 'patch_size': 0.0, 'side': 'right', 'stabilize_anchor': False}, {'x_offset': -0.5895666848148631, 'y_offset': 0.8575284280070774, 'z_offset': 0.3584828826611661, 'patch_size': 0.0, 'side': 'right', 'stabilize_anchor': False}, {'x_offset': 1.0661562781732252, 'y_offset': 0.9590565415686589, 'z_offset': 1.3767231296592648, 'patch_size': 0.0, 'side': 'left', 'stabilize_anchor': False}, {'x_offset': 1.3141957273934821, 'y_offset': 0.5981307963406042, 'z_offset': 0.3545449248925023, 'patch_size': 0.0, 'side': 'left', 'stabilize_anchor': False}, {'x_offset': 0.6562771211550191, 'y_offset': 0.249491419866398, 'z_offset': 1.5242865869524675, 'patch_size': 0.0, 'side': 'right', 'stabilize_anchor': False}, {'x_offset': -0.29381180077582025, 'y_offset': 0.2913360671176458, 'z_offset': 1.0539202757976363, 'patch_size': 0.0, 'side': 'left', 'stabilize_anchor': False}, {'x_offset': -0.6435402739341625, 'y_offset': 0.6165312791977389, 'z_offset': 2.2840176661669433, 'patch_size': 0.0, 'side': 'left', 'stabilize_anchor': False}]"
3,20,1,0.7164081335067749,0.10000000149011612,[15],"[{'x_offset': 0.29594905837973284, 'y_offset': 0.9756770654267273, 'z_offset': 2.2090124961295916, 'patch_size': 0.0, 'side': 'left', 'stabilize_anchor': False}]"
3,20,2,0.6493909955024719,0.0,"[15, 24]","[{'x_offset': 0.29594905837973284, 'y_offset': 0.9756770654267273, 'z_offset': 2.2090124961295916, 'patch_size': 0.0, 'side': 'left', 'stabilize_anchor': False}, {'x_offset': 0.45166847906413543, 'y_offset': 0.6083791261292868, 'z_offset': 1.517064147496721, 'patch_size': 0.0, 'side': 'right', 'stabilize_anchor': False}]"
3,20,3,0.375710129737854,0.0,"[15, 24, 42]","[{'x_offset': 0.29594905837973284, 'y_offset': 0.9756770654267273, 'z_offset': 2.2090124961295916, 'patch_size': 0.0, 'side': 'left', 'stabilize_anchor': False}, {'x_offset': 0.45166847906413543, 'y_offset': 0.6083791261292868, 'z_offset': 1.517064147496721, 'patch_size': 0.0, 'side': 'right', 'stabilize_anchor': False}, {'x_offset': -0.33684021417410914, 'y_offset': 0.3926271729958273, 'z_offset': 0.7607817681589739, 'patch_size': 0.0, 'side': 'right', 'stabilize_anchor': False}]"
3,25,1,0.4968753755092621,0.10000000149011612,[32],"[{'x_offset': 1.0661562781732252, 'y_offset': 0.9590565415686589, 'z_offset': 1.3767231296592648, 'patch_size': 0.0, 'side': 'left', 'stabilize_anchor': False}]"
3,25,2,0.43641796708106995,0.10000000149011612,"[32, 8]","[{'x_offset': 1.0661562781732252, 'y_offset': 0.9590565415686589, 'z_offset': 1.3767231296592648, 'patch_size': 0.0, 'side': 'left', 'stabilize_anchor': False}, {'x_offset': 1.1283267640968466, 'y_offset': 0.2044028354177161, 'z_offset': 0.23906931482459526, 'patch_size': 0.0, 'side': 'right', 'stabilize_anchor': False}]"
3,25,3,0.3818810284137726,0.10000000149011612,"[32, 8, 44]","[{'x_offset': 1.0661562781732252, 'y_offset': 0.9590565415686589, 'z_offset': 1.3767231296592648, 'patch_size': 0.0, 'side': 'left', 'stabilize_anchor': False}, {'x_offset': 1.1283267640968466, 'y_offset': 0.2044028354177161, 'z_offset': 0.23906931482459526, 'patch_size': 0.0, 'side': 'right', 'stabilize_anchor': False}, {'x_offset': 0.010007646403166426, 'y_offset': 0.4251447514265838, 'z_offset': 1.693073144427823, 'patch_size': 0.0, 'side': 'left', 'stabilize_anchor': False}]"
3,25,4,0.0,0.10000000149011612,"[32, 8, 44, 2]","[{'x_offset': 1.0661562781732252, 'y_offset': 0.9590565415686589, 'z_offset': 1.3767231296592648, 'patch_size': 0.0, 'side': 'left', 'stabilize_anchor': False}, {'x_offset': 1.1283267640968466, 'y_offset': 0.2044028354177161, 'z_offset': 0.23906931482459526, 'patch_size': 0.0, 'side': 'right', 'stabilize_anchor': False}, {'x_offset': 0.010007646403166426, 'y_offset': 0.4251447514265838, 'z_offset': 1.693073144427823, 'patch_size': 0.0, 'side': 'left', 'stabilize_anchor': False}, {'x_offset': 0.8654665272768374, 'y_offset': 0.7768071204956111, 'z_offset': 0.1271492018743628, 'patch_size': 0.0, 'side': 'right', 'stabilize_anchor': False}]"
3,25,5,0.0,0.0,"[32, 8, 44, 2, 5]","[{'x_offset': 1.0661562781732252, 'y_offset': 0.9590565415686589, 'z_offset': 1.3767231296592648, 'patch_size': 0.0, 'side': 'left', 'stabilize_anchor': False}, {'x_offset': 1.1283267640968466, 'y_offset': 0.2044028354177161, 'z_offset': 0.23906931482459526, 'patch_size': 0.0, 'side': 'right', 'stabilize_anchor': False}, {'x_offset': 0.010007646403166426, 'y_offset': 0.4251447514265838, 'z_offset': 1.693073144427823, 'patch_size': 0.0, 'side': 'left', 'stabilize_anchor': False}, {'x_offset': 0.8654665272768374, 'y_offset': 0.7768071204956111, 'z_offset': 0.1271492018743628, 'patch_size': 0.0, 'side': 'right', 'stabilize_anchor': False}, {'x_offset': -0.8011431483861239, 'y_offset': -0.24569744244593889, 'z_offset': 0.7001827833956047, 'patch_size': 0.0, 'side': 'right', 'stabilize_anchor': False}]"
3,30,1,0.41370025277137756,0.0,[39],"[{'x_offset': 1.2760277018999227, 'y_offset': 0.8889148310449204, 'z_offset': 2.175126649099312, 'patch_size': 0.0, 'side': 'left', 'stabilize_anchor': False}]"
3,30,2,0.3543059825897217,0.0,"[39, 24]","[{'x_offset': 1.2760277018999227, 'y_offset': 0.8889148310449204, 'z_offset': 2.175126649099312, 'patch_size': 0.0, 'side': 'left', 'stabilize_anchor': False}, {'x_offset': 0.45166847906413543, 'y_offset': 0.6083791261292868, 'z_offset': 1.517064147496721, 'patch_size': 0.0, 'side': 'right', 'stabilize_anchor': False}]"
3,30,3,0.0,0.0,"[39, 24, 15]","[{'x_offset': 1.2760277018999227, 'y_offset': 0.8889148310449204, 'z_offset': 2.175126649099312, 'patch_size': 0.0, 'side': 'left', 'stabilize_anchor': False}, {'x_offset': 0.45166847906413543, 'y_offset': 0.6083791261292868, 'z_offset': 1.517064147496721, 'patch_size': 0.0, 'side': 'right', 'stabilize_anchor': False}, {'x_offset': 0.29594905837973284, 'y_offset': 0.9756770654267273, 'z_offset': 2.2090124961295916, 'patch_size': 0.0, 'side': 'left', 'stabilize_anchor': False}]"
4,5,1,0.6259598135948181,0.10000000149011612,[6],"[{'x_offset': 2.3896671378475363, 'y_offset': 0.5514245708414895, 'z_offset': 0.7388559480155384, 'patch_size': 0.0, 'side': 'left', 'stabilize_anchor': False}]"
4,5,2,0.6003624200820923,0.10000000149011612,"[6, 7]","[{'x_offset': 2.3896671378475363, 'y_offset': 0.5514245708414895, 'z_offset': 0.7388559480155384, 'patch_size': 0.0, 'side': 'left', 'stabilize_anchor': False}, {'x_offset': -0.14817961539841185, 'y_offset': -0.5543176506730101, 'z_offset': 1.253551280128542, 'patch_size': 0.0, 'side': 'left', 'stabilize_anchor': False}]"
4,5,3,0.5720945000648499,0.10000000149011612,"[6, 7, 47]","[{'x_offset': 2.3896671378475363, 'y_offset': 0.5514245708414895, 'z_offset': 0.7388559480155384, 'patch_size': 0.0, 'side': 'left', 'stabilize_anchor': False}, {'x_offset': -0.14817961539841185, 'y_offset': -0.5543176506730101, 'z_offset': 1.253551280128542, 'patch_size': 0.0, 'side': 'left', 'stabilize_anchor': False}, {'x_offset': 2.8214468443519594, 'y_offset': 0.5254533772484913, 'z_offset': 0.295115546906199, 'patch_size': 0.0, 'side': 'right', 'stabilize_anchor': False}]"
4,10,1,0.6482749581336975,0.10000000149011612,[18],"[{'x_offset': 0.9619693989439579, 'y_offset': 0.6168174327580296, 'z_offset': 1.9928878397457879, 'patch_size': 0.0, 'side': 'right', 'stabilize_anchor': False}]"
4,10,2,0.6257234215736389,0.0,"[18, 24]","[{'x_offset': 0.9619693989439579, 'y_offset': 0.6168174327580296, 'z_offset': 1.9928878397457879, 'patch_size': 0.0, 'side': 'right', 'stabilize_anchor': False}, {'x_offset': 0.06474633612523517, 'y_offset': 0.319321084028126, 'z_offset': 1.5824278842814705, 'patch_size': 0.0, 'side': 'left', 'stabilize_anchor': False}]"
4,10,3,0.6173345446586609,0.0,"[18, 24, 38]","[{'x_offset': 0.9619693989439579, 'y_offset': 0.6168174327580296, 'z_offset': 1.9928878397457879, 'patch_size': 0.0, 'side': 'right', 'stabilize_anchor': False}, {'x_offset': 0.06474633612523517, 'y_offset': 0.319321084028126, 'z_offset': 1.5824278842814705, 'patch_size': 0.0, 'side': 'left', 'stabilize_anchor': False}, {'x_offset': 1.6146259432407515, 'y_offset': -0.6937522504446746, 'z_offset': 1.9955573299431877, 'patch_size': 0.0, 'side': 'left', 'stabilize_anchor': False}]"
4,10,4,0.5860492587089539,0.0,"[18, 24, 38, 25]","[{'x_offset': 0.9619693989439579, 'y_offset': 0.6168174327580296, 'z_offset': 1.9928878397457879, 'patch_size': 0.0, 'side': 'right', 'stabilize_anchor': False}, {'x_offset': 0.06474633612523517, 'y_offset': 0.319321084028126, 'z_offset': 1.5824278842814705, 'patch_size': 0.0, 'side': 'left', 'stabilize_anchor': False}, {'x_offset': 1.6146259432407515, 'y_offset': -0.6937522504446746, 'z_offset': 1.9955573299431877, 'patch_size': 0.0, 'side': 'left', 'stabilize_anchor': False}, {'x_offset': 3.022088945124633, 'y_offset': 0.8414328112800391, 'z_offset': 2.1382770550654513, 'patch_size': 0.0, 'side': 'left', 'stabilize_anchor': False}]"
4,10,5,0.5740055441856384,0.0,"[18, 24, 38, 25, 48]","[{'x_offset': 0.9619693989439579, 'y_offset': 0.6168174327580296, 'z_offset': 1.9928878397457879, 'patch_size': 0.0, 'side': 'right', 'stabilize_anchor': False}, {'x_offset': 0.06474633612523517, 'y_offset': 0.319321084028126, 'z_offset': 1.5824278842814705, 'patch_size': 0.0, 'side': 'left', 'stabilize_anchor': False}, {'x_offset': 1.6146259432407515, 'y_offset': -0.6937522504446746, 'z_offset': 1.9955573299431877, 'patch_size': 0.0, 'side': 'left', 'stabilize_anchor': False}, {'x_offset': 3.022088945124633, 'y_offset': 0.8414328112800391, 'z_offset': 2.1382770550654513, 'patch_size': 0.0, 'side': 'left', 'stabilize_anchor': False}, {'x_offset': 3.553247997065081, 'y_offset': 0.07054031553873474, 'z_offset': 1.1226939533182427, 'patch_size': 0.0, 'side': 'right', 'stabilize_anchor': False}]"
4,10,6,0.567755937576294,0.0,"[18, 24, 38, 25, 48, 29]","[{'x_offset': 0.9619693989439579, 'y_offset': 0.6168174327580296, 'z_offset': 1.9928878397457879, 'patch_size': 0.0, 'side': 'right', 'stabilize_anchor': False}, {'x_offset': 0.06474633612523517, 'y_offset': 0.319321084028126, 'z_offset': 1.5824278842814705, 'patch_size': 0.0, 'side': 'left', 'stabilize_anchor': False}, {'x_offset': 1.6146259432407515, 'y_offset': -0.6937522504446746, 'z_offset': 1.9955573299431877, 'patch_size': 0.0, 'side': 'left', 'stabilize_anchor': False}, {'x_offset': 3.022088945124633, 'y_offset': 0.8414328112800391, 'z_offset': 2.1382770550654513, 'patch_size': 0.0, 'side': 'left', 'stabilize_anchor': False}, {'x_offset': 3.553247997065081, 'y_offset': 0.07054031553873474, 'z_offset': 1.1226939533182427, 'patch_size': 0.0, 'side': 'right', 'stabilize_anchor': False}, {'x_offset': 0.04551654136901773, 'y_offset': 0.7092486648712466, 'z_offset': 1.054363568796927, 'patch_size': 0.0, 'side': 'left', 'stabilize_anchor': False}]"
4,15,1,0.68075031042099,0.10000000149011612,[18],"[{'x_offset': 0.9619693989439579, 'y_offset': 0.6168174327580296, 'z_offset': 1.9928878397457879, 'patch_size': 0.0, 'side': 'right', 'stabilize_anchor': False}]"
4,15,2,0.675477921962738,0.0,"[18, 0]","[{'x_offset': 0.9619693989439579, 'y_offset': 0.6168174327580296, 'z_offset': 1.9928878397457879, 'patch_size': 0.0, 'side': 'right', 'stabilize_anchor': False}, {'x_offset': 0.7254830646135506, 'y_offset': 0.07850967770223283, 'z_offset': 0.9271329261176667, 'patch_size': 0.0, 'side': 'right', 'stabilize_anchor': False}]"
4,15,3,0.6400651335716248,0.0,"[18, 0, 7]","[{'x_offset': 0.9619693989439579, 'y_offset': 0.6168174327580296, 'z_offset': 1.9928878397457879, 'patch_size': 0.0, 'side': 'right', 'stabilize_anchor': False}, {'x_offset': 0.7254830646135506, 'y_offset': 0.07850967770223283, 'z_offset': 0.9271329261176667, 'patch_size': 0.0, 'side': 'right', 'stabilize_anchor': False}, {'x_offset': -0.14817961539841185, 'y_offset': -0.5543176506730101, 'z_offset': 1.253551280128542, 'patch_size': 0.0, 'side': 'left', 'stabilize_anchor': False}]"
4,15,4,0.6314833760261536,0.0,"[18, 0, 7, 8]","[{'x_offset': 0.9619693989439579, 'y_offset': 0.6168174327580296, 'z_offset': 1.9928878397457879, 'patch_size': 0.0, 'side': 'right', 'stabilize_anchor': False}, {'x_offset': 0.7254830646135506, 'y_offset': 0.07850967770223283, 'z_offset': 0.9271329261176667, 'patch_size': 0.0, 'side': 'right', 'stabilize_anchor': False}, {'x_offset': -0.14817961539841185, 'y_offset': -0.5543176506730101, 'z_offset': 1.253551280128542, 'patch_size': 0.0, 'side': 'left', 'stabilize_anchor': False}, {'x_offset': -0.6947360460608967, 'y_offset': 0.44059222638167084, 'z_offset': 0.020299913849723936, 'patch_size': 0.0, 'side': 'left', 'stabilize_anchor': False}]"
4,15,5,0.5904470086097717,0.0,"[18, 0, 7, 8, 42]","[{'x_offset': 0.9619693989439579, 'y_offset': 0.6168174327580296, 'z_offset': 1.9928878397457879, 'patch_size': 0.0, 'side': 'right', 'stabilize_anchor': False}, {'x_offset': 0.7254830646135506, 'y_offset': 0.07850967770223283, 'z_offset': 0.9271329261176667, 'patch_size': 0.0, 'side': 'right', 'stabilize_anchor': False}, {'x_offset': -0.14817961539841185, 'y_offset': -0.5543176506730101, 'z_offset': 1.253551280128542, 'patch_size': 0.0, 'side': 'left', 'stabilize_anchor': False}, {'x_offset': -0.6947360460608967, 'y_offset': 0.44059222638167084, 'z_offset': 0.020299913849723936, 'patch_size': 0.0, 'side': 'left', 'stabilize_anchor': False}, {'x_offset': -0.8851173483255811, 'y_offset': 0.8866845839009956, 'z_offset': 0.33079297825822124, 'patch_size': 0.0, 'side': 'right', 'stabilize_anchor': False}]"
4,15,6,0.5685660243034363,0.0,"[18, 0, 7, 8, 42, 6]","[{'x_offset': 0.9619693989439579, 'y_offset': 0.6168174327580296, 'z_offset': 1.9928878397457879, 'patch_size': 0.0, 'side': 'right', 'stabilize_anchor': False}, {'x_offset': 0.7254830646135506, 'y_offset': 0.07850967770223283, 'z_offset': 0.9271329261176667, 'patch_size': 0.0, 'side': 'right', 'stabilize_anchor': False}, {'x_offset': -0.14817961539841185, 'y_offset': -0.5543176506730101, 'z_offset': 1.253551280128542, 'patch_size': 0.0, 'side': 'left', 'stabilize_anchor': False}, {'x_offset': -0.6947360460608967, 'y_offset': 0.44059222638167084, 'z_offset': 0.020299913849723936, 'patch_size': 0.0, 'side': 'left', 'stabilize_anchor': False}, {'x_offset': -0.8851173483255811, 'y_offset': 0.8866845839009956, 'z_offset': 0.33079297825822124, 'patch_size': 0.0, 'side': 'right', 'stabilize_anchor': False}, {'x_offset': 2.3896671378475363, 'y_offset': 0.5514245708414895, 'z_offset': 0.7388559480155384, 'patch_size': 0.0, 'side': 'left', 'stabilize_anchor': False}]"
4,20,1,0.6653751134872437,0.10000000149011612,[25],"[{'x_offset': 3.022088945124633, 'y_offset': 0.8414328112800391, 'z_offset': 2.1382770550654513, 'patch_size': 0.0, 'side': 'left', 'stabilize_anchor': False}]"
4,20,2,0.6161083579063416,0.10000000149011612,"[25, 18]","[{'x_offset': 3.022088945124633, 'y_offset': 0.8414328112800391, 'z_offset': 2.1382770550654513, 'patch_size': 0.0, 'side': 'left', 'stabilize_anchor': False}, {'x_offset': 0.9619693989439579, 'y_offset': 0.6168174327580296, 'z_offset': 1.9928878397457879, 'patch_size': 0.0, 'side': 'right', 'stabilize_anchor': False}]"
4,20,3,0.6087661385536194,0.10000000149011612,"[25, 18, 49]","[{'x_offset': 3.022088945124633, 'y_offset': 0.8414328112800391, 'z_offset': 2.1382770550654513, 'patch_size': 0.0, 'side': 'left', 'stabilize_anchor': False}, {'x_offset': 0.9619693989439579, 'y_offset': 0.6168174327580296, 'z_offset': 1.9928878397457879, 'patch_size': 0.0, 'side': 'right', 'stabilize_anchor': False}, {'x_offset': 1.204607054119656, 'y_offset': -0.6402990079203287, 'z_offset': 1.5595579604699599, 'patch_size': 0.0, 'side': 'left', 'stabilize_anchor': False}]"
4,20,4,0.5967538952827454,0.10000000149011612,"[25, 18, 49, 28]","[{'x_offset': 3.022088945124633, 'y_offset': 0.8414328112800391, 'z_offset': 2.1382770550654513, 'patch_size': 0.0, 'side': 'left', 'stabilize_anchor': False}, {'x_offset': 0.9619693989439579, 'y_offset': 0.6168174327580296, 'z_offset': 1.9928878397457879, 'patch_size': 0.0, 'side': 'right', 'stabilize_anchor': False}, {'x_offset': 1.204607054119656, 'y_offset': -0.6402990079203287, 'z_offset': 1.5595579604699599, 'patch_size': 0.0, 'side': 'left', 'stabilize_anchor': False}, {'x_offset': 1.6246171701086225, 'y_offset': 0.7906518670585032, 'z_offset': 0.46618498610620096, 'patch_size': 0.0, 'side': 'right', 'stabilize_anchor': False}]"
4,20,5,0.5873068571090698,0.10000000149011612,"[25, 18, 49, 28, 32]","[{'x_offset': 3.022088945124633, 'y_offset': 0.8414328112800391, 'z_offset': 2.1382770550654513, 'patch_size': 0.0, 'side': 'left', 'stabilize_anchor': False}, {'x_offset': 0.9619693989439579, 'y_offset': 0.6168174327580296, 'z_offset': 1.9928878397457879, 'patch_size': 0.0, 'side': 'right', 'stabilize_anchor': False}, {'x_offset': 1.204607054119656, 'y_offset': -0.6402990079203287, 'z_offset': 1.5595579604699599, 'patch_size': 0.0, 'side': 'left', 'stabilize_anchor': False}, {'x_offset': 1.6246171701086225, 'y_offset': 0.7906518670585032, 'z_offset': 0.46618498610620096, 'patch_size': 0.0, 'side': 'right', 'stabilize_anchor': False}, {'x_offset': -0.21011026430952173, 'y_offset': 0.08859690576323531, 'z_offset': 2.0925771005936573, 'patch_size': 0.0, 'side': 'right', 'stabilize_anchor': False}]"
4,20,6,0.5806345343589783,0.0,"[25, 18, 49, 28, 32, 36]","[{'x_offset': 3.022088945124633, 'y_offset': 0.8414328112800391, 'z_offset': 2.1382770550654513, 'patch_size': 0.0, 'side': 'left', 'stabilize_anchor': False}, {'x_offset': 0.9619693989439579, 'y_offset': 0.6168174327580296, 'z_offset': 1.9928878397457879, 'patch_size': 0.0, 'side': 'right', 'stabilize_anchor': False}, {'x_offset': 1.204607054119656, 'y_offset': -0.6402990079203287, 'z_offset': 1.5595579604699599, 'patch_size': 0.0, 'side': 'left', 'stabilize_anchor': False}, {'x_offset': 1.6246171701086225, 'y_offset': 0.7906518670585032, 'z_offset': 0.46618498610620096, 'patch_size': 0.0, 'side': 'right', 'stabilize_anchor': False}, {'x_offset': -0.21011026430952173, 'y_offset': 0.08859690576323531, 'z_offset': 2.0925771005936573, 'patch_size': 0.0, 'side': 'right', 'stabilize_anchor': False}, {'x_offset': 1.9538575994212302, 'y_offset': -0.11966499050402135, 'z_offset': 1.9798204357205875, 'patch_size': 0.0, 'side': 'left', 'stabilize_anchor': False}]"
4,25,1,0.634824812412262,0.10000000149011612,[25],"[{'x_offset': 3.022088945124633, 'y_offset': 0.8414328112800391, 'z_offset': 2.1382770550654513, 'patch_size': 0.0, 'side': 'left', 'stabilize_anchor': False}]"
4,25,2,0.5582061409950256,0.10000000149011612,"[25, 28]","[{'x_offset': 3.022088945124633, 'y_offset': 0.8414328112800391, 'z_offset': 2.1382770550654513, 'patch_size': 0.0, 'side': 'left', 'stabilize_anchor': False}, {'x_offset': 1.6246171701086225, 'y_offset': 0.7906518670585032, 'z_offset': 0.46618498610620096, 'patch_size': 0.0, 'side': 'right', 'stabilize_anchor': False}]"
4,25,3,0.5234036445617676,0.10000000149011612,"[25, 28, 10]","[{'x_offset': 3.022088945124633, 'y_offset': 0.8414328112800391, 'z_offset': 2.1382770550654513, 'patch_size': 0.0, 'side': 'left', 'stabilize_anchor': False}, {'x_offset': 1.6246171701086225, 'y_offset': 0.7906518670585032, 'z_offset': 0.46618498610620096, 'patch_size': 0.0, 'side': 'right', 'stabilize_anchor': False}, {'x_offset': 3.1039679569969767, 'y_offset': -0.552695997781169, 'z_offset': 1.9100137977127833, 'patch_size': 0.0, 'side': 'left', 'stabilize_anchor': False}]"
4,25,4,0.470344215631485,0.10000000149011612,"[25, 28, 10, 41]","[{'x_offset': 3.022088945124633, 'y_offset': 0.8414328112800391, 'z_offset': 2.1382770550654513, 'patch_size': 0.0, 'side': 'left', 'stabilize_anchor': False}, {'x_offset': 1.6246171701086225, 'y_offset': 0.7906518670585032, 'z_offset': 0.46618498610620096, 'patch_size': 0.0, 'side': 'right', 'stabilize_anchor': False}, {'x_offset': 3.1039679569969767, 'y_offset': -0.552695997781169, 'z_offset': 1.9100137977127833, 'patch_size': 0.0, 'side': 'left', 'stabilize_anchor': False}, {'x_offset': 0.28555767328410675, 'y_offset': 0.3737454252050718, 'z_offset': 0.12040388782058661, 'patch_size': 0.0, 'side': 'left', 'stabilize_anchor': False}]"
4,25,5,0.0,0.0,"[25, 28, 10, 41, 29]","[{'x_offset': 3.022088945124633, 'y_offset': 0.8414328112800391, 'z_offset': 2.1382770550654513, 'patch_size': 0.0, 'side': 'left', 'stabilize_anchor': False}, {'x_offset': 1.6246171701086225, 'y_offset': 0.7906518670585032, 'z_offset': 0.46618498610620096, 'patch_size': 0.0, 'side': 'right', 'stabilize_anchor': False}, {'x_offset': 3.1039679569969767, 'y_offset': -0.552695997781169, 'z_offset': 1.9100137977127833, 'patch_size': 0.0, 'side': 'left', 'stabilize_anchor': False}, {'x_offset': 0.28555767328410675, 'y_offset': 0.3737454252050718, 'z_offset': 0.12040388782058661, 'patch_size': 0.0, 'side': 'left', 'stabilize_anchor': False}, {'x_offset': 0.04551654136901773, 'y_offset': 0.7092486648712466, 'z_offset': 1.054363568796927, 'patch_size': 0.0, 'side': 'left', 'stabilize_anchor': False}]"
4,30,1,0.3867607116699219,0.0,[28],"[{'x_offset': 1.6246171701086225, 'y_offset': 0.7906518670585032, 'z_offset': 0.46618498610620096, 'patch_size': 0.0, 'side': 'right', 'stabilize_anchor': False}]"
4,30,2,0.36923903226852417,0.0,"[28, 23]","[{'x_offset': 1.6246171701086225, 'y_offset': 0.7906518670585032, 'z_offset': 0.46618498610620096, 'patch_size': 0.0, 'side': 'right', 'stabilize_anchor': False}, {'x_offset': -0.48217436563459526, 'y_offset': -0.07920656735289755, 'z_offset': 0.8844695336258673, 'patch_size': 0.0, 'side': 'left', 'stabilize_anchor': False}]"
4,30,3,0.0,0.0,"[28, 23, 5]","[{'x_offset': 1.6246171701086225, 'y_offset': 0.7906518670585032, 'z_offset': 0.46618498610620096, 'patch_size': 0.0, 'side': 'right', 'stabilize_anchor': False}, {'x_offset': -0.48217436563459526, 'y_offset': -0.07920656735289755, 'z_offset': 0.8844695336258673, 'patch_size': 0.0, 'side': 'left', 'stabilize_anchor': False}, {'x_offset': 0.20664760793503678, 'y_offset': 0.5111711962037522, 'z_offset': 2.2533065060573803, 'patch_size': 0.0, 'side': 'left', 'stabilize_anchor': False}]"
5,5,1,0.6390636563301086,0.10000000149011612,[40],"[{'x_offset': 2.815981772581157, 'y_offset': 0.39823274590517155, 'z_offset': 1.3165473304416053, 'patch_size': 0.0, 'side': 'left', 'stabilize_anchor': False}]"
5,5,2,0.6169832348823547,0.10000000149011612,"[40, 3]","[{'x_offset': 2.815981772581157, 'y_offset': 0.39823274590517155, 'z_offset': 1.3165473304416053, 'patch_size': 0.0, 'side': 'left', 'stabilize_anchor': False}, {'x_offset': -0.8163122660155072, 'y_offset': 0.34817866298402356, 'z_offset': 1.1790623504774753, 'patch_size': 0.0, 'side': 'left', 'stabilize_anchor': False}]"
5,5,3,0.6100479960441589,0.10000000149011612,"[40, 3, 16]","[{'x_offset': 2.815981772581157, 'y_offset': 0.39823274590517155, 'z_offset': 1.3165473304416053, 'patch_size': 0.0, 'side': 'left', 'stabilize_anchor': False}, {'x_offset': -0.8163122660155072, 'y_offset': 0.34817866298402356, 'z_offset': 1.1790623504774753, 'patch_size': 0.0, 'side': 'left', 'stabilize_anchor': False}, {'x_offset': -0.353978858922416, 'y_offset': -0.21043214112186664, 'z_offset': 0.6690560976456364, 'patch_size': 0.0, 'side': 'left', 'stabilize_anchor': False}]"
5,5,4,0.5853859186172485,0.10000000149011612,"[40, 3, 16, 14]","[{'x_offset': 2.815981772581157, 'y_offset': 0.39823274590517155, 'z_offset': 1.3165473304416053, 'patch_size': 0.0, 'side': 'left', 'stabilize_anchor': False}, {'x_offset': -0.8163122660155072, 'y_offset': 0.34817866298402356, 'z_offset': 1.1790623504774753, 'patch_size': 0.0, 'side': 'left', 'stabilize_anchor': False}, {'x_offset': -0.353978858922416, 'y_offset': -0.21043214112186664, 'z_offset': 0.6690560976456364, 'patch_size': 0.0, 'side': 'left', 'stabilize_anchor': False}, {'x_offset': -0.12002688267485595, 'y_offset': -0.4723409041090914, 'z_offset': 1.026244943181603, 'patch_size': 0.0, 'side': 'left', 'stabilize_anchor': False}]"
5,5,5,0.5740709900856018,0.10000000149011612,"[40, 3, 16, 14, 1]","[{'x_offset': 2.815981772581157, 'y_offset': 0.39823274590517155, 'z_offset': 1.3165473304416053, 'patch_size': 0.0, 'side': 'left', 'stabilize_anchor': False}, {'x_offset': -0.8163122660155072, 'y_offset': 0.34817866298402356, 'z_offset': 1.1790623504774753, 'patch_size': 0.0, 'side': 'left', 'stabilize_anchor': False}, {'x_offset': -0.353978858922416, 'y_offset': -0.21043214112186664, 'z_offset': 0.6690560976456364, 'patch_size': 0.0, 'side': 'left', 'stabilize_anchor': False}, {'x_offset': -0.12002688267485595, 'y_offset': -0.4723409041090914, 'z_offset': 1.026244943181603, 'patch_size': 0.0, 'side': 'left', 'stabilize_anchor': False}, {'x_offset': 1.7029096563014239, 'y_offset': 0.9079689121416523, 'z_offset': 0.9463511528656061, 'patch_size': 0.0, 'side': 'right', 'stabilize_anchor': False}]"
5,5,6,0.5623490214347839,0.10000000149011612,"[40, 3, 16, 14, 1, 36]","[{'x_offset': 2.815981772581157, 'y_offset': 0.39823274590517155, 'z_offset': 1.3165473304416053, 'patch_size': 0.0, 'side': 'left', 'stabilize_anchor': False}, {'x_offset': -0.8163122660155072, 'y_offset': 0.34817866298402356, 'z_offset': 1.1790623504774753, 'patch_size': 0.0, 'side': 'left', 'stabilize_anchor': False}, {'x_offset': -0.353978858922416, 'y_offset': -0.21043214112186664, 'z_offset': 0.6690560976456364, 'patch_size': 0.0, 'side': 'left', 'stabilize_anchor': False}, {'x_offset': -0.12002688267485595, 'y_offset': -0.4723409041090914, 'z_offset': 1.026244943181603, 'patch_size': 0.0, 'side': 'left', 'stabilize_anchor': False}, {'x_offset': 1.7029096563014239, 'y_offset': 0.9079689121416523, 'z_offset': 0.9463511528656061, 'patch_size': 0.0, 'side': 'right', 'stabilize_anchor': False}, {'x_offset': -0.471270806012132, 'y_offset': -0.04765565559953178, 'z_offset': 0.5438215346652971, 'patch_size': 0.0, 'side': 'right', 'stabilize_anchor': False}]"
5,10,1,0.6384850144386292,0.10000000149011612,[40],"[{'x_offset': 2.815981772581157, 'y_offset': 0.39823274590517155, 'z_offset': 1.3165473304416053, 'patch_size': 0.0, 'side': 'left', 'stabilize_anchor': False}]"
5,10,2,0.6238067150115967,0.10000000149011612,"[40, 20]","[{'x_offset': 2.815981772581157, 'y_offset': 0.39823274590517155, 'z_offset': 1.3165473304416053, 'patch_size': 0.0, 'side': 'left', 'stabilize_anchor': False}, {'x_offset': 3.6086320541090595, 'y_offset': 0.6282095207841045, 'z_offset': 2.1602354537182777, 'patch_size': 0.0, 'side': 'left', 'stabilize_anchor': False}]"
5,10,3,0.6182274222373962,0.10000000149011612,"[40, 20, 35]","[{'x_offset': 2.815981772581157, 'y_offset': 0.39823274590517155, 'z_offset': 1.3165473304416053, 'patch_size': 0.0, 'side': 'left', 'stabilize_anchor': False}, {'x_offset': 3.6086320541090595, 'y_offset': 0.6282095207841045, 'z_offset': 2.1602354537182777, 'patch_size': 0.0, 'side': 'left', 'stabilize_anchor': False}, {'x_offset': 1.1374106693760355, 'y_offset': 0.4864664989898133, 'z_offset': 0.3363537921959693, 'patch_size': 0.0, 'side': 'left', 'stabilize_anchor': False}]"
5,10,4,0.5979432463645935,0.10000000149011612,"[40, 20, 35, 39]","[{'x_offset': 2.815981772581157, 'y_offset': 0.39823274590517155, 'z_offset': 1.3165473304416053, 'patch_size': 0.0, 'side': 'left', 'stabilize_anchor': False}, {'x_offset': 3.6086320541090595, 'y_offset': 0.6282095207841045, 'z_offset': 2.1602354537182777, 'patch_size': 0.0, 'side': 'left', 'stabilize_anchor': False}, {'x_offset': 1.1374106693760355, 'y_offset': 0.4864664989898133, 'z_offset': 0.3363537921959693, 'patch_size': 0.0, 'side': 'left', 'stabilize_anchor': False}, {'x_offset': 1.5823842817881522, 'y_offset': 0.7992982052337425, 'z_offset': 0.8246107872893353, 'patch_size': 0.0, 'side': 'right', 'stabilize_anchor': False}]"
5,10,5,0.5746769309043884,0.0,"[40, 20, 35, 39, 49]","[{'x_offset': 2.815981772581157, 'y_offset': 0.39823274590517155, 'z_offset': 1.3165473304416053, 'patch_size': 0.0, 'side': 'left', 'stabilize_anchor': False}, {'x_offset': 3.6086320541090595, 'y_offset': 0.6282095207841045, 'z_offset': 2.1602354537182777, 'patch_size': 0.0, 'side': 'left', 'stabilize_anchor': False}, {'x_offset': 1.1374106693760355, 'y_offset': 0.4864664989898133, 'z_offset': 0.3363537921959693, 'patch_size': 0.0, 'side': 'left', 'stabilize_anchor': False}, {'x_offset': 1.5823842817881522, 'y_offset': 0.7992982052337425, 'z_offset': 0.8246107872893353, 'patch_size': 0.0, 'side': 'right', 'stabilize_anchor': False}, {'x_offset': -0.3425641477791954, 'y_offset': -0.5489601790574368, 'z_offset': 1.652210655446101, 'patch_size': 0.0, 'side': 'left', 'stabilize_anchor': False}]"
5,15,1,0.6774243116378784,0.10000000149011612,[10],"[{'x_offset': -0.1249998643951552, 'y_offset': 0.7855714935313898, 'z_offset': 2.062696715924923, 'patch_size': 0.0, 'side': 'left', 'stabilize_anchor': False}]"
5,15,2,0.6171568036079407,0.10000000149011612,"[10, 35]","[{'x_offset': -0.1249998643951552, 'y_offset': 0.7855714935313898, 'z_offset': 2.062696715924923, 'patch_size': 0.0, 'side': 'left', 'stabilize_anchor': False}, {'x_offset': 1.1374106693760355, 'y_offset': 0.4864664989898133, 'z_offset': 0.3363537921959693, 'patch_size': 0.0, 'side': 'left', 'stabilize_anchor': False}]"
5,15,3,0.6095941066741943,0.0,"[10, 35, 21]","[{'x_offset': -0.1249998643951552, 'y_offset': 0.7855714935313898, 'z_offset': 2.062696715924923, 'patch_size': 0.0, 'side': 'left', 'stabilize_anchor': False}, {'x_offset': 1.1374106693760355, 'y_offset': 0.4864664989898133, 'z_offset': 0.3363537921959693, 'patch_size': 0.0, 'side': 'left', 'stabilize_anchor': False}, {'x_offset': -0.13779115906121597, 'y_offset': 0.42327502606767586, 'z_offset': 1.6260915653026318, 'patch_size': 0.0, 'side': 'right', 'stabilize_anchor': False}]"
5,15,4,0.6042470335960388,0.0,"[10, 35, 21, 33]","[{'x_offset': -0.1249998643951552, 'y_offset': 0.7855714935313898, 'z_offset': 2.062696715924923, 'patch_size': 0.0, 'side': 'left', 'stabilize_anchor': False}, {'x_offset': 1.1374106693760355, 'y_offset': 0.4864664989898133, 'z_offset': 0.3363537921959693, 'patch_size': 0.0, 'side': 'left', 'stabilize_anchor': False}, {'x_offset': -0.13779115906121597, 'y_offset': 0.42327502606767586, 'z_offset': 1.6260915653026318, 'patch_size': 0.0, 'side': 'right', 'stabilize_anchor': False}, {'x_offset': 1.8852327047987014, 'y_offset': 0.43621521903771887, 'z_offset': 1.9096185264138794, 'patch_size': 0.0, 'side': 'left', 'stabilize_anchor': False}]"
5,15,5,0.5673189163208008,0.0,"[10, 35, 21, 33, 6]","[{'x_offset': -0.1249998643951552, 'y_offset': 0.7855714935313898, 'z_offset': 2.062696715924923, 'patch_size': 0.0, 'side': 'left', 'stabilize_anchor': False}, {'x_offset': 1.1374106693760355, 'y_offset': 0.4864664989898133, 'z_offset': 0.3363537921959693, 'patch_size': 0.0, 'side': 'left', 'stabilize_anchor': False}, {'x_offset': -0.13779115906121597, 'y_offset': 0.42327502606767586, 'z_offset': 1.6260915653026318, 'patch_size': 0.0, 'side': 'right', 'stabilize_anchor': False}, {'x_offset': 1.8852327047987014, 'y_offset': 0.43621521903771887, 'z_offset': 1.9096185264138794, 'patch_size': 0.0, 'side': 'left', 'stabilize_anchor': False}, {'x_offset': 0.8449120173705291, 'y_offset': 0.16681408026370903, 'z_offset': 0.45959631492598235, 'patch_size': 0.0, 'side': 'right', 'stabilize_anchor': False}]"
5,15,6,0.5137040615081787,0.0,"[10, 35, 21, 33, 6, 17]","[{'x_offset': -0.1249998643951552, 'y_offset': 0.7855714935313898, 'z_offset': 2.062696715924923, 'patch_size': 0.0, 'side': 'left', 'stabilize_anchor': False}, {'x_offset': 1.1374106693760355, 'y_offset': 0.4864664989898133, 'z_offset': 0.3363537921959693, 'patch_size': 0.0, 'side': 'left', 'stabilize_anchor': False}, {'x_offset': -0.13779115906121597, 'y_offset': 0.42327502606767586, 'z_offset': 1.6260915653026318, 'patch_size': 0.0, 'side': 'right', 'stabilize_anchor': False}, {'x_offset': 1.8852327047987014, 'y_offset': 0.43621521903771887, 'z_offset': 1.9096185264138794, 'patch_size': 0.0, 'side': 'left', 'stabilize_anchor': False}, {'x_offset': 0.8449120173705291, 'y_offset': 0.16681408026370903, 'z_offset': 0.45959631492598235, 'patch_size': 0.0, 'side': 'right', 'stabilize_anchor': False}, {'x_offset': 0.7299973088165332, 'y_offset': 0.6872501727323304, 'z_offset': 0.9421266030114657, 'patch_size': 0.0, 'side': 'right', 'stabilize_anchor': False}]"
5,15,7,0.4918045103549957,0.0,"[10, 35, 21, 33, 6, 17, 42]","[{'x_offset': -0.1249998643951552, 'y_offset': 0.7855714935313898, 'z_offset': 2.062696715924923, 'patch_size': 0.0, 'side': 'left', 'stabilize_anchor': False}, {'x_offset': 1.1374106693760355, 'y_offset': 0.4864664989898133, 'z_offset': 0.3363537921959693, 'patch_size': 0.0, 'side': 'left', 'stabilize_anchor': False}, {'x_offset': -0.13779115906121597, 'y_offset': 0.42327502606767586, 'z_offset': 1.6260915653026318, 'patch_size': 0.0, 'side': 'right', 'stabilize_anchor': False}, {'x_offset': 1.8852327047987014, 'y_offset': 0.43621521903771887, 'z_offset': 1.9096185264138794, 'patch_size': 0.0, 'side': 'left', 'stabilize_anchor': False}, {'x_offset': 0.8449120173705291, 'y_offset': 0.16681408026370903, 'z_offset': 0.45959631492598235, 'patch_size': 0.0, 'side': 'right', 'stabilize_anchor': False}, {'x_offset': 0.7299973088165332, 'y_offset': 0.6872501727323304, 'z_offset': 0.9421266030114657, 'patch_size': 0.0, 'side': 'right', 'stabilize_anchor': False}, {'x_offset': 3.464742902841885, 'y_offset': 0.9896048057639855, 'z_offset': 0.35809088285459245, 'patch_size': 0.0, 'side': 'left', 'stabilize_anchor': False}]"
5,15,8,0.45498839020729065,0.0,"[10, 35, 21, 33, 6, 17, 42, 9]","[{'x_offset': -0.1249998643951552, 'y_offset': 0.7855714935313898, 'z_offset': 2.062696715924923, 'patch_size': 0.0, 'side': 'left', 'stabilize_anchor': False}, {'x_offset': 1.1374106693760355, 'y_offset': 0.4864664989898133, 'z_offset': 0.3363537921959693, 'patch_size': 0.0, 'side': 'left', 'stabilize_anchor': False}, {'x_offset': -0.13779115906121597, 'y_offset': 0.42327502606767586, 'z_offset': 1.6260915653026318, 'patch_size': 0.0, 'side': 'right', 'stabilize_anchor': False}, {'x_offset': 1.8852327047987014, 'y_offset': 0.43621521903771887, 'z_offset': 1.9096185264138794, 'patch_size': 0.0, 'side': 'left', 'stabilize_anchor': False}, {'x_offset': 0.8449120173705291, 'y_offset': 0.16681408026370903, 'z_offset': 0.45959631492598235, 'patch_size': 0.0, 'side': 'right', 'stabilize_anchor': False}, {'x_offset': 0.7299973088165332, 'y_offset': 0.6872501727323304, 'z_offset': 0.9421266030114657, 'patch_size': 0.0, 'side': 'right', 'stabilize_anchor': False}, {'x_offset': 3.464742902841885, 'y_offset': 0.9896048057639855, 'z_offset': 0.35809088285459245, 'patch_size': 0.0, 'side': 'left', 'stabilize_anchor': False}, {'x_offset': 0.4081737694854801, 'y_offset': 0.708244320333498, 'z_offset': 1.176473972543471, 'patch_size': 0.0, 'side': 'right', 'stabilize_anchor': False}]"
5,15,9,0.4497857093811035,0.0,"[10, 35, 21, 33, 6, 17, 42, 9, 39]","[{'x_offset': -0.1249998643951552, 'y_offset': 0.7855714935313898, 'z_offset': 2.062696715924923, 'patch_size': 0.0, 'side': 'left', 'stabilize_anchor': False}, {'x_offset': 1.1374106693760355, 'y_offset': 0.4864664989898133, 'z_offset': 0.3363537921959693, 'patch_size': 0.0, 'side': 'left', 'stabilize_anchor': False}, {'x_offset': -0.13779115906121597, 'y_offset': 0.42327502606767586, 'z_offset': 1.6260915653026318, 'patch_size': 0.0, 'side': 'right', 'stabilize_anchor': False}, {'x_offset': 1.8852327047987014, 'y_offset': 0.43621521903771887, 'z_offset': 1.9096185264138794, 'patch_size': 0.0, 'side': 'left', 'stabilize_anchor': False}, {'x_offset': 0.8449120173705291, 'y_offset': 0.16681408026370903, 'z_offset': 0.45959631492598235, 'patch_size': 0.0, 'side': 'right', 'stabilize_anchor': False}, {'x_offset': 0.7299973088165332, 'y_offset': 0.6872501727323304, 'z_offset': 0.9421266030114657, 'patch_size': 0.0, 'side': 'right', 'stabilize_anchor': False}, {'x_offset': 3.464742902841885, 'y_offset': 0.9896048057639855, 'z_offset': 0.35809088285459245, 'patch_size': 0.0, 'side': 'left', 'stabilize_anchor': False}, {'x_offset': 0.4081737694854801, 'y_offset': 0.708244320333498, 'z_offset': 1.176473972543471, 'patch_size': 0.0, 'side': 'right', 'stabilize_anchor': False}, {'x_offset': 1.5823842817881522, 'y_offset': 0.7992982052337425, 'z_offset': 0.8246107872893353, 'patch_size': 0.0, 'side': 'right', 'stabilize_anchor': False}]"
5,15,10,0.40423932671546936,0.0,"[10, 35, 21, 33, 6, 17, 42, 9, 39, 1]","[{'x_offset': -0.1249998643951552, 'y_offset': 0.7855714935313898, 'z_offset': 2.062696715924923, 'patch_size': 0.0, 'side': 'left', 'stabilize_anchor': False}, {'x_offset': 1.1374106693760355, 'y_offset': 0.4864664989898133, 'z_offset': 0.3363537921959693, 'patch_size': 0.0, 'side': 'left', 'stabilize_anchor': False}, {'x_offset': -0.13779115906121597, 'y_offset': 0.42327502606767586, 'z_offset': 1.6260915653026318, 'patch_size': 0.0, 'side': 'right', 'stabilize_anchor': False}, {'x_offset': 1.8852327047987014, 'y_offset': 0.43621521903771887, 'z_offset': 1.9096185264138794, 'patch_size': 0.0, 'side': 'left', 'stabilize_anchor': False}, {'x_offset': 0.8449120173705291, 'y_offset': 0.16681408026370903, 'z_offset': 0.45959631492598235, 'patch_size': 0.0, 'side': 'right', 'stabilize_anchor': False}, {'x_offset': 0.7299973088165332, 'y_offset': 0.6872501727323304, 'z_offset': 0.9421266030114657, 'patch_size': 0.0, 'side': 'right', 'stabilize_anchor': False}, {'x_offset': 3.464742902841885, 'y_offset': 0.9896048057639855, 'z_offset': 0.35809088285459245, 'patch_size': 0.0, 'side': 'left', 'stabilize_anchor': False}, {'x_offset': 0.4081737694854801, 'y_offset': 0.708244320333498, 'z_offset': 1.176473972543471, 'patch_size': 0.0, 'side': 'right', 'stabilize_anchor': False}, {'x_offset': 1.5823842817881522, 'y_offset': 0.7992982052337425, 'z_offset': 0.8246107872893353, 'patch_size': 0.0, 'side': 'right', 'stabilize_anchor': False}, {'x_offset': 1.7029096563014239, 'y_offset': 0.9079689121416523, 'z_offset': 0.9463511528656061, 'patch_size': 0.0, 'side': 'right', 'stabilize_anchor': False}]"
5,20,1,0.7267592549324036,0.10000000149011612,[46],"[{'x_offset': 1.6893246335004455, 'y_offset': 0.8211966908072834, 'z_offset': 1.8145017054024684, 'patch_size': 0.0, 'side': 'left', 'stabilize_anchor': False}]"
5,20,2,0.7172450423240662,0.10000000149011612,"[46, 6]","[{'x_offset': 1.6893246335004455, 'y_offset': 0.8211966908072834, 'z_offset': 1.8145017054024684, 'patch_size': 0.0, 'side': 'left', 'stabilize_anchor': False}, {'x_offset': 0.8449120173705291, 'y_offset': 0.16681408026370903, 'z_offset': 0.45959631492598235, 'patch_size': 0.0, 'side': 'right', 'stabilize_anchor': False}]"
5,20,3,0.7025522589683533,0.10000000149011612,"[46, 6, 30]","[{'x_offset': 1.6893246335004455, 'y_offset': 0.8211966908072834, 'z_offset': 1.8145017054024684, 'patch_size': 0.0, 'side': 'left', 'stabilize_anchor': False}, {'x_offset': 0.8449120173705291, 'y_offset': 0.16681408026370903, 'z_offset': 0.45959631492598235, 'patch_size': 0.0, 'side': 'right', 'stabilize_anchor': False}, {'x_offset': 0.5121610419828575, 'y_offset': -0.6537112518533192, 'z_offset': 1.7442916633998544, 'patch_size': 0.0, 'side': 'right', 'stabilize_anchor': False}]"
5,20,4,0.6625767946243286,0.10000000149011612,"[46, 6, 30, 35]","[{'x_offset': 1.6893246335004455, 'y_offset': 0.8211966908072834, 'z_offset': 1.8145017054024684, 'patch_size': 0.0, 'side': 'left', 'stabilize_anchor': False}, {'x_offset': 0.8449120173705291, 'y_offset': 0.16681408026370903, 'z_offset': 0.45959631492598235, 'patch_size': 0.0, 'side': 'right', 'stabilize_anchor': False}, {'x_offset': 0.5121610419828575, 'y_offset': -0.6537112518533192, 'z_offset': 1.7442916633998544, 'patch_size': 0.0, 'side': 'right', 'stabilize_anchor': False}, {'x_offset': 1.1374106693760355, 'y_offset': 0.4864664989898133, 'z_offset': 0.3363537921959693, 'patch_size': 0.0, 'side': 'left', 'stabilize_anchor': False}]"
5,20,5,0.6461780071258545,0.10000000149011612,"[46, 6, 30, 35, 10]","[{'x_offset': 1.6893246335004455, 'y_offset': 0.8211966908072834, 'z_offset': 1.8145017054024684, 'patch_size': 0.0, 'side': 'left', 'stabilize_anchor': False}, {'x_offset': 0.8449120173705291, 'y_offset': 0.16681408026370903, 'z_offset': 0.45959631492598235, 'patch_size': 0.0, 'side': 'right', 'stabilize_anchor': False}, {'x_offset': 0.5121610419828575, 'y_offset': -0.6537112518533192, 'z_offset': 1.7442916633998544, 'patch_size': 0.0, 'side': 'right', 'stabilize_anchor': False}, {'x_offset': 1.1374106693760355, 'y_offset': 0.4864664989898133, 'z_offset': 0.3363537921959693, 'patch_size': 0.0, 'side': 'left', 'stabilize_anchor': False}, {'x_offset': -0.1249998643951552, 'y_offset': 0.7855714935313898, 'z_offset': 2.062696715924923, 'patch_size': 0.0, 'side': 'left', 'stabilize_anchor': False}]"
5,20,6,0.5735718607902527,0.10000000149011612,"[46, 6, 30, 35, 10, 47]","[{'x_offset': 1.6893246335004455, 'y_offset': 0.8211966908072834, 'z_offset': 1.8145017054024684, 'patch_size': 0.0, 'side': 'left', 'stabilize_anchor': False}, {'x_offset': 0.8449120173705291, 'y_offset': 0.16681408026370903, 'z_offset': 0.45959631492598235, 'patch_size': 0.0, 'side': 'right', 'stabilize_anchor': False}, {'x_offset': 0.5121610419828575, 'y_offset': -0.6537112518533192, 'z_offset': 1.7442916633998544, 'patch_size': 0.0, 'side': 'right', 'stabilize_anchor': False}, {'x_offset': 1.1374106693760355, 'y_offset': 0.4864664989898133, 'z_offset': 0.3363537921959693, 'patch_size': 0.0, 'side': 'left', 'stabilize_anchor': False}, {'x_offset': -0.1249998643951552, 'y_offset': 0.7855714935313898, 'z_offset': 2.062696715924923, 'patch_size': 0.0, 'side': 'left', 'stabilize_anchor': False}, {'x_offset': -0.014173949429357124, 'y_offset': 0.9991296847129674, 'z_offset': 2.0078739736760083, 'patch_size': 0.0, 'side': 'right', 'stabilize_anchor': False}]"
5,20,7,0.5645614862442017,0.10000000149011612,"[46, 6, 30, 35, 10, 47, 23]","[{'x_offset': 1.6893246335004455, 'y_offset': 0.8211966908072834, 'z_offset': 1.8145017054024684, 'patch_size': 0.0, 'side': 'left', 'stabilize_anchor': False}, {'x_offset': 0.8449120173705291, 'y_offset': 0.16681408026370903, 'z_offset': 0.45959631492598235, 'patch_size': 0.0, 'side': 'right', 'stabilize_anchor': False}, {'x_offset': 0.5121610419828575, 'y_offset': -0.6537112518533192, 'z_offset': 1.7442916633998544, 'patch_size': 0.0, 'side': 'right', 'stabilize_anchor': False}, {'x_offset': 1.1374106693760355, 'y_offset': 0.4864664989898133, 'z_offset': 0.3363537921959693, 'patch_size': 0.0, 'side': 'left', 'stabilize_anchor': False}, {'x_offset': -0.1249998643951552, 'y_offset': 0.7855714935313898, 'z_offset': 2.062696715924923, 'patch_size': 0.0, 'side': 'left', 'stabilize_anchor': False}, {'x_offset': -0.014173949429357124, 'y_offset': 0.9991296847129674, 'z_offset': 2.0078739736760083, 'patch_size': 0.0, 'side': 'right', 'stabilize_anchor': False}, {'x_offset': 1.1590344218161532, 'y_offset': 0.8585008953399837, 'z_offset': 1.5415429367592222, 'patch_size': 0.0, 'side': 'right', 'stabilize_anchor': False}]"
5,20,8,0.3753718435764313,0.10000000149011612,"[46, 6, 30, 35, 10, 47, 23, 25]","[{'x_offset': 1.6893246335004455, 'y_offset': 0.8211966908072834, 'z_offset': 1.8145017054024684, 'patch_size': 0.0, 'side': 'left', 'stabilize_anchor': False}, {'x_offset': 0.8449120173705291, 'y_offset': 0.16681408026370903, 'z_offset': 0.45959631492598235, 'patch_size': 0.0, 'side': 'right', 'stabilize_anchor': False}, {'x_offset': 0.5121610419828575, 'y_offset': -0.6537112518533192, 'z_offset': 1.7442916633998544, 'patch_size': 0.0, 'side': 'right', 'stabilize_anchor': False}, {'x_offset': 1.1374106693760355, 'y_offset': 0.4864664989898133, 'z_offset': 0.3363537921959693, 'patch_size': 0.0, 'side': 'left', 'stabilize_anchor': False}, {'x_offset': -0.1249998643951552, 'y_offset': 0.7855714935313898, 'z_offset': 2.062696715924923, 'patch_size': 0.0, 'side': 'left', 'stabilize_anchor': False}, {'x_offset': -0.014173949429357124, 'y_offset': 0.9991296847129674, 'z_offset': 2.0078739736760083, 'patch_size': 0.0, 'side': 'right', 'stabilize_anchor': False}, {'x_offset': 1.1590344218161532, 'y_offset': 0.8585008953399837, 'z_offset': 1.5415429367592222, 'patch_size': 0.0, 'side': 'right', 'stabilize_anchor': False}, {'x_offset': -0.4609410619518325, 'y_offset': -0.13165929166945722, 'z_offset': 1.7103529533657043, 'patch_size': 0.0, 'side': 'left', 'stabilize_anchor': False}]"
5,20,9,0.0,0.10000000149011612,"[46, 6, 30, 35, 10, 47, 23, 25, 36]","[{'x_offset': 1.6893246335004455, 'y_offset': 0.8211966908072834, 'z_offset': 1.8145017054024684, 'patch_size': 0.0, 'side': 'left', 'stabilize_anchor': False}, {'x_offset': 0.8449120173705291, 'y_offset': 0.16681408026370903, 'z_offset': 0.45959631492598235, 'patch_size': 0.0, 'side': 'right', 'stabilize_anchor': False}, {'x_offset': 0.5121610419828575, 'y_offset': -0.6537112518533192, 'z_offset': 1.7442916633998544, 'patch_size': 0.0, 'side': 'right', 'stabilize_anchor': False}, {'x_offset': 1.1374106693760355, 'y_offset': 0.4864664989898133, 'z_offset': 0.3363537921959693, 'patch_size': 0.0, 'side': 'left', 'stabilize_anchor': False}, {'x_offset': -0.1249998643951552, 'y_offset': 0.7855714935313898, 'z_offset': 2.062696715924923, 'patch_size': 0.0, 'side': 'left', 'stabilize_anchor': False}, {'x_offset': -0.014173949429357124, 'y_offset': 0.9991296847129674, 'z_offset': 2.0078739736760083, 'patch_size': 0.0, 'side': 'right', 'stabilize_anchor': False}, {'x_offset': 1.1590344218161532, 'y_offset': 0.8585008953399837, 'z_offset': 1.5415429367592222, 'patch_size': 0.0, 'side': 'right', 'stabilize_anchor': False}, {'x_offset': -0.4609410619518325, 'y_offset': -0.13165929166945722, 'z_offset': 1.7103529533657043, 'patch_size': 0.0, 'side': 'left', 'stabilize_anchor': False}, {'x_offset': -0.471270806012132, 'y_offset': -0.04765565559953178, 'z_offset': 0.5438215346652971, 'patch_size': 0.0, 'side': 'right', 'stabilize_anchor': False}]"
5,20,10,0.0,0.0,"[46, 6, 30, 35, 10, 47, 23, 25, 36, 21]","[{'x_offset': 1.6893246335004455, 'y_offset': 0.8211966908072834, 'z_offset': 1.8145017054024684, 'patch_size': 0.0, 'side': 'left', 'stabilize_anchor': False}, {'x_offset': 0.8449120173705291, 'y_offset': 0.16681408026370903, 'z_offset': 0.45959631492598235, 'patch_size': 0.0, 'side': 'right', 'stabilize_anchor': False}, {'x_offset': 0.5121610419828575, 'y_offset': -0.6537112518533192, 'z_offset': 1.7442916633998544, 'patch_size': 0.0, 'side': 'right', 'stabilize_anchor': False}, {'x_offset': 1.1374106693760355, 'y_offset': 0.4864664989898133, 'z_offset': 0.3363537921959693, 'patch_size': 0.0, 'side': 'left', 'stabilize_anchor': False}, {'x_offset': -0.1249998643951552, 'y_offset': 0.7855714935313898, 'z_offset': 2.062696715924923, 'patch_size': 0.0, 'side': 'left', 'stabilize_anchor': False}, {'x_offset': -0.014173949429357124, 'y_offset': 0.9991296847129674, 'z_offset': 2.0078739736760083, 'patch_size': 0.0, 'side': 'right', 'stabilize_anchor': False}, {'x_offset': 1.1590344218161532, 'y_offset': 0.8585008953399837, 'z_offset': 1.5415429367592222, 'patch_size': 0.0, 'side': 'right', 'stabilize_anchor': False}, {'x_offset': -0.4609410619518325, 'y_offset': -0.13165929166945722, 'z_offset': 1.7103529533657043, 'patch_size': 0.0, 'side': 'left', 'stabilize_anchor': False}, {'x_offset': -0.471270806012132, 'y_offset': -0.04765565559953178, 'z_offset': 0.5438215346652971, 'patch_size': 0.0, 'side': 'right', 'stabilize_anchor': False}, {'x_offset': -0.13779115906121597, 'y_offset': 0.42327502606767586, 'z_offset': 1.6260915653026318, 'patch_size': 0.0, 'side': 'right', 'stabilize_anchor': False}]"
5,25,1,0.5927111506462097,0.10000000149011612,[41],"[{'x_offset': 1.4887961864888708, 'y_offset': -0.41123107590805197, 'z_offset': 2.1884875167139475, 'patch_size': 0.0, 'side': 'left', 'stabilize_anchor': False}]"
5,25,2,0.0,0.0,"[41, 28]","[{'x_offset': 1.4887961864888708, 'y_offset': -0.41123107590805197, 'z_offset': 2.1884875167139475, 'patch_size': 0.0, 'side': 'left', 'stabilize_anchor': False}, {'x_offset': -0.18086588615097954, 'y_offset': 0.4350353996764955, 'z_offset': 1.3979518709796759, 'patch_size': 0.0, 'side': 'left', 'stabilize_anchor': False}]"
5,30,1,0.5471012592315674,0.0,[13],"[{'x_offset': 3.478972744787189, 'y_offset': -0.418470497286779, 'z_offset': 1.7657310382014222, 'patch_size': 0.0, 'side': 'right', 'stabilize_anchor': False}]"
5,30,2,0.4228135943412781,0.0,"[13, 47]","[{'x_offset': 3.478972744787189, 'y_offset': -0.418470497286779, 'z_offset': 1.7657310382014222, 'patch_size': 0.0, 'side': 'right', 'stabilize_anchor': False}, {'x_offset': -0.014173949429357124, 'y_offset': 0.9991296847129674, 'z_offset': 2.0078739736760083, 'patch_size': 0.0, 'side': 'right', 'stabilize_anchor': False}]"
5,30,3,0.40039587020874023,0.0,"[13, 47, 10]","[{'x_offset': 3.478972744787189, 'y_offset': -0.418470497286779, 'z_offset': 1.7657310382014222, 'patch_size': 0.0, 'side': 'right', 'stabilize_anchor': False}, {'x_offset': -0.014173949429357124, 'y_offset': 0.9991296847129674, 'z_offset': 2.0078739736760083, 'patch_size': 0.0, 'side': 'right', 'stabilize_anchor': False}, {'x_offset': -0.1249998643951552, 'y_offset': 0.7855714935313898, 'z_offset': 2.062696715924923, 'patch_size': 0.0, 'side': 'left', 'stabilize_anchor': False}]"
5,30,4,0.38927993178367615,0.0,"[13, 47, 10, 1]","[{'x_offset': 3.478972744787189, 'y_offset': -0.418470497286779, 'z_offset': 1.7657310382014222, 'patch_size': 0.0, 'side': 'right', 'stabilize_anchor': False}, {'x_offset': -0.014173949429357124, 'y_offset': 0.9991296847129674, 'z_offset': 2.0078739736760083, 'patch_size': 0.0, 'side': 'right', 'stabilize_anchor': False}, {'x_offset': -0.1249998643951552, 'y_offset': 0.7855714935313898, 'z_offset': 2.062696715924923, 'patch_size': 0.0, 'side': 'left', 'stabilize_anchor': False}, {'x_offset': 1.7029096563014239, 'y_offset': 0.9079689121416523, 'z_offset': 0.9463511528656061, 'patch_size': 0.0, 'side': 'right', 'stabilize_anchor': False}]"
5,30,5,0.3718750774860382,0.0,"[13, 47, 10, 1, 30]","[{'x_offset': 3.478972744787189, 'y_offset': -0.418470497286779, 'z_offset': 1.7657310382014222, 'patch_size': 0.0, 'side': 'right', 'stabilize_anchor': False}, {'x_offset': -0.014173949429357124, 'y_offset': 0.9991296847129674, 'z_offset': 2.0078739736760083, 'patch_size': 0.0, 'side': 'right', 'stabilize_anchor': False}, {'x_offset': -0.1249998643951552, 'y_offset': 0.7855714935313898, 'z_offset': 2.062696715924923, 'patch_size': 0.0, 'side': 'left', 'stabilize_anchor': False}, {'x_offset': 1.7029096563014239, 'y_offset': 0.9079689121416523, 'z_offset': 0.9463511528656061, 'patch_size': 0.0, 'side': 'right', 'stabilize_anchor': False}, {'x_offset': 0.5121610419828575, 'y_offset': -0.6537112518533192, 'z_offset': 1.7442916633998544, 'patch_size': 0.0, 'side': 'right', 'stabilize_anchor': False}]"
5,30,6,0.0,0.0,"[13, 47, 10, 1, 30, 5]","[{'x_offset': 3.478972744787189, 'y_offset': -0.418470497286779, 'z_offset': 1.7657310382014222, 'patch_size': 0.0, 'side': 'right', 'stabilize_anchor': False}, {'x_offset': -0.014173949429357124, 'y_offset': 0.9991296847129674, 'z_offset': 2.0078739736760083, 'patch_size': 0.0, 'side': 'right', 'stabilize_anchor': False}, {'x_offset': -0.1249998643951552, 'y_offset': 0.7855714935313898, 'z_offset': 2.062696715924923, 'patch_size': 0.0, 'side': 'left', 'stabilize_anchor': False}, {'x_offset': 1.7029096563014239, 'y_offset': 0.9079689121416523, 'z_offset': 0.9463511528656061, 'patch_size': 0.0, 'side': 'right', 'stabilize_anchor': False}, {'x_offset': 0.5121610419828575, 'y_offset': -0.6537112518533192, 'z_offset': 1.7442916633998544, 'patch_size': 0.0, 'side': 'right', 'stabilize_anchor': False}, {'x_offset': -0.008728508660651113, 'y_offset': -0.43622510717316243, 'z_offset': 0.627112065197819, 'patch_size': 0.0, 'side': 'left', 'stabilize_anchor': False}]"
6,5,1,0.6202369332313538,0.10000000149011612,[33],"[{'x_offset': 0.8043020082524079, 'y_offset': 0.13110971752430245, 'z_offset': 0.8720687337419162, 'patch_size': 0.0, 'side': 'left', 'stabilize_anchor': False}]"
6,5,2,0.6130064129829407,0.10000000149011612,"[33, 8]","[{'x_offset': 0.8043020082524079, 'y_offset': 0.13110971752430245, 'z_offset': 0.8720687337419162, 'patch_size': 0.0, 'side': 'left', 'stabilize_anchor': False}, {'x_offset': 0.29273456961505495, 'y_offset': -0.6623587708536769, 'z_offset': 2.0740185424440543, 'patch_size': 0.0, 'side': 'right', 'stabilize_anchor': False}]"
6,5,3,0.6073837876319885,0.0,"[33, 8, 35]","[{'x_offset': 0.8043020082524079, 'y_offset': 0.13110971752430245, 'z_offset': 0.8720687337419162, 'patch_size': 0.0, 'side': 'left', 'stabilize_anchor': False}, {'x_offset': 0.29273456961505495, 'y_offset': -0.6623587708536769, 'z_offset': 2.0740185424440543, 'patch_size': 0.0, 'side': 'right', 'stabilize_anchor': False}, {'x_offset': -0.752781878361943, 'y_offset': -0.28394588252704067, 'z_offset': 0.5488260126467533, 'patch_size': 0.0, 'side': 'right', 'stabilize_anchor': False}]"
6,5,4,0.5959802269935608,0.0,"[33, 8, 35, 36]","[{'x_offset': 0.8043020082524079, 'y_offset': 0.13110971752430245, 'z_offset': 0.8720687337419162, 'patch_size': 0.0, 'side': 'left', 'stabilize_anchor': False}, {'x_offset': 0.29273456961505495, 'y_offset': -0.6623587708536769, 'z_offset': 2.0740185424440543, 'patch_size': 0.0, 'side': 'right', 'stabilize_anchor': False}, {'x_offset': -0.752781878361943, 'y_offset': -0.28394588252704067, 'z_offset': 0.5488260126467533, 'patch_size': 0.0, 'side': 'right', 'stabilize_anchor': False}, {'x_offset': -0.3927404140380344, 'y_offset': -0.24366485954951805, 'z_offset': 1.5965397489968964, 'patch_size': 0.0, 'side': 'right', 'stabilize_anchor': False}]"
6,5,5,0.5726449489593506,0.0,"[33, 8, 35, 36, 3]","[{'x_offset': 0.8043020082524079, 'y_offset': 0.13110971752430245, 'z_offset': 0.8720687337419162, 'patch_size': 0.0, 'side': 'left', 'stabilize_anchor': False}, {'x_offset': 0.29273456961505495, 'y_offset': -0.6623587708536769, 'z_offset': 2.0740185424440543, 'patch_size': 0.0, 'side': 'right', 'stabilize_anchor': False}, {'x_offset': -0.752781878361943, 'y_offset': -0.28394588252704067, 'z_offset': 0.5488260126467533, 'patch_size': 0.0, 'side': 'right', 'stabilize_anchor': False}, {'x_offset': -0.3927404140380344, 'y_offset': -0.24366485954951805, 'z_offset': 1.5965397489968964, 'patch_size': 0.0, 'side': 'right', 'stabilize_anchor': False}, {'x_offset': 1.3532167155962713, 'y_offset': 0.9157083543552957, 'z_offset': 1.2684292321156179, 'patch_size': 0.0, 'side': 'right', 'stabilize_anchor': False}]"
6,5,6,0.565158486366272,0.0,"[33, 8, 35, 36, 3, 29]","[{'x_offset': 0.8043020082524079, 'y_offset': 0.13110971752430245, 'z_offset': 0.8720687337419162, 'patch_size': 0.0, 'side': 'left', 'stabilize_anchor': False}, {'x_offset': 0.29273456961505495, 'y_offset': -0.6623587708536769, 'z_offset': 2.0740185424440543, 'patch_size': 0.0, 'side': 'right', 'stabilize_anchor': False}, {'x_offset': -0.752781878361943, 'y_offset': -0.28394588252704067, 'z_offset': 0.5488260126467533, 'patch_size': 0.0, 'side': 'right', 'stabilize_anchor': False}, {'x_offset': -0.3927404140380344, 'y_offset': -0.24366485954951805, 'z_offset': 1.5965397489968964, 'patch_size': 0.0, 'side': 'right', 'stabilize_anchor': False}, {'x_offset': 1.3532167155962713, 'y_offset': 0.9157083543552957, 'z_offset': 1.2684292321156179, 'patch_size': 0.0, 'side': 'right', 'stabilize_anchor': False}, {'x_offset': 0.38816271830777493, 'y_offset': -0.3191590040182082, 'z_offset': 1.525149704991805, 'patch_size': 0.0, 'side': 'left', 'stabilize_anchor': False}]"
6,5,7,0.5530518293380737,0.0,"[33, 8, 35, 36, 3, 29, 42]","[{'x_offset': 0.8043020082524079, 'y_offset': 0.13110971752430245, 'z_offset': 0.8720687337419162, 'patch_size': 0.0, 'side': 'left', 'stabilize_anchor': False}, {'x_offset': 0.29273456961505495, 'y_offset': -0.6623587708536769, 'z_offset': 2.0740185424440543, 'patch_size': 0.0, 'side': 'right', 'stabilize_anchor': False}, {'x_offset': -0.752781878361943, 'y_offset': -0.28394588252704067, 'z_offset': 0.5488260126467533, 'patch_size': 0.0, 'side': 'right', 'stabilize_anchor': False}, {'x_offset': -0.3927404140380344, 'y_offset': -0.24366485954951805, 'z_offset': 1.5965397489968964, 'patch_size': 0.0, 'side': 'right', 'stabilize_anchor': False}, {'x_offset': 1.3532167155962713, 'y_offset': 0.9157083543552957, 'z_offset': 1.2684292321156179, 'patch_size': 0.0, 'side': 'right', 'stabilize_anchor': False}, {'x_offset': 0.38816271830777493, 'y_offset': -0.3191590040182082, 'z_offset': 1.525149704991805, 'patch_size': 0.0, 'side': 'left', 'stabilize_anchor': False}, {'x_offset': 0.8664862031163403, 'y_offset': 0.43858304492767886, 'z_offset': 0.4934292254573398, 'patch_size': 0.0, 'side': 'left', 'stabilize_anchor': False}]"
6,10,1,0.7301092743873596,0.10000000149011612,[32],"[{'x_offset': 1.3456375576028128, 'y_offset': 0.521255264280349, 'z_offset': 0.8924174019921162, 'patch_size': 0.0, 'side': 'right', 'stabilize_anchor': False}]"
6,10,2,0.7213193774223328,0.10000000149011612,"[32, 34]","[{'x_offset': 1.3456375576028128, 'y_offset': 0.521255264280349, 'z_offset': 0.8924174019921162, 'patch_size': 0.0, 'side': 'right', 'stabilize_anchor': False}, {'x_offset': 2.8688134241251393, 'y_offset': 0.1756481334723513, 'z_offset': 0.7898014151149643, 'patch_size': 0.0, 'side': 'right', 'stabilize_anchor': False}]"
6,10,3,0.7070426940917969,0.10000000149011612,"[32, 34, 13]","[{'x_offset': 1.3456375576028128, 'y_offset': 0.521255264280349, 'z_offset': 0.8924174019921162, 'patch_size': 0.0, 'side': 'right', 'stabilize_anchor': False}, {'x_offset': 2.8688134241251393, 'y_offset': 0.1756481334723513, 'z_offset': 0.7898014151149643, 'patch_size': 0.0, 'side': 'right', 'stabilize_anchor': False}, {'x_offset': -0.19413576158085555, 'y_offset': 0.3854857684493136, 'z_offset': 0.06376013513809503, 'patch_size': 0.0, 'side': 'left', 'stabilize_anchor': False}]"
6,10,4,0.696357011795044,0.10000000149011612,"[32, 34, 13, 24]","[{'x_offset': 1.3456375576028128, 'y_offset': 0.521255264280349, 'z_offset': 0.8924174019921162, 'patch_size': 0.0, 'side': 'right', 'stabilize_anchor': False}, {'x_offset': 2.8688134241251393, 'y_offset': 0.1756481334723513, 'z_offset': 0.7898014151149643, 'patch_size': 0.0, 'side': 'right', 'stabilize_anchor': False}, {'x_offset': -0.19413576158085555, 'y_offset': 0.3854857684493136, 'z_offset': 0.06376013513809503, 'patch_size': 0.0, 'side': 'left', 'stabilize_anchor': False}, {'x_offset': 3.796565252929982, 'y_offset': 0.8135727612736128, 'z_offset': 1.6226875803702152, 'patch_size': 0.0, 'side': 'left', 'stabilize_anchor': False}]"
6,10,5,0.6751382350921631,0.10000000149011612,"[32, 34, 13, 24, 25]","[{'x_offset': 1.3456375576028128, 'y_offset': 0.521255264280349, 'z_offset': 0.8924174019921162, 'patch_size': 0.0, 'side': 'right', 'stabilize_anchor': False}, {'x_offset': 2.8688134241251393, 'y_offset': 0.1756481334723513, 'z_offset': 0.7898014151149643, 'patch_size': 0.0, 'side': 'right', 'stabilize_anchor': False}, {'x_offset': -0.19413576158085555, 'y_offset': 0.3854857684493136, 'z_offset': 0.06376013513809503, 'patch_size': 0.0, 'side': 'left', 'stabilize_anchor': False}, {'x_offset': 3.796565252929982, 'y_offset': 0.8135727612736128, 'z_offset': 1.6226875803702152, 'patch_size': 0.0, 'side': 'left', 'stabilize_anchor': False}, {'x_offset': 2.9868775171692237, 'y_offset': -0.33538803660162053, 'z_offset': 1.6811090768347927, 'patch_size': 0.0, 'side': 'right', 'stabilize_anchor': False}]"
6,10,6,0.6626744270324707,0.10000000149011612,"[32, 34, 13, 24, 25, 5]","[{'x_offset': 1.3456375576028128, 'y_offset': 0.521255264280349, 'z_offset': 0.8924174019921162, 'patch_size': 0.0, 'side': 'right', 'stabilize_anchor': False}, {'x_offset': 2.8688134241251393, 'y_offset': 0.1756481334723513, 'z_offset': 0.7898014151149643, 'patch_size': 0.0, 'side': 'right', 'stabilize_anchor': False}, {'x_offset': -0.19413576158085555, 'y_offset': 0.3854857684493136, 'z_offset': 0.06376013513809503, 'patch_size': 0.0, 'side': 'left', 'stabilize_anchor': False}, {'x_offset': 3.796565252929982, 'y_offset': 0.8135727612736128, 'z_offset': 1.6226875803702152, 'patch_size': 0.0, 'side': 'left', 'stabilize_anchor': False}, {'x_offset': 2.9868775171692237, 'y_offset': -0.33538803660162053, 'z_offset': 1.6811090768347927, 'patch_size': 0.0, 'side': 'right', 'stabilize_anchor': False}, {'x_offset': 0.9509834704009588, 'y_offset': 0.6262234768103865, 'z_offset': 1.7213782097915442, 'patch_size': 0.0, 'side': 'left', 'stabilize_anchor': False}]"
6,10,7,0.6142334342002869,0.10000000149011612,"[32, 34, 13, 24, 25, 5, 28]","[{'x_offset': 1.3456375576028128, 'y_offset': 0.521255264280349, 'z_offset': 0.8924174019921162, 'patch_size': 0.0, 'side': 'right', 'stabilize_anchor': False}, {'x_offset': 2.8688134241251393, 'y_offset': 0.1756481334723513, 'z_offset': 0.7898014151149643, 'patch_size': 0.0, 'side': 'right', 'stabilize_anchor': False}, {'x_offset': -0.19413576158085555, 'y_offset': 0.3854857684493136, 'z_offset': 0.06376013513809503, 'patch_size': 0.0, 'side': 'left', 'stabilize_anchor': False}, {'x_offset': 3.796565252929982, 'y_offset': 0.8135727612736128, 'z_offset': 1.6226875803702152, 'patch_size': 0.0, 'side': 'left', 'stabilize_anchor': False}, {'x_offset': 2.9868775171692237, 'y_offset': -0.33538803660162053, 'z_offset': 1.6811090768347927, 'patch_size': 0.0, 'side': 'right', 'stabilize_anchor': False}, {'x_offset': 0.9509834704009588, 'y_offset': 0.6262234768103865, 'z_offset': 1.7213782097915442, 'patch_size': 0.0, 'side': 'left', 'stabilize_anchor': False}, {'x_offset': 1.2100287889965342, 'y_offset': -0.2644776491692227, 'z_offset': 2.062153932406984, 'patch_size': 0.0, 'side': 'left', 'stabilize_anchor': False}]"
6,10,8,0.5852290987968445,0.10000000149011612,"[32, 34, 13, 24, 25, 5, 28, 23]","[{'x_offset': 1.3456375576028128, 'y_offset': 0.521255264280349, 'z_offset': 0.8924174019921162, 'patch_size': 0.0, 'side': 'right', 'stabilize_anchor': False}, {'x_offset': 2.8688134241251393, 'y_offset': 0.1756481334723513, 'z_offset': 0.7898014151149643, 'patch_size': 0.0, 'side': 'right', 'stabilize_anchor': False}, {'x_offset': -0.19413576158085555, 'y_offset': 0.3854857684493136, 'z_offset': 0.06376013513809503, 'patch_size': 0.0, 'side': 'left', 'stabilize_anchor': False}, {'x_offset': 3.796565252929982, 'y_offset': 0.8135727612736128, 'z_offset': 1.6226875803702152, 'patch_size': 0.0, 'side': 'left', 'stabilize_anchor': False}, {'x_offset': 2.9868775171692237, 'y_offset': -0.33538803660162053, 'z_offset': 1.6811090768347927, 'patch_size': 0.0, 'side': 'right', 'stabilize_anchor': False}, {'x_offset': 0.9509834704009588, 'y_offset': 0.6262234768103865, 'z_offset': 1.7213782097915442, 'patch_size': 0.0, 'side': 'left', 'stabilize_anchor': False}, {'x_offset': 1.2100287889965342, 'y_offset': -0.2644776491692227, 'z_offset': 2.062153932406984, 'patch_size': 0.0, 'side': 'left', 'stabilize_anchor': False}, {'x_offset': 2.683441454745796, 'y_offset': -0.11748366333865035, 'z_offset': 1.5854031590481914, 'patch_size': 0.0, 'side': 'left', 'stabilize_anchor': False}]"
6,15,1,0.6667226552963257,0.10000000149011612,[12],"[{'x_offset': -0.29235379596025757, 'y_offset': 0.9706229765007526, 'z_offset': 1.082784580679621, 'patch_size': 0.0, 'side': 'right', 'stabilize_anchor': False}]"
6,15,2,0.6630699634552002,0.0,"[12, 16]","[{'x_offset': -0.29235379596025757, 'y_offset': 0.9706229765007526, 'z_offset': 1.082784580679621, 'patch_size': 0.0, 'side': 'right', 'stabilize_anchor': False}, {'x_offset': 0.9403609985626509, 'y_offset': 0.951037095227131, 'z_offset': 1.8945918504182626, 'patch_size': 0.0, 'side': 'left', 'stabilize_anchor': False}]"
6,15,3,0.600601315498352,0.0,"[12, 16, 2]","[{'x_offset': -0.29235379596025757, 'y_offset': 0.9706229765007526, 'z_offset': 1.082784580679621, 'patch_size': 0.0, 'side': 'right', 'stabilize_anchor': False}, {'x_offset': 0.9403609985626509, 'y_offset': 0.951037095227131, 'z_offset': 1.8945918504182626, 'patch_size': 0.0, 'side': 'left', 'stabilize_anchor': False}, {'x_offset': 0.2552432422668469, 'y_offset': 0.2180290178074078, 'z_offset': 1.783690738900469, 'patch_size': 0.0, 'side': 'right', 'stabilize_anchor': False}]"
6,15,4,0.5696812868118286,0.0,"[12, 16, 2, 48]","[{'x_offset': -0.29235379596025757, 'y_offset': 0.9706229765007526, 'z_offset': 1.082784580679621, 'patch_size': 0.0, 'side': 'right', 'stabilize_anchor': False}, {'x_offset': 0.9403609985626509, 'y_offset': 0.951037095227131, 'z_offset': 1.8945918504182626, 'patch_size': 0.0, 'side': 'left', 'stabilize_anchor': False}, {'x_offset': 0.2552432422668469, 'y_offset': 0.2180290178074078, 'z_offset': 1.783690738900469, 'patch_size': 0.0, 'side': 'right', 'stabilize_anchor': False}, {'x_offset': 0.08792885998787403, 'y_offset': -0.031235986301951124, 'z_offset': 1.6578438950599939, 'patch_size': 0.0, 'side': 'right', 'stabilize_anchor': False}]"
6,15,5,0.4805765450000763,0.0,"[12, 16, 2, 48, 13]","[{'x_offset': -0.29235379596025757, 'y_offset': 0.9706229765007526, 'z_offset': 1.082784580679621, 'patch_size': 0.0, 'side': 'right', 'stabilize_anchor': False}, {'x_offset': 0.9403609985626509, 'y_offset': 0.951037095227131, 'z_offset': 1.8945918504182626, 'patch_size': 0.0, 'side': 'left', 'stabilize_anchor': False}, {'x_offset': 0.2552432422668469, 'y_offset': 0.2180290178074078, 'z_offset': 1.783690738900469, 'patch_size': 0.0, 'side': 'right', 'stabilize_anchor': False}, {'x_offset': 0.08792885998787403, 'y_offset': -0.031235986301951124, 'z_offset': 1.6578438950599939, 'patch_size': 0.0, 'side': 'right', 'stabilize_anchor': False}, {'x_offset': -0.19413576158085555, 'y_offset': 0.3854857684493136, 'z_offset': 0.06376013513809503, 'patch_size': 0.0, 'side': 'left', 'stabilize_anchor': False}]"
6,15,6,0.3989044427871704,0.0,"[12, 16, 2, 48, 13, 42]","[{'x_offset': -0.29235379596025757, 'y_offset': 0.9706229765007526, 'z_offset': 1.082784580679621, 'patch_size': 0.0, 'side': 'right', 'stabilize_anchor': False}, {'x_offset': 0.9403609985626509, 'y_offset': 0.951037095227131, 'z_offset': 1.8945918504182626, 'patch_size': 0.0, 'side': 'left', 'stabilize_anchor': False}, {'x_offset': 0.2552432422668469, 'y_offset': 0.2180290178074078, 'z_offset': 1.783690738900469, 'patch_size': 0.0, 'side': 'right', 'stabilize_anchor': False}, {'x_offset': 0.08792885998787403, 'y_offset': -0.031235986301951124, 'z_offset': 1.6578438950599939, 'patch_size': 0.0, 'side': 'right', 'stabilize_anchor': False}, {'x_offset': -0.19413576158085555, 'y_offset': 0.3854857684493136, 'z_offset': 0.06376013513809503, 'patch_size': 0.0, 'side': 'left', 'stabilize_anchor': False}, {'x_offset': 0.8664862031163403, 'y_offset': 0.43858304492767886, 'z_offset': 0.4934292254573398, 'patch_size': 0.0, 'side': 'left', 'stabilize_anchor': False}]"
6,15,7,0.0,0.0,"[12, 16, 2, 48, 13, 42, 3]","[{'x_offset': -0.29235379596025757, 'y_offset': 0.9706229765007526, 'z_offset': 1.082784580679621, 'patch_size': 0.0, 'side': 'right', 'stabilize_anchor': False}, {'x_offset': 0.9403609985626509, 'y_offset': 0.951037095227131, 'z_offset': 1.8945918504182626, 'patch_size': 0.0, 'side': 'left', 'stabilize_anchor': False}, {'x_offset': 0.2552432422668469, 'y_offset': 0.2180290178074078, 'z_offset': 1.783690738900469, 'patch_size': 0.0, 'side': 'right', 'stabilize_anchor': False}, {'x_offset': 0.08792885998787403, 'y_offset': -0.031235986301951124, 'z_offset': 1.6578438950599939, 'patch_size': 0.0, 'side': 'right', 'stabilize_anchor': False}, {'x_offset': -0.19413576158085555, 'y_offset': 0.3854857684493136, 'z_offset': 0.06376013513809503, 'patch_size': 0.0, 'side': 'left', 'stabilize_anchor': False}, {'x_offset': 0.8664862031163403, 'y_offset': 0.43858304492767886, 'z_offset': 0.4934292254573398, 'patch_size': 0.0, 'side': 'left', 'stabilize_anchor': False}, {'x_offset': 1.3532167155962713, 'y_offset': 0.9157083543552957, 'z_offset': 1.2684292321156179, 'patch_size': 0.0, 'side': 'right', 'stabilize_anchor': False}]"
6,20,1,0.6634962558746338,0.10000000149011612,[12],"[{'x_offset': -0.29235379596025757, 'y_offset': 0.9706229765007526, 'z_offset': 1.082784580679621, 'patch_size': 0.0, 'side': 'right', 'stabilize_anchor': False}]"
6,20,2,0.589148223400116,0.10000000149011612,"[12, 16]","[{'x_offset': -0.29235379596025757, 'y_offset': 0.9706229765007526, 'z_offset': 1.082784580679621, 'patch_size': 0.0, 'side': 'right', 'stabilize_anchor': False}, {'x_offset': 0.9403609985626509, 'y_offset': 0.951037095227131, 'z_offset': 1.8945918504182626, 'patch_size': 0.0, 'side': 'left', 'stabilize_anchor': False}]"
6,20,3,0.5253579020500183,0.0,"[12, 16, 37]","[{'x_offset': -0.29235379596025757, 'y_offset': 0.9706229765007526, 'z_offset': 1.082784580679621, 'patch_size': 0.0, 'side': 'right', 'stabilize_anchor': False}, {'x_offset': 0.9403609985626509, 'y_offset': 0.951037095227131, 'z_offset': 1.8945918504182626, 'patch_size': 0.0, 'side': 'left', 'stabilize_anchor': False}, {'x_offset': -0.09182844257611977, 'y_offset': 0.2960989906428192, 'z_offset': 1.384919747859277, 'patch_size': 0.0, 'side': 'left', 'stabilize_anchor': False}]"
6,20,4,0.0,0.0,"[12, 16, 37, 44]","[{'x_offset': -0.29235379596025757, 'y_offset': 0.9706229765007526, 'z_offset': 1.082784580679621, 'patch_size': 0.0, 'side': 'right', 'stabilize_anchor': False}, {'x_offset': 0.9403609985626509, 'y_offset': 0.951037095227131, 'z_offset': 1.8945918504182626, 'patch_size': 0.0, 'side': 'left', 'stabilize_anchor': False}, {'x_offset': -0.09182844257611977, 'y_offset': 0.2960989906428192, 'z_offset': 1.384919747859277, 'patch_size': 0.0, 'side': 'left', 'stabilize_anchor': False}, {'x_offset': 1.1964908458945844, 'y_offset': 0.9445396870153526, 'z_offset': 0.8064846308454707, 'patch_size': 0.0, 'side': 'right', 'stabilize_anchor': False}]"
6,25,1,0.6607638001441956,0.10000000149011612,[28],"[{'x_offset': 1.2100287889965342, 'y_offset': -0.2644776491692227, 'z_offset': 2.062153932406984, 'patch_size': 0.0, 'side': 'left', 'stabilize_anchor': False}]"
6,25,2,0.6200107932090759,0.0,"[28, 29]","[{'x_offset': 1.2100287889965342, 'y_offset': -0.2644776491692227, 'z_offset': 2.062153932406984, 'patch_size': 0.0, 'side': 'left', 'stabilize_anchor': False}, {'x_offset': 0.38816271830777493, 'y_offset': -0.3191590040182082, 'z_offset': 1.525149704991805, 'patch_size': 0.0, 'side': 'left', 'stabilize_anchor': False}]"
6,25,3,0.6000348329544067,0.0,"[28, 29, 5]","[{'x_offset': 1.2100287889965342, 'y_offset': -0.2644776491692227, 'z_offset': 2.062153932406984, 'patch_size': 0.0, 'side': 'left', 'stabilize_anchor': False}, {'x_offset': 0.38816271830777493, 'y_offset': -0.3191590040182082, 'z_offset': 1.525149704991805, 'patch_size': 0.0, 'side': 'left', 'stabilize_anchor': False}, {'x_offset': 0.9509834704009588, 'y_offset': 0.6262234768103865, 'z_offset': 1.7213782097915442, 'patch_size': 0.0, 'side': 'left', 'stabilize_anchor': False}]"
6,25,4,0.5824102759361267,0.0,"[28, 29, 5, 47]","[{'x_offset': 1.2100287889965342, 'y_offset': -0.2644776491692227, 'z_offset': 2.062153932406984, 'patch_size': 0.0, 'side': 'left', 'stabilize_anchor': False}, {'x_offset': 0.38816271830777493, 'y_offset': -0.3191590040182082, 'z_offset': 1.525149704991805, 'patch_size': 0.0, 'side': 'left', 'stabilize_anchor': False}, {'x_offset': 0.9509834704009588, 'y_offset': 0.6262234768103865, 'z_offset': 1.7213782097915442, 'patch_size': 0.0, 'side': 'left', 'stabilize_anchor': False}, {'x_offset': 2.2099862344024253, 'y_offset': 0.1098005690289825, 'z_offset': 0.6797859999696638, 'patch_size': 0.0, 'side': 'right', 'stabilize_anchor': False}]"
6,25,5,0.43057557940483093,0.0,"[28, 29, 5, 47, 43]","[{'x_offset': 1.2100287889965342, 'y_offset': -0.2644776491692227, 'z_offset': 2.062153932406984, 'patch_size': 0.0, 'side': 'left', 'stabilize_anchor': False}, {'x_offset': 0.38816271830777493, 'y_offset': -0.3191590040182082, 'z_offset': 1.525149704991805, 'patch_size': 0.0, 'side': 'left', 'stabilize_anchor': False}, {'x_offset': 0.9509834704009588, 'y_offset': 0.6262234768103865, 'z_offset': 1.7213782097915442, 'patch_size': 0.0, 'side': 'left', 'stabilize_anchor': False}, {'x_offset': 2.2099862344024253, 'y_offset': 0.1098005690289825, 'z_offset': 0.6797859999696638, 'patch_size': 0.0, 'side': 'right', 'stabilize_anchor': False}, {'x_offset': 1.0698137258816973, 'y_offset': 0.9840055927015672, 'z_offset': 0.8516305738431817, 'patch_size': 0.0, 'side': 'right', 'stabilize_anchor': False}]"
6,25,6,0.35898008942604065,0.0,"[28, 29, 5, 47, 43, 2]","[{'x_offset': 1.2100287889965342, 'y_offset': -0.2644776491692227, 'z_offset': 2.062153932406984, 'patch_size': 0.0, 'side': 'left', 'stabilize_anchor': False}, {'x_offset': 0.38816271830777493, 'y_offset': -0.3191590040182082, 'z_offset': 1.525149704991805, 'patch_size': 0.0, 'side': 'left', 'stabilize_anchor': False}, {'x_offset': 0.9509834704009588, 'y_offset': 0.6262234768103865, 'z_offset': 1.7213782097915442, 'patch_size': 0.0, 'side': 'left', 'stabilize_anchor': False}, {'x_offset': 2.2099862344024253, 'y_offset': 0.1098005690289825, 'z_offset': 0.6797859999696638, 'patch_size': 0.0, 'side': 'right', 'stabilize_anchor': False}, {'x_offset': 1.0698137258816973, 'y_offset': 0.9840055927015672, 'z_offset': 0.8516305738431817, 'patch_size': 0.0, 'side': 'right', 'stabilize_anchor': False}, {'x_offset': 0.2552432422668469, 'y_offset': 0.2180290178074078, 'z_offset': 1.783690738900469, 'patch_size': 0.0, 'side': 'right', 'stabilize_anchor': False}]"
6,25,7,0.0,0.0,"[28, 29, 5, 47, 43, 2, 3]","[{'x_offset': 1.2100287889965342, 'y_offset': -0.2644776491692227, 'z_offset': 2.062153932406984, 'patch_size': 0.0, 'side': 'left', 'stabilize_anchor': False}, {'x_offset': 0.38816271830777493, 'y_offset': -0.3191590040182082, 'z_offset': 1.525149704991805, 'patch_size': 0.0, 'side': 'left', 'stabilize_anchor': False}, {'x_offset': 0.9509834704009588, 'y_offset': 0.6262234768103865, 'z_offset': 1.7213782097915442, 'patch_size': 0.0, 'side': 'left', 'stabilize_anchor': False}, {'x_offset': 2.2099862344024253, 'y_offset': 0.1098005690289825, 'z_offset': 0.6797859999696638, 'patch_size': 0.0, 'side': 'right', 'stabilize_anchor': False}, {'x_offset': 1.0698137258816973, 'y_offset': 0.9840055927015672, 'z_offset': 0.8516305738431817, 'patch_size': 0.0, 'side': 'right', 'stabilize_anchor': False}, {'x_offset': 0.2552432422668469, 'y_offset': 0.2180290178074078, 'z_offset': 1.783690738900469, 'patch_size': 0.0, 'side': 'right', 'stabilize_anchor': False}, {'x_offset': 1.3532167155962713, 'y_offset': 0.9157083543552957, 'z_offset': 1.2684292321156179, 'patch_size': 0.0, 'side': 'right', 'stabilize_anchor': False}]"
6,30,1,0.5920134782791138,0.0,[28],"[{'x_offset': 1.2100287889965342, 'y_offset': -0.2644776491692227, 'z_offset': 2.062153932406984, 'patch_size': 0.0, 'side': 'left', 'stabilize_anchor': False}]"
6,30,2,0.4342656135559082,0.0,"[28, 16]","[{'x_offset': 1.2100287889965342, 'y_offset': -0.2644776491692227, 'z_offset': 2.062153932406984, 'patch_size': 0.0, 'side': 'left', 'stabilize_anchor': False}, {'x_offset': 0.9403609985626509, 'y_offset': 0.951037095227131, 'z_offset': 1.8945918504182626, 'patch_size': 0.0, 'side': 'left', 'stabilize_anchor': False}]"
6,30,3,0.40099626779556274,0.0,"[28, 16, 32]","[{'x_offset': 1.2100287889965342, 'y_offset': -0.2644776491692227, 'z_offset': 2.062153932406984, 'patch_size': 0.0, 'side': 'left', 'stabilize_anchor': False}, {'x_offset': 0.9403609985626509, 'y_offset': 0.951037095227131, 'z_offset': 1.8945918504182626, 'patch_size': 0.0, 'side': 'left', 'stabilize_anchor': False}, {'x_offset': 1.3456375576028128, 'y_offset': 0.521255264280349, 'z_offset': 0.8924174019921162, 'patch_size': 0.0, 'side': 'right', 'stabilize_anchor': False}]"
6,30,4,0.0,0.0,"[28, 16, 32, 3]","[{'x_offset': 1.2100287889965342, 'y_offset': -0.2644776491692227, 'z_offset': 2.062153932406984, 'patch_size': 0.0, 'side': 'left', 'stabilize_anchor': False}, {'x_offset': 0.9403609985626509, 'y_offset': 0.951037095227131, 'z_offset': 1.8945918504182626, 'patch_size': 0.0, 'side': 'left', 'stabilize_anchor': False}, {'x_offset': 1.3456375576028128, 'y_offset': 0.521255264280349, 'z_offset': 0.8924174019921162, 'patch_size': 0.0, 'side': 'right', 'stabilize_anchor': False}, {'x_offset': 1.3532167155962713, 'y_offset': 0.9157083543552957, 'z_offset': 1.2684292321156179, 'patch_size': 0.0, 'side': 'right', 'stabilize_anchor': False}]"
7,5,1,0.6196037530899048,0.10000000149011612,[49],"[{'x_offset': 1.7495716534118482, 'y_offset': 0.1369625381534787, 'z_offset': 0.8251305917879644, 'patch_size': 0.0, 'side': 'left', 'stabilize_anchor': False}]"
7,5,2,0.5952624678611755,0.10000000149011612,"[49, 3]","[{'x_offset': 1.7495716534118482, 'y_offset': 0.1369625381534787, 'z_offset': 0.8251305917879644, 'patch_size': 0.0, 'side': 'left', 'stabilize_anchor': False}, {'x_offset': 2.6970325221380467, 'y_offset': 0.7924323470784245, 'z_offset': 1.1527952302538047, 'patch_size': 0.0, 'side': 'right', 'stabilize_anchor': False}]"
7,5,3,0.57541424036026,0.0,"[49, 3, 36]","[{'x_offset': 1.7495716534118482, 'y_offset': 0.1369625381534787, 'z_offset': 0.8251305917879644, 'patch_size': 0.0, 'side': 'left', 'stabilize_anchor': False}, {'x_offset': 2.6970325221380467, 'y_offset': 0.7924323470784245, 'z_offset': 1.1527952302538047, 'patch_size': 0.0, 'side': 'right', 'stabilize_anchor': False}, {'x_offset': 0.36086067036657155, 'y_offset': 0.05204524506314623, 'z_offset': 1.562394170876854, 'patch_size': 0.0, 'side': 'right', 'stabilize_anchor': False}]"
7,5,4,0.5651190280914307,0.0,"[49, 3, 36, 6]","[{'x_offset': 1.7495716534118482, 'y_offset': 0.1369625381534787, 'z_offset': 0.8251305917879644, 'patch_size': 0.0, 'side': 'left', 'stabilize_anchor': False}, {'x_offset': 2.6970325221380467, 'y_offset': 0.7924323470784245, 'z_offset': 1.1527952302538047, 'patch_size': 0.0, 'side': 'right', 'stabilize_anchor': False}, {'x_offset': 0.36086067036657155, 'y_offset': 0.05204524506314623, 'z_offset': 1.562394170876854, 'patch_size': 0.0, 'side': 'right', 'stabilize_anchor': False}, {'x_offset': -0.7034628062873424, 'y_offset': 0.07032259247220296, 'z_offset': 1.056836356159778, 'patch_size': 0.0, 'side': 'left', 'stabilize_anchor': False}]"
7,10,1,0.638236403465271,0.10000000149011612,[6],"[{'x_offset': -0.7034628062873424, 'y_offset': 0.07032259247220296, 'z_offset': 1.056836356159778, 'patch_size': 0.0, 'side': 'left', 'stabilize_anchor': False}]"
7,10,2,0.6268724799156189,0.10000000149011612,"[6, 23]","[{'x_offset': -0.7034628062873424, 'y_offset': 0.07032259247220296, 'z_offset': 1.056836356159778, 'patch_size': 0.0, 'side': 'left', 'stabilize_anchor': False}, {'x_offset': 3.5152717849580473, 'y_offset': -0.6160981557308486, 'z_offset': 2.103963926846067, 'patch_size': 0.0, 'side': 'right', 'stabilize_anchor': False}]"
7,10,3,0.5896716713905334,0.10000000149011612,"[6, 23, 43]","[{'x_offset': -0.7034628062873424, 'y_offset': 0.07032259247220296, 'z_offset': 1.056836356159778, 'patch_size': 0.0, 'side': 'left', 'stabilize_anchor': False}, {'x_offset': 3.5152717849580473, 'y_offset': -0.6160981557308486, 'z_offset': 2.103963926846067, 'patch_size': 0.0, 'side': 'right', 'stabilize_anchor': False}, {'x_offset': 2.8360071220610683, 'y_offset': -0.3353891157344047, 'z_offset': 2.024353188079687, 'patch_size': 0.0, 'side': 'right', 'stabilize_anchor': False}]"
7,10,4,0.5879672765731812,0.0,"[6, 23, 43, 48]","[{'x_offset': -0.7034628062873424, 'y_offset': 0.07032259247220296, 'z_offset': 1.056836356159778, 'patch_size': 0.0, 'side': 'left', 'stabilize_anchor': False}, {'x_offset': 3.5152717849580473, 'y_offset': -0.6160981557308486, 'z_offset': 2.103963926846067, 'patch_size': 0.0, 'side': 'right', 'stabilize_anchor': False}, {'x_offset': 2.8360071220610683, 'y_offset': -0.3353891157344047, 'z_offset': 2.024353188079687, 'patch_size': 0.0, 'side': 'right', 'stabilize_anchor': False}, {'x_offset': 0.4870588885573639, 'y_offset': 0.41322013680701586, 'z_offset': 1.5300651411977757, 'patch_size': 0.0, 'side': 'right', 'stabilize_anchor': False}]"
7,10,5,0.5781359076499939,0.0,"[6, 23, 43, 48, 24]","[{'x_offset': -0.7034628062873424, 'y_offset': 0.07032259247220296, 'z_offset': 1.056836356159778, 'patch_size': 0.0, 'side': 'left', 'stabilize_anchor': False}, {'x_offset': 3.5152717849580473, 'y_offset': -0.6160981557308486, 'z_offset': 2.103963926846067, 'patch_size': 0.0, 'side': 'right', 'stabilize_anchor': False}, {'x_offset': 2.8360071220610683, 'y_offset': -0.3353891157344047, 'z_offset': 2.024353188079687, 'patch_size': 0.0, 'side': 'right', 'stabilize_anchor': False}, {'x_offset': 0.4870588885573639, 'y_offset': 0.41322013680701586, 'z_offset': 1.5300651411977757, 'patch_size': 0.0, 'side': 'right', 'stabilize_anchor': False}, {'x_offset': 1.7058314826419307, 'y_offset': -0.5089161871595969, 'z_offset': 1.8143050989203438, 'patch_size': 0.0, 'side': 'left', 'stabilize_anchor': False}]"
7,15,1,0.6679484844207764,0.10000000149011612,[0],"[{'x_offset': 1.1786895337187047, 'y_offset': 0.6892393708333231, 'z_offset': 0.7416727034473426, 'patch_size': 0.0, 'side': 'right', 'stabilize_anchor': False}]"
7,15,2,0.6005679368972778,0.0,"[0, 37]","[{'x_offset': 1.1786895337187047, 'y_offset': 0.6892393708333231, 'z_offset': 0.7416727034473426, 'patch_size': 0.0, 'side': 'right', 'stabilize_anchor': False}, {'x_offset': 0.9276195835948711, 'y_offset': 0.915863407912686, 'z_offset': 0.6336881597617725, 'patch_size': 0.0, 'side': 'left', 'stabilize_anchor': False}]"
7,15,3,0.5425785779953003,0.0,"[0, 37, 27]","[{'x_offset': 1.1786895337187047, 'y_offset': 0.6892393708333231, 'z_offset': 0.7416727034473426, 'patch_size': 0.0, 'side': 'right', 'stabilize_anchor': False}, {'x_offset': 0.9276195835948711, 'y_offset': 0.915863407912686, 'z_offset': 0.6336881597617725, 'patch_size': 0.0, 'side': 'left', 'stabilize_anchor': False}, {'x_offset': 2.152993588226246, 'y_offset': 0.7437358469209616, 'z_offset': 1.6785330447753675, 'patch_size': 0.0, 'side': 'left', 'stabilize_anchor': False}]"
7,15,4,0.5240289568901062,0.0,"[0, 37, 27, 48]","[{'x_offset': 1.1786895337187047, 'y_offset': 0.6892393708333231, 'z_offset': 0.7416727034473426, 'patch_size': 0.0, 'side': 'right', 'stabilize_anchor': False}, {'x_offset': 0.9276195835948711, 'y_offset': 0.915863407912686, 'z_offset': 0.6336881597617725, 'patch_size': 0.0, 'side': 'left', 'stabilize_anchor': False}, {'x_offset': 2.152993588226246, 'y_offset': 0.7437358469209616, 'z_offset': 1.6785330447753675, 'patch_size': 0.0, 'side': 'left', 'stabilize_anchor': False}, {'x_offset': 0.4870588885573639, 'y_offset': 0.41322013680701586, 'z_offset': 1.5300651411977757, 'patch_size': 0.0, 'side': 'right', 'stabilize_anchor': False}]"
7,15,5,0.47847071290016174,0.0,"[0, 37, 27, 48, 20]","[{'x_offset': 1.1786895337187047, 'y_offset': 0.6892393708333231, 'z_offset': 0.7416727034473426, 'patch_size': 0.0, 'side': 'right', 'stabilize_anchor': False}, {'x_offset': 0.9276195835948711, 'y_offset': 0.915863407912686, 'z_offset': 0.6336881597617725, 'patch_size': 0.0, 'side': 'left', 'stabilize_anchor': False}, {'x_offset': 2.152993588226246, 'y_offset': 0.7437358469209616, 'z_offset': 1.6785330447753675, 'patch_size': 0.0, 'side': 'left', 'stabilize_anchor': False}, {'x_offset': 0.4870588885573639, 'y_offset': 0.41322013680701586, 'z_offset': 1.5300651411977757, 'patch_size': 0.0, 'side': 'right', 'stabilize_anchor': False}, {'x_offset': 1.9575526226121376, 'y_offset': 0.9888187283831542, 'z_offset': 0.2797952863394637, 'patch_size': 0.0, 'side': 'left', 'stabilize_anchor': False}]"
7,15,6,0.4318303167819977,0.0,"[0, 37, 27, 48, 20, 40]","[{'x_offset': 1.1786895337187047, 'y_offset': 0.6892393708333231, 'z_offset': 0.7416727034473426, 'patch_size': 0.0, 'side': 'right', 'stabilize_anchor': False}, {'x_offset': 0.9276195835948711, 'y_offset': 0.915863407912686, 'z_offset': 0.6336881597617725, 'patch_size': 0.0, 'side': 'left', 'stabilize_anchor': False}, {'x_offset': 2.152993588226246, 'y_offset': 0.7437358469209616, 'z_offset': 1.6785330447753675, 'patch_size': 0.0, 'side': 'left', 'stabilize_anchor': False}, {'x_offset': 0.4870588885573639, 'y_offset': 0.41322013680701586, 'z_offset': 1.5300651411977757, 'patch_size': 0.0, 'side': 'right', 'stabilize_anchor': False}, {'x_offset': 1.9575526226121376, 'y_offset': 0.9888187283831542, 'z_offset': 0.2797952863394637, 'patch_size': 0.0, 'side': 'left', 'stabilize_anchor': False}, {'x_offset': -0.3919525178084262, 'y_offset': 0.7704843023071415, 'z_offset': 0.0868786378834663, 'patch_size': 0.0, 'side': 'right', 'stabilize_anchor': False}]"
7,15,7,0.4171748161315918,0.0,"[0, 37, 27, 48, 20, 40, 8]","[{'x_offset': 1.1786895337187047, 'y_offset': 0.6892393708333231, 'z_offset': 0.7416727034473426, 'patch_size': 0.0, 'side': 'right', 'stabilize_anchor': False}, {'x_offset': 0.9276195835948711, 'y_offset': 0.915863407912686, 'z_offset': 0.6336881597617725, 'patch_size': 0.0, 'side': 'left', 'stabilize_anchor': False}, {'x_offset': 2.152993588226246, 'y_offset': 0.7437358469209616, 'z_offset': 1.6785330447753675, 'patch_size': 0.0, 'side': 'left', 'stabilize_anchor': False}, {'x_offset': 0.4870588885573639, 'y_offset': 0.41322013680701586, 'z_offset': 1.5300651411977757, 'patch_size': 0.0, 'side': 'right', 'stabilize_anchor': False}, {'x_offset': 1.9575526226121376, 'y_offset': 0.9888187283831542, 'z_offset': 0.2797952863394637, 'patch_size': 0.0, 'side': 'left', 'stabilize_anchor': False}, {'x_offset': -0.3919525178084262, 'y_offset': 0.7704843023071415, 'z_offset': 0.0868786378834663, 'patch_size': 0.0, 'side': 'right', 'stabilize_anchor': False}, {'x_offset': 1.4402534271607843, 'y_offset': 0.8804978224550415, 'z_offset': 1.5183320906522206, 'patch_size': 0.0, 'side': 'left', 'stabilize_anchor': False}]"
7,20,1,0.6482918858528137,0.10000000149011612,[33],"[{'x_offset': 2.0194113099671056, 'y_offset': 0.8683085689455299, 'z_offset': 1.0297049102581333, 'patch_size': 0.0, 'side': 'right', 'stabilize_anchor': False}]"
7,20,2,0.6078072786331177,0.10000000149011612,"[33, 0]","[{'x_offset': 2.0194113099671056, 'y_offset': 0.8683085689455299, 'z_offset': 1.0297049102581333, 'patch_size': 0.0, 'side': 'right', 'stabilize_anchor': False}, {'x_offset': 1.1786895337187047, 'y_offset': 0.6892393708333231, 'z_offset': 0.7416727034473426, 'patch_size': 0.0, 'side': 'right', 'stabilize_anchor': False}]"
7,20,3,0.5601024031639099,0.10000000149011612,"[33, 0, 20]","[{'x_offset': 2.0194113099671056, 'y_offset': 0.8683085689455299, 'z_offset': 1.0297049102581333, 'patch_size': 0.0, 'side': 'right', 'stabilize_anchor': False}, {'x_offset': 1.1786895337187047, 'y_offset': 0.6892393708333231, 'z_offset': 0.7416727034473426, 'patch_size': 0.0, 'side': 'right', 'stabilize_anchor': False}, {'x_offset': 1.9575526226121376, 'y_offset': 0.9888187283831542, 'z_offset': 0.2797952863394637, 'patch_size': 0.0, 'side': 'left', 'stabilize_anchor': False}]"
7,20,4,0.5511419773101807,0.10000000149011612,"[33, 0, 20, 12]","[{'x_offset': 2.0194113099671056, 'y_offset': 0.8683085689455299, 'z_offset': 1.0297049102581333, 'patch_size': 0.0, 'side': 'right', 'stabilize_anchor': False}, {'x_offset': 1.1786895337187047, 'y_offset': 0.6892393708333231, 'z_offset': 0.7416727034473426, 'patch_size': 0.0, 'side': 'right', 'stabilize_anchor': False}, {'x_offset': 1.9575526226121376, 'y_offset': 0.9888187283831542, 'z_offset': 0.2797952863394637, 'patch_size': 0.0, 'side': 'left', 'stabilize_anchor': False}, {'x_offset': -0.49745602207755446, 'y_offset': -0.6494354703542791, 'z_offset': 1.6700995804549699, 'patch_size': 0.0, 'side': 'right', 'stabilize_anchor': False}]"
7,20,5,0.5280964374542236,0.10000000149011612,"[33, 0, 20, 12, 31]","[{'x_offset': 2.0194113099671056, 'y_offset': 0.8683085689455299, 'z_offset': 1.0297049102581333, 'patch_size': 0.0, 'side': 'right', 'stabilize_anchor': False}, {'x_offset': 1.1786895337187047, 'y_offset': 0.6892393708333231, 'z_offset': 0.7416727034473426, 'patch_size': 0.0, 'side': 'right', 'stabilize_anchor': False}, {'x_offset': 1.9575526226121376, 'y_offset': 0.9888187283831542, 'z_offset': 0.2797952863394637, 'patch_size': 0.0, 'side': 'left', 'stabilize_anchor': False}, {'x_offset': -0.49745602207755446, 'y_offset': -0.6494354703542791, 'z_offset': 1.6700995804549699, 'patch_size': 0.0, 'side': 'right', 'stabilize_anchor': False}, {'x_offset': 1.2777244964498649, 'y_offset': 0.13535227144523676, 'z_offset': 0.5804027535776596, 'patch_size': 0.0, 'side': 'right', 'stabilize_anchor': False}]"
7,20,6,0.48061564564704895,0.0,"[33, 0, 20, 12, 31, 37]","[{'x_offset': 2.0194113099671056, 'y_offset': 0.8683085689455299, 'z_offset': 1.0297049102581333, 'patch_size': 0.0, 'side': 'right', 'stabilize_anchor': False}, {'x_offset': 1.1786895337187047, 'y_offset': 0.6892393708333231, 'z_offset': 0.7416727034473426, 'patch_size': 0.0, 'side': 'right', 'stabilize_anchor': False}, {'x_offset': 1.9575526226121376, 'y_offset': 0.9888187283831542, 'z_offset': 0.2797952863394637, 'patch_size': 0.0, 'side': 'left', 'stabilize_anchor': False}, {'x_offset': -0.49745602207755446, 'y_offset': -0.6494354703542791, 'z_offset': 1.6700995804549699, 'patch_size': 0.0, 'side': 'right', 'stabilize_anchor': False}, {'x_offset': 1.2777244964498649, 'y_offset': 0.13535227144523676, 'z_offset': 0.5804027535776596, 'patch_size': 0.0, 'side': 'right', 'stabilize_anchor': False}, {'x_offset': 0.9276195835948711, 'y_offset': 0.915863407912686, 'z_offset': 0.6336881597617725, 'patch_size': 0.0, 'side': 'left', 'stabilize_anchor': False}]"
7,25,1,0.5495319366455078,0.10000000149011612,[15],"[{'x_offset': -0.09682236003485634, 'y_offset': 0.9792038942768562, 'z_offset': 2.2778557641901687, 'patch_size': 0.0, 'side': 'left', 'stabilize_anchor': False}]"
7,25,2,0.5239953398704529,0.0,"[15, 1]","[{'x_offset': -0.09682236003485634, 'y_offset': 0.9792038942768562, 'z_offset': 2.2778557641901687, 'patch_size': 0.0, 'side': 'left', 'stabilize_anchor': False}, {'x_offset': -0.3183544291880399, 'y_offset': 0.8149987950725184, 'z_offset': 1.7660993264637361, 'patch_size': 0.0, 'side': 'left', 'stabilize_anchor': False}]"
7,25,3,0.4733179211616516,0.0,"[15, 1, 48]","[{'x_offset': -0.09682236003485634, 'y_offset': 0.9792038942768562, 'z_offset': 2.2778557641901687, 'patch_size': 0.0, 'side': 'left', 'stabilize_anchor': False}, {'x_offset': -0.3183544291880399, 'y_offset': 0.8149987950725184, 'z_offset': 1.7660993264637361, 'patch_size': 0.0, 'side': 'left', 'stabilize_anchor': False}, {'x_offset': 0.4870588885573639, 'y_offset': 0.41322013680701586, 'z_offset': 1.5300651411977757, 'patch_size': 0.0, 'side': 'right', 'stabilize_anchor': False}]"
7,25,4,0.0,0.0,"[15, 1, 48, 34]","[{'x_offset': -0.09682236003485634, 'y_offset': 0.9792038942768562, 'z_offset': 2.2778557641901687, 'patch_size': 0.0, 'side': 'left', 'stabilize_anchor': False}, {'x_offset': -0.3183544291880399, 'y_offset': 0.8149987950725184, 'z_offset': 1.7660993264637361, 'patch_size': 0.0, 'side': 'left', 'stabilize_anchor': False}, {'x_offset': 0.4870588885573639, 'y_offset': 0.41322013680701586, 'z_offset': 1.5300651411977757, 'patch_size': 0.0, 'side': 'right', 'stabilize_anchor': False}, {'x_offset': -0.3912348516299077, 'y_offset': 0.17147676742971485, 'z_offset': 1.766893997400319, 'patch_size': 0.0, 'side': 'left', 'stabilize_anchor': False}]"
7,30,1,0.3675702214241028,0.0,[15],"[{'x_offset': -0.09682236003485634, 'y_offset': 0.9792038942768562, 'z_offset': 2.2778557641901687, 'patch_size': 0.0, 'side': 'left', 'stabilize_anchor': False}]"
7,30,2,0.0,0.0,"[15, 48]","[{'x_offset': -0.09682236003485634, 'y_offset': 0.9792038942768562, 'z_offset': 2.2778557641901687, 'patch_size': 0.0, 'side': 'left', 'stabilize_anchor': False}, {'x_offset': 0.4870588885573639, 'y_offset': 0.41322013680701586, 'z_offset': 1.5300651411977757, 'patch_size': 0.0, 'side': 'right', 'stabilize_anchor': False}]"
8,5,1,0.6197847723960876,0.10000000149011612,[14],"[{'x_offset': -0.8054576632309653, 'y_offset': 0.7065981582821879, 'z_offset': 1.157052600363502, 'patch_size': 0.0, 'side': 'left', 'stabilize_anchor': False}]"
8,5,2,0.5967254042625427,0.10000000149011612,"[14, 35]","[{'x_offset': -0.8054576632309653, 'y_offset': 0.7065981582821879, 'z_offset': 1.157052600363502, 'patch_size': 0.0, 'side': 'left', 'stabilize_anchor': False}, {'x_offset': 1.2417964961516597, 'y_offset': -0.2876915036748737, 'z_offset': 2.0839249322796656, 'patch_size': 0.0, 'side': 'left', 'stabilize_anchor': False}]"
8,5,3,0.5916851758956909,0.10000000149011612,"[14, 35, 6]","[{'x_offset': -0.8054576632309653, 'y_offset': 0.7065981582821879, 'z_offset': 1.157052600363502, 'patch_size': 0.0, 'side': 'left', 'stabilize_anchor': False}, {'x_offset': 1.2417964961516597, 'y_offset': -0.2876915036748737, 'z_offset': 2.0839249322796656, 'patch_size': 0.0, 'side': 'left', 'stabilize_anchor': False}, {'x_offset': 1.2162317908883256, 'y_offset': 0.9491925353503319, 'z_offset': 0.6427986246383871, 'patch_size': 0.0, 'side': 'right', 'stabilize_anchor': False}]"
8,5,4,0.583441436290741,0.10000000149011612,"[14, 35, 6, 30]","[{'x_offset': -0.8054576632309653, 'y_offset': 0.7065981582821879, 'z_offset': 1.157052600363502, 'patch_size': 0.0, 'side': 'left', 'stabilize_anchor': False}, {'x_offset': 1.2417964961516597, 'y_offset': -0.2876915036748737, 'z_offset': 2.0839249322796656, 'patch_size': 0.0, 'side': 'left', 'stabilize_anchor': False}, {'x_offset': 1.2162317908883256, 'y_offset': 0.9491925353503319, 'z_offset': 0.6427986246383871, 'patch_size': 0.0, 'side': 'right', 'stabilize_anchor': False}, {'x_offset': -0.06572780157296088, 'y_offset': 0.48667706362351937, 'z_offset': 1.7469859648872084, 'patch_size': 0.0, 'side': 'right', 'stabilize_anchor': False}]"
8,5,5,0.5676863789558411,0.10000000149011612,"[14, 35, 6, 30, 39]","[{'x_offset': -0.8054576632309653, 'y_offset': 0.7065981582821879, 'z_offset': 1.157052600363502, 'patch_size': 0.0, 'side': 'left', 'stabilize_anchor': False}, {'x_offset': 1.2417964961516597, 'y_offset': -0.2876915036748737, 'z_offset': 2.0839249322796656, 'patch_size': 0.0, 'side': 'left', 'stabilize_anchor': False}, {'x_offset': 1.2162317908883256, 'y_offset': 0.9491925353503319, 'z_offset': 0.6427986246383871, 'patch_size': 0.0, 'side': 'right', 'stabilize_anchor': False}, {'x_offset': -0.06572780157296088, 'y_offset': 0.48667706362351937, 'z_offset': 1.7469859648872084, 'patch_size': 0.0, 'side': 'right', 'stabilize_anchor': False}, {'x_offset': 2.1842912119859657, 'y_offset': 0.9875396065937276, 'z_offset': 1.4069929549498206, 'patch_size': 0.0, 'side': 'left', 'stabilize_anchor': False}]"
8,5,6,0.5648264288902283,0.0,"[14, 35, 6, 30, 39, 49]","[{'x_offset': -0.8054576632309653, 'y_offset': 0.7065981582821879, 'z_offset': 1.157052600363502, 'patch_size': 0.0, 'side': 'left', 'stabilize_anchor': False}, {'x_offset': 1.2417964961516597, 'y_offset': -0.2876915036748737, 'z_offset': 2.0839249322796656, 'patch_size': 0.0, 'side': 'left', 'stabilize_anchor': False}, {'x_offset': 1.2162317908883256, 'y_offset': 0.9491925353503319, 'z_offset': 0.6427986246383871, 'patch_size': 0.0, 'side': 'right', 'stabilize_anchor': False}, {'x_offset': -0.06572780157296088, 'y_offset': 0.48667706362351937, 'z_offset': 1.7469859648872084, 'patch_size': 0.0, 'side': 'right', 'stabilize_anchor': False}, {'x_offset': 2.1842912119859657, 'y_offset': 0.9875396065937276, 'z_offset': 1.4069929549498206, 'patch_size': 0.0, 'side': 'left', 'stabilize_anchor': False}, {'x_offset': 0.19009203165605149, 'y_offset': 0.25788203463804926, 'z_offset': 1.0646743314842153, 'patch_size': 0.0, 'side': 'left', 'stabilize_anchor': False}]"
8,5,7,0.5520246028900146,0.0,"[14, 35, 6, 30, 39, 49, 11]","[{'x_offset': -0.8054576632309653, 'y_offset': 0.7065981582821879, 'z_offset': 1.157052600363502, 'patch_size': 0.0, 'side': 'left', 'stabilize_anchor': False}, {'x_offset': 1.2417964961516597, 'y_offset': -0.2876915036748737, 'z_offset': 2.0839249322796656, 'patch_size': 0.0, 'side': 'left', 'stabilize_anchor': False}, {'x_offset': 1.2162317908883256, 'y_offset': 0.9491925353503319, 'z_offset': 0.6427986246383871, 'patch_size': 0.0, 'side': 'right', 'stabilize_anchor': False}, {'x_offset': -0.06572780157296088, 'y_offset': 0.48667706362351937, 'z_offset': 1.7469859648872084, 'patch_size': 0.0, 'side': 'right', 'stabilize_anchor': False}, {'x_offset': 2.1842912119859657, 'y_offset': 0.9875396065937276, 'z_offset': 1.4069929549498206, 'patch_size': 0.0, 'side': 'left', 'stabilize_anchor': False}, {'x_offset': 0.19009203165605149, 'y_offset': 0.25788203463804926, 'z_offset': 1.0646743314842153, 'patch_size': 0.0, 'side': 'left', 'stabilize_anchor': False}, {'x_offset': -0.893897785349049, 'y_offset': 0.8353107519114169, 'z_offset': 0.2859033895655079, 'patch_size': 0.0, 'side': 'left', 'stabilize_anchor': False}]"
8,5,8,0.5259726643562317,0.0,"[14, 35, 6, 30, 39, 49, 11, 46]","[{'x_offset': -0.8054576632309653, 'y_offset': 0.7065981582821879, 'z_offset': 1.157052600363502, 'patch_size': 0.0, 'side': 'left', 'stabilize_anchor': False}, {'x_offset': 1.2417964961516597, 'y_offset': -0.2876915036748737, 'z_offset': 2.0839249322796656, 'patch_size': 0.0, 'side': 'left', 'stabilize_anchor': False}, {'x_offset': 1.2162317908883256, 'y_offset': 0.9491925353503319, 'z_offset': 0.6427986246383871, 'patch_size': 0.0, 'side': 'right', 'stabilize_anchor': False}, {'x_offset': -0.06572780157296088, 'y_offset': 0.48667706362351937, 'z_offset': 1.7469859648872084, 'patch_size': 0.0, 'side': 'right', 'stabilize_anchor': False}, {'x_offset': 2.1842912119859657, 'y_offset': 0.9875396065937276, 'z_offset': 1.4069929549498206, 'patch_size': 0.0, 'side': 'left', 'stabilize_anchor': False}, {'x_offset': 0.19009203165605149, 'y_offset': 0.25788203463804926, 'z_offset': 1.0646743314842153, 'patch_size': 0.0, 'side': 'left', 'stabilize_anchor': False}, {'x_offset': -0.893897785349049, 'y_offset': 0.8353107519114169, 'z_offset': 0.2859033895655079, 'patch_size': 0.0, 'side': 'left', 'stabilize_anchor': False}, {'x_offset': -0.37566889596480435, 'y_offset': 0.6839206802579629, 'z_offset': 0.8210412725254673, 'patch_size': 0.0, 'side': 'right', 'stabilize_anchor': False}]"
8,5,9,0.5185820460319519,0.0,"[14, 35, 6, 30, 39, 49, 11, 46, 1]","[{'x_offset': -0.8054576632309653, 'y_offset': 0.7065981582821879, 'z_offset': 1.157052600363502, 'patch_size': 0.0, 'side': 'left', 'stabilize_anchor': False}, {'x_offset': 1.2417964961516597, 'y_offset': -0.2876915036748737, 'z_offset': 2.0839249322796656, 'patch_size': 0.0, 'side': 'left', 'stabilize_anchor': False}, {'x_offset': 1.2162317908883256, 'y_offset': 0.9491925353503319, 'z_offset': 0.6427986246383871, 'patch_size': 0.0, 'side': 'right', 'stabilize_anchor': False}, {'x_offset': -0.06572780157296088, 'y_offset': 0.48667706362351937, 'z_offset': 1.7469859648872084, 'patch_size': 0.0, 'side': 'right', 'stabilize_anchor': False}, {'x_offset': 2.1842912119859657, 'y_offset': 0.9875396065937276, 'z_offset': 1.4069929549498206, 'patch_size': 0.0, 'side': 'left', 'stabilize_anchor': False}, {'x_offset': 0.19009203165605149, 'y_offset': 0.25788203463804926, 'z_offset': 1.0646743314842153, 'patch_size': 0.0, 'side': 'left', 'stabilize_anchor': False}, {'x_offset': -0.893897785349049, 'y_offset': 0.8353107519114169, 'z_offset': 0.2859033895655079, 'patch_size': 0.0, 'side': 'left', 'stabilize_anchor': False}, {'x_offset': -0.37566889596480435, 'y_offset': 0.6839206802579629, 'z_offset': 0.8210412725254673, 'patch_size': 0.0, 'side': 'right', 'stabilize_anchor': False}, {'x_offset': 1.1311532765001844, 'y_offset': -0.15050602473633834, 'z_offset': 2.2606341158147036, 'patch_size': 0.0, 'side': 'left', 'stabilize_anchor': False}]"
8,10,1,0.6593332886695862,0.10000000149011612,[6],"[{'x_offset': 1.2162317908883256, 'y_offset': 0.9491925353503319, 'z_offset': 0.6427986246383871, 'patch_size': 0.0, 'side': 'right', 'stabilize_anchor': False}]"
8,10,2,0.6275928616523743,0.10000000149011612,"[6, 8]","[{'x_offset': 1.2162317908883256, 'y_offset': 0.9491925353503319, 'z_offset': 0.6427986246383871, 'patch_size': 0.0, 'side': 'right', 'stabilize_anchor': False}, {'x_offset': 2.300258549663923, 'y_offset': -0.11957908521051164, 'z_offset': 1.4988232856391235, 'patch_size': 0.0, 'side': 'left', 'stabilize_anchor': False}]"
8,10,3,0.6097961068153381,0.10000000149011612,"[6, 8, 2]","[{'x_offset': 1.2162317908883256, 'y_offset': 0.9491925353503319, 'z_offset': 0.6427986246383871, 'patch_size': 0.0, 'side': 'right', 'stabilize_anchor': False}, {'x_offset': 2.300258549663923, 'y_offset': -0.11957908521051164, 'z_offset': 1.4988232856391235, 'patch_size': 0.0, 'side': 'left', 'stabilize_anchor': False}, {'x_offset': 3.3752075927979135, 'y_offset': 0.5978312052656578, 'z_offset': 1.8047925070082702, 'patch_size': 0.0, 'side': 'left', 'stabilize_anchor': False}]"
8,10,4,0.5928015112876892,0.10000000149011612,"[6, 8, 2, 5]","[{'x_offset': 1.2162317908883256, 'y_offset': 0.9491925353503319, 'z_offset': 0.6427986246383871, 'patch_size': 0.0, 'side': 'right', 'stabilize_anchor': False}, {'x_offset': 2.300258549663923, 'y_offset': -0.11957908521051164, 'z_offset': 1.4988232856391235, 'patch_size': 0.0, 'side': 'left', 'stabilize_anchor': False}, {'x_offset': 3.3752075927979135, 'y_offset': 0.5978312052656578, 'z_offset': 1.8047925070082702, 'patch_size': 0.0, 'side': 'left', 'stabilize_anchor': False}, {'x_offset': 0.8642170887287846, 'y_offset': 0.9988367677750487, 'z_offset': 0.16552668877898963, 'patch_size': 0.0, 'side': 'right', 'stabilize_anchor': False}]"
8,10,5,0.5835713148117065,0.10000000149011612,"[6, 8, 2, 5, 4]","[{'x_offset': 1.2162317908883256, 'y_offset': 0.9491925353503319, 'z_offset': 0.6427986246383871, 'patch_size': 0.0, 'side': 'right', 'stabilize_anchor': False}, {'x_offset': 2.300258549663923, 'y_offset': -0.11957908521051164, 'z_offset': 1.4988232856391235, 'patch_size': 0.0, 'side': 'left', 'stabilize_anchor': False}, {'x_offset': 3.3752075927979135, 'y_offset': 0.5978312052656578, 'z_offset': 1.8047925070082702, 'patch_size': 0.0, 'side': 'left', 'stabilize_anchor': False}, {'x_offset': 0.8642170887287846, 'y_offset': 0.9988367677750487, 'z_offset': 0.16552668877898963, 'patch_size': 0.0, 'side': 'right', 'stabilize_anchor': False}, {'x_offset': -0.5356743689536916, 'y_offset': -0.551013845785089, 'z_offset': 1.7890571380737275, 'patch_size': 0.0, 'side': 'right', 'stabilize_anchor': False}]"
8,15,1,0.6131998896598816,0.10000000149011612,[6],"[{'x_offset': 1.2162317908883256, 'y_offset': 0.9491925353503319, 'z_offset': 0.6427986246383871, 'patch_size': 0.0, 'side': 'right', 'stabilize_anchor': False}]"
8,15,2,0.5848579406738281,0.10000000149011612,"[6, 31]","[{'x_offset': 1.2162317908883256, 'y_offset': 0.9491925353503319, 'z_offset': 0.6427986246383871, 'patch_size': 0.0, 'side': 'right', 'stabilize_anchor': False}, {'x_offset': 0.7811536357360351, 'y_offset': 0.43529848917099834, 'z_offset': 1.381840604219807, 'patch_size': 0.0, 'side': 'right', 'stabilize_anchor': False}]"
8,15,3,0.5231209993362427,0.10000000149011612,"[6, 31, 23]","[{'x_offset': 1.2162317908883256, 'y_offset': 0.9491925353503319, 'z_offset': 0.6427986246383871, 'patch_size': 0.0, 'side': 'right', 'stabilize_anchor': False}, {'x_offset': 0.7811536357360351, 'y_offset': 0.43529848917099834, 'z_offset': 1.381840604219807, 'patch_size': 0.0, 'side': 'right', 'stabilize_anchor': False}, {'x_offset': 0.9752227847682102, 'y_offset': 0.7189366771667174, 'z_offset': 1.6949606528594001, 'patch_size': 0.0, 'side': 'left', 'stabilize_anchor': False}]"
8,15,4,0.5205550193786621,0.0,"[6, 31, 23, 48]","[{'x_offset': 1.2162317908883256, 'y_offset': 0.9491925353503319, 'z_offset': 0.6427986246383871, 'patch_size': 0.0, 'side': 'right', 'stabilize_anchor': False}, {'x_offset': 0.7811536357360351, 'y_offset': 0.43529848917099834, 'z_offset': 1.381840604219807, 'patch_size': 0.0, 'side': 'right', 'stabilize_anchor': False}, {'x_offset': 0.9752227847682102, 'y_offset': 0.7189366771667174, 'z_offset': 1.6949606528594001, 'patch_size': 0.0, 'side': 'left', 'stabilize_anchor': False}, {'x_offset': 1.9464545404855649, 'y_offset': 0.007622546414808418, 'z_offset': 0.8928803432048985, 'patch_size': 0.0, 'side': 'right', 'stabilize_anchor': False}]"
8,15,5,0.4592646658420563,0.0,"[6, 31, 23, 48, 39]","[{'x_offset': 1.2162317908883256, 'y_offset': 0.9491925353503319, 'z_offset': 0.6427986246383871, 'patch_size': 0.0, 'side': 'right', 'stabilize_anchor': False}, {'x_offset': 0.7811536357360351, 'y_offset': 0.43529848917099834, 'z_offset': 1.381840604219807, 'patch_size': 0.0, 'side': 'right', 'stabilize_anchor': False}, {'x_offset': 0.9752227847682102, 'y_offset': 0.7189366771667174, 'z_offset': 1.6949606528594001, 'patch_size': 0.0, 'side': 'left', 'stabilize_anchor': False}, {'x_offset': 1.9464545404855649, 'y_offset': 0.007622546414808418, 'z_offset': 0.8928803432048985, 'patch_size': 0.0, 'side': 'right', 'stabilize_anchor': False}, {'x_offset': 2.1842912119859657, 'y_offset': 0.9875396065937276, 'z_offset': 1.4069929549498206, 'patch_size': 0.0, 'side': 'left', 'stabilize_anchor': False}]"
8,15,6,0.355477899312973,0.0,"[6, 31, 23, 48, 39, 46]","[{'x_offset': 1.2162317908883256, 'y_offset': 0.9491925353503319, 'z_offset': 0.6427986246383871, 'patch_size': 0.0, 'side': 'right', 'stabilize_anchor': False}, {'x_offset': 0.7811536357360351, 'y_offset': 0.43529848917099834, 'z_offset': 1.381840604219807, 'patch_size': 0.0, 'side': 'right', 'stabilize_anchor': False}, {'x_offset': 0.9752227847682102, 'y_offset': 0.7189366771667174, 'z_offset': 1.6949606528594001, 'patch_size': 0.0, 'side': 'left', 'stabilize_anchor': False}, {'x_offset': 1.9464545404855649, 'y_offset': 0.007622546414808418, 'z_offset': 0.8928803432048985, 'patch_size': 0.0, 'side': 'right', 'stabilize_anchor': False}, {'x_offset': 2.1842912119859657, 'y_offset': 0.9875396065937276, 'z_offset': 1.4069929549498206, 'patch_size': 0.0, 'side': 'left', 'stabilize_anchor': False}, {'x_offset': -0.37566889596480435, 'y_offset': 0.6839206802579629, 'z_offset': 0.8210412725254673, 'patch_size': 0.0, 'side': 'right', 'stabilize_anchor': False}]"
8,20,1,0.6794449687004089,0.10000000149011612,[13],"[{'x_offset': 1.7530631989994396, 'y_offset': 0.9075150536658314, 'z_offset': 1.922278813470126, 'patch_size': 0.0, 'side': 'right', 'stabilize_anchor': False}]"
8,20,2,0.6737150549888611,0.10000000149011612,"[13, 44]","[{'x_offset': 1.7530631989994396, 'y_offset': 0.9075150536658314, 'z_offset': 1.922278813470126, 'patch_size': 0.0, 'side': 'right', 'stabilize_anchor': False}, {'x_offset': -0.8142634742136026, 'y_offset': 0.321389135432689, 'z_offset': 1.9432341783306428, 'patch_size': 0.0, 'side': 'right', 'stabilize_anchor': False}]"
8,20,3,0.6678628921508789,0.10000000149011612,"[13, 44, 28]","[{'x_offset': 1.7530631989994396, 'y_offset': 0.9075150536658314, 'z_offset': 1.922278813470126, 'patch_size': 0.0, 'side': 'right', 'stabilize_anchor': False}, {'x_offset': -0.8142634742136026, 'y_offset': 0.321389135432689, 'z_offset': 1.9432341783306428, 'patch_size': 0.0, 'side': 'right', 'stabilize_anchor': False}, {'x_offset': 3.9210753957664615, 'y_offset': 0.5284690148955187, 'z_offset': 1.2881652567463748, 'patch_size': 0.0, 'side': 'right', 'stabilize_anchor': False}]"
8,20,4,0.6529292464256287,0.10000000149011612,"[13, 44, 28, 32]","[{'x_offset': 1.7530631989994396, 'y_offset': 0.9075150536658314, 'z_offset': 1.922278813470126, 'patch_size': 0.0, 'side': 'right', 'stabilize_anchor': False}, {'x_offset': -0.8142634742136026, 'y_offset': 0.321389135432689, 'z_offset': 1.9432341783306428, 'patch_size': 0.0, 'side': 'right', 'stabilize_anchor': False}, {'x_offset': 3.9210753957664615, 'y_offset': 0.5284690148955187, 'z_offset': 1.2881652567463748, 'patch_size': 0.0, 'side': 'right', 'stabilize_anchor': False}, {'x_offset': 1.2696966762973907, 'y_offset': 0.9985785257279625, 'z_offset': 2.1154181309360607, 'patch_size': 0.0, 'side': 'left', 'stabilize_anchor': False}]"
8,20,5,0.6408634781837463,0.10000000149011612,"[13, 44, 28, 32, 40]","[{'x_offset': 1.7530631989994396, 'y_offset': 0.9075150536658314, 'z_offset': 1.922278813470126, 'patch_size': 0.0, 'side': 'right', 'stabilize_anchor': False}, {'x_offset': -0.8142634742136026, 'y_offset': 0.321389135432689, 'z_offset': 1.9432341783306428, 'patch_size': 0.0, 'side': 'right', 'stabilize_anchor': False}, {'x_offset': 3.9210753957664615, 'y_offset': 0.5284690148955187, 'z_offset': 1.2881652567463748, 'patch_size': 0.0, 'side': 'right', 'stabilize_anchor': False}, {'x_offset': 1.2696966762973907, 'y_offset': 0.9985785257279625, 'z_offset': 2.1154181309360607, 'patch_size': 0.0, 'side': 'left', 'stabilize_anchor': False}, {'x_offset': 1.4134682393848932, 'y_offset': -0.1119770000366872, 'z_offset': 1.7770735821573758, 'patch_size': 0.0, 'side': 'left', 'stabilize_anchor': False}]"
8,20,6,0.6289360523223877,0.10000000149011612,"[13, 44, 28, 32, 40, 42]","[{'x_offset': 1.7530631989994396, 'y_offset': 0.9075150536658314, 'z_offset': 1.922278813470126, 'patch_size': 0.0, 'side': 'right', 'stabilize_anchor': False}, {'x_offset': -0.8142634742136026, 'y_offset': 0.321389135432689, 'z_offset': 1.9432341783306428, 'patch_size': 0.0, 'side': 'right', 'stabilize_anchor': False}, {'x_offset': 3.9210753957664615, 'y_offset': 0.5284690148955187, 'z_offset': 1.2881652567463748, 'patch_size': 0.0, 'side': 'right', 'stabilize_anchor': False}, {'x_offset': 1.2696966762973907, 'y_offset': 0.9985785257279625, 'z_offset': 2.1154181309360607, 'patch_size': 0.0, 'side': 'left', 'stabilize_anchor': False}, {'x_offset': 1.4134682393848932, 'y_offset': -0.1119770000366872, 'z_offset': 1.7770735821573758, 'patch_size': 0.0, 'side': 'left', 'stabilize_anchor': False}, {'x_offset': 1.4359535752519754, 'y_offset': 0.814286790196123, 'z_offset': 0.35466067576408933, 'patch_size': 0.0, 'side': 'right', 'stabilize_anchor': False}]"
8,20,7,0.6080378890037537,0.10000000149011612,"[13, 44, 28, 32, 40, 42, 38]","[{'x_offset': 1.7530631989994396, 'y_offset': 0.9075150536658314, 'z_offset': 1.922278813470126, 'patch_size': 0.0, 'side': 'right', 'stabilize_anchor': False}, {'x_offset': -0.8142634742136026, 'y_offset': 0.321389135432689, 'z_offset': 1.9432341783306428, 'patch_size': 0.0, 'side': 'right', 'stabilize_anchor': False}, {'x_offset': 3.9210753957664615, 'y_offset': 0.5284690148955187, 'z_offset': 1.2881652567463748, 'patch_size': 0.0, 'side': 'right', 'stabilize_anchor': False}, {'x_offset': 1.2696966762973907, 'y_offset': 0.9985785257279625, 'z_offset': 2.1154181309360607, 'patch_size': 0.0, 'side': 'left', 'stabilize_anchor': False}, {'x_offset': 1.4134682393848932, 'y_offset': -0.1119770000366872, 'z_offset': 1.7770735821573758, 'patch_size': 0.0, 'side': 'left', 'stabilize_anchor': False}, {'x_offset': 1.4359535752519754, 'y_offset': 0.814286790196123, 'z_offset': 0.35466067576408933, 'patch_size': 0.0, 'side': 'right', 'stabilize_anchor': False}, {'x_offset': 0.6548287519756677, 'y_offset': 0.9507308661732028, 'z_offset': 1.5917214744625545, 'patch_size': 0.0, 'side': 'left', 'stabilize_anchor': False}]"
8,20,8,0.6061367392539978,0.0,"[13, 44, 28, 32, 40, 42, 38, 37]","[{'x_offset': 1.7530631989994396, 'y_offset': 0.9075150536658314, 'z_offset': 1.922278813470126, 'patch_size': 0.0, 'side': 'right', 'stabilize_anchor': False}, {'x_offset': -0.8142634742136026, 'y_offset': 0.321389135432689, 'z_offset': 1.9432341783306428, 'patch_size': 0.0, 'side': 'right', 'stabilize_anchor': False}, {'x_offset': 3.9210753957664615, 'y_offset': 0.5284690148955187, 'z_offset': 1.2881652567463748, 'patch_size': 0.0, 'side': 'right', 'stabilize_anchor': False}, {'x_offset': 1.2696966762973907, 'y_offset': 0.9985785257279625, 'z_offset': 2.1154181309360607, 'patch_size': 0.0, 'side': 'left', 'stabilize_anchor': False}, {'x_offset': 1.4134682393848932, 'y_offset': -0.1119770000366872, 'z_offset': 1.7770735821573758, 'patch_size': 0.0, 'side': 'left', 'stabilize_anchor': False}, {'x_offset': 1.4359535752519754, 'y_offset': 0.814286790196123, 'z_offset': 0.35466067576408933, 'patch_size': 0.0, 'side': 'right', 'stabilize_anchor': False}, {'x_offset': 0.6548287519756677, 'y_offset': 0.9507308661732028, 'z_offset': 1.5917214744625545, 'patch_size': 0.0, 'side': 'left', 'stabilize_anchor': False}, {'x_offset': 0.6687095995147094, 'y_offset': 0.340327939095145, 'z_offset': 1.4371527173872378, 'patch_size': 0.0, 'side': 'left', 'stabilize_anchor': False}]"
8,20,9,0.5913838148117065,0.0,"[13, 44, 28, 32, 40, 42, 38, 37, 33]","[{'x_offset': 1.7530631989994396, 'y_offset': 0.9075150536658314, 'z_offset': 1.922278813470126, 'patch_size': 0.0, 'side': 'right', 'stabilize_anchor': False}, {'x_offset': -0.8142634742136026, 'y_offset': 0.321389135432689, 'z_offset': 1.9432341783306428, 'patch_size': 0.0, 'side': 'right', 'stabilize_anchor': False}, {'x_offset': 3.9210753957664615, 'y_offset': 0.5284690148955187, 'z_offset': 1.2881652567463748, 'patch_size': 0.0, 'side': 'right', 'stabilize_anchor': False}, {'x_offset': 1.2696966762973907, 'y_offset': 0.9985785257279625, 'z_offset': 2.1154181309360607, 'patch_size': 0.0, 'side': 'left', 'stabilize_anchor': False}, {'x_offset': 1.4134682393848932, 'y_offset': -0.1119770000366872, 'z_offset': 1.7770735821573758, 'patch_size': 0.0, 'side': 'left', 'stabilize_anchor': False}, {'x_offset': 1.4359535752519754, 'y_offset': 0.814286790196123, 'z_offset': 0.35466067576408933, 'patch_size': 0.0, 'side': 'right', 'stabilize_anchor': False}, {'x_offset': 0.6548287519756677, 'y_offset': 0.9507308661732028, 'z_offset': 1.5917214744625545, 'patch_size': 0.0, 'side': 'left', 'stabilize_anchor': False}, {'x_offset': 0.6687095995147094, 'y_offset': 0.340327939095145, 'z_offset': 1.4371527173872378, 'patch_size': 0.0, 'side': 'left', 'stabilize_anchor': False}, {'x_offset': 2.5651979717340283, 'y_offset': -0.23586793611690576, 'z_offset': 1.4984829470258185, 'patch_size': 0.0, 'side': 'right', 'stabilize_anchor': False}]"
8,20,10,0.5854557752609253,0.0,"[13, 44, 28, 32, 40, 42, 38, 37, 33, 24]","[{'x_offset': 1.7530631989994396, 'y_offset': 0.9075150536658314, 'z_offset': 1.922278813470126, 'patch_size': 0.0, 'side': 'right', 'stabilize_anchor': False}, {'x_offset': -0.8142634742136026, 'y_offset': 0.321389135432689, 'z_offset': 1.9432341783306428, 'patch_size': 0.0, 'side': 'right', 'stabilize_anchor': False}, {'x_offset': 3.9210753957664615, 'y_offset': 0.5284690148955187, 'z_offset': 1.2881652567463748, 'patch_size': 0.0, 'side': 'right', 'stabilize_anchor': False}, {'x_offset': 1.2696966762973907, 'y_offset': 0.9985785257279625, 'z_offset': 2.1154181309360607, 'patch_size': 0.0, 'side': 'left', 'stabilize_anchor': False}, {'x_offset': 1.4134682393848932, 'y_offset': -0.1119770000366872, 'z_offset': 1.7770735821573758, 'patch_size': 0.0, 'side': 'left', 'stabilize_anchor': False}, {'x_offset': 1.4359535752519754, 'y_offset': 0.814286790196123, 'z_offset': 0.35466067576408933, 'patch_size': 0.0, 'side': 'right', 'stabilize_anchor': False}, {'x_offset': 0.6548287519756677, 'y_offset': 0.9507308661732028, 'z_offset': 1.5917214744625545, 'patch_size': 0.0, 'side': 'left', 'stabilize_anchor': False}, {'x_offset': 0.6687095995147094, 'y_offset': 0.340327939095145, 'z_offset': 1.4371527173872378, 'patch_size': 0.0, 'side': 'left', 'stabilize_anchor': False}, {'x_offset': 2.5651979717340283, 'y_offset': -0.23586793611690576, 'z_offset': 1.4984829470258185, 'patch_size': 0.0, 'side': 'right', 'stabilize_anchor': False}, {'x_offset': 1.0261983027129777, 'y_offset': 0.8387803170623855, 'z_offset': 1.2155984283080283, 'patch_size': 0.0, 'side': 'left', 'stabilize_anchor': False}]"
8,20,11,0.560175895690918,0.0,"[13, 44, 28, 32, 40, 42, 38, 37, 33, 24, 11]","[{'x_offset': 1.7530631989994396, 'y_offset': 0.9075150536658314, 'z_offset': 1.922278813470126, 'patch_size': 0.0, 'side': 'right', 'stabilize_anchor': False}, {'x_offset': -0.8142634742136026, 'y_offset': 0.321389135432689, 'z_offset': 1.9432341783306428, 'patch_size': 0.0, 'side': 'right', 'stabilize_anchor': False}, {'x_offset': 3.9210753957664615, 'y_offset': 0.5284690148955187, 'z_offset': 1.2881652567463748, 'patch_size': 0.0, 'side': 'right', 'stabilize_anchor': False}, {'x_offset': 1.2696966762973907, 'y_offset': 0.9985785257279625, 'z_offset': 2.1154181309360607, 'patch_size': 0.0, 'side': 'left', 'stabilize_anchor': False}, {'x_offset': 1.4134682393848932, 'y_offset': -0.1119770000366872, 'z_offset': 1.7770735821573758, 'patch_size': 0.0, 'side': 'left', 'stabilize_anchor': False}, {'x_offset': 1.4359535752519754, 'y_offset': 0.814286790196123, 'z_offset': 0.35466067576408933, 'patch_size': 0.0, 'side': 'right', 'stabilize_anchor': False}, {'x_offset': 0.6548287519756677, 'y_offset': 0.9507308661732028, 'z_offset': 1.5917214744625545, 'patch_size': 0.0, 'side': 'left', 'stabilize_anchor': False}, {'x_offset': 0.6687095995147094, 'y_offset': 0.340327939095145, 'z_offset': 1.4371527173872378, 'patch_size': 0.0, 'side': 'left', 'stabilize_anchor': False}, {'x_offset': 2.5651979717340283, 'y_offset': -0.23586793611690576, 'z_offset': 1.4984829470258185, 'patch_size': 0.0, 'side': 'right', 'stabilize_anchor': False}, {'x_offset': 1.0261983027129777, 'y_offset': 0.8387803170623855, 'z_offset': 1.2155984283080283, 'patch_size': 0.0, 'side': 'left', 'stabilize_anchor': False}, {'x_offset': -0.893897785349049, 'y_offset': 0.8353107519114169, 'z_offset': 0.2859033895655079, 'patch_size': 0.0, 'side': 'left', 'stabilize_anchor': False}]"
8,20,12,0.5282503366470337,0.0,"[13, 44, 28, 32, 40, 42, 38, 37, 33, 24, 11, 36]","[{'x_offset': 1.7530631989994396, 'y_offset': 0.9075150536658314, 'z_offset': 1.922278813470126, 'patch_size': 0.0, 'side': 'right', 'stabilize_anchor': False}, {'x_offset': -0.8142634742136026, 'y_offset': 0.321389135432689, 'z_offset': 1.9432341783306428, 'patch_size': 0.0, 'side': 'right', 'stabilize_anchor': False}, {'x_offset': 3.9210753957664615, 'y_offset': 0.5284690148955187, 'z_offset': 1.2881652567463748, 'patch_size': 0.0, 'side': 'right', 'stabilize_anchor': False}, {'x_offset': 1.2696966762973907, 'y_offset': 0.9985785257279625, 'z_offset': 2.1154181309360607, 'patch_size': 0.0, 'side': 'left', 'stabilize_anchor': False}, {'x_offset': 1.4134682393848932, 'y_offset': -0.1119770000366872, 'z_offset': 1.7770735821573758, 'patch_size': 0.0, 'side': 'left', 'stabilize_anchor': False}, {'x_offset': 1.4359535752519754, 'y_offset': 0.814286790196123, 'z_offset': 0.35466067576408933, 'patch_size': 0.0, 'side': 'right', 'stabilize_anchor': False}, {'x_offset': 0.6548287519756677, 'y_offset': 0.9507308661732028, 'z_offset': 1.5917214744625545, 'patch_size': 0.0, 'side': 'left', 'stabilize_anchor': False}, {'x_offset': 0.6687095995147094, 'y_offset': 0.340327939095145, 'z_offset': 1.4371527173872378, 'patch_size': 0.0, 'side': 'left', 'stabilize_anchor': False}, {'x_offset': 2.5651979717340283, 'y_offset': -0.23586793611690576, 'z_offset': 1.4984829470258185, 'patch_size': 0.0, 'side': 'right', 'stabilize_anchor': False}, {'x_offset': 1.0261983027129777, 'y_offset': 0.8387803170623855, 'z_offset': 1.2155984283080283, 'patch_size': 0.0, 'side': 'left', 'stabilize_anchor': False}, {'x_offset': -0.893897785349049, 'y_offset': 0.8353107519114169, 'z_offset': 0.2859033895655079, 'patch_size': 0.0, 'side': 'left', 'stabilize_anchor': False}, {'x_offset': 0.021734011912262652, 'y_offset': 0.5372853350150275, 'z_offset': 1.084096547340551, 'patch_size': 0.0, 'side': 'right', 'stabilize_anchor': False}]"
8,25,1,0.6515304446220398,0.10000000149011612,[39],"[{'x_offset': 2.1842912119859657, 'y_offset': 0.9875396065937276, 'z_offset': 1.4069929549498206, 'patch_size': 0.0, 'side': 'left', 'stabilize_anchor': False}]"
8,25,2,0.5671536922454834,0.10000000149011612,"[39, 13]","[{'x_offset': 2.1842912119859657, 'y_offset': 0.9875396065937276, 'z_offset': 1.4069929549498206, 'patch_size': 0.0, 'side': 'left', 'stabilize_anchor': False}, {'x_offset': 1.7530631989994396, 'y_offset': 0.9075150536658314, 'z_offset': 1.922278813470126, 'patch_size': 0.0, 'side': 'right', 'stabilize_anchor': False}]"
8,25,3,0.45698755979537964,0.10000000149011612,"[39, 13, 6]","[{'x_offset': 2.1842912119859657, 'y_offset': 0.9875396065937276, 'z_offset': 1.4069929549498206, 'patch_size': 0.0, 'side': 'left', 'stabilize_anchor': False}, {'x_offset': 1.7530631989994396, 'y_offset': 0.9075150536658314, 'z_offset': 1.922278813470126, 'patch_size': 0.0, 'side': 'right', 'stabilize_anchor': False}, {'x_offset': 1.2162317908883256, 'y_offset': 0.9491925353503319, 'z_offset': 0.6427986246383871, 'patch_size': 0.0, 'side': 'right', 'stabilize_anchor': False}]"
8,25,4,0.41500651836395264,0.10000000149011612,"[39, 13, 6, 14]","[{'x_offset': 2.1842912119859657, 'y_offset': 0.9875396065937276, 'z_offset': 1.4069929549498206, 'patch_size': 0.0, 'side': 'left', 'stabilize_anchor': False}, {'x_offset': 1.7530631989994396, 'y_offset': 0.9075150536658314, 'z_offset': 1.922278813470126, 'patch_size': 0.0, 'side': 'right', 'stabilize_anchor': False}, {'x_offset': 1.2162317908883256, 'y_offset': 0.9491925353503319, 'z_offset': 0.6427986246383871, 'patch_size': 0.0, 'side': 'right', 'stabilize_anchor': False}, {'x_offset': -0.8054576632309653, 'y_offset': 0.7065981582821879, 'z_offset': 1.157052600363502, 'patch_size': 0.0, 'side': 'left', 'stabilize_anchor': False}]"
8,25,5,0.3776521682739258,0.10000000149011612,"[39, 13, 6, 14, 31]","[{'x_offset': 2.1842912119859657, 'y_offset': 0.9875396065937276, 'z_offset': 1.4069929549498206, 'patch_size': 0.0, 'side': 'left', 'stabilize_anchor': False}, {'x_offset': 1.7530631989994396, 'y_offset': 0.9075150536658314, 'z_offset': 1.922278813470126, 'patch_size': 0.0, 'side': 'right', 'stabilize_anchor': False}, {'x_offset': 1.2162317908883256, 'y_offset': 0.9491925353503319, 'z_offset': 0.6427986246383871, 'patch_size': 0.0, 'side': 'right', 'stabilize_anchor': False}, {'x_offset': -0.8054576632309653, 'y_offset': 0.7065981582821879, 'z_offset': 1.157052600363502, 'patch_size': 0.0, 'side': 'left', 'stabilize_anchor': False}, {'x_offset': 0.7811536357360351, 'y_offset': 0.43529848917099834, 'z_offset': 1.381840604219807, 'patch_size': 0.0, 'side': 'right', 'stabilize_anchor': False}]"
8,25,6,0.0,0.0,"[39, 13, 6, 14, 31, 36]","[{'x_offset': 2.1842912119859657, 'y_offset': 0.9875396065937276, 'z_offset': 1.4069929549498206, 'patch_size': 0.0, 'side': 'left', 'stabilize_anchor': False}, {'x_offset': 1.7530631989994396, 'y_offset': 0.9075150536658314, 'z_offset': 1.922278813470126, 'patch_size': 0.0, 'side': 'right', 'stabilize_anchor': False}, {'x_offset': 1.2162317908883256, 'y_offset': 0.9491925353503319, 'z_offset': 0.6427986246383871, 'patch_size': 0.0, 'side': 'right', 'stabilize_anchor': False}, {'x_offset': -0.8054576632309653, 'y_offset': 0.7065981582821879, 'z_offset': 1.157052600363502, 'patch_size': 0.0, 'side': 'left', 'stabilize_anchor': False}, {'x_offset': 0.7811536357360351, 'y_offset': 0.43529848917099834, 'z_offset': 1.381840604219807, 'patch_size': 0.0, 'side': 'right', 'stabilize_anchor': False}, {'x_offset': 0.021734011912262652, 'y_offset': 0.5372853350150275, 'z_offset': 1.084096547340551, 'patch_size': 0.0, 'side': 'right', 'stabilize_anchor': False}]"
8,30,1,0.0,0.0,[6],"[{'x_offset': 1.2162317908883256, 'y_offset': 0.9491925353503319, 'z_offset': 0.6427986246383871, 'patch_size': 0.0, 'side': 'right', 'stabilize_anchor': False}]"
9,5,1,0.6216000318527222,0.10000000149011612,[25],"[{'x_offset': 0.010458343612655074, 'y_offset': 0.5862240704470263, 'z_offset': 0.9405974825395509, 'patch_size': 0.0, 'side': 'right', 'stabilize_anchor': False}]"
9,5,2,0.6105018258094788,0.10000000149011612,"[25, 20]","[{'x_offset': 0.010458343612655074, 'y_offset': 0.5862240704470263, 'z_offset': 0.9405974825395509, 'patch_size': 0.0, 'side': 'right', 'stabilize_anchor': False}, {'x_offset': -0.5773030394745151, 'y_offset': -0.5979474058766497, 'z_offset': 1.3289622927933726, 'patch_size': 0.0, 'side': 'left', 'stabilize_anchor': False}]"
9,5,3,0.5764662623405457,0.10000000149011612,"[25, 20, 42]","[{'x_offset': 0.010458343612655074, 'y_offset': 0.5862240704470263, 'z_offset': 0.9405974825395509, 'patch_size': 0.0, 'side': 'right', 'stabilize_anchor': False}, {'x_offset': -0.5773030394745151, 'y_offset': -0.5979474058766497, 'z_offset': 1.3289622927933726, 'patch_size': 0.0, 'side': 'left', 'stabilize_anchor': False}, {'x_offset': -0.9738314207814205, 'y_offset': 0.01208141240181948, 'z_offset': 2.1918306110846726, 'patch_size': 0.0, 'side': 'left', 'stabilize_anchor': False}]"
9,10,1,0.6734554767608643,0.10000000149011612,[44],"[{'x_offset': -0.7910904215455485, 'y_offset': -0.07914338562615197, 'z_offset': 0.6498346116573244, 'patch_size': 0.0, 'side': 'right', 'stabilize_anchor': False}]"
9,10,2,0.6531767845153809,0.10000000149011612,"[44, 21]","[{'x_offset': -0.7910904215455485, 'y_offset': -0.07914338562615197, 'z_offset': 0.6498346116573244, 'patch_size': 0.0, 'side': 'right', 'stabilize_anchor': False}, {'x_offset': 0.6284223235892252, 'y_offset': 0.9705868713627788, 'z_offset': 0.7511375377586543, 'patch_size': 0.0, 'side': 'left', 'stabilize_anchor': False}]"
9,10,3,0.6102025508880615,0.10000000149011612,"[44, 21, 32]","[{'x_offset': -0.7910904215455485, 'y_offset': -0.07914338562615197, 'z_offset': 0.6498346116573244, 'patch_size': 0.0, 'side': 'right', 'stabilize_anchor': False}, {'x_offset': 0.6284223235892252, 'y_offset': 0.9705868713627788, 'z_offset': 0.7511375377586543, 'patch_size': 0.0, 'side': 'left', 'stabilize_anchor': False}, {'x_offset': -0.1858256951349121, 'y_offset': -0.043951739492995356, 'z_offset': 0.6490416126989044, 'patch_size': 0.0, 'side': 'left', 'stabilize_anchor': False}]"
9,10,4,0.6046075224876404,0.0,"[44, 21, 32, 2]","[{'x_offset': -0.7910904215455485, 'y_offset': -0.07914338562615197, 'z_offset': 0.6498346116573244, 'patch_size': 0.0, 'side': 'right', 'stabilize_anchor': False}, {'x_offset': 0.6284223235892252, 'y_offset': 0.9705868713627788, 'z_offset': 0.7511375377586543, 'patch_size': 0.0, 'side': 'left', 'stabilize_anchor': False}, {'x_offset': -0.1858256951349121, 'y_offset': -0.043951739492995356, 'z_offset': 0.6490416126989044, 'patch_size': 0.0, 'side': 'left', 'stabilize_anchor': False}, {'x_offset': 0.6631317283088043, 'y_offset': 0.4043012535532369, 'z_offset': 1.1972831175566545, 'patch_size': 0.0, 'side': 'right', 'stabilize_anchor': False}]"
9,10,5,0.5885525941848755,0.0,"[44, 21, 32, 2, 3]","[{'x_offset': -0.7910904215455485, 'y_offset': -0.07914338562615197, 'z_offset': 0.6498346116573244, 'patch_size': 0.0, 'side': 'right', 'stabilize_anchor': False}, {'x_offset': 0.6284223235892252, 'y_offset': 0.9705868713627788, 'z_offset': 0.7511375377586543, 'patch_size': 0.0, 'side': 'left', 'stabilize_anchor': False}, {'x_offset': -0.1858256951349121, 'y_offset': -0.043951739492995356, 'z_offset': 0.6490416126989044, 'patch_size': 0.0, 'side': 'left', 'stabilize_anchor': False}, {'x_offset': 0.6631317283088043, 'y_offset': 0.4043012535532369, 'z_offset': 1.1972831175566545, 'patch_size': 0.0, 'side': 'right', 'stabilize_anchor': False}, {'x_offset': 3.4270239138671545, 'y_offset': 0.7889895783435532, 'z_offset': 2.054051642028977, 'patch_size': 0.0, 'side': 'right', 'stabilize_anchor': False}]"
9,10,6,0.569168210029602,0.0,"[44, 21, 32, 2, 3, 41]","[{'x_offset': -0.7910904215455485, 'y_offset': -0.07914338562615197, 'z_offset': 0.6498346116573244, 'patch_size': 0.0, 'side': 'right', 'stabilize_anchor': False}, {'x_offset': 0.6284223235892252, 'y_offset': 0.9705868713627788, 'z_offset': 0.7511375377586543, 'patch_size': 0.0, 'side': 'left', 'stabilize_anchor': False}, {'x_offset': -0.1858256951349121, 'y_offset': -0.043951739492995356, 'z_offset': 0.6490416126989044, 'patch_size': 0.0, 'side': 'left', 'stabilize_anchor': False}, {'x_offset': 0.6631317283088043, 'y_offset': 0.4043012535532369, 'z_offset': 1.1972831175566545, 'patch_size': 0.0, 'side': 'right', 'stabilize_anchor': False}, {'x_offset': 3.4270239138671545, 'y_offset': 0.7889895783435532, 'z_offset': 2.054051642028977, 'patch_size': 0.0, 'side': 'right', 'stabilize_anchor': False}, {'x_offset': 2.5345491210331876, 'y_offset': 0.3071713422429918, 'z_offset': 1.43934729076263, 'patch_size': 0.0, 'side': 'left', 'stabilize_anchor': False}]"
9,15,1,0.6881088018417358,0.10000000149011612,[9],"[{'x_offset': 1.916229069001894, 'y_offset': 0.98433552281824, 'z_offset': 0.9700062549353947, 'patch_size': 0.0, 'side': 'right', 'stabilize_anchor': False}]"
9,15,2,0.6432780027389526,0.10000000149011612,"[9, 40]","[{'x_offset': 1.916229069001894, 'y_offset': 0.98433552281824, 'z_offset': 0.9700062549353947, 'patch_size': 0.0, 'side': 'right', 'stabilize_anchor': False}, {'x_offset': 2.2666556899810484, 'y_offset': 0.4592472979098494, 'z_offset': 0.8715446490383945, 'patch_size': 0.0, 'side': 'left', 'stabilize_anchor': False}]"
9,15,3,0.6083573698997498,0.10000000149011612,"[9, 40, 8]","[{'x_offset': 1.916229069001894, 'y_offset': 0.98433552281824, 'z_offset': 0.9700062549353947, 'patch_size': 0.0, 'side': 'right', 'stabilize_anchor': False}, {'x_offset': 2.2666556899810484, 'y_offset': 0.4592472979098494, 'z_offset': 0.8715446490383945, 'patch_size': 0.0, 'side': 'left', 'stabilize_anchor': False}, {'x_offset': 1.6889187449628844, 'y_offset': 0.36931665401925806, 'z_offset': 0.4612396710745289, 'patch_size': 0.0, 'side': 'right', 'stabilize_anchor': False}]"
9,15,4,0.5769928097724915,0.10000000149011612,"[9, 40, 8, 1]","[{'x_offset': 1.916229069001894, 'y_offset': 0.98433552281824, 'z_offset': 0.9700062549353947, 'patch_size': 0.0, 'side': 'right', 'stabilize_anchor': False}, {'x_offset': 2.2666556899810484, 'y_offset': 0.4592472979098494, 'z_offset': 0.8715446490383945, 'patch_size': 0.0, 'side': 'left', 'stabilize_anchor': False}, {'x_offset': 1.6889187449628844, 'y_offset': 0.36931665401925806, 'z_offset': 0.4612396710745289, 'patch_size': 0.0, 'side': 'right', 'stabilize_anchor': False}, {'x_offset': 0.5779971017140326, 'y_offset': 0.7387927212786571, 'z_offset': 0.8577217421988921, 'patch_size': 0.0, 'side': 'left', 'stabilize_anchor': False}]"
9,15,5,0.5309540033340454,0.0,"[9, 40, 8, 1, 2]","[{'x_offset': 1.916229069001894, 'y_offset': 0.98433552281824, 'z_offset': 0.9700062549353947, 'patch_size': 0.0, 'side': 'right', 'stabilize_anchor': False}, {'x_offset': 2.2666556899810484, 'y_offset': 0.4592472979098494, 'z_offset': 0.8715446490383945, 'patch_size': 0.0, 'side': 'left', 'stabilize_anchor': False}, {'x_offset': 1.6889187449628844, 'y_offset': 0.36931665401925806, 'z_offset': 0.4612396710745289, 'patch_size': 0.0, 'side': 'right', 'stabilize_anchor': False}, {'x_offset': 0.5779971017140326, 'y_offset': 0.7387927212786571, 'z_offset': 0.8577217421988921, 'patch_size': 0.0, 'side': 'left', 'stabilize_anchor': False}, {'x_offset': 0.6631317283088043, 'y_offset': 0.4043012535532369, 'z_offset': 1.1972831175566545, 'patch_size': 0.0, 'side': 'right', 'stabilize_anchor': False}]"
9,15,6,0.47731277346611023,0.0,"[9, 40, 8, 1, 2, 30]","[{'x_offset': 1.916229069001894, 'y_offset': 0.98433552281824, 'z_offset': 0.9700062549353947, 'patch_size': 0.0, 'side': 'right', 'stabilize_anchor': False}, {'x_offset': 2.2666556899810484, 'y_offset': 0.4592472979098494, 'z_offset': 0.8715446490383945, 'patch_size': 0.0, 'side': 'left', 'stabilize_anchor': False}, {'x_offset': 1.6889187449628844, 'y_offset': 0.36931665401925806, 'z_offset': 0.4612396710745289, 'patch_size': 0.0, 'side': 'right', 'stabilize_anchor': False}, {'x_offset': 0.5779971017140326, 'y_offset': 0.7387927212786571, 'z_offset': 0.8577217421988921, 'patch_size': 0.0, 'side': 'left', 'stabilize_anchor': False}, {'x_offset': 0.6631317283088043, 'y_offset': 0.4043012535532369, 'z_offset': 1.1972831175566545, 'patch_size': 0.0, 'side': 'right', 'stabilize_anchor': False}, {'x_offset': 1.6725088374142287, 'y_offset': 0.002559434475411626, 'z_offset': 0.42402341458327925, 'patch_size': 0.0, 'side': 'right', 'stabilize_anchor': False}]"
9,15,7,0.4718192219734192,0.0,"[9, 40, 8, 1, 2, 30, 16]","[{'x_offset': 1.916229069001894, 'y_offset': 0.98433552281824, 'z_offset': 0.9700062549353947, 'patch_size': 0.0, 'side': 'right', 'stabilize_anchor': False}, {'x_offset': 2.2666556899810484, 'y_offset': 0.4592472979098494, 'z_offset': 0.8715446490383945, 'patch_size': 0.0, 'side': 'left', 'stabilize_anchor': False}, {'x_offset': 1.6889187449628844, 'y_offset': 0.36931665401925806, 'z_offset': 0.4612396710745289, 'patch_size': 0.0, 'side': 'right', 'stabilize_anchor': False}, {'x_offset': 0.5779971017140326, 'y_offset': 0.7387927212786571, 'z_offset': 0.8577217421988921, 'patch_size': 0.0, 'side': 'left', 'stabilize_anchor': False}, {'x_offset': 0.6631317283088043, 'y_offset': 0.4043012535532369, 'z_offset': 1.1972831175566545, 'patch_size': 0.0, 'side': 'right', 'stabilize_anchor': False}, {'x_offset': 1.6725088374142287, 'y_offset': 0.002559434475411626, 'z_offset': 0.42402341458327925, 'patch_size': 0.0, 'side': 'right', 'stabilize_anchor': False}, {'x_offset': 0.28853100437849033, 'y_offset': 0.6302393153817449, 'z_offset': 1.5290469798003647, 'patch_size': 0.0, 'side': 'right', 'stabilize_anchor': False}]"
9,15,8,0.4563266932964325,0.0,"[9, 40, 8, 1, 2, 30, 16, 46]","[{'x_offset': 1.916229069001894, 'y_offset': 0.98433552281824, 'z_offset': 0.9700062549353947, 'patch_size': 0.0, 'side': 'right', 'stabilize_anchor': False}, {'x_offset': 2.2666556899810484, 'y_offset': 0.4592472979098494, 'z_offset': 0.8715446490383945, 'patch_size': 0.0, 'side': 'left', 'stabilize_anchor': False}, {'x_offset': 1.6889187449628844, 'y_offset': 0.36931665401925806, 'z_offset': 0.4612396710745289, 'patch_size': 0.0, 'side': 'right', 'stabilize_anchor': False}, {'x_offset': 0.5779971017140326, 'y_offset': 0.7387927212786571, 'z_offset': 0.8577217421988921, 'patch_size': 0.0, 'side': 'left', 'stabilize_anchor': False}, {'x_offset': 0.6631317283088043, 'y_offset': 0.4043012535532369, 'z_offset': 1.1972831175566545, 'patch_size': 0.0, 'side': 'right', 'stabilize_anchor': False}, {'x_offset': 1.6725088374142287, 'y_offset': 0.002559434475411626, 'z_offset': 0.42402341458327925, 'patch_size': 0.0, 'side': 'right', 'stabilize_anchor': False}, {'x_offset': 0.28853100437849033, 'y_offset': 0.6302393153817449, 'z_offset': 1.5290469798003647, 'patch_size': 0.0, 'side': 'right', 'stabilize_anchor': False}, {'x_offset': 0.7191862643792888, 'y_offset': 0.3893182125613164, 'z_offset': 1.1615622565827928, 'patch_size': 0.0, 'side': 'right', 'stabilize_anchor': False}]"
9,15,9,0.4317155182361603,0.0,"[9, 40, 8, 1, 2, 30, 16, 46, 7]","[{'x_offset': 1.916229069001894, 'y_offset': 0.98433552281824, 'z_offset': 0.9700062549353947, 'patch_size': 0.0, 'side': 'right', 'stabilize_anchor': False}, {'x_offset': 2.2666556899810484, 'y_offset': 0.4592472979098494, 'z_offset': 0.8715446490383945, 'patch_size': 0.0, 'side': 'left', 'stabilize_anchor': False}, {'x_offset': 1.6889187449628844, 'y_offset': 0.36931665401925806, 'z_offset': 0.4612396710745289, 'patch_size': 0.0, 'side': 'right', 'stabilize_anchor': False}, {'x_offset': 0.5779971017140326, 'y_offset': 0.7387927212786571, 'z_offset': 0.8577217421988921, 'patch_size': 0.0, 'side': 'left', 'stabilize_anchor': False}, {'x_offset': 0.6631317283088043, 'y_offset': 0.4043012535532369, 'z_offset': 1.1972831175566545, 'patch_size': 0.0, 'side': 'right', 'stabilize_anchor': False}, {'x_offset': 1.6725088374142287, 'y_offset': 0.002559434475411626, 'z_offset': 0.42402341458327925, 'patch_size': 0.0, 'side': 'right', 'stabilize_anchor': False}, {'x_offset': 0.28853100437849033, 'y_offset': 0.6302393153817449, 'z_offset': 1.5290469798003647, 'patch_size': 0.0, 'side': 'right', 'stabilize_anchor': False}, {'x_offset': 0.7191862643792888, 'y_offset': 0.3893182125613164, 'z_offset': 1.1615622565827928, 'patch_size': 0.0, 'side': 'right', 'stabilize_anchor': False}, {'x_offset': -0.588250105707905, 'y_offset': 0.0050348326975879765, 'z_offset': 1.124519052686618, 'patch_size': 0.0, 'side': 'right', 'stabilize_anchor': False}]"
9,15,10,0.39281073212623596,0.0,"[9, 40, 8, 1, 2, 30, 16, 46, 7, 14]","[{'x_offset': 1.916229069001894, 'y_offset': 0.98433552281824, 'z_offset': 0.9700062549353947, 'patch_size': 0.0, 'side': 'right', 'stabilize_anchor': False}, {'x_offset': 2.2666556899810484, 'y_offset': 0.4592472979098494, 'z_offset': 0.8715446490383945, 'patch_size': 0.0, 'side': 'left', 'stabilize_anchor': False}, {'x_offset': 1.6889187449628844, 'y_offset': 0.36931665401925806, 'z_offset': 0.4612396710745289, 'patch_size': 0.0, 'side': 'right', 'stabilize_anchor': False}, {'x_offset': 0.5779971017140326, 'y_offset': 0.7387927212786571, 'z_offset': 0.8577217421988921, 'patch_size': 0.0, 'side': 'left', 'stabilize_anchor': False}, {'x_offset': 0.6631317283088043, 'y_offset': 0.4043012535532369, 'z_offset': 1.1972831175566545, 'patch_size': 0.0, 'side': 'right', 'stabilize_anchor': False}, {'x_offset': 1.6725088374142287, 'y_offset': 0.002559434475411626, 'z_offset': 0.42402341458327925, 'patch_size': 0.0, 'side': 'right', 'stabilize_anchor': False}, {'x_offset': 0.28853100437849033, 'y_offset': 0.6302393153817449, 'z_offset': 1.5290469798003647, 'patch_size': 0.0, 'side': 'right', 'stabilize_anchor': False}, {'x_offset': 0.7191862643792888, 'y_offset': 0.3893182125613164, 'z_offset': 1.1615622565827928, 'patch_size': 0.0, 'side': 'right', 'stabilize_anchor': False}, {'x_offset': -0.588250105707905, 'y_offset': 0.0050348326975879765, 'z_offset': 1.124519052686618, 'patch_size': 0.0, 'side': 'right', 'stabilize_anchor': False}, {'x_offset': 0.9370210512517072, 'y_offset': 0.34824659722543627, 'z_offset': 0.5132395168689479, 'patch_size': 0.0, 'side': 'right', 'stabilize_anchor': False}]"
9,15,11,0.0,0.0,"[9, 40, 8, 1, 2, 30, 16, 46, 7, 14, 15]","[{'x_offset': 1.916229069001894, 'y_offset': 0.98433552281824, 'z_offset': 0.9700062549353947, 'patch_size': 0.0, 'side': 'right', 'stabilize_anchor': False}, {'x_offset': 2.2666556899810484, 'y_offset': 0.4592472979098494, 'z_offset': 0.8715446490383945, 'patch_size': 0.0, 'side': 'left', 'stabilize_anchor': False}, {'x_offset': 1.6889187449628844, 'y_offset': 0.36931665401925806, 'z_offset': 0.4612396710745289, 'patch_size': 0.0, 'side': 'right', 'stabilize_anchor': False}, {'x_offset': 0.5779971017140326, 'y_offset': 0.7387927212786571, 'z_offset': 0.8577217421988921, 'patch_size': 0.0, 'side': 'left', 'stabilize_anchor': False}, {'x_offset': 0.6631317283088043, 'y_offset': 0.4043012535532369, 'z_offset': 1.1972831175566545, 'patch_size': 0.0, 'side': 'right', 'stabilize_anchor': False}, {'x_offset': 1.6725088374142287, 'y_offset': 0.002559434475411626, 'z_offset': 0.42402341458327925, 'patch_size': 0.0, 'side': 'right', 'stabilize_anchor': False}, {'x_offset': 0.28853100437849033, 'y_offset': 0.6302393153817449, 'z_offset': 1.5290469798003647, 'patch_size': 0.0, 'side': 'right', 'stabilize_anchor': False}, {'x_offset': 0.7191862643792888, 'y_offset': 0.3893182125613164, 'z_offset': 1.1615622565827928, 'patch_size': 0.0, 'side': 'right', 'stabilize_anchor': False}, {'x_offset': -0.588250105707905, 'y_offset': 0.0050348326975879765, 'z_offset': 1.124519052686618, 'patch_size': 0.0, 'side': 'right', 'stabilize_anchor': False}, {'x_offset': 0.9370210512517072, 'y_offset': 0.34824659722543627, 'z_offset': 0.5132395168689479, 'patch_size': 0.0, 'side': 'right', 'stabilize_anchor': False}, {'x_offset': 3.7857785603656646, 'y_offset': 0.5272875071594099, 'z_offset': 1.9980086227592067, 'patch_size': 0.0, 'side': 'left', 'stabilize_anchor': False}]"
9,20,1,0.6683574318885803,0.10000000149011612,[9],"[{'x_offset': 1.916229069001894, 'y_offset': 0.98433552281824, 'z_offset': 0.9700062549353947, 'patch_size': 0.0, 'side': 'right', 'stabilize_anchor': False}]"
9,20,2,0.6540045738220215,0.10000000149011612,"[9, 31]","[{'x_offset': 1.916229069001894, 'y_offset': 0.98433552281824, 'z_offset': 0.9700062549353947, 'patch_size': 0.0, 'side': 'right', 'stabilize_anchor': False}, {'x_offset': -0.21482621781636257, 'y_offset': 0.7354491366546176, 'z_offset': 1.7418104738908715, 'patch_size': 0.0, 'side': 'right', 'stabilize_anchor': False}]"
9,20,3,0.6390144228935242,0.10000000149011612,"[9, 31, 39]","[{'x_offset': 1.916229069001894, 'y_offset': 0.98433552281824, 'z_offset': 0.9700062549353947, 'patch_size': 0.0, 'side': 'right', 'stabilize_anchor': False}, {'x_offset': -0.21482621781636257, 'y_offset': 0.7354491366546176, 'z_offset': 1.7418104738908715, 'patch_size': 0.0, 'side': 'right', 'stabilize_anchor': False}, {'x_offset': 1.1764004585393453, 'y_offset': -0.6888995565850845, 'z_offset': 2.0145961039658236, 'patch_size': 0.0, 'side': 'left', 'stabilize_anchor': False}]"
9,20,4,0.593144953250885,0.10000000149011612,"[9, 31, 39, 1]","[{'x_offset': 1.916229069001894, 'y_offset': 0.98433552281824, 'z_offset': 0.9700062549353947, 'patch_size': 0.0, 'side': 'right', 'stabilize_anchor': False}, {'x_offset': -0.21482621781636257, 'y_offset': 0.7354491366546176, 'z_offset': 1.7418104738908715, 'patch_size': 0.0, 'side': 'right', 'stabilize_anchor': False}, {'x_offset': 1.1764004585393453, 'y_offset': -0.6888995565850845, 'z_offset': 2.0145961039658236, 'patch_size': 0.0, 'side': 'left', 'stabilize_anchor': False}, {'x_offset': 0.5779971017140326, 'y_offset': 0.7387927212786571, 'z_offset': 0.8577217421988921, 'patch_size': 0.0, 'side': 'left', 'stabilize_anchor': False}]"
9,20,5,0.5195203423500061,0.0,"[9, 31, 39, 1, 25]","[{'x_offset': 1.916229069001894, 'y_offset': 0.98433552281824, 'z_offset': 0.9700062549353947, 'patch_size': 0.0, 'side': 'right', 'stabilize_anchor': False}, {'x_offset': -0.21482621781636257, 'y_offset': 0.7354491366546176, 'z_offset': 1.7418104738908715, 'patch_size': 0.0, 'side': 'right', 'stabilize_anchor': False}, {'x_offset': 1.1764004585393453, 'y_offset': -0.6888995565850845, 'z_offset': 2.0145961039658236, 'patch_size': 0.0, 'side': 'left', 'stabilize_anchor': False}, {'x_offset': 0.5779971017140326, 'y_offset': 0.7387927212786571, 'z_offset': 0.8577217421988921, 'patch_size': 0.0, 'side': 'left', 'stabilize_anchor': False}, {'x_offset': 0.010458343612655074, 'y_offset': 0.5862240704470263, 'z_offset': 0.9405974825395509, 'patch_size': 0.0, 'side': 'right', 'stabilize_anchor': False}]"
9,20,6,0.0,0.0,"[9, 31, 39, 1, 25, 6]","[{'x_offset': 1.916229069001894, 'y_offset': 0.98433552281824, 'z_offset': 0.9700062549353947, 'patch_size': 0.0, 'side': 'right', 'stabilize_anchor': False}, {'x_offset': -0.21482621781636257, 'y_offset': 0.7354491366546176, 'z_offset': 1.7418104738908715, 'patch_size': 0.0, 'side': 'right', 'stabilize_anchor': False}, {'x_offset': 1.1764004585393453, 'y_offset': -0.6888995565850845, 'z_offset': 2.0145961039658236, 'patch_size': 0.0, 'side': 'left', 'stabilize_anchor': False}, {'x_offset': 0.5779971017140326, 'y_offset': 0.7387927212786571, 'z_offset': 0.8577217421988921, 'patch_size': 0.0, 'side': 'left', 'stabilize_anchor': False}, {'x_offset': 0.010458343612655074, 'y_offset': 0.5862240704470263, 'z_offset': 0.9405974825395509, 'patch_size': 0.0, 'side': 'right', 'stabilize_anchor': False}, {'x_offset': 2.5180276360136404, 'y_offset': 0.7816518997069675, 'z_offset': 1.9674672694977093, 'patch_size': 0.0, 'side': 'left', 'stabilize_anchor': False}]"
9,25,1,0.617526650428772,0.10000000149011612,[3],"[{'x_offset': 3.4270239138671545, 'y_offset': 0.7889895783435532, 'z_offset': 2.054051642028977, 'patch_size': 0.0, 'side': 'right', 'stabilize_anchor': False}]"
9,25,2,0.5424603819847107,0.10000000149011612,"[3, 9]","[{'x_offset': 3.4270239138671545, 'y_offset': 0.7889895783435532, 'z_offset': 2.054051642028977, 'patch_size': 0.0, 'side': 'right', 'stabilize_anchor': False}, {'x_offset': 1.916229069001894, 'y_offset': 0.98433552281824, 'z_offset': 0.9700062549353947, 'patch_size': 0.0, 'side': 'right', 'stabilize_anchor': False}]"
9,25,3,0.4525168538093567,0.0,"[3, 9, 46]","[{'x_offset': 3.4270239138671545, 'y_offset': 0.7889895783435532, 'z_offset': 2.054051642028977, 'patch_size': 0.0, 'side': 'right', 'stabilize_anchor': False}, {'x_offset': 1.916229069001894, 'y_offset': 0.98433552281824, 'z_offset': 0.9700062549353947, 'patch_size': 0.0, 'side': 'right', 'stabilize_anchor': False}, {'x_offset': 0.7191862643792888, 'y_offset': 0.3893182125613164, 'z_offset': 1.1615622565827928, 'patch_size': 0.0, 'side': 'right', 'stabilize_anchor': False}]"
9,25,4,0.42755305767059326,0.0,"[3, 9, 46, 34]","[{'x_offset': 3.4270239138671545, 'y_offset': 0.7889895783435532, 'z_offset': 2.054051642028977, 'patch_size': 0.0, 'side': 'right', 'stabilize_anchor': False}, {'x_offset': 1.916229069001894, 'y_offset': 0.98433552281824, 'z_offset': 0.9700062549353947, 'patch_size': 0.0, 'side': 'right', 'stabilize_anchor': False}, {'x_offset': 0.7191862643792888, 'y_offset': 0.3893182125613164, 'z_offset': 1.1615622565827928, 'patch_size': 0.0, 'side': 'right', 'stabilize_anchor': False}, {'x_offset': 1.9963862150280707, 'y_offset': 0.6129507064684223, 'z_offset': 1.7777369494129593, 'patch_size': 0.0, 'side': 'left', 'stabilize_anchor': False}]"
9,25,5,0.40978944301605225,0.0,"[3, 9, 46, 34, 43]","[{'x_offset': 3.4270239138671545, 'y_offset': 0.7889895783435532, 'z_offset': 2.054051642028977, 'patch_size': 0.0, 'side': 'right', 'stabilize_anchor': False}, {'x_offset': 1.916229069001894, 'y_offset': 0.98433552281824, 'z_offset': 0.9700062549353947, 'patch_size': 0.0, 'side': 'right', 'stabilize_anchor': False}, {'x_offset': 0.7191862643792888, 'y_offset': 0.3893182125613164, 'z_offset': 1.1615622565827928, 'patch_size': 0.0, 'side': 'right', 'stabilize_anchor': False}, {'x_offset': 1.9963862150280707, 'y_offset': 0.6129507064684223, 'z_offset': 1.7777369494129593, 'patch_size': 0.0, 'side': 'left', 'stabilize_anchor': False}, {'x_offset': 3.8940022752641807, 'y_offset': 0.047447676671320216, 'z_offset': 1.7016349411962195, 'patch_size': 0.0, 'side': 'right', 'stabilize_anchor': False}]"
9,25,6,0.38890162110328674,0.0,"[3, 9, 46, 34, 43, 38]","[{'x_offset': 3.4270239138671545, 'y_offset': 0.7889895783435532, 'z_offset': 2.054051642028977, 'patch_size': 0.0, 'side': 'right', 'stabilize_anchor': False}, {'x_offset': 1.916229069001894, 'y_offset': 0.98433552281824, 'z_offset': 0.9700062549353947, 'patch_size': 0.0, 'side': 'right', 'stabilize_anchor': False}, {'x_offset': 0.7191862643792888, 'y_offset': 0.3893182125613164, 'z_offset': 1.1615622565827928, 'patch_size': 0.0, 'side': 'right', 'stabilize_anchor': False}, {'x_offset': 1.9963862150280707, 'y_offset': 0.6129507064684223, 'z_offset': 1.7777369494129593, 'patch_size': 0.0, 'side': 'left', 'stabilize_anchor': False}, {'x_offset': 3.8940022752641807, 'y_offset': 0.047447676671320216, 'z_offset': 1.7016349411962195, 'patch_size': 0.0, 'side': 'right', 'stabilize_anchor': False}, {'x_offset': 1.3739261181928102, 'y_offset': 0.8667061369192615, 'z_offset': 1.9220189352362218, 'patch_size': 0.0, 'side': 'left', 'stabilize_anchor': False}]"
9,30,1,0.4020639955997467,0.0,[9],"[{'x_offset': 1.916229069001894, 'y_offset': 0.98433552281824, 'z_offset': 0.9700062549353947, 'patch_size': 0.0, 'side': 'right', 'stabilize_anchor': False}]"
9,30,2,0.0,0.0,"[9, 18]","[{'x_offset': 1.916229069001894, 'y_offset': 0.98433552281824, 'z_offset': 0.9700062549353947, 'patch_size': 0.0, 'side': 'right', 'stabilize_anchor': False}, {'x_offset': -0.5657477092110804, 'y_offset': 0.6539335405833608, 'z_offset': 0.8964186815674475, 'patch_size': 0.0, 'side': 'left', 'stabilize_anchor': False}]"
