set_id,distance,point_rank,point_idx,w_score_center,w_score_fusion,x_offset,y_offset,z_offset,side
0,5,0,10,2.14542039583888,2.1051709197224806,3.4070059690844783,-0.499819816669638,1.9554070330036508,right
0,5,1,23,2.128468652847959,2.1051709197224806,1.8755158305813389,0.16395444562505035,1.0524013697146748,left
0,5,2,21,2.119350288017232,2.1051709197224806,0.9005398352635412,0.10897864580390304,1.6169716343694005,right
0,5,3,0,2.1190193512252025,2.1051709197224806,0.5777004113141628,-0.006412924304620815,1.567007265430134,left
0,5,4,22,2.1188553751798684,2.1051709197224806,1.6374565641127354,0.6839738995714668,0.8822277647924442,right
0,5,5,27,2.1173735343923292,2.1051709197224806,3.8015124241448612,0.38392983682801707,1.2541945392896832,right
0,5,6,43,2.1171741416098193,2.1051709197224806,1.2782541894803483,-0.16076545753371818,2.087207421052968,left
0,5,7,11,2.116672596567874,2.1051709197224806,0.7806185720880952,0.9223447476735271,1.0639480163825714,right
0,5,8,44,2.1159722649690083,2.1051709197224806,1.7750635474831151,0.21674478360271798,1.5770318383879611,left
0,5,9,40,2.1156191641904956,2.1051709197224806,-0.9831516030533329,0.35949467583564054,0.640145375097624,left
0,5,10,17,2.115503549130466,2.1051709197224806,1.187128701080845,-0.30854833438801527,1.5105548965557531,left
0,5,11,12,2.115476430899269,2.1051709197224806,2.5004440954228193,-0.44793274900919555,1.7499675158802142,right
0,5,12,9,2.1150792320335885,2.1051709197224806,1.8370364052903407,-0.06209156640639779,2.1073205369810974,right
0,5,13,35,2.1145233101957315,2.1051709197224806,1.451029955877058,-0.5075280205116878,1.731139856102441,right
0,5,14,6,2.1139706368296194,2.1051709197224806,0.07363277162905657,-0.4868598839332411,1.523376639774603,right
0,5,15,29,2.113824536926659,2.1051709197224806,-0.6104216837990358,-0.2520662836335302,0.9707760046064676,right
0,5,16,16,2.1134266740110066,2.1051709197224806,-0.24582364550242675,0.21545443658744046,0.18026712399761657,left
0,5,17,42,2.1132540778060322,2.1051709197224806,-0.023916859460431872,-0.14812963100523968,0.3356257912903284,left
0,5,18,34,2.1131644845036144,2.1051709197224806,0.8765427693669956,0.41954756459802467,0.6897982365073804,right
0,5,19,1,2.1131265320649413,2.1051709197224806,2.140293058663799,-0.4509074242652201,2.0935788632996557,right
0,5,20,18,2.1118774314002744,2.1051709197224806,1.9904085681774637,0.7260689329276475,2.2113741599893393,right
0,5,21,14,2.111871790400994,2.1051709197224806,-0.2862967718248324,0.8406445632161097,0.6186379366581883,left
0,5,22,15,2.111704391916372,2.1051709197224806,-0.016427210584006535,-0.6782255358340308,0.020766399166198678,left
0,5,23,39,2.111645362674171,2.1051709197224806,-0.22633699121569617,-0.10634949345253142,0.7408969455948129,left
0,5,24,3,2.1112241198021002,2.1051709197224806,3.1296723999366742,-0.03648527552240821,1.8281371368953263,left
0,5,25,48,2.1110944465241377,2.1051709197224806,-0.23121482262733328,-0.4722382405969807,0.5384785042683586,right
0,5,26,36,2.110080447129845,2.1051709197224806,-0.2286335691104321,0.005111919867859083,1.3297188024429623,right
0,5,27,8,2.1088334899588492,2.1051709197224806,3.187042922824425,0.22605107559681026,1.6715406995188717,left
0,5,28,20,2.108817270277223,2.1051709197224806,0.22393769724431611,0.6929315557283509,0.12294554812755384,right
0,5,29,28,2.1077574362107274,2.1051709197224806,0.345220478757827,0.1999727113464882,1.6378797676294041,right
0,5,30,41,2.1073319374526776,2.1051709197224806,1.7942239056116542,-0.23792233343978014,1.4937133055390794,left
0,5,31,30,2.1073152769969425,2.1051709197224806,2.31058302513274,0.7738249128275516,2.1952851368213455,left
0,5,32,31,2.1066894949664645,2.1051709197224806,-0.4604364942773611,0.2418304379840025,0.18012490903426234,left
0,5,33,26,2.106665892998352,2.1051709197224806,0.5836534319047413,0.48786598082680377,1.8413485892136467,left
0,5,34,46,2.105501839019235,2.1051709197224806,0.15248813415882045,-0.39889200640108946,1.7258729522711682,right
0,5,35,45,2.1047373238885108,2.1051709197224806,2.7448695055675807,0.8975317707968311,1.355740221046892,right
0,5,36,2,2.1042702575217147,2.1051709197224806,1.5811493071296665,0.8572862192912927,1.7956552352625326,right
0,5,37,25,2.10419795416674,2.1051709197224806,3.7749650008005577,0.26427079347124804,0.1546916790135972,right
0,5,38,5,2.1035614155145677,2.1051709197224806,2.412269082952266,0.4857259880933138,2.2049020605027567,left
0,5,39,33,2.1035115796385533,2.1051709197224806,2.0692917436234843,0.6847742925966831,2.191944463194803,left
0,5,40,32,2.1028960669193104,2.1051709197224806,0.42816987556185104,0.9062541356804434,1.5571911605338844,left
0,5,41,38,2.1019965608198703,2.1051709197224806,-0.8860867632034183,0.7700915221180147,0.7688112721250582,right
0,5,42,4,2.1017818506527313,2.1051709197224806,2.2616917735799045,0.7214799293196144,1.4742779635185401,left
0,5,43,24,2.1015854152899944,2.1051709197224806,3.3970170328746514,0.6792131633900877,2.153649320305664,left
0,5,44,7,2.0995013986604407,2.1051709197224806,-0.3080929391827272,0.6411079880884891,0.263681428143745,right
0,5,45,49,2.0990576612697875,2.1051709197224806,-0.9261926351048996,-0.5303413426295093,1.5493366997274503,left
0,5,46,13,2.0972773575866595,2.1051709197224806,-0.5036238522478933,-0.6652649162926672,1.4443866872172881,left
0,5,47,47,2.0970966439020504,2.1051709197224806,3.7838335732164587,0.9780064586064756,1.4778129200603694,left
0,5,48,37,2.0951216043015948,2.1051709197224806,0.8574699865538669,0.6005023780463077,1.4280393021008135,left
0,5,49,19,2.095000176932703,2.1051709197224806,-0.6174327242132812,-0.3052802469931098,2.117356050731212,right
0,10,0,16,2.193119365931711,2.1051709197224806,-0.24582364550242675,0.21545443658744046,0.18026712399761657,left
0,10,1,37,2.188854926798091,2.1051709197224806,0.8574699865538669,0.6005023780463077,1.4280393021008135,left
0,10,2,11,2.186696397416589,2.1051709197224806,0.7806185720880952,0.9223447476735271,1.0639480163825714,right
0,10,3,34,2.1824887650726046,2.1051709197224806,0.8765427693669956,0.41954756459802467,0.6897982365073804,right
0,10,4,25,2.181301690997076,2.1051709197224806,3.7749650008005577,0.26427079347124804,0.1546916790135972,right
0,10,5,5,2.179428811044292,2.1051709197224806,2.412269082952266,0.4857259880933138,2.2049020605027567,left
0,10,6,9,2.1776960577216284,2.1051709197224806,1.8370364052903407,-0.06209156640639779,2.1073205369810974,right
0,10,7,20,2.177586494390945,2.1051709197224806,0.22393769724431611,0.6929315557283509,0.12294554812755384,right
0,10,8,41,2.1774737030827156,2.1051709197224806,1.7942239056116542,-0.23792233343978014,1.4937133055390794,left
0,10,9,26,2.1772743577308793,2.1051709197224806,0.5836534319047413,0.48786598082680377,1.8413485892136467,left
0,10,10,45,2.176607392697641,2.1051709197224806,2.7448695055675807,0.8975317707968311,1.355740221046892,right
0,10,11,3,2.1742879578463334,2.1051709197224806,3.1296723999366742,-0.03648527552240821,1.8281371368953263,left
0,10,12,4,2.1718187723049973,2.1051709197224806,2.2616917735799045,0.7214799293196144,1.4742779635185401,left
0,10,13,46,2.1704009506784145,2.1051709197224806,0.15248813415882045,-0.39889200640108946,1.7258729522711682,right
0,10,14,17,2.1681484442440064,2.1051709197224806,1.187128701080845,-0.30854833438801527,1.5105548965557531,left
0,10,15,18,2.1681401318766027,2.1051709197224806,1.9904085681774637,0.7260689329276475,2.2113741599893393,right
0,10,16,49,2.1675180632004847,2.1051709197224806,-0.9261926351048996,-0.5303413426295093,1.5493366997274503,left
0,10,17,24,2.1668883857934422,2.1051709197224806,3.3970170328746514,0.6792131633900877,2.153649320305664,left
0,10,18,33,2.1663826553070775,2.1051709197224806,2.0692917436234843,0.6847742925966831,2.191944463194803,left
0,10,19,35,2.1660867729956177,2.1051709197224806,1.451029955877058,-0.5075280205116878,1.731139856102441,right
0,10,20,30,2.166059081747786,2.1051709197224806,2.31058302513274,0.7738249128275516,2.1952851368213455,left
0,10,21,39,2.1660129291363805,2.1051709197224806,-0.22633699121569617,-0.10634949345253142,0.7408969455948129,left
0,10,22,40,2.165539369424135,2.1051709197224806,-0.9831516030533329,0.35949467583564054,0.640145375097624,left
0,10,23,7,2.165333240809728,2.1051709197224806,-0.3080929391827272,0.6411079880884891,0.263681428143745,right
0,10,24,0,2.164465431019247,2.1051709197224806,0.5777004113141628,-0.006412924304620815,1.567007265430134,left
0,10,25,38,2.1643009756350913,2.1051709197224806,-0.8860867632034183,0.7700915221180147,0.7688112721250582,right
0,10,26,12,2.1640884301535697,2.1051709197224806,2.5004440954228193,-0.44793274900919555,1.7499675158802142,right
0,10,27,31,2.1639600145157405,2.1051709197224806,-0.4604364942773611,0.2418304379840025,0.18012490903426234,left
0,10,28,29,2.1634022601654417,2.1051709197224806,-0.6104216837990358,-0.2520662836335302,0.9707760046064676,right
0,10,29,32,2.16310399708306,2.1051709197224806,0.42816987556185104,0.9062541356804434,1.5571911605338844,left
0,10,30,22,2.162570657607361,2.1051709197224806,1.6374565641127354,0.6839738995714668,0.8822277647924442,right
0,10,31,8,2.162237181365778,2.1051709197224806,3.187042922824425,0.22605107559681026,1.6715406995188717,left
0,10,32,1,2.16200375289597,2.1051709197224806,2.140293058663799,-0.4509074242652201,2.0935788632996557,right
0,10,33,48,2.1599363528267492,2.1051709197224806,-0.23121482262733328,-0.4722382405969807,0.5384785042683586,right
0,10,34,14,2.159597916300984,2.1051709197224806,-0.2862967718248324,0.8406445632161097,0.6186379366581883,left
0,10,35,42,2.1575108809109698,2.1051709197224806,-0.023916859460431872,-0.14812963100523968,0.3356257912903284,left
0,10,36,13,2.1563141488951714,2.1051709197224806,-0.5036238522478933,-0.6652649162926672,1.4443866872172881,left
0,10,37,19,2.156228379036283,2.1051709197224806,-0.6174327242132812,-0.3052802469931098,2.117356050731212,right
0,10,38,43,2.155911100297007,2.1051709197224806,1.2782541894803483,-0.16076545753371818,2.087207421052968,left
0,10,39,21,2.1558293308335594,2.1051709197224806,0.9005398352635412,0.10897864580390304,1.6169716343694005,right
0,10,40,36,2.1555346040560237,2.1051709197224806,-0.2286335691104321,0.005111919867859083,1.3297188024429623,right
0,10,41,6,2.151926145019779,2.1051709197224806,0.07363277162905657,-0.4868598839332411,1.523376639774603,right
0,10,42,2,2.1516322314229845,2.1051709197224806,1.5811493071296665,0.8572862192912927,1.7956552352625326,right
0,10,43,23,2.151090225407002,2.1051709197224806,1.8755158305813389,0.16395444562505035,1.0524013697146748,left
0,10,44,47,2.1501196015512614,2.1051709197224806,3.7838335732164587,0.9780064586064756,1.4778129200603694,left
0,10,45,28,2.1479229765513628,2.1051709197224806,0.345220478757827,0.1999727113464882,1.6378797676294041,right
0,10,46,10,2.145851923653046,2.1051709197224806,3.4070059690844783,-0.499819816669638,1.9554070330036508,right
0,10,47,15,2.1432427796776574,2.1051709197224806,-0.016427210584006535,-0.6782255358340308,0.020766399166198678,left
0,10,48,44,2.130265283430032,2.1051709197224806,1.7750635474831151,0.21674478360271798,1.5770318383879611,left
0,10,49,27,2.117025587903559,2.1051709197224806,3.8015124241448612,0.38392983682801707,1.2541945392896832,right
0,15,0,11,2.2428247442914158,2.1051709197224806,0.7806185720880952,0.9223447476735271,1.0639480163825714,right
0,15,1,8,2.206475960721838,2.1051709197224806,3.187042922824425,0.22605107559681026,1.6715406995188717,left
0,15,2,22,2.199102720060382,2.1051709197224806,1.6374565641127354,0.6839738995714668,0.8822277647924442,right
0,15,3,39,2.197155487788722,2.1051709197224806,-0.22633699121569617,-0.10634949345253142,0.7408969455948129,left
0,15,4,35,2.196930097032241,2.1051709197224806,1.451029955877058,-0.5075280205116878,1.731139856102441,right
0,15,5,43,2.1889377087175945,2.1051709197224806,1.2782541894803483,-0.16076545753371818,2.087207421052968,left
0,15,6,17,2.1885325956398334,2.1051709197224806,1.187128701080845,-0.30854833438801527,1.5105548965557531,left
0,15,7,32,2.184967935421737,2.1051709197224806,0.42816987556185104,0.9062541356804434,1.5571911605338844,left
0,15,8,26,2.181665911971468,2.1051709197224806,0.5836534319047413,0.48786598082680377,1.8413485892136467,left
0,15,9,24,2.1773857001730788,2.1051709197224806,3.3970170328746514,0.6792131633900877,2.153649320305664,left
0,15,10,0,2.176522272472061,2.1051709197224806,0.5777004113141628,-0.006412924304620815,1.567007265430134,left
0,15,11,36,2.1751355154054175,2.1051709197224806,-0.2286335691104321,0.005111919867859083,1.3297188024429623,right
0,15,12,12,2.1727151544258936,2.1051709197224806,2.5004440954228193,-0.44793274900919555,1.7499675158802142,right
0,15,13,34,2.1671633277964144,2.1051709197224806,0.8765427693669956,0.41954756459802467,0.6897982365073804,right
0,15,14,33,2.1622254293328798,2.1051709197224806,2.0692917436234843,0.6847742925966831,2.191944463194803,left
0,15,15,25,2.159350014357872,2.1051709197224806,3.7749650008005577,0.26427079347124804,0.1546916790135972,right
0,15,16,30,2.158702021027991,2.1051709197224806,2.31058302513274,0.7738249128275516,2.1952851368213455,left
0,15,17,45,2.154887033424363,2.1051709197224806,2.7448695055675807,0.8975317707968311,1.355740221046892,right
0,15,18,9,2.150542268982913,2.1051709197224806,1.8370364052903407,-0.06209156640639779,2.1073205369810974,right
0,15,19,21,2.149875288466408,2.1051709197224806,0.9005398352635412,0.10897864580390304,1.6169716343694005,right
0,15,20,4,2.148537783665019,2.1051709197224806,2.2616917735799045,0.7214799293196144,1.4742779635185401,left
0,15,21,18,2.1471863882724085,2.1051709197224806,1.9904085681774637,0.7260689329276475,2.2113741599893393,right
0,15,22,49,2.138043067779613,2.1051709197224806,-0.9261926351048996,-0.5303413426295093,1.5493366997274503,left
0,15,23,20,2.1350090739009966,2.1051709197224806,0.22393769724431611,0.6929315557283509,0.12294554812755384,right
0,15,24,15,2.13038425080389,2.1051709197224806,-0.016427210584006535,-0.6782255358340308,0.020766399166198678,left
0,15,25,14,2.1266922451391994,2.1051709197224806,-0.2862967718248324,0.8406445632161097,0.6186379366581883,left
0,15,26,2,2.125003155940238,2.1051709197224806,1.5811493071296665,0.8572862192912927,1.7956552352625326,right
0,15,27,1,2.122366052015241,2.1051709197224806,2.140293058663799,-0.4509074242652201,2.0935788632996557,right
0,15,28,40,2.1182555423065117,2.1051709197224806,-0.9831516030533329,0.35949467583564054,0.640145375097624,left
0,15,29,10,2.114743353595798,2.1051709197224806,3.4070059690844783,-0.499819816669638,1.9554070330036508,right
0,15,30,7,2.114252461203016,2.1051709197224806,-0.3080929391827272,0.6411079880884891,0.263681428143745,right
0,15,31,5,2.1131837239565234,2.1051709197224806,2.412269082952266,0.4857259880933138,2.2049020605027567,left
0,15,32,23,2.1080629525182015,2.1051709197224806,1.8755158305813389,0.16395444562505035,1.0524013697146748,left
0,15,33,16,2.1040462562857667,2.1051709197224806,-0.24582364550242675,0.21545443658744046,0.18026712399761657,left
0,15,34,6,2.102316587681829,2.1051709197224806,0.07363277162905657,-0.4868598839332411,1.523376639774603,right
0,15,35,38,2.096136157550637,2.1051709197224806,-0.8860867632034183,0.7700915221180147,0.7688112721250582,right
0,15,36,44,2.0925902175303817,2.1051709197224806,1.7750635474831151,0.21674478360271798,1.5770318383879611,left
0,15,37,46,2.092323677876577,2.1051709197224806,0.15248813415882045,-0.39889200640108946,1.7258729522711682,right
0,15,38,37,2.0912663738061252,2.1051709197224806,0.8574699865538669,0.6005023780463077,1.4280393021008135,left
0,15,39,3,2.0911180407753296,2.1051709197224806,3.1296723999366742,-0.03648527552240821,1.8281371368953263,left
0,15,40,19,2.0863497507341973,2.1051709197224806,-0.6174327242132812,-0.3052802469931098,2.117356050731212,right
0,15,41,47,2.0842576937896427,2.1051709197224806,3.7838335732164587,0.9780064586064756,1.4778129200603694,left
0,15,42,28,2.0822429140907186,2.1051709197224806,0.345220478757827,0.1999727113464882,1.6378797676294041,right
0,15,43,48,2.0803328172414925,2.1051709197224806,-0.23121482262733328,-0.4722382405969807,0.5384785042683586,right
0,15,44,27,2.07884173888525,2.1051709197224806,3.8015124241448612,0.38392983682801707,1.2541945392896832,right
0,15,45,13,2.0771118969267333,2.1051709197224806,-0.5036238522478933,-0.6652649162926672,1.4443866872172881,left
0,15,46,42,2.0573403310474117,2.1051709197224806,-0.023916859460431872,-0.14812963100523968,0.3356257912903284,left
0,15,47,41,2.057261168975322,2.1051709197224806,1.7942239056116542,-0.23792233343978014,1.4937133055390794,left
0,15,48,31,2.0549925943344274,2.1051709197224806,-0.4604364942773611,0.2418304379840025,0.18012490903426234,left
0,15,49,29,2.02963138827068,2.1051709197224806,-0.6104216837990358,-0.2520662836335302,0.9707760046064676,right
0,20,0,2,3.4086031852806498,2.1051709197224806,1.5811493071296665,0.8572862192912927,1.7956552352625326,right
0,20,1,11,3.3869953948858136,2.1051709197224806,0.7806185720880952,0.9223447476735271,1.0639480163825714,right
0,20,2,30,3.3638801617648735,2.1051709197224806,2.31058302513274,0.7738249128275516,2.1952851368213455,left
0,20,3,16,3.346221467925882,2.1051709197224806,-0.24582364550242675,0.21545443658744046,0.18026712399761657,left
0,20,4,14,3.3302307299278304,2.1051709197224806,-0.2862967718248324,0.8406445632161097,0.6186379366581883,left
0,20,5,0,3.3260878338032525,2.1051709197224806,0.5777004113141628,-0.006412924304620815,1.567007265430134,left
0,20,6,19,3.3206196764048324,2.1051709197224806,-0.6174327242132812,-0.3052802469931098,2.117356050731212,right
0,20,7,45,3.3191797597408743,2.1051709197224806,2.7448695055675807,0.8975317707968311,1.355740221046892,right
0,20,8,4,3.3049435632654034,2.1051709197224806,2.2616917735799045,0.7214799293196144,1.4742779635185401,left
0,20,9,1,3.304534259747216,2.1051709197224806,2.140293058663799,-0.4509074242652201,2.0935788632996557,right
0,20,10,46,3.298942571964639,2.1051709197224806,0.15248813415882045,-0.39889200640108946,1.7258729522711682,right
0,20,11,37,3.294287032304743,2.1051709197224806,0.8574699865538669,0.6005023780463077,1.4280393021008135,left
0,20,12,41,3.293738648698647,2.1051709197224806,1.7942239056116542,-0.23792233343978014,1.4937133055390794,left
0,20,13,26,3.2934974375774475,2.1051709197224806,0.5836534319047413,0.48786598082680377,1.8413485892136467,left
0,20,14,33,3.2912277809956083,2.1051709197224806,2.0692917436234843,0.6847742925966831,2.191944463194803,left
0,20,15,44,3.2642577833464195,2.1051709197224806,1.7750635474831151,0.21674478360271798,1.5770318383879611,left
0,20,16,39,3.2637540637196207,2.1051709197224806,-0.22633699121569617,-0.10634949345253142,0.7408969455948129,left
0,20,17,48,3.2595120643204245,2.1051709197224806,-0.23121482262733328,-0.4722382405969807,0.5384785042683586,right
0,20,18,36,3.246921054273225,2.1051709197224806,-0.2286335691104321,0.005111919867859083,1.3297188024429623,right
0,20,19,10,3.2452174438741803,2.1051709197224806,3.4070059690844783,-0.499819816669638,1.9554070330036508,right
0,20,20,5,3.2416213572410744,2.1051709197224806,2.412269082952266,0.4857259880933138,2.2049020605027567,left
0,20,21,3,3.2404595565535548,2.1051709197224806,3.1296723999366742,-0.03648527552240821,1.8281371368953263,left
0,20,22,40,3.2355152866068893,2.1051709197224806,-0.9831516030533329,0.35949467583564054,0.640145375097624,left
0,20,23,17,3.231003003252904,2.1051709197224806,1.187128701080845,-0.30854833438801527,1.5105548965557531,left
0,20,24,15,3.2188595284730583,2.1051709197224806,-0.016427210584006535,-0.6782255358340308,0.020766399166198678,left
0,20,25,20,3.2147232882397905,2.1051709197224806,0.22393769724431611,0.6929315557283509,0.12294554812755384,right
0,20,26,12,3.2055578909297004,2.1051709197224806,2.5004440954228193,-0.44793274900919555,1.7499675158802142,right
0,20,27,38,3.199979881221126,2.1051709197224806,-0.8860867632034183,0.7700915221180147,0.7688112721250582,right
0,20,28,42,3.199963206604423,2.1051709197224806,-0.023916859460431872,-0.14812963100523968,0.3356257912903284,left
0,20,29,49,3.198025149585597,2.1051709197224806,-0.9261926351048996,-0.5303413426295093,1.5493366997274503,left
0,20,30,7,3.19722369625939,2.1051709197224806,-0.3080929391827272,0.6411079880884891,0.263681428143745,right
0,20,31,24,3.188363644511326,2.1051709197224806,3.3970170328746514,0.6792131633900877,2.153649320305664,left
0,20,32,35,3.1875565423958183,2.1051709197224806,1.451029955877058,-0.5075280205116878,1.731139856102441,right
0,20,33,29,3.1872245117250113,2.1051709197224806,-0.6104216837990358,-0.2520662836335302,0.9707760046064676,right
0,20,34,31,3.184227252046454,2.1051709197224806,-0.4604364942773611,0.2418304379840025,0.18012490903426234,left
0,20,35,8,3.17743440465375,2.1051709197224806,3.187042922824425,0.22605107559681026,1.6715406995188717,left
0,20,36,22,3.1767805846681156,2.1051709197224806,1.6374565641127354,0.6839738995714668,0.8822277647924442,right
0,20,37,23,3.1707532195981303,2.1051709197224806,1.8755158305813389,0.16395444562505035,1.0524013697146748,left
0,20,38,43,3.1681866467183153,2.1051709197224806,1.2782541894803483,-0.16076545753371818,2.087207421052968,left
0,20,39,34,3.1404395392211395,2.1051709197224806,0.8765427693669956,0.41954756459802467,0.6897982365073804,right
0,20,40,32,3.139686921606076,2.1051709197224806,0.42816987556185104,0.9062541356804434,1.5571911605338844,left
0,20,41,6,3.1369183877413533,2.1051709197224806,0.07363277162905657,-0.4868598839332411,1.523376639774603,right
0,20,42,9,3.133654349972211,2.1051709197224806,1.8370364052903407,-0.06209156640639779,2.1073205369810974,right
0,20,43,18,3.1305046534465797,2.1051709197224806,1.9904085681774637,0.7260689329276475,2.2113741599893393,right
0,20,44,25,3.1155690208437505,2.1051709197224806,3.7749650008005577,0.26427079347124804,0.1546916790135972,right
0,20,45,28,3.109320669203436,2.1051709197224806,0.345220478757827,0.1999727113464882,1.6378797676294041,right
0,20,46,13,3.0957592781611796,2.1051709197224806,-0.5036238522478933,-0.6652649162926672,1.4443866872172881,left
0,20,47,27,3.090664851093945,2.1051709197224806,3.8015124241448612,0.38392983682801707,1.2541945392896832,right
0,20,48,47,3.0587449600662637,2.1051709197224806,3.7838335732164587,0.9780064586064756,1.4778129200603694,left
0,20,49,21,3.0491422035952684,2.1051709197224806,0.9005398352635412,0.10897864580390304,1.6169716343694005,right
0,25,0,9,3.06528042883572,2.1051709197224806,1.8370364052903407,-0.06209156640639779,2.1073205369810974,right
0,25,1,14,2.9268809220762395,2.1051709197224806,-0.2862967718248324,0.8406445632161097,0.6186379366581883,left
0,25,2,39,2.9198510431929643,2.1051709197224806,-0.22633699121569617,-0.10634949345253142,0.7408969455948129,left
0,25,3,34,2.9099004445801597,2.1051709197224806,0.8765427693669956,0.41954756459802467,0.6897982365073804,right
0,25,4,16,2.9093873098372764,2.1051709197224806,-0.24582364550242675,0.21545443658744046,0.18026712399761657,left
0,25,5,13,2.8932327381990497,2.1051709197224806,-0.5036238522478933,-0.6652649162926672,1.4443866872172881,left
0,25,6,20,2.887523918054191,2.1051709197224806,0.22393769724431611,0.6929315557283509,0.12294554812755384,right
0,25,7,22,2.883741385709774,2.1051709197224806,1.6374565641127354,0.6839738995714668,0.8822277647924442,right
0,25,8,44,2.871872335943549,2.1051709197224806,1.7750635474831151,0.21674478360271798,1.5770318383879611,left
0,25,9,12,2.869657241241922,2.1051709197224806,2.5004440954228193,-0.44793274900919555,1.7499675158802142,right
0,25,10,26,2.868342658877258,2.1051709197224806,0.5836534319047413,0.48786598082680377,1.8413485892136467,left
0,25,11,5,2.8664370441770206,2.1051709197224806,2.412269082952266,0.4857259880933138,2.2049020605027567,left
0,25,12,41,2.8639240420430765,2.1051709197224806,1.7942239056116542,-0.23792233343978014,1.4937133055390794,left
0,25,13,48,2.8590052462169178,2.1051709197224806,-0.23121482262733328,-0.4722382405969807,0.5384785042683586,right
0,25,14,32,2.855167734760825,2.1051709197224806,0.42816987556185104,0.9062541356804434,1.5571911605338844,left
0,25,15,1,2.85400926611654,2.1051709197224806,2.140293058663799,-0.4509074242652201,2.0935788632996557,right
0,25,16,2,2.8520535186827485,2.1051709197224806,1.5811493071296665,0.8572862192912927,1.7956552352625326,right
0,25,17,21,2.8481314580401973,2.1051709197224806,0.9005398352635412,0.10897864580390304,1.6169716343694005,right
0,25,18,40,2.8474093227743893,2.1051709197224806,-0.9831516030533329,0.35949467583564054,0.640145375097624,left
0,25,19,7,2.8436273719187937,2.1051709197224806,-0.3080929391827272,0.6411079880884891,0.263681428143745,right
0,25,20,17,2.842853469727712,2.1051709197224806,1.187128701080845,-0.30854833438801527,1.5105548965557531,left
0,25,21,29,2.836988868224206,2.1051709197224806,-0.6104216837990358,-0.2520662836335302,0.9707760046064676,right
0,25,22,24,2.8363655933996634,2.1099514160735025,3.3970170328746514,0.6792131633900877,2.153649320305664,left
0,25,23,11,2.835558985322911,2.1051709197224806,0.7806185720880952,0.9223447476735271,1.0639480163825714,right
0,25,24,19,2.8313781256799375,2.1051709197224806,-0.6174327242132812,-0.3052802469931098,2.117356050731212,right
0,25,25,3,2.8304818784403487,2.1051709197224806,3.1296723999366742,-0.03648527552240821,1.8281371368953263,left
0,25,26,43,2.829682610411928,2.111013748595952,1.2782541894803483,-0.16076545753371818,2.087207421052968,left
0,25,27,46,2.8260953122864203,2.1051709197224806,0.15248813415882045,-0.39889200640108946,1.7258729522711682,right
0,25,28,0,2.8008588508557777,2.1051709197224806,0.5777004113141628,-0.006412924304620815,1.567007265430134,left
0,25,29,4,2.8008588508557777,2.1113574444120387,2.2616917735799045,0.7214799293196144,1.4742779635185401,left
0,25,30,6,2.8008588508557777,2.1051709197224806,0.07363277162905657,-0.4868598839332411,1.523376639774603,right
0,25,31,8,2.8008588508557777,2.1051709197224806,3.187042922824425,0.22605107559681026,1.6715406995188717,left
0,25,32,10,2.8008588508557777,2.1051709197224806,3.4070059690844783,-0.499819816669638,1.9554070330036508,right
0,25,33,15,2.8008588508557777,2.1051709197224806,-0.016427210584006535,-0.6782255358340308,0.020766399166198678,left
0,25,34,18,2.8008588508557777,2.1051709197224806,1.9904085681774637,0.7260689329276475,2.2113741599893393,right
0,25,35,23,2.8008588508557777,2.1051709197224806,1.8755158305813389,0.16395444562505035,1.0524013697146748,left
0,25,36,25,2.8008588508557777,2.1051709197224806,3.7749650008005577,0.26427079347124804,0.1546916790135972,right
0,25,37,27,2.8008588508557777,2.1051709197224806,3.8015124241448612,0.38392983682801707,1.2541945392896832,right
0,25,38,28,2.8008588508557777,2.1051709197224806,0.345220478757827,0.1999727113464882,1.6378797676294041,right
0,25,39,30,2.8008588508557777,2.1051709197224806,2.31058302513274,0.7738249128275516,2.1952851368213455,left
0,25,40,31,2.8008588508557777,2.1051709197224806,-0.4604364942773611,0.2418304379840025,0.18012490903426234,left
0,25,41,33,2.8008588508557777,2.1051709197224806,2.0692917436234843,0.6847742925966831,2.191944463194803,left
0,25,42,35,2.8008588508557777,2.1051709197224806,1.451029955877058,-0.5075280205116878,1.731139856102441,right
0,25,43,36,2.8008588508557777,2.1051709197224806,-0.2286335691104321,0.005111919867859083,1.3297188024429623,right
0,25,44,37,2.8008588508557777,2.1051709197224806,0.8574699865538669,0.6005023780463077,1.4280393021008135,left
0,25,45,38,2.8008588508557777,2.1051709197224806,-0.8860867632034183,0.7700915221180147,0.7688112721250582,right
0,25,46,42,2.8008588508557777,2.110706231286822,-0.023916859460431872,-0.14812963100523968,0.3356257912903284,left
0,25,47,45,2.8008588508557777,2.1051709197224806,2.7448695055675807,0.8975317707968311,1.355740221046892,right
0,25,48,47,2.8008588508557777,2.1051709197224806,3.7838335732164587,0.9780064586064756,1.4778129200603694,left
0,25,49,49,2.8008588508557777,2.111013748595952,-0.9261926351048996,-0.5303413426295093,1.5493366997274503,left
0,30,0,32,1.953770758160589,2.1139351630326875,0.42816987556185104,0.9062541356804434,1.5571911605338844,left
0,30,1,11,1.9195816359084081,2.1117441022051358,0.7806185720880952,0.9223447476735271,1.0639480163825714,right
0,30,2,12,1.8633153463124978,2.1147319124245243,2.5004440954228193,-0.44793274900919555,1.7499675158802142,right
0,30,3,0,1.8587725129910382,2.1051709197224806,0.5777004113141628,-0.006412924304620815,1.567007265430134,left
0,30,4,17,1.8426711863343832,2.1051709197224806,1.187128701080845,-0.30854833438801527,1.5105548965557531,left
0,30,5,45,1.8416429848392837,2.110706231286822,2.7448695055675807,0.8975317707968311,1.355740221046892,right
0,30,6,3,1.8374131253243664,2.124292905126568,3.1296723999366742,-0.03648527552240821,1.8281371368953263,left
0,30,7,48,1.8304011855504223,2.121351061218247,-0.23121482262733328,-0.4722382405969807,0.5384785042683586,right
0,30,8,46,1.8278745021498515,2.1051709197224806,0.15248813415882045,-0.39889200640108946,1.7258729522711682,right
0,30,9,24,1.8276745959533263,2.124292905126568,3.3970170328746514,0.6792131633900877,2.153649320305664,left
0,30,10,31,1.8257329038680479,2.1139351630326875,-0.4604364942773611,0.2418304379840025,0.18012490903426234,left
0,30,11,41,1.8198980333878354,2.1139351630326875,1.7942239056116542,-0.23792233343978014,1.4937133055390794,left
0,30,12,47,1.8188078809458177,2.1338538978286117,3.7838335732164587,0.9780064586064756,1.4778129200603694,left
0,30,13,33,1.8179238568243465,2.126205103666977,2.0692917436234843,0.6847742925966831,2.191944463194803,left
0,30,14,37,1.815191321512636,2.1156880116947288,0.8574699865538669,0.6005023780463077,1.4280393021008135,left
0,30,15,5,1.808015188261733,2.110429465708605,2.412269082952266,0.4857259880933138,2.2049020605027567,left
0,30,16,21,1.8066170185318597,2.1117441022051358,0.9005398352635412,0.10897864580390304,1.6169716343694005,right
0,30,17,10,1.8001689507489012,2.1139351630326875,3.4070059690844783,-0.499819816669638,1.9554070330036508,right
0,30,18,34,1.7958610143869804,2.118317284687791,0.8765427693669956,0.41954756459802467,0.6897982365073804,right
0,30,19,42,1.7936198602280606,2.1328474775441864,-0.023916859460431872,-0.14812963100523968,0.3356257912903284,left
0,30,20,16,1.7909469702384273,2.111013748595952,-0.24582364550242675,0.21545443658744046,0.18026712399761657,left
0,30,21,27,1.790939770163273,2.126205103666977,3.8015124241448612,0.38392983682801707,1.2541945392896832,right
0,30,22,1,1.7875466714413824,2.1139351630326875,2.140293058663799,-0.4509074242652201,2.0935788632996557,right
0,30,23,4,1.787227909383038,2.117543969101596,2.2616917735799045,0.7214799293196144,1.4742779635185401,left
0,30,24,20,1.787009786840155,2.1121823143706457,0.22393769724431611,0.6929315557283509,0.12294554812755384,right
0,30,25,40,1.785214970723896,2.120195336825692,-0.9831516030533329,0.35949467583564054,0.640145375097624,left
0,30,26,9,1.7808614749193552,2.120195336825692,1.8370364052903407,-0.06209156640639779,2.1073205369810974,right
0,30,27,18,1.7800801550836507,2.1051709197224806,1.9904085681774637,0.7260689329276475,2.2113741599893393,right
0,30,28,8,1.7789756789030546,2.1051709197224806,3.187042922824425,0.22605107559681026,1.6715406995188717,left
0,30,29,25,1.7786453254641654,2.1191937090188113,3.7749650008005577,0.26427079347124804,0.1546916790135972,right
0,30,30,15,1.7776154424933006,2.140227892963307,-0.016427210584006535,-0.6782255358340308,0.020766399166198678,left
0,30,31,23,1.7699393528602054,2.1314636496531008,1.8755158305813389,0.16395444562505035,1.0524013697146748,left
0,30,32,26,1.7664763711969451,2.116856577469423,0.5836534319047413,0.48786598082680377,1.8413485892136467,left
0,30,33,38,1.7583369194530725,2.117543969101596,-0.8860867632034183,0.7700915221180147,0.7688112721250582,right
0,30,34,19,1.7554668658171684,2.1051709197224806,-0.6174327242132812,-0.3052802469931098,2.117356050731212,right
0,30,35,30,1.7540210011604325,2.1121823143706457,2.31058302513274,0.7738249128275516,2.1952851368213455,left
0,30,36,36,1.7512527887553229,2.112683128274086,-0.2286335691104321,0.005111919867859083,1.3297188024429623,right
0,30,37,14,1.7496275970631747,2.1051709197224806,-0.2862967718248324,0.8406445632161097,0.6186379366581883,left
0,30,38,7,1.7481645594427162,2.1121823143706457,-0.3080929391827272,0.6411079880884891,0.263681428143745,right
0,30,39,29,1.7451654368272846,2.1314636496531008,-0.6104216837990358,-0.2520662836335302,0.9707760046064676,right
0,30,40,6,1.742048173296601,2.127707545377298,0.07363277162905657,-0.4868598839332411,1.523376639774603,right
0,30,41,28,1.7393748453826046,2.1226994063428943,0.345220478757827,0.1999727113464882,1.6378797676294041,right
0,30,42,43,1.7323944836666298,2.116856577469423,1.2782541894803483,-0.16076545753371818,2.087207421052968,left
0,30,43,2,1.731205715516797,2.1051709197224806,1.5811493071296665,0.8572862192912927,1.7956552352625326,right
0,30,44,44,1.7291592777150822,2.1147319124245243,1.7750635474831151,0.21674478360271798,1.5770318383879611,left
0,30,45,13,1.7196593587291038,2.112683128274086,-0.5036238522478933,-0.6652649162926672,1.4443866872172881,left
0,30,46,49,1.7191029117176537,2.116856577469423,-0.9261926351048996,-0.5303413426295093,1.5493366997274503,left
0,30,47,22,1.7120503989484195,2.120195336825692,1.6374565641127354,0.6839738995714668,0.8822277647924442,right
0,30,48,39,1.708037050361337,2.1367221956392246,-0.22633699121569617,-0.10634949345253142,0.7408969455948129,left
0,30,49,35,1.7008902023906192,2.1051709197224806,1.451029955877058,-0.5075280205116878,1.731139856102441,right
1,5,0,45,2.031933430664558,2.1051709197224806,1.694256569946785,0.14608087300120343,1.4732001399285037,left
1,5,1,32,2.019817158094164,2.1051709197224806,2.8664609829972374,0.09655305087737309,1.9287508682264054,left
1,5,2,30,2.0189016307413117,2.1051709197224806,1.4164740510379579,0.19494286899103608,2.0797710614148714,right
1,5,3,26,2.0188326084410866,2.1051709197224806,1.0296640551006595,0.7433709647139197,0.6211214187343517,left
1,5,4,33,2.016722322157568,2.1051709197224806,0.5175094420193125,0.12146939638541998,2.172862384811848,right
1,5,5,37,2.0161825479220874,2.1051709197224806,0.38832408283994857,0.2645434083011018,2.2382138886336245,right
1,5,6,42,2.0129985907920878,2.1051709197224806,0.8498626151028663,0.8330173418887914,0.37491214599154227,left
1,5,7,31,2.010573420485482,2.1051709197224806,1.6221073627015894,0.5601521605084552,0.15998872067072192,right
1,5,8,49,2.010448163384517,2.1051709197224806,2.6449229282027855,0.8145032219459711,1.9488192624642324,left
1,5,9,40,2.010437842858541,2.1051709197224806,-0.5176708865532561,0.2631236886359788,0.6209221430223724,left
1,5,10,18,2.0101534265085617,2.1051709197224806,2.6210704763432675,-0.27074884233868257,2.213766159535593,right
1,5,11,17,2.010056183665786,2.1051709197224806,1.5510239806657813,0.8583824626557379,1.9512866903464359,right
1,5,12,10,2.0098942238472195,2.1051709197224806,-0.6228981493475957,0.24910250399304446,0.2917527999418026,left
1,5,13,8,2.006453891562251,2.1051709197224806,-0.5785113019008228,0.9099041063833613,1.4420258372952102,right
1,5,14,39,2.006357282350921,2.1051709197224806,0.4460008655611145,0.056280210742362446,1.0294028099483798,left
1,5,15,13,2.0062677239266575,2.1051709197224806,-0.170318674844522,0.3649788067028801,0.952434985707609,right
1,5,16,21,2.0061524672317383,2.1051709197224806,0.687674075288601,-0.6205800501721955,1.5276299442380297,left
1,5,17,14,2.0060626787318108,2.1051709197224806,0.03822999876576905,0.9753826139350883,1.419584168523159,right
1,5,18,43,2.005998674402327,2.1051709197224806,-0.4306998642561157,-0.326115324409306,0.6141767003781232,right
1,5,19,34,2.0056555671130964,2.1051709197224806,2.5492034496703244,-0.3622151098456899,1.9177719921036056,right
1,5,20,24,2.0056104962923174,2.1051709197224806,3.504406651689142,-0.6893526150764812,1.4336780008367755,right
1,5,21,15,2.0049450134461555,2.1051709197224806,-0.29069772427027707,0.5302636951536381,0.24762720516205228,left
1,5,22,20,2.0048052245265384,2.1051709197224806,0.008808857262694092,0.7072405086526774,1.043714101536876,left
1,5,23,5,2.004319404619511,2.1051709197224806,0.48861223604576054,0.21442842140421303,1.7128008196302793,left
1,5,24,23,2.0041479004530354,2.1051709197224806,0.2463478241534114,-0.34649490062939614,2.0663250136937115,right
1,5,25,6,2.0036560807025965,2.1051709197224806,3.8509028922897093,0.02579226496432463,1.9098920471034624,right
1,5,26,29,2.003091905830008,2.1051709197224806,2.5316912693836997,-0.19735397944791355,2.180291609520622,left
1,5,27,44,2.0026117075576213,2.1051709197224806,-0.6259522635958122,0.7378082323519324,0.26911025151425294,right
1,5,28,48,2.0017152585303326,2.1051709197224806,2.3575304403100326,0.13564621941610666,1.4790698014962516,right
1,5,29,46,2.001606618653407,2.1051709197224806,3.722987112820717,0.9225480960333787,2.2685813320574253,left
1,5,30,38,2.000080922751491,2.1051709197224806,-0.4336715881890165,0.5110145306696325,1.7325786029393782,left
1,5,31,1,1.9995978845195341,2.1051709197224806,0.33169072074533656,0.20739817033065755,1.8917839645169163,left
1,5,32,19,1.9990496921330196,2.1051709197224806,3.94668720243906,0.7174933994867247,0.08276060667522825,left
1,5,33,2,1.9979403139435479,2.1051709197224806,-0.9495457473376675,0.41811544833230063,0.777109002480522,right
1,5,34,16,1.9975259479317082,2.1051709197224806,-0.9915187061799593,0.18202187133884706,0.41348094091945053,left
1,5,35,9,1.9960124643937434,2.1051709197224806,0.02544561334725337,0.1802687106654589,1.0233041652096129,right
1,5,36,25,1.9954647363376536,2.1051709197224806,2.9265813677274237,-0.5643982394307252,1.6145154447417358,right
1,5,37,35,1.9954113808025338,2.1051709197224806,-0.2808457644486164,-0.02018416260307143,1.4773634799378617,left
1,5,38,7,1.9945721300374926,2.1051709197224806,1.2375868029709127,0.9212545492696285,0.33245437224518054,right
1,5,39,41,1.9931651572476836,2.1051709197224806,0.5016489130850545,-0.46705479662775207,2.2266936771448878,right
1,5,40,36,1.992886324736037,2.1051709197224806,-0.4616773675128363,-0.5667355510606286,0.5734146451037279,right
1,5,41,3,1.9927258706926776,2.1051709197224806,3.6041121202852047,0.24474746838472783,0.2644903689959677,right
1,5,42,0,1.9911960918384801,2.1051709197224806,-0.7804567657813768,-0.659571408049951,1.3867289009217454,right
1,5,43,47,1.9874277965432512,2.1051709197224806,2.7090061254054083,-0.11490792251934834,2.2917743706296587,right
1,5,44,4,1.9862481289641813,2.1051709197224806,-0.5613116620307365,0.8629368529830648,2.0337933556823984,left
1,5,45,11,1.9834066731160582,2.1051709197224806,0.21273860677741663,0.4824796039157191,1.3703235283264061,right
1,5,46,12,1.9799622217586212,2.1051709197224806,1.753518233993994,0.9078384783626154,1.4793651838288824,right
1,5,47,28,1.9786552540066906,2.1051709197224806,3.0151641837073173,0.41280735816669667,2.017768756973203,right
1,5,48,27,1.9759109197293938,2.1051709197224806,2.0315234743992603,0.8510762758170998,0.4782727303447817,right
1,5,49,22,1.9715630018825911,2.1051709197224806,0.9657486622019316,0.5093897024123992,0.9981846409238443,right
1,10,0,49,2.2387014821039415,2.1051709197224806,2.6449229282027855,0.8145032219459711,1.9488192624642324,left
1,10,1,26,2.2386039279110435,2.1051709197224806,1.0296640551006595,0.7433709647139197,0.6211214187343517,left
1,10,2,40,2.2377521586857085,2.1051709197224806,-0.5176708865532561,0.2631236886359788,0.6209221430223724,left
1,10,3,9,2.232179410043213,2.1051709197224806,0.02544561334725337,0.1802687106654589,1.0233041652096129,right
1,10,4,45,2.232063671366383,2.1051709197224806,1.694256569946785,0.14608087300120343,1.4732001399285037,left
1,10,5,7,2.2319775230977736,2.1051709197224806,1.2375868029709127,0.9212545492696285,0.33245437224518054,right
1,10,6,39,2.231670249952046,2.1051709197224806,0.4460008655611145,0.056280210742362446,1.0294028099483798,left
1,10,7,11,2.230644754603653,2.1051709197224806,0.21273860677741663,0.4824796039157191,1.3703235283264061,right
1,10,8,41,2.230553385381225,2.1051709197224806,0.5016489130850545,-0.46705479662775207,2.2266936771448878,right
1,10,9,20,2.226110966342453,2.1051709197224806,0.008808857262694092,0.7072405086526774,1.043714101536876,left
1,10,10,46,2.2244354047858073,2.1051709197224806,3.722987112820717,0.9225480960333787,2.2685813320574253,left
1,10,11,14,2.224053382422486,2.1051709197224806,0.03822999876576905,0.9753826139350883,1.419584168523159,right
1,10,12,22,2.2238467667856243,2.1051709197224806,0.9657486622019316,0.5093897024123992,0.9981846409238443,right
1,10,13,36,2.223686018884208,2.1051709197224806,-0.4616773675128363,-0.5667355510606286,0.5734146451037279,right
1,10,14,13,2.223027083849879,2.1051709197224806,-0.170318674844522,0.3649788067028801,0.952434985707609,right
1,10,15,30,2.2226819715369768,2.1051709197224806,1.4164740510379579,0.19494286899103608,2.0797710614148714,right
1,10,16,10,2.2217508837128817,2.1051709197224806,-0.6228981493475957,0.24910250399304446,0.2917527999418026,left
1,10,17,12,2.221656352664615,2.1051709197224806,1.753518233993994,0.9078384783626154,1.4793651838288824,right
1,10,18,31,2.2215418373218503,2.1051709197224806,1.6221073627015894,0.5601521605084552,0.15998872067072192,right
1,10,19,3,2.2207885020530007,2.1051709197224806,3.6041121202852047,0.24474746838472783,0.2644903689959677,right
1,10,20,16,2.2196954303660292,2.1051709197224806,-0.9915187061799593,0.18202187133884706,0.41348094091945053,left
1,10,21,33,2.218984374171085,2.1051709197224806,0.5175094420193125,0.12146939638541998,2.172862384811848,right
1,10,22,0,2.2179791056329456,2.1051709197224806,-0.7804567657813768,-0.659571408049951,1.3867289009217454,right
1,10,23,4,2.2158134168352763,2.1051709197224806,-0.5613116620307365,0.8629368529830648,2.0337933556823984,left
1,10,24,24,2.2156399029520166,2.1051709197224806,3.504406651689142,-0.6893526150764812,1.4336780008367755,right
1,10,25,44,2.2155842147461113,2.1051709197224806,-0.6259522635958122,0.7378082323519324,0.26911025151425294,right
1,10,26,5,2.214927162492951,2.1051709197224806,0.48861223604576054,0.21442842140421303,1.7128008196302793,left
1,10,27,35,2.2136916514960827,2.1051709197224806,-0.2808457644486164,-0.02018416260307143,1.4773634799378617,left
1,10,28,25,2.212773032592792,2.1051709197224806,2.9265813677274237,-0.5643982394307252,1.6145154447417358,right
1,10,29,19,2.2124872717012956,2.1051709197224806,3.94668720243906,0.7174933994867247,0.08276060667522825,left
1,10,30,2,2.2120638805452075,2.1051709197224806,-0.9495457473376675,0.41811544833230063,0.777109002480522,right
1,10,31,17,2.2113562392014714,2.1051709197224806,1.5510239806657813,0.8583824626557379,1.9512866903464359,right
1,10,32,38,2.211298220386655,2.1051709197224806,-0.4336715881890165,0.5110145306696325,1.7325786029393782,left
1,10,33,1,2.2109890158016405,2.1051709197224806,0.33169072074533656,0.20739817033065755,1.8917839645169163,left
1,10,34,34,2.2109816598934637,2.1051709197224806,2.5492034496703244,-0.3622151098456899,1.9177719921036056,right
1,10,35,47,2.210461138726334,2.1051709197224806,2.7090061254054083,-0.11490792251934834,2.2917743706296587,right
1,10,36,42,2.210347204795703,2.1051709197224806,0.8498626151028663,0.8330173418887914,0.37491214599154227,left
1,10,37,43,2.210250326142385,2.1051709197224806,-0.4306998642561157,-0.326115324409306,0.6141767003781232,right
1,10,38,28,2.209441016552981,2.1051709197224806,3.0151641837073173,0.41280735816669667,2.017768756973203,right
1,10,39,48,2.2090558119577515,2.1051709197224806,2.3575304403100326,0.13564621941610666,1.4790698014962516,right
1,10,40,8,2.208389761926684,2.1051709197224806,-0.5785113019008228,0.9099041063833613,1.4420258372952102,right
1,10,41,21,2.2077058205741267,2.1051709197224806,0.687674075288601,-0.6205800501721955,1.5276299442380297,left
1,10,42,23,2.2073818165136387,2.1051709197224806,0.2463478241534114,-0.34649490062939614,2.0663250136937115,right
1,10,43,18,2.2053404204835667,2.1051709197224806,2.6210704763432675,-0.27074884233868257,2.213766159535593,right
1,10,44,32,2.2048151297442113,2.1051709197224806,2.8664609829972374,0.09655305087737309,1.9287508682264054,left
1,10,45,15,2.2045604283693385,2.1051709197224806,-0.29069772427027707,0.5302636951536381,0.24762720516205228,left
1,10,46,29,2.2012740179317407,2.1051709197224806,2.5316912693836997,-0.19735397944791355,2.180291609520622,left
1,10,47,37,2.199705104773131,2.1051709197224806,0.38832408283994857,0.2645434083011018,2.2382138886336245,right
1,10,48,6,2.194259404317199,2.1051709197224806,3.8509028922897093,0.02579226496432463,1.9098920471034624,right
1,10,49,27,2.183382448708591,2.1051709197224806,2.0315234743992603,0.8510762758170998,0.4782727303447817,right
1,15,0,35,2.1778965994123514,2.1051709197224806,-0.2808457644486164,-0.02018416260307143,1.4773634799378617,left
1,15,1,49,2.172714185012005,2.1051709197224806,2.6449229282027855,0.8145032219459711,1.9488192624642324,left
1,15,2,9,2.1702741514134596,2.1051709197224806,0.02544561334725337,0.1802687106654589,1.0233041652096129,right
1,15,3,40,2.1699063126228895,2.1051709197224806,-0.5176708865532561,0.2631236886359788,0.6209221430223724,left
1,15,4,39,2.169159252796363,2.1051709197224806,0.4460008655611145,0.056280210742362446,1.0294028099483798,left
1,15,5,14,2.1669729603328554,2.1051709197224806,0.03822999876576905,0.9753826139350883,1.419584168523159,right
1,15,6,45,2.1650204433966915,2.1051709197224806,1.694256569946785,0.14608087300120343,1.4732001399285037,left
1,15,7,22,2.16449375379802,2.1051709197224806,0.9657486622019316,0.5093897024123992,0.9981846409238443,right
1,15,8,3,2.159950491852948,2.1051709197224806,3.6041121202852047,0.24474746838472783,0.2644903689959677,right
1,15,9,0,2.1587351338566916,2.1051709197224806,-0.7804567657813768,-0.659571408049951,1.3867289009217454,right
1,15,10,30,2.1556322408410713,2.1051709197224806,1.4164740510379579,0.19494286899103608,2.0797710614148714,right
1,15,11,11,2.1521683401109417,2.1051709197224806,0.21273860677741663,0.4824796039157191,1.3703235283264061,right
1,15,12,46,2.151429406191403,2.1051709197224806,3.722987112820717,0.9225480960333787,2.2685813320574253,left
1,15,13,4,2.1490583503338576,2.1051709197224806,-0.5613116620307365,0.8629368529830648,2.0337933556823984,left
1,15,14,1,2.1468083063926056,2.1051709197224806,0.33169072074533656,0.20739817033065755,1.8917839645169163,left
1,15,15,16,2.1439975351932805,2.1051709197224806,-0.9915187061799593,0.18202187133884706,0.41348094091945053,left
1,15,16,26,2.1437231832134884,2.1051709197224806,1.0296640551006595,0.7433709647139197,0.6211214187343517,left
1,15,17,7,2.143593833305844,2.1051709197224806,1.2375868029709127,0.9212545492696285,0.33245437224518054,right
1,15,18,36,2.1423715111784927,2.1051709197224806,-0.4616773675128363,-0.5667355510606286,0.5734146451037279,right
1,15,19,27,2.1420096234527213,2.1051709197224806,2.0315234743992603,0.8510762758170998,0.4782727303447817,right
1,15,20,13,2.140668366329991,2.1051709197224806,-0.170318674844522,0.3649788067028801,0.952434985707609,right
1,15,21,41,2.139308175645374,2.1051709197224806,0.5016489130850545,-0.46705479662775207,2.2266936771448878,right
1,15,22,20,2.1250197177595593,2.1051709197224806,0.008808857262694092,0.7072405086526774,1.043714101536876,left
1,15,23,31,2.1247333257951615,2.1051709197224806,1.6221073627015894,0.5601521605084552,0.15998872067072192,right
1,15,24,33,2.123738510900921,2.1051709197224806,0.5175094420193125,0.12146939638541998,2.172862384811848,right
1,15,25,48,2.123162974747669,2.1051709197224806,2.3575304403100326,0.13564621941610666,1.4790698014962516,right
1,15,26,19,2.122647355171361,2.1051709197224806,3.94668720243906,0.7174933994867247,0.08276060667522825,left
1,15,27,42,2.1212930097468785,2.1051709197224806,0.8498626151028663,0.8330173418887914,0.37491214599154227,left
1,15,28,38,2.121017460852108,2.1051709197224806,-0.4336715881890165,0.5110145306696325,1.7325786029393782,left
1,15,29,37,2.1205399874645283,2.1051709197224806,0.38832408283994857,0.2645434083011018,2.2382138886336245,right
1,15,30,44,2.1194350032625624,2.1051709197224806,-0.6259522635958122,0.7378082323519324,0.26911025151425294,right
1,15,31,10,2.119079679864064,2.1051709197224806,-0.6228981493475957,0.24910250399304446,0.2917527999418026,left
1,15,32,15,2.118469709399452,2.1051709197224806,-0.29069772427027707,0.5302636951536381,0.24762720516205228,left
1,15,33,43,2.1181593935320464,2.1051709197224806,-0.4306998642561157,-0.326115324409306,0.6141767003781232,right
1,15,34,47,2.117896415594585,2.1051709197224806,2.7090061254054083,-0.11490792251934834,2.2917743706296587,right
1,15,35,5,2.1173814905078627,2.1051709197224806,0.48861223604576054,0.21442842140421303,1.7128008196302793,left
1,15,36,17,2.1169745575761345,2.1051709197224806,1.5510239806657813,0.8583824626557379,1.9512866903464359,right
1,15,37,21,2.113083601034959,2.1051709197224806,0.687674075288601,-0.6205800501721955,1.5276299442380297,left
1,15,38,12,2.1116857237232827,2.1051709197224806,1.753518233993994,0.9078384783626154,1.4793651838288824,right
1,15,39,8,2.1034628399385467,2.1051709197224806,-0.5785113019008228,0.9099041063833613,1.4420258372952102,right
1,15,40,18,2.0976866838313106,2.1051709197224806,2.6210704763432675,-0.27074884233868257,2.213766159535593,right
1,15,41,25,2.0911148991620916,2.1051709197224806,2.9265813677274237,-0.5643982394307252,1.6145154447417358,right
1,15,42,28,2.090266369626017,2.1051709197224806,3.0151641837073173,0.41280735816669667,2.017768756973203,right
1,15,43,32,2.087533237897804,2.1051709197224806,2.8664609829972374,0.09655305087737309,1.9287508682264054,left
1,15,44,34,2.085768542714682,2.1051709197224806,2.5492034496703244,-0.3622151098456899,1.9177719921036056,right
1,15,45,23,2.0851396819378776,2.1051709197224806,0.2463478241534114,-0.34649490062939614,2.0663250136937115,right
1,15,46,2,2.084057007747219,2.1051709197224806,-0.9495457473376675,0.41811544833230063,0.777109002480522,right
1,15,47,24,2.0681369486531955,2.1051709197224806,3.504406651689142,-0.6893526150764812,1.4336780008367755,right
1,15,48,29,2.0520247476831455,2.1051709197224806,2.5316912693836997,-0.19735397944791355,2.180291609520622,left
1,15,49,6,2.042535469722568,2.1051709197224806,3.8509028922897093,0.02579226496432463,1.9098920471034624,right
1,20,0,7,3.4426049814805353,2.1051709197224806,1.2375868029709127,0.9212545492696285,0.33245437224518054,right
1,20,1,29,3.4012190366509296,2.1051709197224806,2.5316912693836997,-0.19735397944791355,2.180291609520622,left
1,20,2,13,3.3970442392487783,2.1051709197224806,-0.170318674844522,0.3649788067028801,0.952434985707609,right
1,20,3,24,3.388774384909439,2.1051709197224806,3.504406651689142,-0.6893526150764812,1.4336780008367755,right
1,20,4,35,3.378347725362832,2.1051709197224806,-0.2808457644486164,-0.02018416260307143,1.4773634799378617,left
1,20,5,49,3.378184679701455,2.1051709197224806,2.6449229282027855,0.8145032219459711,1.9488192624642324,left
1,20,6,26,3.3719263429738735,2.1051709197224806,1.0296640551006595,0.7433709647139197,0.6211214187343517,left
1,20,7,34,3.369413363584692,2.1051709197224806,2.5492034496703244,-0.3622151098456899,1.9177719921036056,right
1,20,8,43,3.36834599045413,2.1051709197224806,-0.4306998642561157,-0.326115324409306,0.6141767003781232,right
1,20,9,42,3.352199185162738,2.1051709197224806,0.8498626151028663,0.8330173418887914,0.37491214599154227,left
1,20,10,8,3.3453201175860485,2.1051709197224806,-0.5785113019008228,0.9099041063833613,1.4420258372952102,right
1,20,11,30,3.3407603567328943,2.1051709197224806,1.4164740510379579,0.19494286899103608,2.0797710614148714,right
1,20,12,23,3.331783999542349,2.1051709197224806,0.2463478241534114,-0.34649490062939614,2.0663250136937115,right
1,20,13,21,3.3310299856112033,2.1051709197224806,0.687674075288601,-0.6205800501721955,1.5276299442380297,left
1,20,14,22,3.3278815138002393,2.1051709197224806,0.9657486622019316,0.5093897024123992,0.9981846409238443,right
1,20,15,39,3.3189060660132133,2.1051709197224806,0.4460008655611145,0.056280210742362446,1.0294028099483798,left
1,20,16,10,3.3128763093239586,2.1051709197224806,-0.6228981493475957,0.24910250399304446,0.2917527999418026,left
1,20,17,44,3.312193691914281,2.1051709197224806,-0.6259522635958122,0.7378082323519324,0.26911025151425294,right
1,20,18,2,3.3055829177857863,2.1051709197224806,-0.9495457473376675,0.41811544833230063,0.777109002480522,right
1,20,19,18,3.3005580423111436,2.1051709197224806,2.6210704763432675,-0.27074884233868257,2.213766159535593,right
1,20,20,11,3.2910980945470216,2.1051709197224806,0.21273860677741663,0.4824796039157191,1.3703235283264061,right
1,20,21,12,3.286319446748961,2.1051709197224806,1.753518233993994,0.9078384783626154,1.4793651838288824,right
1,20,22,33,3.283275114916478,2.1051709197224806,0.5175094420193125,0.12146939638541998,2.172862384811848,right
1,20,23,14,3.2769723447172483,2.1051709197224806,0.03822999876576905,0.9753826139350883,1.419584168523159,right
1,20,24,38,3.2671313153342143,2.1051709197224806,-0.4336715881890165,0.5110145306696325,1.7325786029393782,left
1,20,25,16,3.2620979365605476,2.1051709197224806,-0.9915187061799593,0.18202187133884706,0.41348094091945053,left
1,20,26,47,3.2545598842304333,2.1051709197224806,2.7090061254054083,-0.11490792251934834,2.2917743706296587,right
1,20,27,1,3.2514923646657055,2.1051709197224806,0.33169072074533656,0.20739817033065755,1.8917839645169163,left
1,20,28,5,3.2501738936632827,2.1051709197224806,0.48861223604576054,0.21442842140421303,1.7128008196302793,left
1,20,29,46,3.2485817216212807,2.1051709197224806,3.722987112820717,0.9225480960333787,2.2685813320574253,left
1,20,30,4,3.244990959183423,2.1051709197224806,-0.5613116620307365,0.8629368529830648,2.0337933556823984,left
1,20,31,25,3.2436189645461067,2.1051709197224806,2.9265813677274237,-0.5643982394307252,1.6145154447417358,right
1,20,32,41,3.230851827811347,2.1051709197224806,0.5016489130850545,-0.46705479662775207,2.2266936771448878,right
1,20,33,32,3.222340426000736,2.1051709197224806,2.8664609829972374,0.09655305087737309,1.9287508682264054,left
1,20,34,45,3.221704742710136,2.1051709197224806,1.694256569946785,0.14608087300120343,1.4732001399285037,left
1,20,35,9,3.217665404969354,2.1051709197224806,0.02544561334725337,0.1802687106654589,1.0233041652096129,right
1,20,36,37,3.2061308017842114,2.1051709197224806,0.38832408283994857,0.2645434083011018,2.2382138886336245,right
1,20,37,17,3.186044626768408,2.1051709197224806,1.5510239806657813,0.8583824626557379,1.9512866903464359,right
1,20,38,0,3.185028070178111,2.1051709197224806,-0.7804567657813768,-0.659571408049951,1.3867289009217454,right
1,20,39,27,3.182313928714949,2.1051709197224806,2.0315234743992603,0.8510762758170998,0.4782727303447817,right
1,20,40,28,3.180468264339371,2.1051709197224806,3.0151641837073173,0.41280735816669667,2.017768756973203,right
1,20,41,20,3.173583119306207,2.1051709197224806,0.008808857262694092,0.7072405086526774,1.043714101536876,left
1,20,42,36,3.161021980982143,2.1051709197224806,-0.4616773675128363,-0.5667355510606286,0.5734146451037279,right
1,20,43,6,3.1569597919207144,2.1051709197224806,3.8509028922897093,0.02579226496432463,1.9098920471034624,right
1,20,44,19,3.149629351490538,2.1051709197224806,3.94668720243906,0.7174933994867247,0.08276060667522825,left
1,20,45,31,3.138383091714007,2.1051709197224806,1.6221073627015894,0.5601521605084552,0.15998872067072192,right
1,20,46,48,3.135163850048186,2.1051709197224806,2.3575304403100326,0.13564621941610666,1.4790698014962516,right
1,20,47,40,3.131108888147747,2.1051709197224806,-0.5176708865532561,0.2631236886359788,0.6209221430223724,left
1,20,48,15,3.1302764967776713,2.1051709197224806,-0.29069772427027707,0.5302636951536381,0.24762720516205228,left
1,20,49,3,3.079730459889575,2.1051709197224806,3.6041121202852047,0.24474746838472783,0.2644903689959677,right
1,25,0,49,3.270264378947912,2.1051709197224806,2.6449229282027855,0.8145032219459711,1.9488192624642324,left
1,25,1,30,3.158482355623274,2.1051709197224806,1.4164740510379579,0.19494286899103608,2.0797710614148714,right
1,25,2,7,3.1317717900718502,2.1051709197224806,1.2375868029709127,0.9212545492696285,0.33245437224518054,right
1,25,3,4,3.1317253506970824,2.1051709197224806,-0.5613116620307365,0.8629368529830648,2.0337933556823984,left
1,25,4,39,3.1295509603612723,2.1051709197224806,0.4460008655611145,0.056280210742362446,1.0294028099483798,left
1,25,5,23,3.1218562715801097,2.1051709197224806,0.2463478241534114,-0.34649490062939614,2.0663250136937115,right
1,25,6,17,3.1139218354486236,2.1051709197224806,1.5510239806657813,0.8583824626557379,1.9512866903464359,right
1,25,7,45,3.1095246232757674,2.1051709197224806,1.694256569946785,0.14608087300120343,1.4732001399285037,left
1,25,8,38,3.1071545035166093,2.1051709197224806,-0.4336715881890165,0.5110145306696325,1.7325786029393782,left
1,25,9,42,3.105937177139555,2.1051709197224806,0.8498626151028663,0.8330173418887914,0.37491214599154227,left
1,25,10,13,3.100264886068633,2.1051709197224806,-0.170318674844522,0.3649788067028801,0.952434985707609,right
1,25,11,40,3.09574451553891,2.1051709197224806,-0.5176708865532561,0.2631236886359788,0.6209221430223724,left
1,25,12,33,3.0948442482264786,2.1051709197224806,0.5175094420193125,0.12146939638541998,2.172862384811848,right
1,25,13,14,3.093297578560377,2.1051709197224806,0.03822999876576905,0.9753826139350883,1.419584168523159,right
1,25,14,12,3.093287304648153,2.1051709197224806,1.753518233993994,0.9078384783626154,1.4793651838288824,right
1,25,15,43,3.070212450465726,2.1051709197224806,-0.4306998642561157,-0.326115324409306,0.6141767003781232,right
1,25,16,24,3.0530542138752423,2.1051709197224806,3.504406651689142,-0.6893526150764812,1.4336780008367755,right
1,25,17,0,3.0510380478360632,2.1051709197224806,-0.7804567657813768,-0.659571408049951,1.3867289009217454,right
1,25,18,11,3.045090991616303,2.1051709197224806,0.21273860677741663,0.4824796039157191,1.3703235283264061,right
1,25,19,29,3.043345373552083,2.1051709197224806,2.5316912693836997,-0.19735397944791355,2.180291609520622,left
1,25,20,5,3.037925127238947,2.1051709197224806,0.48861223604576054,0.21442842140421303,1.7128008196302793,left
1,25,21,26,3.0373479650403636,2.1051709197224806,1.0296640551006595,0.7433709647139197,0.6211214187343517,left
1,25,22,18,3.0200743929242084,2.1051709197224806,2.6210704763432675,-0.27074884233868257,2.213766159535593,right
1,25,23,1,3.017654544173156,2.1051709197224806,0.33169072074533656,0.20739817033065755,1.8917839645169163,left
1,25,24,36,3.014810184954206,2.1051709197224806,-0.4616773675128363,-0.5667355510606286,0.5734146451037279,right
1,25,25,37,2.997782956250946,2.1051709197224806,0.38832408283994857,0.2645434083011018,2.2382138886336245,right
1,25,26,9,2.9959858576488827,2.1051709197224806,0.02544561334725337,0.1802687106654589,1.0233041652096129,right
1,25,27,48,2.994369684742093,2.1051709197224806,2.3575304403100326,0.13564621941610666,1.4790698014962516,right
1,25,28,16,2.9919780142282217,2.1051709197224806,-0.9915187061799593,0.18202187133884706,0.41348094091945053,left
1,25,29,20,2.9867838300209684,2.1051709197224806,0.008808857262694092,0.7072405086526774,1.043714101536876,left
1,25,30,34,2.982588924283216,2.1051709197224806,2.5492034496703244,-0.3622151098456899,1.9177719921036056,right
1,25,31,2,2.9778796637505422,2.1051709197224806,-0.9495457473376675,0.41811544833230063,0.777109002480522,right
1,25,32,35,2.977374585854065,2.1051709197224806,-0.2808457644486164,-0.02018416260307143,1.4773634799378617,left
1,25,33,22,2.975205514319822,2.1051709197224806,0.9657486622019316,0.5093897024123992,0.9981846409238443,right
1,25,34,28,2.9691789718925308,2.1051709197224806,3.0151641837073173,0.41280735816669667,2.017768756973203,right
1,25,35,6,2.9671771507737725,2.1051709197224806,3.8509028922897093,0.02579226496432463,1.9098920471034624,right
1,25,36,10,2.961013057539761,2.1051709197224806,-0.6228981493475957,0.24910250399304446,0.2917527999418026,left
1,25,37,8,2.960719425220911,2.1051709197224806,-0.5785113019008228,0.9099041063833613,1.4420258372952102,right
1,25,38,41,2.9533807903011184,2.1051709197224806,0.5016489130850545,-0.46705479662775207,2.2266936771448878,right
1,25,39,32,2.9517342836981104,2.1051709197224806,2.8664609829972374,0.09655305087737309,1.9287508682264054,left
1,25,40,46,2.9284485520992103,2.1051709197224806,3.722987112820717,0.9225480960333787,2.2685813320574253,left
1,25,41,25,2.918713992693057,2.1051709197224806,2.9265813677274237,-0.5643982394307252,1.6145154447417358,right
1,25,42,31,2.913098312572272,2.1051709197224806,1.6221073627015894,0.5601521605084552,0.15998872067072192,right
1,25,43,21,2.9109136101648687,2.1051709197224806,0.687674075288601,-0.6205800501721955,1.5276299442380297,left
1,25,44,27,2.8994085409042047,2.1051709197224806,2.0315234743992603,0.8510762758170998,0.4782727303447817,right
1,25,45,47,2.896888481727248,2.1051709197224806,2.7090061254054083,-0.11490792251934834,2.2917743706296587,right
1,25,46,44,2.895642321449251,2.1051709197224806,-0.6259522635958122,0.7378082323519324,0.26911025151425294,right
1,25,47,19,2.8901641020123154,2.1051709197224806,3.94668720243906,0.7174933994867247,0.08276060667522825,left
1,25,48,3,2.858253372627111,2.1051709197224806,3.6041121202852047,0.24474746838472783,0.2644903689959677,right
1,25,49,15,2.849157939762664,2.1051709197224806,-0.29069772427027707,0.5302636951536381,0.24762720516205228,left
1,30,0,8,2.0981586769513925,2.126205103666977,-0.5785113019008228,0.9099041063833613,1.4420258372952102,right
1,30,1,12,2.088362288695733,2.124292905126568,1.753518233993994,0.9078384783626154,1.4793651838288824,right
1,30,2,4,2.066638327008734,2.1175439691015963,-0.5613116620307365,0.8629368529830648,2.0337933556823984,left
1,30,3,26,2.064796341005474,2.116856577469423,1.0296640551006595,0.7433709647139197,0.6211214187343517,left
1,30,4,46,2.063760944226448,2.124292905126568,3.722987112820717,0.9225480960333787,2.2685813320574253,left
1,30,5,0,2.0569290496452526,2.1175439691015963,-0.7804567657813768,-0.659571408049951,1.3867289009217454,right
1,30,6,17,2.0546283865048007,2.111013748595952,1.5510239806657813,0.8583824626557379,1.9512866903464359,right
1,30,7,24,2.0328110162639286,2.1051709197224806,3.504406651689142,-0.6893526150764812,1.4336780008367755,right
1,30,8,42,2.016636707698738,2.110706231286822,0.8498626151028663,0.8330173418887914,0.37491214599154227,left
1,30,9,32,2.0161366286852003,2.1051709197224806,2.8664609829972374,0.09655305087737309,1.9287508682264054,left
1,30,10,1,2.0052053226107787,2.1139351630326875,0.33169072074533656,0.20739817033065755,1.8917839645169163,left
1,30,11,2,2.001140986465128,2.1151871977912884,-0.9495457473376675,0.41811544833230063,0.777109002480522,right
1,30,12,41,1.9990246207829259,2.1314636496531008,0.5016489130850545,-0.46705479662775207,2.2266936771448878,right
1,30,13,27,1.995091982922695,2.1191937090188113,2.0315234743992603,0.8510762758170998,0.4782727303447817,right
1,30,14,5,1.9921151242705721,2.1156880116947288,0.48861223604576054,0.21442842140421303,1.7128008196302793,left
1,30,15,31,1.991516326048968,2.1051709197224806,1.6221073627015894,0.5601521605084552,0.15998872067072192,right
1,30,16,16,1.9806661950222826,2.116856577469423,-0.9915187061799593,0.18202187133884706,0.41348094091945053,left
1,30,17,35,1.9796102510705782,2.1051709197224806,-0.2808457644486164,-0.02018416260307143,1.4773634799378617,left
1,30,18,14,1.9731453993877037,2.1226994063428943,0.03822999876576905,0.9753826139350883,1.419584168523159,right
1,30,19,30,1.9705682498634172,2.1051709197224806,1.4164740510379579,0.19494286899103608,2.0797710614148714,right
1,30,20,23,1.9691653509782414,2.1139351630326875,0.2463478241534114,-0.34649490062939614,2.0663250136937115,right
1,30,21,49,1.9684396679218903,2.111013748595952,2.6449229282027855,0.8145032219459711,1.9488192624642324,left
1,30,22,9,1.9646289580495861,2.127707545377298,0.02544561334725337,0.1802687106654589,1.0233041652096129,right
1,30,23,13,1.9642209890371753,2.120195336825692,-0.170318674844522,0.3649788067028801,0.952434985707609,right
1,30,24,44,1.9557934381815185,2.1147319124245243,-0.6259522635958122,0.7378082323519324,0.26911025151425294,right
1,30,25,48,1.9539178120359915,2.1051709197224806,2.3575304403100326,0.13564621941610666,1.4790698014962516,right
1,30,26,21,1.9520426840474085,2.1248904671704456,0.687674075288601,-0.6205800501721955,1.5276299442380297,left
1,30,27,47,1.9511974182697873,2.1051709197224806,2.7090061254054083,-0.11490792251934834,2.2917743706296587,right
1,30,28,43,1.9470011890122187,2.111013748595952,-0.4306998642561157,-0.326115324409306,0.6141767003781232,right
1,30,29,38,1.945935313467833,2.117543969101596,-0.4336715881890165,0.5110145306696325,1.7325786029393782,left
1,30,30,25,1.942342828282567,2.1191937090188113,2.9265813677274237,-0.5643982394307252,1.6145154447417358,right
1,30,31,11,1.941726941260723,2.1051709197224806,0.21273860677741663,0.4824796039157191,1.3703235283264061,right
1,30,32,40,1.937612321331752,2.127707545377298,-0.5176708865532561,0.2631236886359788,0.6209221430223724,left
1,30,33,10,1.9374507270340318,2.1226994063428943,-0.6228981493475957,0.24910250399304446,0.2917527999418026,left
1,30,34,45,1.9369593079516707,2.110706231286822,1.694256569946785,0.14608087300120343,1.4732001399285037,left
1,30,35,20,1.9366995199759032,2.1121823143706457,0.008808857262694092,0.7072405086526774,1.043714101536876,left
1,30,36,36,1.9319875574525565,2.1352197539289035,-0.4616773675128363,-0.5667355510606286,0.5734146451037279,right
1,30,37,34,1.930444748026709,2.1051709197224806,2.5492034496703244,-0.3622151098456899,1.9177719921036056,right
1,30,38,37,1.9257716281435113,2.126205103666977,0.38832408283994857,0.2645434083011018,2.2382138886336245,right
1,30,39,18,1.925309107515182,2.1191937090188113,2.6210704763432675,-0.27074884233868257,2.213766159535593,right
1,30,40,28,1.9228477428378736,2.1226994063428943,3.0151641837073173,0.41280735816669667,2.017768756973203,right
1,30,41,39,1.9130061012868331,2.1156880116947288,0.4460008655611145,0.056280210742362446,1.0294028099483798,left
1,30,42,7,1.910745749819399,2.1191937090188113,1.2375868029709127,0.9212545492696285,0.33245437224518054,right
1,30,43,15,1.9011272723163386,2.116856577469423,-0.29069772427027707,0.5302636951536381,0.24762720516205228,left
1,30,44,33,1.9008362753154546,2.1209465576808526,0.5175094420193125,0.12146939638541998,2.172862384811848,right
1,30,45,29,1.8999637058699843,2.1051709197224806,2.5316912693836997,-0.19735397944791355,2.180291609520622,left
1,30,46,6,1.8985815629258704,2.120195336825692,3.8509028922897093,0.02579226496432463,1.9098920471034624,right
1,30,47,22,1.8978043518942598,2.1051709197224806,0.9657486622019316,0.5093897024123992,0.9981846409238443,right
1,30,48,19,1.879759354722541,2.123730493791154,3.94668720243906,0.7174933994867247,0.08276060667522825,left
1,30,49,3,1.8776467386669484,2.1051709197224806,3.6041121202852047,0.24474746838472783,0.2644903689959677,right
2,5,0,24,2.107029422831136,2.1051709197224806,2.1232515326768695,0.11391303989115942,1.380021466734859,left
2,5,1,29,2.1016999386070196,2.1051709197224806,-0.7848404675680234,-0.11547892299170515,0.4831615071308124,right
2,5,2,15,2.100009865030061,2.1051709197224806,3.1649256505220302,-0.24018091349158155,2.2409477294613764,right
2,5,3,47,2.097947538104485,2.1051709197224806,3.5169890898185825,-0.42361386265412365,1.5087670321993607,right
2,5,4,41,2.0963753885027145,2.1051709197224806,3.009106294259749,0.28297408504371013,1.327162750879277,left
2,5,5,19,2.0959500134182467,2.1051709197224806,2.6632629883098584,-0.5317024813804317,1.638525869688109,right
2,5,6,23,2.095681068716905,2.1051709197224806,0.6257547053689874,0.1118914591843917,1.8469492230437508,left
2,5,7,31,2.0955750863081373,2.1051709197224806,0.13408992910039297,0.9136421677871631,0.5046660684968869,right
2,5,8,28,2.095569098524338,2.1051709197224806,-0.08298618714229511,0.0898825063745694,0.48585683371238314,left
2,5,9,3,2.094020958282676,2.1051709197224806,3.122018617932995,-0.4926572314513725,2.0067325964516787,right
2,5,10,33,2.092635591434763,2.1051709197224806,2.1887190123115334,0.9684947289289714,0.6284060363616568,left
2,5,11,7,2.0925210245549577,2.1051709197224806,3.802235232714559,-0.12263826740165351,1.574425196438867,left
2,5,12,26,2.0925204358052345,2.1051709197224806,2.516373907559302,0.6773938188002766,2.2032475717937787,right
2,5,13,12,2.0920368062510084,2.1051709197224806,0.7238950288612942,-0.5181503094734453,1.5413204966138059,left
2,5,14,25,2.092010259477203,2.1051709197224806,0.623476737947291,-0.42386307392088346,1.4693389574055267,left
2,5,15,43,2.0912475770336583,2.1051709197224806,1.1091492230480133,0.4790793822226349,2.1692207390196456,left
2,5,16,34,2.0907696737156716,2.1051709197224806,0.453842160347103,0.9934626105461957,1.1218212719420924,left
2,5,17,42,2.0907435535078758,2.1051709197224806,-0.043149478943820485,0.2569262855332288,2.1595939575066248,right
2,5,18,22,2.090410548798496,2.1051709197224806,-0.6218338075955662,0.7070390234170396,2.250360228781361,left
2,5,19,46,2.0900661868818995,2.1051709197224806,0.7367794257434932,-0.23596075810879708,1.7150844285157674,right
2,5,20,11,2.0899730126540943,2.1051709197224806,0.4192830883285057,-0.22632551909133136,1.854128314239536,left
2,5,21,21,2.089851877190522,2.1051709197224806,-0.4142313307212766,0.7326503285092372,1.950782665430328,left
2,5,22,0,2.0898362563416866,2.1051709197224806,-0.5894792389356803,-0.11348689808158041,0.6611603724484043,right
2,5,23,39,2.0898004566080113,2.1051709197224806,-0.12876553499898769,0.0033435334560004693,1.4176685907958826,left
2,5,24,20,2.0897892778301252,2.1051709197224806,1.2492737062430628,0.9194490446975743,0.20670595085652366,left
2,5,25,4,2.0890679240023626,2.1051709197224806,-0.4351816942735195,0.6214097199173207,0.415967971243224,right
2,5,26,44,2.088602589436886,2.1051709197224806,-0.1336812936769285,0.1607167272657034,2.059795137819805,left
2,5,27,14,2.0883755562572626,2.1051709197224806,0.3513452440457523,0.2757251561849876,0.08862047019114849,right
2,5,28,10,2.0874097552084376,2.1051709197224806,-0.09812541447397649,0.1520489776197289,0.058123273358627686,right
2,5,29,30,2.0865982663085036,2.1051709197224806,-0.7995965984663636,0.1876304476528915,2.0084350035698018,left
2,5,30,6,2.086102767646567,2.1051709197224806,-0.2936968619761384,-0.2728043837679741,1.6489853764098064,right
2,5,31,5,2.085759819473579,2.1051709197224806,-0.24139403760441014,-0.6774092784279409,1.741076978879474,right
2,5,32,18,2.085696639312773,2.1051709197224806,1.2003598587200965,0.8733902510241764,1.8378134115217242,right
2,5,33,48,2.084890392054058,2.1051709197224806,2.6718480873388053,0.6488863437182655,0.2795818480159706,right
2,5,34,2,2.084755865986753,2.1051709197224806,-0.09708134508566912,-0.2036539492613783,1.9150645509882216,left
2,5,35,27,2.0840617110588244,2.1051709197224806,0.4346746015770606,0.9130317986633913,1.6166695560628332,right
2,5,36,49,2.083152987363958,2.1051709197224806,1.7213743439284888,0.5636985279498183,0.17287229815953925,left
2,5,37,16,2.082544894817106,2.1051709197224806,-0.5766586503429946,0.16416194562589015,2.050392603655949,left
2,5,38,9,2.0822549983695406,2.1051709197224806,1.0888124878659187,-0.03605654109547196,1.7999288051211682,right
2,5,39,32,2.081945740286897,2.1051709197224806,2.68969590907191,0.947369701495387,0.19277284243922627,left
2,5,40,36,2.0812160612502133,2.1051709197224806,2.9495982931404257,0.3485574353284042,2.2798899930131133,right
2,5,41,45,2.0810232661582235,2.1051709197224806,-0.3842179862716174,-0.49932980094747503,1.948260263975429,left
2,5,42,40,2.0808295039645563,2.1051709197224806,1.8581440974437058,0.9119215049926501,0.6361806129761889,left
2,5,43,37,2.0798540414672875,2.1051709197224806,-0.6429713111855225,0.8699530860029139,1.462420424007261,left
2,5,44,38,2.0792447698375174,2.1051709197224806,-0.713854664681898,0.8887109801418476,1.897028610922552,right
2,5,45,1,2.078459785450211,2.1051709197224806,2.6266626974322342,0.07110353467462194,0.17598359781535272,left
2,5,46,13,2.078373890381288,2.1051709197224806,-0.3164233638162003,-0.0206545670009346,1.9313035455085243,right
2,5,47,8,2.0778268126677917,2.1051709197224806,-0.13005413268527188,0.22563409279193902,1.227331035061154,right
2,5,48,17,2.075509930931879,2.1051709197224806,0.7017109361725435,0.15765408926018687,0.011459893024510602,right
2,5,49,35,2.073929989380006,2.1051709197224806,2.124750585020463,0.240765711605624,1.7836287822979415,right
2,10,0,23,2.1545415372747225,2.1051709197224806,0.6257547053689874,0.1118914591843917,1.8469492230437508,left
2,10,1,34,2.151431307110865,2.1051709197224806,0.453842160347103,0.9934626105461957,1.1218212719420924,left
2,10,2,29,2.1502545315833936,2.1051709197224806,-0.7848404675680234,-0.11547892299170515,0.4831615071308124,right
2,10,3,26,2.1424856290256393,2.1051709197224806,2.516373907559302,0.6773938188002766,2.2032475717937787,right
2,10,4,31,2.139269701472548,2.1051709197224806,0.13408992910039297,0.9136421677871631,0.5046660684968869,right
2,10,5,44,2.13849635352538,2.1051709197224806,-0.1336812936769285,0.1607167272657034,2.059795137819805,left
2,10,6,10,2.1380209685472575,2.1051709197224806,-0.09812541447397649,0.1520489776197289,0.058123273358627686,right
2,10,7,7,2.1352832688290513,2.1051709197224806,3.802235232714559,-0.12263826740165351,1.574425196438867,left
2,10,8,47,2.1350160178436886,2.1051709197224806,3.5169890898185825,-0.42361386265412365,1.5087670321993607,right
2,10,9,25,2.1347839630987746,2.1051709197224806,0.623476737947291,-0.42386307392088346,1.4693389574055267,left
2,10,10,24,2.1338678760995036,2.1051709197224806,2.1232515326768695,0.11391303989115942,1.380021466734859,left
2,10,11,43,2.1334682546069312,2.1051709197224806,1.1091492230480133,0.4790793822226349,2.1692207390196456,left
2,10,12,5,2.1327317188013297,2.1051709197224806,-0.24139403760441014,-0.6774092784279409,1.741076978879474,right
2,10,13,18,2.1308625521947393,2.1051709197224806,1.2003598587200965,0.8733902510241764,1.8378134115217242,right
2,10,14,8,2.1304897052770695,2.1051709197224806,-0.13005413268527188,0.22563409279193902,1.227331035061154,right
2,10,15,28,2.1298550946861576,2.1051709197224806,-0.08298618714229511,0.0898825063745694,0.48585683371238314,left
2,10,16,2,2.1291303382159468,2.1051709197224806,-0.09708134508566912,-0.2036539492613783,1.9150645509882216,left
2,10,17,33,2.1279605170634714,2.1051709197224806,2.1887190123115334,0.9684947289289714,0.6284060363616568,left
2,10,18,27,2.127587194792442,2.1051709197224806,0.4346746015770606,0.9130317986633913,1.6166695560628332,right
2,10,19,42,2.1274145061934195,2.1051709197224806,-0.043149478943820485,0.2569262855332288,2.1595939575066248,right
2,10,20,13,2.1271172349845298,2.1051709197224806,-0.3164233638162003,-0.0206545670009346,1.9313035455085243,right
2,10,21,21,2.1260727812061804,2.1051709197224806,-0.4142313307212766,0.7326503285092372,1.950782665430328,left
2,10,22,38,2.124462910552019,2.1051709197224806,-0.713854664681898,0.8887109801418476,1.897028610922552,right
2,10,23,3,2.124299941546946,2.1051709197224806,3.122018617932995,-0.4926572314513725,2.0067325964516787,right
2,10,24,11,2.1238895524576935,2.1051709197224806,0.4192830883285057,-0.22632551909133136,1.854128314239536,left
2,10,25,49,2.1237054545415943,2.1051709197224806,1.7213743439284888,0.5636985279498183,0.17287229815953925,left
2,10,26,40,2.1229628873488897,2.1051709197224806,1.8581440974437058,0.9119215049926501,0.6361806129761889,left
2,10,27,0,2.1213883864025362,2.1051709197224806,-0.5894792389356803,-0.11348689808158041,0.6611603724484043,right
2,10,28,4,2.1209782585862325,2.1051709197224806,-0.4351816942735195,0.6214097199173207,0.415967971243224,right
2,10,29,41,2.120752380502731,2.1051709197224806,3.009106294259749,0.28297408504371013,1.327162750879277,left
2,10,30,39,2.120696751131816,2.1051709197224806,-0.12876553499898769,0.0033435334560004693,1.4176685907958826,left
2,10,31,14,2.1204633655149037,2.1051709197224806,0.3513452440457523,0.2757251561849876,0.08862047019114849,right
2,10,32,6,2.118937555323904,2.1051709197224806,-0.2936968619761384,-0.2728043837679741,1.6489853764098064,right
2,10,33,12,2.117895367478069,2.1051709197224806,0.7238950288612942,-0.5181503094734453,1.5413204966138059,left
2,10,34,45,2.117796022891676,2.1051709197224806,-0.3842179862716174,-0.49932980094747503,1.948260263975429,left
2,10,35,30,2.1171390729643376,2.1051709197224806,-0.7995965984663636,0.1876304476528915,2.0084350035698018,left
2,10,36,32,2.1169883156079807,2.1051709197224806,2.68969590907191,0.947369701495387,0.19277284243922627,left
2,10,37,35,2.1155477585902243,2.1051709197224806,2.124750585020463,0.240765711605624,1.7836287822979415,right
2,10,38,1,2.115234716144067,2.1051709197224806,2.6266626974322342,0.07110353467462194,0.17598359781535272,left
2,10,39,22,2.1150612067239414,2.1051709197224806,-0.6218338075955662,0.7070390234170396,2.250360228781361,left
2,10,40,19,2.114532371675877,2.1051709197224806,2.6632629883098584,-0.5317024813804317,1.638525869688109,right
2,10,41,16,2.1138698329309977,2.1051709197224806,-0.5766586503429946,0.16416194562589015,2.050392603655949,left
2,10,42,46,2.1133913087077723,2.1051709197224806,0.7367794257434932,-0.23596075810879708,1.7150844285157674,right
2,10,43,37,2.1128260421825793,2.1051709197224806,-0.6429713111855225,0.8699530860029139,1.462420424007261,left
2,10,44,9,2.1122972838527527,2.1051709197224806,1.0888124878659187,-0.03605654109547196,1.7999288051211682,right
2,10,45,17,2.1122088959382697,2.1051709197224806,0.7017109361725435,0.15765408926018687,0.011459893024510602,right
2,10,46,20,2.109588004728619,2.1051709197224806,1.2492737062430628,0.9194490446975743,0.20670595085652366,left
2,10,47,36,2.1077375384328523,2.1051709197224806,2.9495982931404257,0.3485574353284042,2.2798899930131133,right
2,10,48,48,2.1028502466501804,2.1051709197224806,2.6718480873388053,0.6488863437182655,0.2795818480159706,right
2,10,49,15,2.102013307067391,2.1051709197224806,3.1649256505220302,-0.24018091349158155,2.2409477294613764,right
2,15,0,18,2.317835369388872,2.1051709197224806,1.2003598587200965,0.8733902510241764,1.8378134115217242,right
2,15,1,8,2.2959164185678165,2.1051709197224806,-0.13005413268527188,0.22563409279193902,1.227331035061154,right
2,15,2,26,2.267060113242698,2.1051709197224806,2.516373907559302,0.6773938188002766,2.2032475717937787,right
2,15,3,25,2.261538935175481,2.1051709197224806,0.623476737947291,-0.42386307392088346,1.4693389574055267,left
2,15,4,33,2.256414274196134,2.1051709197224806,2.1887190123115334,0.9684947289289714,0.6284060363616568,left
2,15,5,39,2.247696811112762,2.1051709197224806,-0.12876553499898769,0.0033435334560004693,1.4176685907958826,left
2,15,6,44,2.2386980979283884,2.1051709197224806,-0.1336812936769285,0.1607167272657034,2.059795137819805,left
2,15,7,37,2.237173696234932,2.1051709197224806,-0.6429713111855225,0.8699530860029139,1.462420424007261,left
2,15,8,15,2.236121066398651,2.1051709197224806,3.1649256505220302,-0.24018091349158155,2.2409477294613764,right
2,15,9,42,2.235440175147633,2.1051709197224806,-0.043149478943820485,0.2569262855332288,2.1595939575066248,right
2,15,10,45,2.234217399511489,2.1051709197224806,-0.3842179862716174,-0.49932980094747503,1.948260263975429,left
2,15,11,27,2.233195218466632,2.1051709197224806,0.4346746015770606,0.9130317986633913,1.6166695560628332,right
2,15,12,23,2.2284915018794518,2.1051709197224806,0.6257547053689874,0.1118914591843917,1.8469492230437508,left
2,15,13,12,2.228434136927405,2.1051709197224806,0.7238950288612942,-0.5181503094734453,1.5413204966138059,left
2,15,14,32,2.2274517170407258,2.1051709197224806,2.68969590907191,0.947369701495387,0.19277284243922627,left
2,15,15,36,2.2243340344288387,2.1051709197224806,2.9495982931404257,0.3485574353284042,2.2798899930131133,right
2,15,16,6,2.220527093658508,2.1051709197224806,-0.2936968619761384,-0.2728043837679741,1.6489853764098064,right
2,15,17,20,2.2116137905836544,2.1051709197224806,1.2492737062430628,0.9194490446975743,0.20670595085652366,left
2,15,18,40,2.2108780580208878,2.1051709197224806,1.8581440974437058,0.9119215049926501,0.6361806129761889,left
2,15,19,38,2.202434498838713,2.1051709197224806,-0.713854664681898,0.8887109801418476,1.897028610922552,right
2,15,20,46,2.200749768354034,2.1051709197224806,0.7367794257434932,-0.23596075810879708,1.7150844285157674,right
2,15,21,0,2.199171886393044,2.1051709197224806,-0.5894792389356803,-0.11348689808158041,0.6611603724484043,right
2,15,22,5,2.1972296614455704,2.1051709197224806,-0.24139403760441014,-0.6774092784279409,1.741076978879474,right
2,15,23,3,2.195023898047453,2.1051709197224806,3.122018617932995,-0.4926572314513725,2.0067325964516787,right
2,15,24,21,2.193241407367989,2.1051709197224806,-0.4142313307212766,0.7326503285092372,1.950782665430328,left
2,15,25,31,2.1914073356433845,2.1051709197224806,0.13408992910039297,0.9136421677871631,0.5046660684968869,right
2,15,26,22,2.1887649550238018,2.1051709197224806,-0.6218338075955662,0.7070390234170396,2.250360228781361,left
2,15,27,4,2.1887619679977863,2.1051709197224806,-0.4351816942735195,0.6214097199173207,0.415967971243224,right
2,15,28,19,2.1874238919670215,2.1051709197224806,2.6632629883098584,-0.5317024813804317,1.638525869688109,right
2,15,29,28,2.1865523690251023,2.1051709197224806,-0.08298618714229511,0.0898825063745694,0.48585683371238314,left
2,15,30,43,2.183418360690281,2.1051709197224806,1.1091492230480133,0.4790793822226349,2.1692207390196456,left
2,15,31,11,2.182110936408203,2.1051709197224806,0.4192830883285057,-0.22632551909133136,1.854128314239536,left
2,15,32,34,2.1815931361763496,2.1051709197224806,0.453842160347103,0.9934626105461957,1.1218212719420924,left
2,15,33,24,2.180995287408849,2.1051709197224806,2.1232515326768695,0.11391303989115942,1.380021466734859,left
2,15,34,2,2.1801523753812315,2.1051709197224806,-0.09708134508566912,-0.2036539492613783,1.9150645509882216,left
2,15,35,49,2.1786897531871063,2.1051709197224806,1.7213743439284888,0.5636985279498183,0.17287229815953925,left
2,15,36,29,2.170146835222886,2.1051709197224806,-0.7848404675680234,-0.11547892299170515,0.4831615071308124,right
2,15,37,1,2.1668868701918576,2.1051709197224806,2.6266626974322342,0.07110353467462194,0.17598359781535272,left
2,15,38,41,2.1643687221772963,2.1051709197224806,3.009106294259749,0.28297408504371013,1.327162750879277,left
2,15,39,10,2.163262140269577,2.1051709197224806,-0.09812541447397649,0.1520489776197289,0.058123273358627686,right
2,15,40,48,2.162548575293911,2.1051709197224806,2.6718480873388053,0.6488863437182655,0.2795818480159706,right
2,15,41,16,2.1592275746272507,2.1051709197224806,-0.5766586503429946,0.16416194562589015,2.050392603655949,left
2,15,42,9,2.1590292967555467,2.1051709197224806,1.0888124878659187,-0.03605654109547196,1.7999288051211682,right
2,15,43,13,2.146218863400219,2.1051709197224806,-0.3164233638162003,-0.0206545670009346,1.9313035455085243,right
2,15,44,47,2.140905807000028,2.1051709197224806,3.5169890898185825,-0.42361386265412365,1.5087670321993607,right
2,15,45,35,2.1374261898573224,2.1051709197224806,2.124750585020463,0.240765711605624,1.7836287822979415,right
2,15,46,17,2.124011278807867,2.1051709197224806,0.7017109361725435,0.15765408926018687,0.011459893024510602,right
2,15,47,30,2.1101462470687675,2.1051709197224806,-0.7995965984663636,0.1876304476528915,2.0084350035698018,left
2,15,48,14,2.091065242773402,2.1051709197224806,0.3513452440457523,0.2757251561849876,0.08862047019114849,right
2,15,49,7,2.046551821945478,2.1051709197224806,3.802235232714559,-0.12263826740165351,1.574425196438867,left
2,20,0,18,3.4327585451088325,2.1051709197224806,1.2003598587200965,0.8733902510241764,1.8378134115217242,right
2,20,1,27,3.4183417767629676,2.1051709197224806,0.4346746015770606,0.9130317986633913,1.6166695560628332,right
2,20,2,44,3.409127576468629,2.1051709197224806,-0.1336812936769285,0.1607167272657034,2.059795137819805,left
2,20,3,8,3.40096321092063,2.1051709197224806,-0.13005413268527188,0.22563409279193902,1.227331035061154,right
2,20,4,37,3.3550500775860157,2.1051709197224806,-0.6429713111855225,0.8699530860029139,1.462420424007261,left
2,20,5,22,3.2846852339032284,2.1051709197224806,-0.6218338075955662,0.7070390234170396,2.250360228781361,left
2,20,6,14,3.2458370478698435,2.1051709197224806,0.3513452440457523,0.2757251561849876,0.08862047019114849,right
2,20,7,32,3.2368888521256185,2.1051709197224806,2.68969590907191,0.947369701495387,0.19277284243922627,left
2,20,8,38,3.231063334307626,2.1051709197224806,-0.713854664681898,0.8887109801418476,1.897028610922552,right
2,20,9,43,3.2307358789366454,2.1051709197224806,1.1091492230480133,0.4790793822226349,2.1692207390196456,left
2,20,10,36,3.21846622179444,2.1051709197224806,2.9495982931404257,0.3485574353284042,2.2798899930131133,right
2,20,11,30,3.212104159898974,2.1051709197224806,-0.7995965984663636,0.1876304476528915,2.0084350035698018,left
2,20,12,1,3.2085881306112505,2.1051709197224806,2.6266626974322342,0.07110353467462194,0.17598359781535272,left
2,20,13,35,3.208412447728368,2.1051709197224806,2.124750585020463,0.240765711605624,1.7836287822979415,right
2,20,14,19,3.197580559476094,2.1051709197224806,2.6632629883098584,-0.5317024813804317,1.638525869688109,right
2,20,15,3,3.197250906343931,2.1051709197224806,3.122018617932995,-0.4926572314513725,2.0067325964516787,right
2,20,16,25,3.1966267446621117,2.1051709197224806,0.623476737947291,-0.42386307392088346,1.4693389574055267,left
2,20,17,16,3.1950874906515616,2.1051709197224806,-0.5766586503429946,0.16416194562589015,2.050392603655949,left
2,20,18,33,3.1948911161559215,2.1051709197224806,2.1887190123115334,0.9684947289289714,0.6284060363616568,left
2,20,19,10,3.1895690423732583,2.1051709197224806,-0.09812541447397649,0.1520489776197289,0.058123273358627686,right
2,20,20,34,3.1882512778352146,2.1051709197224806,0.453842160347103,0.9934626105461957,1.1218212719420924,left
2,20,21,26,3.183383675178068,2.1051709197224806,2.516373907559302,0.6773938188002766,2.2032475717937787,right
2,20,22,15,3.1818955814619057,2.1051709197224806,3.1649256505220302,-0.24018091349158155,2.2409477294613764,right
2,20,23,21,3.1776385255611426,2.1051709197224806,-0.4142313307212766,0.7326503285092372,1.950782665430328,left
2,20,24,0,3.1674330746869424,2.1051709197224806,-0.5894792389356803,-0.11348689808158041,0.6611603724484043,right
2,20,25,40,3.1568773573412887,2.1051709197224806,1.8581440974437058,0.9119215049926501,0.6361806129761889,left
2,20,26,23,3.1555285379085003,2.1051709197224806,0.6257547053689874,0.1118914591843917,1.8469492230437508,left
2,20,27,9,3.151843797441834,2.1051709197224806,1.0888124878659187,-0.03605654109547196,1.7999288051211682,right
2,20,28,5,3.15087745162264,2.1051709197224806,-0.24139403760441014,-0.6774092784279409,1.741076978879474,right
2,20,29,11,3.149526739169201,2.1051709197224806,0.4192830883285057,-0.22632551909133136,1.854128314239536,left
2,20,30,6,3.1470113145497103,2.1051709197224806,-0.2936968619761384,-0.2728043837679741,1.6489853764098064,right
2,20,31,7,3.1388497243384004,2.1051709197224806,3.802235232714559,-0.12263826740165351,1.574425196438867,left
2,20,32,42,3.1384316631648437,2.1051709197224806,-0.043149478943820485,0.2569262855332288,2.1595939575066248,right
2,20,33,12,3.1365572664647337,2.1051709197224806,0.7238950288612942,-0.5181503094734453,1.5413204966138059,left
2,20,34,24,3.135859137612146,2.1051709197224806,2.1232515326768695,0.11391303989115942,1.380021466734859,left
2,20,35,39,3.135254155729885,2.1051709197224806,-0.12876553499898769,0.0033435334560004693,1.4176685907958826,left
2,20,36,46,3.1274094078664962,2.1051709197224806,0.7367794257434932,-0.23596075810879708,1.7150844285157674,right
2,20,37,48,3.126516615626413,2.1051709197224806,2.6718480873388053,0.6488863437182655,0.2795818480159706,right
2,20,38,45,3.1254719093608854,2.1051709197224806,-0.3842179862716174,-0.49932980094747503,1.948260263975429,left
2,20,39,20,3.112097827198238,2.1051709197224806,1.2492737062430628,0.9194490446975743,0.20670595085652366,left
2,20,40,17,3.110868933715251,2.1051709197224806,0.7017109361725435,0.15765408926018687,0.011459893024510602,right
2,20,41,2,3.1101221305402316,2.1051709197224806,-0.09708134508566912,-0.2036539492613783,1.9150645509882216,left
2,20,42,4,3.1091767046299776,2.1051709197224806,-0.4351816942735195,0.6214097199173207,0.415967971243224,right
2,20,43,29,3.1088823196257316,2.1051709197224806,-0.7848404675680234,-0.11547892299170515,0.4831615071308124,right
2,20,44,41,3.1049412315475413,2.1051709197224806,3.009106294259749,0.28297408504371013,1.327162750879277,left
2,20,45,13,3.096389344788024,2.1051709197224806,-0.3164233638162003,-0.0206545670009346,1.9313035455085243,right
2,20,46,28,3.0946014862858426,2.1051709197224806,-0.08298618714229511,0.0898825063745694,0.48585683371238314,left
2,20,47,49,3.0739193298161624,2.1051709197224806,1.7213743439284888,0.5636985279498183,0.17287229815953925,left
2,20,48,31,3.072927966584202,2.1051709197224806,0.13408992910039297,0.9136421677871631,0.5046660684968869,right
2,20,49,47,3.062070151721058,2.1051709197224806,3.5169890898185825,-0.42361386265412365,1.5087670321993607,right
2,25,0,18,3.2429375972018644,2.1051709197224806,1.2003598587200965,0.8733902510241764,1.8378134115217242,right
2,25,1,27,3.1195771883748655,2.1051709197224806,0.4346746015770606,0.9130317986633913,1.6166695560628332,right
2,25,2,35,3.0940594312587386,2.1226994063428943,2.124750585020463,0.240765711605624,1.7836287822979415,right
2,25,3,26,3.084180200152801,2.1051709197224806,2.516373907559302,0.6773938188002766,2.2032475717937787,right
2,25,4,44,3.0705532564002977,2.1051709197224806,-0.1336812936769285,0.1607167272657034,2.059795137819805,left
2,25,5,8,3.066266130857028,2.1051709197224806,-0.13005413268527188,0.22563409279193902,1.227331035061154,right
2,25,6,37,3.0555870165093806,2.1051709197224806,-0.6429713111855225,0.8699530860029139,1.462420424007261,left
2,25,7,33,3.0333426945470325,2.1051709197224806,2.1887190123115334,0.9684947289289714,0.6284060363616568,left
2,25,8,1,3.012242868662319,2.109553041377584,2.6266626974322342,0.07110353467462194,0.17598359781535272,left
2,25,9,4,3.0051105237796154,2.1051709197224806,-0.4351816942735195,0.6214097199173207,0.415967971243224,right
2,25,10,47,2.9844926699299346,2.1147319124245243,3.5169890898185825,-0.42361386265412365,1.5087670321993607,right
2,25,11,32,2.9808346260210774,2.1051709197224806,2.68969590907191,0.947369701495387,0.19277284243922627,left
2,25,12,40,2.9749052377585934,2.112683128274086,1.8581440974437058,0.9119215049926501,0.6361806129761889,left
2,25,13,24,2.9678554174392318,2.1051709197224806,2.1232515326768695,0.11391303989115942,1.380021466734859,left
2,25,14,5,2.9663593506897143,2.1051709197224806,-0.24139403760441014,-0.6774092784279409,1.741076978879474,right
2,25,15,10,2.96098451903189,2.1051709197224806,-0.09812541447397649,0.1520489776197289,0.058123273358627686,right
2,25,16,25,2.96032763159182,2.1051709197224806,0.623476737947291,-0.42386307392088346,1.4693389574055267,left
2,25,17,16,2.955476825741147,2.1051709197224806,-0.5766586503429946,0.16416194562589015,2.050392603655949,left
2,25,18,22,2.9534644161230816,2.1051709197224806,-0.6218338075955662,0.7070390234170396,2.250360228781361,left
2,25,19,9,2.9519237399125244,2.1051709197224806,1.0888124878659187,-0.03605654109547196,1.7999288051211682,right
2,25,20,0,2.947583008576455,2.1051709197224806,-0.5894792389356803,-0.11348689808158041,0.6611603724484043,right
2,25,21,21,2.946591899655086,2.1051709197224806,-0.4142313307212766,0.7326503285092372,1.950782665430328,left
2,25,22,17,2.9421366222430594,2.1051709197224806,0.7017109361725435,0.15765408926018687,0.011459893024510602,right
2,25,23,13,2.9384636164687024,2.1051709197224806,-0.3164233638162003,-0.0206545670009346,1.9313035455085243,right
2,25,24,11,2.9368284022616957,2.1051709197224806,0.4192830883285057,-0.22632551909133136,1.854128314239536,left
2,25,25,2,2.9338353923140725,2.1051709197224806,-0.09708134508566912,-0.2036539492613783,1.9150645509882216,left
2,25,26,38,2.9325173031439866,2.1051709197224806,-0.713854664681898,0.8887109801418476,1.897028610922552,right
2,25,27,36,2.9214090379890543,2.112683128274086,2.9495982931404257,0.3485574353284042,2.2798899930131133,right
2,25,28,30,2.9167269132993114,2.1121823143706457,-0.7995965984663636,0.1876304476528915,2.0084350035698018,left
2,25,29,34,2.9160613125065025,2.1051709197224806,0.453842160347103,0.9934626105461957,1.1218212719420924,left
2,25,30,23,2.91340662962553,2.1051709197224806,0.6257547053689874,0.1118914591843917,1.8469492230437508,left
2,25,31,15,2.913302608969499,2.1051709197224806,3.1649256505220302,-0.24018091349158155,2.2409477294613764,right
2,25,32,43,2.909524756199136,2.111013748595952,1.1091492230480133,0.4790793822226349,2.1692207390196456,left
2,25,33,46,2.9050847555037036,2.1099514160735025,0.7367794257434932,-0.23596075810879708,1.7150844285157674,right
2,25,34,3,2.9004430299657393,2.1051709197224806,3.122018617932995,-0.4926572314513725,2.0067325964516787,right
2,25,35,41,2.8981182475531395,2.1051709197224806,3.009106294259749,0.28297408504371013,1.327162750879277,left
2,25,36,12,2.884575905746063,2.1051709197224806,0.7238950288612942,-0.5181503094734453,1.5413204966138059,left
2,25,37,45,2.883072263460808,2.1051709197224806,-0.3842179862716174,-0.49932980094747503,1.948260263975429,left
2,25,38,42,2.8823153427215225,2.1051709197224806,-0.043149478943820485,0.2569262855332288,2.1595939575066248,right
2,25,39,31,2.8807782302154825,2.1139351630326875,0.13408992910039297,0.9136421677871631,0.5046660684968869,right
2,25,40,49,2.877435835347743,2.1051709197224806,1.7213743439284888,0.5636985279498183,0.17287229815953925,left
2,25,41,20,2.862407341811301,2.1051709197224806,1.2492737062430628,0.9194490446975743,0.20670595085652366,left
2,25,42,39,2.8605746995901216,2.1051709197224806,-0.12876553499898769,0.0033435334560004693,1.4176685907958826,left
2,25,43,19,2.8590725086901325,2.1051709197224806,2.6632629883098584,-0.5317024813804317,1.638525869688109,right
2,25,44,48,2.858827746906334,2.1051709197224806,2.6718480873388053,0.6488863437182655,0.2795818480159706,right
2,25,45,29,2.852735273136047,2.1051709197224806,-0.7848404675680234,-0.11547892299170515,0.4831615071308124,right
2,25,46,6,2.8371306377744983,2.1051709197224806,-0.2936968619761384,-0.2728043837679741,1.6489853764098064,right
2,25,47,14,2.836662800262886,2.1051709197224806,0.3513452440457523,0.2757251561849876,0.08862047019114849,right
2,25,48,7,2.8319501240216765,2.1121823143706457,3.802235232714559,-0.12263826740165351,1.574425196438867,left
2,25,49,28,2.8008588508557777,2.1051709197224806,-0.08298618714229511,0.0898825063745694,0.48585683371238314,left
2,30,0,44,2.8897650005980484,2.1147319124245243,-0.1336812936769285,0.1607167272657034,2.059795137819805,left
2,30,1,12,2.882625798555673,2.1051709197224806,0.7238950288612942,-0.5181503094734453,1.5413204966138059,left
2,30,2,18,2.808550037492194,2.1121823143706457,1.2003598587200965,0.8733902510241764,1.8378134115217242,right
2,30,3,7,2.7954073667584702,2.1121823143706457,3.802235232714559,-0.12263826740165351,1.574425196438867,left
2,30,4,37,2.7924536065695755,2.126205103666977,-0.6429713111855225,0.8699530860029139,1.462420424007261,left
2,30,5,31,2.7867938529334237,2.1051709197224806,0.13408992910039297,0.9136421677871631,0.5046660684968869,right
2,30,6,1,2.7759151263600748,2.109553041377584,2.6266626974322342,0.07110353467462194,0.17598359781535272,left
2,30,7,8,2.7698147648851434,2.126205103666977,-0.13005413268527188,0.22563409279193902,1.227331035061154,right
2,30,8,25,2.768539311214652,2.1051709197224806,0.623476737947291,-0.42386307392088346,1.4693389574055267,left
2,30,9,33,2.7648502427838233,2.1156880116947288,2.1887190123115334,0.9684947289289714,0.6284060363616568,left
2,30,10,10,2.7644512539963197,2.1226994063428943,-0.09812541447397649,0.1520489776197289,0.058123273358627686,right
2,30,11,47,2.7559974979215944,2.124292905126568,3.5169890898185825,-0.42361386265412365,1.5087670321993607,right
2,30,12,27,2.747280315685064,2.126205103666977,0.4346746015770606,0.9130317986633913,1.6166695560628332,right
2,30,13,28,2.7453235176771855,2.1226994063428943,-0.08298618714229511,0.0898825063745694,0.48585683371238314,left
2,30,14,42,2.7380947572063663,2.110706231286822,-0.043149478943820485,0.2569262855332288,2.1595939575066248,right
2,30,15,14,2.7376330714964316,2.1139351630326875,0.3513452440457523,0.2757251561849876,0.08862047019114849,right
2,30,16,2,2.7338792538857324,2.1151871977912884,-0.09708134508566912,-0.2036539492613783,1.9150645509882216,left
2,30,17,40,2.733706569922966,2.112683128274086,1.8581440974437058,0.9119215049926501,0.6361806129761889,left
2,30,18,48,2.733231472602622,2.113260990470364,2.6718480873388053,0.6488863437182655,0.2795818480159706,right
2,30,19,16,2.7281354516377716,2.111013748595952,-0.5766586503429946,0.16416194562589015,2.050392603655949,left
2,30,20,38,2.726373052719281,2.117543969101596,-0.713854664681898,0.8887109801418476,1.897028610922552,right
2,30,21,24,2.7189788014397376,2.1147319124245243,2.1232515326768695,0.11391303989115942,1.380021466734859,left
2,30,22,19,2.7089162102319264,2.123730493791154,2.6632629883098584,-0.5317024813804317,1.638525869688109,right
2,30,23,23,2.7082146636432523,2.1226994063428943,0.6257547053689874,0.1118914591843917,1.8469492230437508,left
2,30,24,13,2.7073302518773685,2.112683128274086,-0.3164233638162003,-0.0206545670009346,1.9313035455085243,right
2,30,25,34,2.699570088808799,2.118317284687791,0.453842160347103,0.9934626105461957,1.1218212719420924,left
2,30,26,26,2.697242418119647,2.116856577469423,2.516373907559302,0.6773938188002766,2.2032475717937787,right
2,30,27,6,2.697192521782951,2.120195336825692,-0.2936968619761384,-0.2728043837679741,1.6489853764098064,right
2,30,28,4,2.6935256987826524,2.1113574444120387,-0.4351816942735195,0.6214097199173207,0.415967971243224,right
2,30,29,17,2.682693671767821,2.116856577469423,0.7017109361725435,0.15765408926018687,0.011459893024510602,right
2,30,30,49,2.6796856920423613,2.122699406342894,1.7213743439284888,0.5636985279498183,0.17287229815953925,left
2,30,31,30,2.675535466659432,2.1191937090188113,-0.7995965984663636,0.1876304476528915,2.0084350035698018,left
2,30,32,21,2.6694452278734273,2.1248904671704456,-0.4142313307212766,0.7326503285092372,1.950782665430328,left
2,30,33,46,2.669444826134961,2.119512408775546,0.7367794257434932,-0.23596075810879708,1.7150844285157674,right
2,30,34,9,2.660754216756763,2.120195336825692,1.0888124878659187,-0.03605654109547196,1.7999288051211682,right
2,30,35,22,2.659550323701598,2.120195336825692,-0.6218338075955662,0.7070390234170396,2.250360228781361,left
2,30,36,32,2.6572938003415345,2.1314636496531008,2.68969590907191,0.947369701495387,0.19277284243922627,left
2,30,37,35,2.6514615418899643,2.1226994063428943,2.124750585020463,0.240765711605624,1.7836287822979415,right
2,30,38,0,2.643654702110209,2.117543969101596,-0.5894792389356803,-0.11348689808158041,0.6611603724484043,right
2,30,39,11,2.643086758859451,2.1117441022051358,0.4192830883285057,-0.22632551909133136,1.854128314239536,left
2,30,40,3,2.6380560166162184,2.12907340147759,3.122018617932995,-0.4926572314513725,2.0067325964516787,right
2,30,41,45,2.6369223308208625,2.1162415428511627,-0.3842179862716174,-0.49932980094747503,1.948260263975429,left
2,30,42,36,2.636636662951914,2.112683128274086,2.9495982931404257,0.3485574353284042,2.2798899930131133,right
2,30,43,5,2.632590579452428,2.1156880116947288,-0.24139403760441014,-0.6774092784279409,1.741076978879474,right
2,30,44,41,2.6203838148388927,2.1139351630326875,3.009106294259749,0.28297408504371013,1.327162750879277,left
2,30,45,20,2.6177577214565337,2.1121823143706457,1.2492737062430628,0.9194490446975743,0.20670595085652366,left
2,30,46,43,2.599534734964347,2.1051709197224806,1.1091492230480133,0.4790793822226349,2.1692207390196456,left
2,30,47,39,2.597441883989627,2.1156880116947288,-0.12876553499898769,0.0033435334560004693,1.4176685907958826,left
2,30,48,29,2.587004709634716,2.1139351630326875,-0.7848404675680234,-0.11547892299170515,0.4831615071308124,right
2,30,49,15,2.497576822283733,2.1051709197224806,3.1649256505220302,-0.24018091349158155,2.2409477294613764,right
3,5,0,49,2.104542134699671,2.1051709197224806,2.068721961985289,0.22609502625126732,1.0113642539361787,right
3,5,1,10,2.074686069413713,2.1051709197224806,1.6902670528945571,0.33076821074953466,2.1334073794789656,right
3,5,2,23,2.069052032360629,2.1051709197224806,-0.1824436247155089,-0.29795982780938773,1.4995025230394623,right
3,5,3,39,2.0667596274646174,2.1051709197224806,1.2760277018999227,0.8889148310449204,2.175126649099312,left
3,5,4,42,2.0665213272996263,2.1051709197224806,-0.33684021417410914,0.3926271729958273,0.7607817681589739,right
3,5,5,6,2.0635019431971364,2.1051709197224806,-0.3457246555591189,-0.38864329827691935,1.8657760233479541,right
3,5,6,24,2.0630684612970596,2.1051709197224806,0.45166847906413543,0.6083791261292868,1.517064147496721,right
3,5,7,38,2.0626520749788613,2.1051709197224806,0.837519639683836,-0.6508517193301213,1.7787608109185924,left
3,5,8,33,2.061585811016142,2.1051709197224806,0.12470735496078822,-0.4771205981993095,1.755982547909735,left
3,5,9,28,2.0599341063159127,2.1051709197224806,1.8891445569199918,0.6710756771977224,1.1628580688933787,right
3,5,10,20,2.0592324302103426,2.1051709197224806,-0.5895666848148631,0.8575284280070774,0.3584828826611661,right
3,5,11,32,2.0591416002355016,2.1051709197224806,1.0661562781732252,0.9590565415686589,1.3767231296592648,left
3,5,12,26,2.057585709199616,2.1051709197224806,1.3668539924200074,-0.4750941297942367,2.136850629069904,right
3,5,13,45,2.057340781776996,2.1051709197224806,0.8619322129323757,0.7033877862825293,2.298654625472513,left
3,5,14,4,2.0558661832803105,2.1051709197224806,1.7998437469935897,0.5629096616180835,0.6715265230245792,right
3,5,15,7,2.0557043139668005,2.1051709197224806,3.0804656588697803,0.7467605265632784,1.5760377523355813,right
3,5,16,25,2.0554346914579007,2.1051709197224806,-0.29381180077582025,0.2913360671176458,1.0539202757976363,left
3,5,17,34,2.0553432949782255,2.1051709197224806,0.10588116915469481,0.1888263786333264,0.577465197936056,left
3,5,18,47,2.0547337348586154,2.1051709197224806,-0.9124291063341324,-0.39580333486475017,1.8964892868914531,right
3,5,19,13,2.0542121025553146,2.1051709197224806,0.6562771211550191,0.249491419866398,1.5242865869524675,right
3,5,20,31,2.0541661903868933,2.1051709197224806,0.42743758676071764,-0.12755085648357156,1.4231706512047588,left
3,5,21,15,2.0540281339496924,2.1051709197224806,0.29594905837973284,0.9756770654267273,2.2090124961295916,left
3,5,22,36,2.053618685391271,2.1051709197224806,1.184645789702551,0.16303258254380382,1.3490628609771311,left
3,5,23,12,2.0528745751367827,2.1051709197224806,2.4055188039006383,0.9402751838906771,0.025154625146817943,left
3,5,24,11,2.0526558507009973,2.1051709197224806,-0.4471457373114337,-0.05996390488685932,0.26821996099626944,left
3,5,25,2,2.0522817848258548,2.1051709197224806,0.8654665272768374,0.7768071204956111,0.1271492018743628,right
3,5,26,43,2.0514107487864806,2.1051709197224806,-0.6435402739341625,0.6165312791977389,2.2840176661669433,left
3,5,27,48,2.0509553650249046,2.1051709197224806,-0.09057228485664115,-0.6151152597201764,1.787051798269791,left
3,5,28,29,2.0508684880751966,2.1051709197224806,1.1611776609412816,0.10868522927649515,2.143660058921722,left
3,5,29,40,2.0507637105288072,2.1051709197224806,3.6375295767699765,0.12234219579466332,2.1163835233968276,left
3,5,30,21,2.049398304600092,2.1051709197224806,-0.6991438168465971,-0.11336377707844547,0.6349869911884571,left
3,5,31,17,2.0493353567471178,2.1051709197224806,-0.8353467949700629,0.7248724883982391,0.7266244902547964,left
3,5,32,30,2.0484271355877817,2.1051709197224806,0.13905480041411256,0.011503733614852019,2.1873296649144556,right
3,5,33,3,2.0474263578968332,2.1051709197224806,-0.7317842367547519,0.5835766563401625,0.7229149011331453,left
3,5,34,8,2.046868924949699,2.1051709197224806,1.1283267640968466,0.2044028354177161,0.23906931482459526,right
3,5,35,19,2.0467781978524524,2.1051709197224806,0.9887886497975011,0.5244144856812578,0.08733371926178997,left
3,5,36,5,2.046636100385957,2.1051709197224806,-0.8011431483861239,-0.24569744244593889,0.7001827833956047,right
3,5,37,1,2.045995393301186,2.1051709197224806,-0.9337155254878412,-0.5344867536295401,0.8219059835368308,left
3,5,38,44,2.045812309503832,2.1051709197224806,0.010007646403166426,0.4251447514265838,1.693073144427823,left
3,5,39,18,2.0451645137090386,2.1051709197224806,1.0952381902609831,0.288684816740444,1.692165877111702,left
3,5,40,41,2.045008607454055,2.1051709197224806,1.3141957273934821,0.5981307963406042,0.3545449248925023,left
3,5,41,0,2.044372280692497,2.1051709197224806,1.6284728302822584,-0.06904428180406519,1.9118874535955435,left
3,5,42,9,2.0440449473594913,2.1051709197224806,0.8024107582078797,0.7029213472157207,0.8071552812601738,left
3,5,43,27,2.0429019193840654,2.1051709197224806,-0.8344948075175354,0.7942271323856316,0.36238501479580637,right
3,5,44,35,2.0415753411237105,2.1051709197224806,3.3035395931749765,0.4736505681503689,1.9824727261515251,left
3,5,45,14,2.0397303599481162,2.1051709197224806,-0.6130823304262369,-0.4775373065302576,0.2441979593874478,right
3,5,46,22,2.0396811995993605,2.1051709197224806,2.2656263309923004,-0.2994048754468573,1.90407636131908,right
3,5,47,37,2.0376484877473544,2.1051709197224806,2.817043231868746,-0.38472917812949986,1.6571754781879175,left
3,5,48,16,2.03292726866928,2.1051709197224806,2.436803782804696,0.414559566158778,0.4451891483615803,left
3,5,49,46,2.03288772687305,2.1051709197224806,0.9230679024922543,0.15432004648250097,1.2189827663031203,left
3,10,0,28,2.2018818940246137,2.1051709197224806,1.8891445569199918,0.6710756771977224,1.1628580688933787,right
3,10,1,32,2.198675452047019,2.1051709197224806,1.0661562781732252,0.9590565415686589,1.3767231296592648,left
3,10,2,39,2.1949734310253954,2.1051709197224806,1.2760277018999227,0.8889148310449204,2.175126649099312,left
3,10,3,13,2.193248720169068,2.1051709197224806,0.6562771211550191,0.249491419866398,1.5242865869524675,right
3,10,4,6,2.185974428398329,2.1051709197224806,-0.3457246555591189,-0.38864329827691935,1.8657760233479541,right
3,10,5,48,2.184707838100734,2.1051709197224806,-0.09057228485664115,-0.6151152597201764,1.787051798269791,left
3,10,6,24,2.1846349973484105,2.1051709197224806,0.45166847906413543,0.6083791261292868,1.517064147496721,right
3,10,7,42,2.184096782484568,2.1051709197224806,-0.33684021417410914,0.3926271729958273,0.7607817681589739,right
3,10,8,2,2.182966332399001,2.1051709197224806,0.8654665272768374,0.7768071204956111,0.1271492018743628,right
3,10,9,23,2.1817692047638104,2.1051709197224806,-0.1824436247155089,-0.29795982780938773,1.4995025230394623,right
3,10,10,4,2.179601303309238,2.1051709197224806,1.7998437469935897,0.5629096616180835,0.6715265230245792,right
3,10,11,10,2.1786146328908487,2.1051709197224806,1.6902670528945571,0.33076821074953466,2.1334073794789656,right
3,10,12,20,2.176819905981019,2.1051709197224806,-0.5895666848148631,0.8575284280070774,0.3584828826611661,right
3,10,13,49,2.176289975846573,2.1051709197224806,2.068721961985289,0.22609502625126732,1.0113642539361787,right
3,10,14,27,2.1760970082921025,2.1051709197224806,-0.8344948075175354,0.7942271323856316,0.36238501479580637,right
3,10,15,17,2.175036210789954,2.1051709197224806,-0.8353467949700629,0.7248724883982391,0.7266244902547964,left
3,10,16,35,2.174548069602256,2.1051709197224806,3.3035395931749765,0.4736505681503689,1.9824727261515251,left
3,10,17,44,2.172426198215493,2.1051709197224806,0.010007646403166426,0.4251447514265838,1.693073144427823,left
3,10,18,8,2.1719037681518727,2.1051709197224806,1.1283267640968466,0.2044028354177161,0.23906931482459526,right
3,10,19,26,2.170606005557621,2.1051709197224806,1.3668539924200074,-0.4750941297942367,2.136850629069904,right
3,10,20,43,2.1689924759273147,2.1051709197224806,-0.6435402739341625,0.6165312791977389,2.2840176661669433,left
3,10,21,15,2.168128363853824,2.1051709197224806,0.29594905837973284,0.9756770654267273,2.2090124961295916,left
3,10,22,19,2.1675710170754536,2.1051709197224806,0.9887886497975011,0.5244144856812578,0.08733371926178997,left
3,10,23,0,2.1668933560668426,2.1051709197224806,1.6284728302822584,-0.06904428180406519,1.9118874535955435,left
3,10,24,21,2.1659236076029798,2.1051709197224806,-0.6991438168465971,-0.11336377707844547,0.6349869911884571,left
3,10,25,38,2.1654658771442854,2.1051709197224806,0.837519639683836,-0.6508517193301213,1.7787608109185924,left
3,10,26,30,2.1651903864696234,2.1051709197224806,0.13905480041411256,0.011503733614852019,2.1873296649144556,right
3,10,27,29,2.1651565129740593,2.1051709197224806,1.1611776609412816,0.10868522927649515,2.143660058921722,left
3,10,28,12,2.165049343502802,2.1051709197224806,2.4055188039006383,0.9402751838906771,0.025154625146817943,left
3,10,29,45,2.163029249782088,2.1051709197224806,0.8619322129323757,0.7033877862825293,2.298654625472513,left
3,10,30,41,2.161505756405247,2.1051709197224806,1.3141957273934821,0.5981307963406042,0.3545449248925023,left
3,10,31,9,2.1603441807606303,2.1051709197224806,0.8024107582078797,0.7029213472157207,0.8071552812601738,left
3,10,32,22,2.1593770907974905,2.1051709197224806,2.2656263309923004,-0.2994048754468573,1.90407636131908,right
3,10,33,33,2.1593470551545995,2.1051709197224806,0.12470735496078822,-0.4771205981993095,1.755982547909735,left
3,10,34,5,2.159336882712415,2.1051709197224806,-0.8011431483861239,-0.24569744244593889,0.7001827833956047,right
3,10,35,37,2.1567658103319194,2.1051709197224806,2.817043231868746,-0.38472917812949986,1.6571754781879175,left
3,10,36,36,2.1566925264165944,2.1051709197224806,1.184645789702551,0.16303258254380382,1.3490628609771311,left
3,10,37,14,2.1557471225625493,2.1051709197224806,-0.6130823304262369,-0.4775373065302576,0.2441979593874478,right
3,10,38,18,2.1553049621735765,2.1051709197224806,1.0952381902609831,0.288684816740444,1.692165877111702,left
3,10,39,31,2.154305214634645,2.1051709197224806,0.42743758676071764,-0.12755085648357156,1.4231706512047588,left
3,10,40,47,2.1542634193007975,2.1051709197224806,-0.9124291063341324,-0.39580333486475017,1.8964892868914531,right
3,10,41,11,2.1535856191813094,2.1051709197224806,-0.4471457373114337,-0.05996390488685932,0.26821996099626944,left
3,10,42,34,2.1532982172806037,2.1051709197224806,0.10588116915469481,0.1888263786333264,0.577465197936056,left
3,10,43,46,2.149880899991837,2.1051709197224806,0.9230679024922543,0.15432004648250097,1.2189827663031203,left
3,10,44,1,2.1493387794201677,2.1051709197224806,-0.9337155254878412,-0.5344867536295401,0.8219059835368308,left
3,10,45,3,2.1488115513627006,2.1051709197224806,-0.7317842367547519,0.5835766563401625,0.7229149011331453,left
3,10,46,25,2.145342725062978,2.1051709197224806,-0.29381180077582025,0.2913360671176458,1.0539202757976363,left
3,10,47,7,2.1440449341848793,2.1051709197224806,3.0804656588697803,0.7467605265632784,1.5760377523355813,right
3,10,48,40,2.143200741654314,2.1051709197224806,3.6375295767699765,0.12234219579466332,2.1163835233968276,left
3,10,49,16,2.142025303186256,2.1051709197224806,2.436803782804696,0.414559566158778,0.4451891483615803,left
3,15,0,24,2.231062071238271,2.1051709197224806,0.45166847906413543,0.6083791261292868,1.517064147496721,right
3,15,1,20,2.2103034298445134,2.1051709197224806,-0.5895666848148631,0.8575284280070774,0.3584828826611661,right
3,15,2,32,2.2097327594927867,2.1051709197224806,1.0661562781732252,0.9590565415686589,1.3767231296592648,left
3,15,3,6,2.2036463374010604,2.1051709197224806,-0.3457246555591189,-0.38864329827691935,1.8657760233479541,right
3,15,4,17,2.1997414432808045,2.1051709197224806,-0.8353467949700629,0.7248724883982391,0.7266244902547964,left
3,15,5,23,2.1972163411679,2.1051709197224806,-0.1824436247155089,-0.29795982780938773,1.4995025230394623,right
3,15,6,8,2.1928552588549954,2.1051709197224806,1.1283267640968466,0.2044028354177161,0.23906931482459526,right
3,15,7,41,2.189822751135095,2.1051709197224806,1.3141957273934821,0.5981307963406042,0.3545449248925023,left
3,15,8,12,2.1895034267526574,2.1051709197224806,2.4055188039006383,0.9402751838906771,0.025154625146817943,left
3,15,9,42,2.1746336943397453,2.1051709197224806,-0.33684021417410914,0.3926271729958273,0.7607817681589739,right
3,15,10,2,2.1735560001852523,2.1051709197224806,0.8654665272768374,0.7768071204956111,0.1271492018743628,right
3,15,11,31,2.165543397657684,2.1051709197224806,0.42743758676071764,-0.12755085648357156,1.4231706512047588,left
3,15,12,27,2.1651290049659333,2.1051709197224806,-0.8344948075175354,0.7942271323856316,0.36238501479580637,right
3,15,13,0,2.164191950099285,2.1051709197224806,1.6284728302822584,-0.06904428180406519,1.9118874535955435,left
3,15,14,45,2.1619832440024007,2.1051709197224806,0.8619322129323757,0.7033877862825293,2.298654625472513,left
3,15,15,15,2.1602588642781235,2.1051709197224806,0.29594905837973284,0.9756770654267273,2.2090124961295916,left
3,15,16,44,2.1594699798492436,2.1051709197224806,0.010007646403166426,0.4251447514265838,1.693073144427823,left
3,15,17,36,2.1563881074665563,2.1051709197224806,1.184645789702551,0.16303258254380382,1.3490628609771311,left
3,15,18,9,2.1546724968717292,2.1051709197224806,0.8024107582078797,0.7029213472157207,0.8071552812601738,left
3,15,19,13,2.1523561570899483,2.1051709197224806,0.6562771211550191,0.249491419866398,1.5242865869524675,right
3,15,20,25,2.1507632649444925,2.1051709197224806,-0.29381180077582025,0.2913360671176458,1.0539202757976363,left
3,15,21,19,2.150687817789164,2.1051709197224806,0.9887886497975011,0.5244144856812578,0.08733371926178997,left
3,15,22,10,2.149112680364624,2.1051709197224806,1.6902670528945571,0.33076821074953466,2.1334073794789656,right
3,15,23,26,2.146374483312947,2.1051709197224806,1.3668539924200074,-0.4750941297942367,2.136850629069904,right
3,15,24,38,2.1448190510067024,2.1051709197224806,0.837519639683836,-0.6508517193301213,1.7787608109185924,left
3,15,25,5,2.1414243562034905,2.1051709197224806,-0.8011431483861239,-0.24569744244593889,0.7001827833956047,right
3,15,26,43,2.1407232311290354,2.1051709197224806,-0.6435402739341625,0.6165312791977389,2.2840176661669433,left
3,15,27,14,2.1404489771887225,2.1051709197224806,-0.6130823304262369,-0.4775373065302576,0.2441979593874478,right
3,15,28,29,2.140089875130537,2.1051709197224806,1.1611776609412816,0.10868522927649515,2.143660058921722,left
3,15,29,48,2.139777901645129,2.1051709197224806,-0.09057228485664115,-0.6151152597201764,1.787051798269791,left
3,15,30,28,2.1393779524866297,2.1051709197224806,1.8891445569199918,0.6710756771977224,1.1628580688933787,right
3,15,31,49,2.1368275747355048,2.1051709197224806,2.068721961985289,0.22609502625126732,1.0113642539361787,right
3,15,32,39,2.1361367841648535,2.1051709197224806,1.2760277018999227,0.8889148310449204,2.175126649099312,left
3,15,33,18,2.1335090212170478,2.1051709197224806,1.0952381902609831,0.288684816740444,1.692165877111702,left
3,15,34,30,2.1319447100612354,2.1051709197224806,0.13905480041411256,0.011503733614852019,2.1873296649144556,right
3,15,35,21,2.1294610544677406,2.1051709197224806,-0.6991438168465971,-0.11336377707844547,0.6349869911884571,left
3,15,36,3,2.129154109997819,2.1051709197224806,-0.7317842367547519,0.5835766563401625,0.7229149011331453,left
3,15,37,46,2.12544071541918,2.1051709197224806,0.9230679024922543,0.15432004648250097,1.2189827663031203,left
3,15,38,22,2.1245964211183184,2.1051709197224806,2.2656263309923004,-0.2994048754468573,1.90407636131908,right
3,15,39,16,2.115485610661829,2.1051709197224806,2.436803782804696,0.414559566158778,0.4451891483615803,left
3,15,40,34,2.1134768964153263,2.1051709197224806,0.10588116915469481,0.1888263786333264,0.577465197936056,left
3,15,41,11,2.1132290434441425,2.1051709197224806,-0.4471457373114337,-0.05996390488685932,0.26821996099626944,left
3,15,42,33,2.1122879767744713,2.1051709197224806,0.12470735496078822,-0.4771205981993095,1.755982547909735,left
3,15,43,4,2.107712569029877,2.1051709197224806,1.7998437469935897,0.5629096616180835,0.6715265230245792,right
3,15,44,35,2.105808327875255,2.1051709197224806,3.3035395931749765,0.4736505681503689,1.9824727261515251,left
3,15,45,37,2.1040292414470736,2.1051709197224806,2.817043231868746,-0.38472917812949986,1.6571754781879175,left
3,15,46,1,2.0990306723867973,2.1051709197224806,-0.9337155254878412,-0.5344867536295401,0.8219059835368308,left
3,15,47,47,2.0806599770737164,2.1051709197224806,-0.9124291063341324,-0.39580333486475017,1.8964892868914531,right
3,15,48,40,2.0782770696866475,2.1051709197224806,3.6375295767699765,0.12234219579466332,2.1163835233968276,left
3,15,49,7,1.9589706736039902,2.1051709197224806,3.0804656588697803,0.7467605265632784,1.5760377523355813,right
3,20,0,15,3.4439466940448575,2.1051709197224806,0.29594905837973284,0.9756770654267273,2.2090124961295916,left
3,20,1,24,3.3945245474313315,2.1051709197224806,0.45166847906413543,0.6083791261292868,1.517064147496721,right
3,20,2,20,3.3686921738118496,2.1051709197224806,-0.5895666848148631,0.8575284280070774,0.3584828826611661,right
3,20,3,6,3.3605261088596468,2.1051709197224806,-0.3457246555591189,-0.38864329827691935,1.8657760233479541,right
3,20,4,35,3.3568740942580337,2.1051709197224806,3.3035395931749765,0.4736505681503689,1.9824727261515251,left
3,20,5,39,3.3390337066586353,2.1051709197224806,1.2760277018999227,0.8889148310449204,2.175126649099312,left
3,20,6,42,3.3361225304261017,2.1051709197224806,-0.33684021417410914,0.3926271729958273,0.7607817681589739,right
3,20,7,29,3.3270003203542364,2.1051709197224806,1.1611776609412816,0.10868522927649515,2.143660058921722,left
3,20,8,25,3.3112971187643327,2.1051709197224806,-0.29381180077582025,0.2913360671176458,1.0539202757976363,left
3,20,9,21,3.30934476971529,2.1051709197224806,-0.6991438168465971,-0.11336377707844547,0.6349869911884571,left
3,20,10,36,3.307591232241796,2.1051709197224806,1.184645789702551,0.16303258254380382,1.3490628609771311,left
3,20,11,32,3.298535519900092,2.1051709197224806,1.0661562781732252,0.9590565415686589,1.3767231296592648,left
3,20,12,45,3.29480435754295,2.1051709197224806,0.8619322129323757,0.7033877862825293,2.298654625472513,left
3,20,13,38,3.293742459017869,2.1051709197224806,0.837519639683836,-0.6508517193301213,1.7787608109185924,left
3,20,14,27,3.2879193067069337,2.1051709197224806,-0.8344948075175354,0.7942271323856316,0.36238501479580637,right
3,20,15,22,3.2684206148958985,2.1051709197224806,2.2656263309923004,-0.2994048754468573,1.90407636131908,right
3,20,16,2,3.2675524641162754,2.1051709197224806,0.8654665272768374,0.7768071204956111,0.1271492018743628,right
3,20,17,34,3.254366917163423,2.1051709197224806,0.10588116915469481,0.1888263786333264,0.577465197936056,left
3,20,18,19,3.2515810681668027,2.1051709197224806,0.9887886497975011,0.5244144856812578,0.08733371926178997,left
3,20,19,12,3.2481440170308264,2.1051709197224806,2.4055188039006383,0.9402751838906771,0.025154625146817943,left
3,20,20,17,3.2457494311450823,2.1051709197224806,-0.8353467949700629,0.7248724883982391,0.7266244902547964,left
3,20,21,37,3.2433659923807205,2.1051709197224806,2.817043231868746,-0.38472917812949986,1.6571754781879175,left
3,20,22,43,3.2337940306812403,2.1051709197224806,-0.6435402739341625,0.6165312791977389,2.2840176661669433,left
3,20,23,11,3.230575496624221,2.1051709197224806,-0.4471457373114337,-0.05996390488685932,0.26821996099626944,left
3,20,24,5,3.2303663714525594,2.1051709197224806,-0.8011431483861239,-0.24569744244593889,0.7001827833956047,right
3,20,25,3,3.2266861748722375,2.1051709197224806,-0.7317842367547519,0.5835766563401625,0.7229149011331453,left
3,20,26,48,3.2262007891718145,2.1051709197224806,-0.09057228485664115,-0.6151152597201764,1.787051798269791,left
3,20,27,26,3.21730585108721,2.1051709197224806,1.3668539924200074,-0.4750941297942367,2.136850629069904,right
3,20,28,0,3.2075484709912425,2.1051709197224806,1.6284728302822584,-0.06904428180406519,1.9118874535955435,left
3,20,29,9,3.2052332700925756,2.1051709197224806,0.8024107582078797,0.7029213472157207,0.8071552812601738,left
3,20,30,41,3.203122005544987,2.1051709197224806,1.3141957273934821,0.5981307963406042,0.3545449248925023,left
3,20,31,33,3.200560806192609,2.1051709197224806,0.12470735496078822,-0.4771205981993095,1.755982547909735,left
3,20,32,46,3.1989757532651426,2.1051709197224806,0.9230679024922543,0.15432004648250097,1.2189827663031203,left
3,20,33,49,3.194198147635851,2.1051709197224806,2.068721961985289,0.22609502625126732,1.0113642539361787,right
3,20,34,4,3.1870102712443167,2.1051709197224806,1.7998437469935897,0.5629096616180835,0.6715265230245792,right
3,20,35,18,3.177525298275186,2.1051709197224806,1.0952381902609831,0.288684816740444,1.692165877111702,left
3,20,36,14,3.176134031364575,2.1051709197224806,-0.6130823304262369,-0.4775373065302576,0.2441979593874478,right
3,20,37,13,3.1701982520178813,2.1051709197224806,0.6562771211550191,0.249491419866398,1.5242865869524675,right
3,20,38,44,3.154749657750143,2.1051709197224806,0.010007646403166426,0.4251447514265838,1.693073144427823,left
3,20,39,16,3.14529710843155,2.1051709197224806,2.436803782804696,0.414559566158778,0.4451891483615803,left
3,20,40,23,3.1448230983605727,2.1051709197224806,-0.1824436247155089,-0.29795982780938773,1.4995025230394623,right
3,20,41,47,3.1413754007661963,2.1051709197224806,-0.9124291063341324,-0.39580333486475017,1.8964892868914531,right
3,20,42,31,3.134674301214067,2.1051709197224806,0.42743758676071764,-0.12755085648357156,1.4231706512047588,left
3,20,43,30,3.1223341483515332,2.1051709197224806,0.13905480041411256,0.011503733614852019,2.1873296649144556,right
3,20,44,8,3.114631517579916,2.1051709197224806,1.1283267640968466,0.2044028354177161,0.23906931482459526,right
3,20,45,10,3.1143462628008107,2.1051709197224806,1.6902670528945571,0.33076821074953466,2.1334073794789656,right
3,20,46,7,3.111480629999212,2.1051709197224806,3.0804656588697803,0.7467605265632784,1.5760377523355813,right
3,20,47,28,3.0941961690662163,2.1051709197224806,1.8891445569199918,0.6710756771977224,1.1628580688933787,right
3,20,48,1,3.086867385326175,2.1051709197224806,-0.9337155254878412,-0.5344867536295401,0.8219059835368308,left
3,20,49,40,3.0657781076347868,2.1051709197224806,3.6375295767699765,0.12234219579466332,2.1163835233968276,left
3,25,0,32,2.276762017092959,2.1051709197224806,1.0661562781732252,0.9590565415686589,1.3767231296592648,left
3,25,1,8,2.2033856279646926,2.1051709197224806,1.1283267640968466,0.2044028354177161,0.23906931482459526,right
3,25,2,22,2.2009577468519486,2.1051709197224806,2.2656263309923004,-0.2994048754468573,1.90407636131908,right
3,25,3,11,2.1741009585759956,2.1051709197224806,-0.4471457373114337,-0.05996390488685932,0.26821996099626944,left
3,25,4,10,2.17278650459069,2.1051709197224806,1.6902670528945571,0.33076821074953466,2.1334073794789656,right
3,25,5,38,2.1703781401857705,2.1113574444120387,0.837519639683836,-0.6508517193301213,1.7787608109185924,left
3,25,6,13,2.165460889483509,2.1051709197224806,0.6562771211550191,0.249491419866398,1.5242865869524675,right
3,25,7,20,2.160968803145143,2.1051709197224806,-0.5895666848148631,0.8575284280070774,0.3584828826611661,right
3,25,8,6,2.160358703486883,2.1051709197224806,-0.3457246555591189,-0.38864329827691935,1.8657760233479541,right
3,25,9,24,2.150172363224584,2.1051709197224806,0.45166847906413543,0.6083791261292868,1.517064147496721,right
3,25,10,45,2.14517923012428,2.1051709197224806,0.8619322129323757,0.7033877862825293,2.298654625472513,left
3,25,11,21,2.143767171172133,2.1051709197224806,-0.6991438168465971,-0.11336377707844547,0.6349869911884571,left
3,25,12,19,2.1416473721031357,2.1051709197224806,0.9887886497975011,0.5244144856812578,0.08733371926178997,left
3,25,13,0,2.1412825985257022,2.1051709197224806,1.6284728302822584,-0.06904428180406519,1.9118874535955435,left
3,25,14,43,2.141217490570696,2.1051709197224806,-0.6435402739341625,0.6165312791977389,2.2840176661669433,left
3,25,15,39,2.1404128565992524,2.1051709197224806,1.2760277018999227,0.8889148310449204,2.175126649099312,left
3,25,16,23,2.134947856571016,2.1139351630326875,-0.1824436247155089,-0.29795982780938773,1.4995025230394623,right
3,25,17,25,2.1322986234549175,2.1051709197224806,-0.29381180077582025,0.2913360671176458,1.0539202757976363,left
3,25,18,29,2.128092752581364,2.1226994063428943,1.1611776609412816,0.10868522927649515,2.143660058921722,left
3,25,19,48,2.127395939819537,2.1051709197224806,-0.09057228485664115,-0.6151152597201764,1.787051798269791,left
3,25,20,12,2.127203129939361,2.1051709197224806,2.4055188039006383,0.9402751838906771,0.025154625146817943,left
3,25,21,37,2.1258631047228382,2.1051709197224806,2.817043231868746,-0.38472917812949986,1.6571754781879175,left
3,25,22,33,2.1256960221042123,2.1051709197224806,0.12470735496078822,-0.4771205981993095,1.755982547909735,left
3,25,23,42,2.121070517055741,2.110706231286822,-0.33684021417410914,0.3926271729958273,0.7607817681589739,right
3,25,24,44,2.110587989628095,2.1051709197224806,0.010007646403166426,0.4251447514265838,1.693073144427823,left
3,25,25,28,2.110568740570155,2.1051709197224806,1.8891445569199918,0.6710756771977224,1.1628580688933787,right
3,25,26,3,2.10756621383586,2.1051709197224806,-0.7317842367547519,0.5835766563401625,0.7229149011331453,left
3,25,27,36,2.104387110982965,2.1051709197224806,1.184645789702551,0.16303258254380382,1.3490628609771311,left
3,25,28,49,2.1039276199541623,2.1051709197224806,2.068721961985289,0.22609502625126732,1.0113642539361787,right
3,25,29,2,2.103925735962363,2.1051709197224806,0.8654665272768374,0.7768071204956111,0.1271492018743628,right
3,25,30,5,2.0996562803277783,2.1051709197224806,-0.8011431483861239,-0.24569744244593889,0.7001827833956047,right
3,25,31,15,2.099033521900965,2.1051709197224806,0.29594905837973284,0.9756770654267273,2.2090124961295916,left
3,25,32,46,2.0976296564975527,2.1051709197224806,0.9230679024922543,0.15432004648250097,1.2189827663031203,left
3,25,33,47,2.097194825610722,2.1051709197224806,-0.9124291063341324,-0.39580333486475017,1.8964892868914531,right
3,25,34,41,2.091947097072246,2.1051709197224806,1.3141957273934821,0.5981307963406042,0.3545449248925023,left
3,25,35,26,2.0899999120021753,2.1051709197224806,1.3668539924200074,-0.4750941297942367,2.136850629069904,right
3,25,36,31,2.0897168372399704,2.1139351630326875,0.42743758676071764,-0.12755085648357156,1.4231706512047588,left
3,25,37,17,2.0862884064403193,2.1051709197224806,-0.8353467949700629,0.7248724883982391,0.7266244902547964,left
3,25,38,9,2.085428216897561,2.1051709197224806,0.8024107582078797,0.7029213472157207,0.8071552812601738,left
3,25,39,18,2.0759503464716986,2.1051709197224806,1.0952381902609831,0.288684816740444,1.692165877111702,left
3,25,40,27,2.0680796489708007,2.1051709197224806,-0.8344948075175354,0.7942271323856316,0.36238501479580637,right
3,25,41,4,2.0607942523726552,2.1051709197224806,1.7998437469935897,0.5629096616180835,0.6715265230245792,right
3,25,42,30,2.060410449385716,2.1051709197224806,0.13905480041411256,0.011503733614852019,2.1873296649144556,right
3,25,43,16,2.0592051625746284,2.111013748595952,2.436803782804696,0.414559566158778,0.4451891483615803,left
3,25,44,35,2.0513557698509817,2.1051709197224806,3.3035395931749765,0.4736505681503689,1.9824727261515251,left
3,25,45,34,2.04794295673525,2.1117441022051358,0.10588116915469481,0.1888263786333264,0.577465197936056,left
3,25,46,40,2.04717209391721,2.112683128274086,3.6375295767699765,0.12234219579466332,2.1163835233968276,left
3,25,47,1,2.0222853570904182,2.1051709197224806,-0.9337155254878412,-0.5344867536295401,0.8219059835368308,left
3,25,48,14,1.9979971348466679,2.1051709197224806,-0.6130823304262369,-0.4775373065302576,0.2441979593874478,right
3,25,49,7,1.9925274072655115,2.1121823143706457,3.0804656588697803,0.7467605265632784,1.5760377523355813,right
3,30,0,39,2.1324870967596166,2.1367221956392246,1.2760277018999227,0.8889148310449204,2.175126649099312,left
3,30,1,24,2.0918180836551006,2.119512408775546,0.45166847906413543,0.6083791261292868,1.517064147496721,right
3,30,2,42,2.0764156301498327,2.121776854415504,-0.33684021417410914,0.3926271729958273,0.7607817681589739,right
3,30,3,15,2.0713301176409784,2.116856577469423,0.29594905837973284,0.9756770654267273,2.2090124961295916,left
3,30,4,35,2.0629382735395945,2.140227892963307,3.3035395931749765,0.4736505681503689,1.9824727261515251,left
3,30,5,11,2.05474433621867,2.1314636496531008,-0.4471457373114337,-0.05996390488685932,0.26821996099626944,left
3,30,6,29,2.0526756388551624,2.1226994063428943,1.1611776609412816,0.10868522927649515,2.143660058921722,left
3,30,7,44,2.0427818494313223,2.1434148905306554,0.010007646403166426,0.4251447514265838,1.693073144427823,left
3,30,8,26,2.028525998812958,2.122699406342894,1.3668539924200074,-0.4750941297942367,2.136850629069904,right
3,30,9,41,2.027123528736501,2.1226994063428943,1.3141957273934821,0.5981307963406042,0.3545449248925023,left
3,30,10,9,2.0249527225927713,2.112683128274086,0.8024107582078797,0.7029213472157207,0.8071552812601738,left
3,30,11,30,2.024634126678446,2.133216498315142,0.13905480041411256,0.011503733614852019,2.1873296649144556,right
3,30,12,38,2.0230367305929238,2.1113574444120387,0.837519639683836,-0.6508517193301213,1.7787608109185924,left
3,30,13,6,2.0205470553570692,2.120195336825692,-0.3457246555591189,-0.38864329827691935,1.8657760233479541,right
3,30,14,43,2.0182703472870376,2.122699406342894,-0.6435402739341625,0.6165312791977389,2.2840176661669433,left
3,30,15,8,2.0161034820140697,2.1051709197224806,1.1283267640968466,0.2044028354177161,0.23906931482459526,right
3,30,16,32,2.01537865186576,2.1051709197224806,1.0661562781732252,0.9590565415686589,1.3767231296592648,left
3,30,17,45,2.010545994244171,2.110706231286822,0.8619322129323757,0.7033877862825293,2.298654625472513,left
3,30,18,21,2.009381520214358,2.1117441022051358,-0.6991438168465971,-0.11336377707844547,0.6349869911884571,left
3,30,19,22,2.009274948901013,2.1051709197224806,2.2656263309923004,-0.2994048754468573,1.90407636131908,right
3,30,20,49,2.007207063142201,2.128542235216365,2.068721961985289,0.22609502625126732,1.0113642539361787,right
3,30,21,36,2.004095796237047,2.1352197539289035,1.184645789702551,0.16303258254380382,1.3490628609771311,left
3,30,22,18,2.0010179101632697,2.1191937090188113,1.0952381902609831,0.288684816740444,1.692165877111702,left
3,30,23,2,1.999160023024761,2.120195336825692,0.8654665272768374,0.7768071204956111,0.1271492018743628,right
3,30,24,23,1.9949017316242257,2.1226994063428943,-0.1824436247155089,-0.29795982780938773,1.4995025230394623,right
3,30,25,4,1.9897790480425528,2.1113574444120387,1.7998437469935897,0.5629096616180835,0.6715265230245792,right
3,30,26,19,1.989018465937598,2.1113574444120387,0.9887886497975011,0.5244144856812578,0.08733371926178997,left
3,30,27,31,1.988592811512409,2.1139351630326875,0.42743758676071764,-0.12755085648357156,1.4231706512047588,left
3,30,28,46,1.9877463951537968,2.119512408775546,0.9230679024922543,0.15432004648250097,1.2189827663031203,left
3,30,29,27,1.987714972254591,2.1121823143706457,-0.8344948075175354,0.7942271323856316,0.36238501479580637,right
3,30,30,13,1.9863090136593353,2.112683128274086,0.6562771211550191,0.249491419866398,1.5242865869524675,right
3,30,31,25,1.9836468171943078,2.1191937090188113,-0.29381180077582025,0.2913360671176458,1.0539202757976363,left
3,30,32,40,1.9801261740503957,2.112683128274086,3.6375295767699765,0.12234219579466332,2.1163835233968276,left
3,30,33,33,1.9761133238549058,2.1156880116947288,0.12470735496078822,-0.4771205981993095,1.755982547909735,left
3,30,34,12,1.9759549081733834,2.124292905126568,2.4055188039006383,0.9402751838906771,0.025154625146817943,left
3,30,35,48,1.9748640936111308,2.113260990470364,-0.09057228485664115,-0.6151152597201764,1.787051798269791,left
3,30,36,5,1.966932679992014,2.110429465708605,-0.8011431483861239,-0.24569744244593889,0.7001827833956047,right
3,30,37,20,1.9607173100272015,2.133216498315142,-0.5895666848148631,0.8575284280070774,0.3584828826611661,right
3,30,38,17,1.9607038406996604,2.111013748595952,-0.8353467949700629,0.7248724883982391,0.7266244902547964,left
3,30,39,47,1.9561333015254458,2.124292905126568,-0.9124291063341324,-0.39580333486475017,1.8964892868914531,right
3,30,40,34,1.9517425011369616,2.118317284687791,0.10588116915469481,0.1888263786333264,0.577465197936056,left
3,30,41,37,1.951389071481212,2.126205103666977,2.817043231868746,-0.38472917812949986,1.6571754781879175,left
3,30,42,14,1.9396226877416134,2.1139351630326875,-0.6130823304262369,-0.4775373065302576,0.2441979593874478,right
3,30,43,1,1.9336158988297063,2.1139351630326875,-0.9337155254878412,-0.5344867536295401,0.8219059835368308,left
3,30,44,10,1.9299734257924595,2.140227892963307,1.6902670528945571,0.33076821074953466,2.1334073794789656,right
3,30,45,0,1.914870735888756,2.117543969101596,1.6284728302822584,-0.06904428180406519,1.9118874535955435,left
3,30,46,3,1.9141713903938196,2.12907340147759,-0.7317842367547519,0.5835766563401625,0.7229149011331453,left
3,30,47,28,1.8883463368808449,2.1051709197224806,1.8891445569199918,0.6710756771977224,1.1628580688933787,right
3,30,48,16,1.8820992189723205,2.116856577469423,2.436803782804696,0.414559566158778,0.4451891483615803,left
3,30,49,7,1.846078657470812,2.1121823143706457,3.0804656588697803,0.7467605265632784,1.5760377523355813,right
4,5,0,6,2.0645952015055,2.1051709197224806,2.3896671378475363,0.5514245708414895,0.7388559480155384,left
4,5,1,48,2.055465097868616,2.1051709197224806,3.553247997065081,0.07054031553873474,1.1226939533182427,right
4,5,2,28,2.0487486472044827,2.1051709197224806,1.6246171701086225,0.7906518670585032,0.46618498610620096,right
4,5,3,10,2.046870096981976,2.1051709197224806,3.1039679569969767,-0.552695997781169,1.9100137977127833,left
4,5,4,40,2.0468014747953873,2.1051709197224806,-0.4968905787638286,-0.4411695308740166,1.3756943836784479,right
4,5,5,7,2.0456723397361687,2.1051709197224806,-0.14817961539841185,-0.5543176506730101,1.253551280128542,left
4,5,6,37,2.0455728828556277,2.1051709197224806,3.3643471276323273,-0.16452353227338967,2.2905100013138795,right
4,5,7,47,2.0454607262757323,2.1051709197224806,2.8214468443519594,0.5254533772484913,0.295115546906199,right
4,5,8,42,2.045147102129391,2.1051709197224806,-0.8851173483255811,0.8866845839009956,0.33079297825822124,right
4,5,9,20,2.044881456629011,2.1051709197224806,3.3634438931795376,0.19567503710457534,0.9929704480196083,right
4,5,10,31,2.044687528643321,2.1051709197224806,-0.4074442169948058,0.016311026255829586,1.045506494921512,left
4,5,11,13,2.043256316703251,2.1051709197224806,1.1934709375433972,-0.5745834313023944,2.276340404693263,left
4,5,12,49,2.042881464569937,2.1051709197224806,1.204607054119656,-0.6402990079203287,1.5595579604699599,left
4,5,13,3,2.042395139174732,2.1051709197224806,0.012612473090099385,0.0036451450596173274,1.8675211072964426,left
4,5,14,17,2.041511108342797,2.1051709197224806,2.789847174064802,-0.27780922219524284,2.2400405068450207,right
4,5,15,9,2.0412656777366505,2.1051709197224806,2.503132170733192,0.9599057644050786,1.3449639541802159,right
4,5,16,0,2.03869466690324,2.1051709197224806,0.7254830646135506,0.07850967770223283,0.9271329261176667,right
4,5,17,15,2.038325320486102,2.1051709197224806,-0.12987365176758325,0.5036176352204795,0.12910750843651633,right
4,5,18,35,2.0381216613896163,2.1051709197224806,0.13916717025635172,-0.02588774032006791,2.1643915966503458,left
4,5,19,33,2.037932861581087,2.1051709197224806,-4.185745165163901e-05,-0.5740454450729484,2.027874178123371,right
4,5,20,21,2.0378888046256725,2.1051709197224806,3.8756130841968988,0.17049529195762714,0.1879847664793545,left
4,5,21,26,2.0378625099888934,2.1051709197224806,0.11583833827397516,0.20599456605867394,0.03769313217027755,left
4,5,22,46,2.037560827669335,2.1051709197224806,-0.7956309134079994,-0.19607614896936476,0.5978468683077661,left
4,5,23,32,2.0370688656682905,2.1051709197224806,-0.21011026430952173,0.08859690576323531,2.0925771005936573,right
4,5,24,22,2.0363244403041083,2.1051709197224806,0.7550410161724517,0.966517479259305,0.5835889146471617,left
4,5,25,23,2.036014877242167,2.1051709197224806,-0.48217436563459526,-0.07920656735289755,0.8844695336258673,left
4,5,26,30,2.0360053636429463,2.1051709197224806,1.4500626013662337,-0.6664412664762237,1.9744747127774782,right
4,5,27,45,2.0357867894061217,2.1051709197224806,2.0170722349636288,0.6858797539982735,1.7193705090239182,right
4,5,28,8,2.035049458019113,2.1051709197224806,-0.6947360460608967,0.44059222638167084,0.020299913849723936,left
4,5,29,41,2.035034263860334,2.1051709197224806,0.28555767328410675,0.3737454252050718,0.12040388782058661,left
4,5,30,25,2.0348783712750302,2.1051709197224806,3.022088945124633,0.8414328112800391,2.1382770550654513,left
4,5,31,38,2.0345007377935485,2.1051709197224806,1.6146259432407515,-0.6937522504446746,1.9955573299431877,left
4,5,32,12,2.033710737103881,2.1051709197224806,2.23349266256679,-0.6275948049343045,2.049622185614882,right
4,5,33,44,2.0335352967672886,2.1051709197224806,2.4015280685072597,0.8113317329277154,1.4367838787476563,right
4,5,34,36,2.033431791643397,2.1051709197224806,1.9538575994212302,-0.11966499050402135,1.9798204357205875,left
4,5,35,43,2.0330795737645024,2.1051709197224806,1.2894259041446396,0.10541082213219,0.44842790711428615,right
4,5,36,18,2.030166152271624,2.1051709197224806,0.9619693989439579,0.6168174327580296,1.9928878397457879,right
4,5,37,24,2.0299288217630913,2.1051709197224806,0.06474633612523517,0.319321084028126,1.5824278842814705,left
4,5,38,34,2.028464917185584,2.1051709197224806,1.3713310022341805,0.8819261694326115,2.204635762926482,left
4,5,39,39,2.0282178543887017,2.1051709197224806,2.573767538969033,0.7977901407847172,1.2754924792608595,right
4,5,40,1,2.025933761217621,2.1051709197224806,3.740131854400868,0.26925569972529884,0.4990084867600682,right
4,5,41,27,2.0246732909632543,2.1051709197224806,2.1405609649646644,0.3544834135446886,1.8430558703541848,right
4,5,42,19,2.024646794598759,2.1051709197224806,0.7758375010967531,0.9348066997159385,1.109972716671104,left
4,5,43,5,2.024155803047988,2.1051709197224806,0.20664760793503678,0.5111711962037522,2.2533065060573803,left
4,5,44,11,2.02329790766663,2.1051709197224806,2.873036794355827,0.9496556241721301,1.3859353929408678,left
4,5,45,16,2.0213687489321543,2.1051709197224806,1.0912702216439878,0.11570972995573081,0.43840322193947373,left
4,5,46,14,2.0185231024527157,2.1051709197224806,1.3857926725649663,0.581886674599817,0.9785760066447174,left
4,5,47,4,2.0182728930402645,2.1051709197224806,0.6300301336488465,0.7233158587871975,2.1843361083118715,left
4,5,48,2,2.0175034780254446,2.1051709197224806,-0.25283047744656306,-0.06331710709817218,1.703326315473352,left
4,5,49,29,2.0168697973620255,2.1051709197224806,0.04551654136901773,0.7092486648712466,1.054363568796927,left
4,10,0,18,2.133122355313847,2.1051709197224806,0.9619693989439579,0.6168174327580296,1.9928878397457879,right
4,10,1,28,2.1272620791939394,2.1051709197224806,1.6246171701086225,0.7906518670585032,0.46618498610620096,right
4,10,2,10,2.123683627387431,2.1051709197224806,3.1039679569969767,-0.552695997781169,1.9100137977127833,left
4,10,3,45,2.122334786001959,2.1051709197224806,2.0170722349636288,0.6858797539982735,1.7193705090239182,right
4,10,4,40,2.1192291864324773,2.1051709197224806,-0.4968905787638286,-0.4411695308740166,1.3756943836784479,right
4,10,5,24,2.1190150776291516,2.1051709197224806,0.06474633612523517,0.319321084028126,1.5824278842814705,left
4,10,6,47,2.1178077720845714,2.1051709197224806,2.8214468443519594,0.5254533772484913,0.295115546906199,right
4,10,7,49,2.1172007346872834,2.1051709197224806,1.204607054119656,-0.6402990079203287,1.5595579604699599,left
4,10,8,12,2.1171808920419526,2.1051709197224806,2.23349266256679,-0.6275948049343045,2.049622185614882,right
4,10,9,38,2.1168747585271745,2.1051709197224806,1.6146259432407515,-0.6937522504446746,1.9955573299431877,left
4,10,10,7,2.116495822756686,2.1051709197224806,-0.14817961539841185,-0.5543176506730101,1.253551280128542,left
4,10,11,39,2.1137114473263794,2.1051709197224806,2.573767538969033,0.7977901407847172,1.2754924792608595,right
4,10,12,43,2.1132097147190816,2.1051709197224806,1.2894259041446396,0.10541082213219,0.44842790711428615,right
4,10,13,8,2.1114198102432598,2.1051709197224806,-0.6947360460608967,0.44059222638167084,0.020299913849723936,left
4,10,14,41,2.1105631756598977,2.1051709197224806,0.28555767328410675,0.3737454252050718,0.12040388782058661,left
4,10,15,27,2.110106001916269,2.1051709197224806,2.1405609649646644,0.3544834135446886,1.8430558703541848,right
4,10,16,31,2.1100220627895956,2.1051709197224806,-0.4074442169948058,0.016311026255829586,1.045506494921512,left
4,10,17,0,2.1095665520559748,2.1051709197224806,0.7254830646135506,0.07850967770223283,0.9271329261176667,right
4,10,18,37,2.1088124451384465,2.1051709197224806,3.3643471276323273,-0.16452353227338967,2.2905100013138795,right
4,10,19,25,2.108552740965952,2.1051709197224806,3.022088945124633,0.8414328112800391,2.1382770550654513,left
4,10,20,44,2.1081217499329448,2.1051709197224806,2.4015280685072597,0.8113317329277154,1.4367838787476563,right
4,10,21,33,2.108089642094612,2.1051709197224806,-4.185745165163901e-05,-0.5740454450729484,2.027874178123371,right
4,10,22,6,2.107834291784878,2.1051709197224806,2.3896671378475363,0.5514245708414895,0.7388559480155384,left
4,10,23,35,2.107363870860184,2.1051709197224806,0.13916717025635172,-0.02588774032006791,2.1643915966503458,left
4,10,24,46,2.1073071599343614,2.1051709197224806,-0.7956309134079994,-0.19607614896936476,0.5978468683077661,left
4,10,25,3,2.1066985393763504,2.1051709197224806,0.012612473090099385,0.0036451450596173274,1.8675211072964426,left
4,10,26,9,2.106555077125608,2.1051709197224806,2.503132170733192,0.9599057644050786,1.3449639541802159,right
4,10,27,34,2.1059242762634396,2.1051709197224806,1.3713310022341805,0.8819261694326115,2.204635762926482,left
4,10,28,16,2.1058723657929006,2.1051709197224806,1.0912702216439878,0.11570972995573081,0.43840322193947373,left
4,10,29,23,2.1057391716928544,2.1051709197224806,-0.48217436563459526,-0.07920656735289755,0.8844695336258673,left
4,10,30,32,2.105551009661995,2.1051709197224806,-0.21011026430952173,0.08859690576323531,2.0925771005936573,right
4,10,31,42,2.1033915421353724,2.1051709197224806,-0.8851173483255811,0.8866845839009956,0.33079297825822124,right
4,10,32,30,2.102739708946112,2.1051709197224806,1.4500626013662337,-0.6664412664762237,1.9744747127774782,right
4,10,33,2,2.1019081906884494,2.1051709197224806,-0.25283047744656306,-0.06331710709817218,1.703326315473352,left
4,10,34,21,2.101867734845335,2.1051709197224806,3.8756130841968988,0.17049529195762714,0.1879847664793545,left
4,10,35,26,2.099587850758367,2.1051709197224806,0.11583833827397516,0.20599456605867394,0.03769313217027755,left
4,10,36,48,2.099559253277574,2.1051709197224806,3.553247997065081,0.07054031553873474,1.1226939533182427,right
4,10,37,14,2.0995061352044937,2.1051709197224806,1.3857926725649663,0.581886674599817,0.9785760066447174,left
4,10,38,1,2.098629002058342,2.1051709197224806,3.740131854400868,0.26925569972529884,0.4990084867600682,right
4,10,39,4,2.098429906702691,2.1051709197224806,0.6300301336488465,0.7233158587871975,2.1843361083118715,left
4,10,40,11,2.0972494674361055,2.1051709197224806,2.873036794355827,0.9496556241721301,1.3859353929408678,left
4,10,41,13,2.097012101503706,2.1051709197224806,1.1934709375433972,-0.5745834313023944,2.276340404693263,left
4,10,42,22,2.096956038882183,2.1051709197224806,0.7550410161724517,0.966517479259305,0.5835889146471617,left
4,10,43,20,2.0968145060677346,2.1051709197224806,3.3634438931795376,0.19567503710457534,0.9929704480196083,right
4,10,44,5,2.0962348645437334,2.1051709197224806,0.20664760793503678,0.5111711962037522,2.2533065060573803,left
4,10,45,19,2.0962049838464836,2.1051709197224806,0.7758375010967531,0.9348066997159385,1.109972716671104,left
4,10,46,15,2.095482951985711,2.1051709197224806,-0.12987365176758325,0.5036176352204795,0.12910750843651633,right
4,10,47,29,2.095424494133506,2.1051709197224806,0.04551654136901773,0.7092486648712466,1.054363568796927,left
4,10,48,36,2.094898300518693,2.1051709197224806,1.9538575994212302,-0.11966499050402135,1.9798204357205875,left
4,10,49,17,2.0938407727609225,2.1051709197224806,2.789847174064802,-0.27780922219524284,2.2400405068450207,right
4,15,0,18,2.5251146579700716,2.1051709197224806,0.9619693989439579,0.6168174327580296,1.9928878397457879,right
4,15,1,0,2.503317308896385,2.1051709197224806,0.7254830646135506,0.07850967770223283,0.9271329261176667,right
4,15,2,28,2.487614341219724,2.1051709197224806,1.6246171701086225,0.7906518670585032,0.46618498610620096,right
4,15,3,2,2.48151140502437,2.1051709197224806,-0.25283047744656306,-0.06331710709817218,1.703326315473352,left
4,15,4,25,2.4783823852327846,2.1051709197224806,3.022088945124633,0.8414328112800391,2.1382770550654513,left
4,15,5,24,2.478064656661634,2.1051709197224806,0.06474633612523517,0.319321084028126,1.5824278842814705,left
4,15,6,38,2.4757739009023183,2.1051709197224806,1.6146259432407515,-0.6937522504446746,1.9955573299431877,left
4,15,7,13,2.471490995980529,2.1051709197224806,1.1934709375433972,-0.5745834313023944,2.276340404693263,left
4,15,8,7,2.4678705538642856,2.1051709197224806,-0.14817961539841185,-0.5543176506730101,1.253551280128542,left
4,15,9,8,2.4646718342393106,2.1051709197224806,-0.6947360460608967,0.44059222638167084,0.020299913849723936,left
4,15,10,49,2.4619932984631943,2.1051709197224806,1.204607054119656,-0.6402990079203287,1.5595579604699599,left
4,15,11,36,2.461624077599737,2.1051709197224806,1.9538575994212302,-0.11966499050402135,1.9798204357205875,left
4,15,12,30,2.460581410640531,2.1051709197224806,1.4500626013662337,-0.6664412664762237,1.9744747127774782,right
4,15,13,46,2.4598025775104446,2.1051709197224806,-0.7956309134079994,-0.19607614896936476,0.5978468683077661,left
4,15,14,42,2.4592655958723872,2.1051709197224806,-0.8851173483255811,0.8866845839009956,0.33079297825822124,right
4,15,15,29,2.4545532824562737,2.1051709197224806,0.04551654136901773,0.7092486648712466,1.054363568796927,left
4,15,16,45,2.4529687916182548,2.1051709197224806,2.0170722349636288,0.6858797539982735,1.7193705090239182,right
4,15,17,44,2.4522883341576907,2.1051709197224806,2.4015280685072597,0.8113317329277154,1.4367838787476563,right
4,15,18,34,2.451569156823936,2.1051709197224806,1.3713310022341805,0.8819261694326115,2.204635762926482,left
4,15,19,23,2.4502340141974623,2.1051709197224806,-0.48217436563459526,-0.07920656735289755,0.8844695336258673,left
4,15,20,5,2.4484075421737113,2.1051709197224806,0.20664760793503678,0.5111711962037522,2.2533065060573803,left
4,15,21,10,2.447532043339475,2.1051709197224806,3.1039679569969767,-0.552695997781169,1.9100137977127833,left
4,15,22,4,2.4466417469735573,2.1051709197224806,0.6300301336488465,0.7233158587871975,2.1843361083118715,left
4,15,23,1,2.446575764881797,2.1051709197224806,3.740131854400868,0.26925569972529884,0.4990084867600682,right
4,15,24,11,2.4441621373,2.1051709197224806,2.873036794355827,0.9496556241721301,1.3859353929408678,left
4,15,25,43,2.442882600643775,2.1051709197224806,1.2894259041446396,0.10541082213219,0.44842790711428615,right
4,15,26,12,2.4385901701086334,2.1051709197224806,2.23349266256679,-0.6275948049343045,2.049622185614882,right
4,15,27,27,2.4379609971152405,2.1051709197224806,2.1405609649646644,0.3544834135446886,1.8430558703541848,right
4,15,28,31,2.437107090244531,2.1051709197224806,-0.4074442169948058,0.016311026255829586,1.045506494921512,left
4,15,29,14,2.4331036262667074,2.1051709197224806,1.3857926725649663,0.581886674599817,0.9785760066447174,left
4,15,30,35,2.431835110889034,2.1051709197224806,0.13916717025635172,-0.02588774032006791,2.1643915966503458,left
4,15,31,17,2.43177524916842,2.1051709197224806,2.789847174064802,-0.27780922219524284,2.2400405068450207,right
4,15,32,41,2.4308922848920385,2.1051709197224806,0.28555767328410675,0.3737454252050718,0.12040388782058661,left
4,15,33,16,2.429145723601656,2.1051709197224806,1.0912702216439878,0.11570972995573081,0.43840322193947373,left
4,15,34,21,2.428919586861296,2.1051709197224806,3.8756130841968988,0.17049529195762714,0.1879847664793545,left
4,15,35,32,2.4277102994374333,2.1051709197224806,-0.21011026430952173,0.08859690576323531,2.0925771005936573,right
4,15,36,22,2.4273026187808138,2.1051709197224806,0.7550410161724517,0.966517479259305,0.5835889146471617,left
4,15,37,3,2.4268920837182386,2.1051709197224806,0.012612473090099385,0.0036451450596173274,1.8675211072964426,left
4,15,38,26,2.423333108045709,2.1051709197224806,0.11583833827397516,0.20599456605867394,0.03769313217027755,left
4,15,39,33,2.4229210839226587,2.1051709197224806,-4.185745165163901e-05,-0.5740454450729484,2.027874178123371,right
4,15,40,9,2.4227465694489667,2.1051709197224806,2.503132170733192,0.9599057644050786,1.3449639541802159,right
4,15,41,40,2.420919896299476,2.1051709197224806,-0.4968905787638286,-0.4411695308740166,1.3756943836784479,right
4,15,42,47,2.416596860634339,2.1051709197224806,2.8214468443519594,0.5254533772484913,0.295115546906199,right
4,15,43,39,2.416425449435099,2.1051709197224806,2.573767538969033,0.7977901407847172,1.2754924792608595,right
4,15,44,15,2.412817500037652,2.1051709197224806,-0.12987365176758325,0.5036176352204795,0.12910750843651633,right
4,15,45,6,2.4112691614114503,2.1051709197224806,2.3896671378475363,0.5514245708414895,0.7388559480155384,left
4,15,46,20,2.3854171826962736,2.1051709197224806,3.3634438931795376,0.19567503710457534,0.9929704480196083,right
4,15,47,37,2.3827164001473897,2.1051709197224806,3.3643471276323273,-0.16452353227338967,2.2905100013138795,right
4,15,48,19,2.369010525251829,2.1051709197224806,0.7758375010967531,0.9348066997159385,1.109972716671104,left
4,15,49,48,2.3661649059810843,2.1051709197224806,3.553247997065081,0.07054031553873474,1.1226939533182427,right
4,20,0,25,3.45229790382356,2.1051709197224806,3.022088945124633,0.8414328112800391,2.1382770550654513,left
4,20,1,11,3.4323360664958624,2.1051709197224806,2.873036794355827,0.9496556241721301,1.3859353929408678,left
4,20,2,10,3.3639652427314344,2.1051709197224806,3.1039679569969767,-0.552695997781169,1.9100137977127833,left
4,20,3,34,3.3292715377860076,2.1051709197224806,1.3713310022341805,0.8819261694326115,2.204635762926482,left
4,20,4,18,3.3081132403779523,2.1051709197224806,0.9619693989439579,0.6168174327580296,1.9928878397457879,right
4,20,5,38,3.2902414695467206,2.1051709197224806,1.6146259432407515,-0.6937522504446746,1.9955573299431877,left
4,20,6,23,3.2651091701563266,2.1051709197224806,-0.48217436563459526,-0.07920656735289755,0.8844695336258673,left
4,20,7,12,3.244595626923739,2.1051709197224806,2.23349266256679,-0.6275948049343045,2.049622185614882,right
4,20,8,13,3.232924764683668,2.1051709197224806,1.1934709375433972,-0.5745834313023944,2.276340404693263,left
4,20,9,37,3.2291919217245866,2.1051709197224806,3.3643471276323273,-0.16452353227338967,2.2905100013138795,right
4,20,10,39,3.223086924388692,2.1051709197224806,2.573767538969033,0.7977901407847172,1.2754924792608595,right
4,20,11,6,3.2209939772712115,2.1051709197224806,2.3896671378475363,0.5514245708414895,0.7388559480155384,left
4,20,12,8,3.2154013894918174,2.1051709197224806,-0.6947360460608967,0.44059222638167084,0.020299913849723936,left
4,20,13,49,3.214586143193894,2.1051709197224806,1.204607054119656,-0.6402990079203287,1.5595579604699599,left
4,20,14,24,3.211849214199897,2.1051709197224806,0.06474633612523517,0.319321084028126,1.5824278842814705,left
4,20,15,47,3.2049020263862324,2.1051709197224806,2.8214468443519594,0.5254533772484913,0.295115546906199,right
4,20,16,16,3.19489161965591,2.1051709197224806,1.0912702216439878,0.11570972995573081,0.43840322193947373,left
4,20,17,46,3.1936327434693306,2.1051709197224806,-0.7956309134079994,-0.19607614896936476,0.5978468683077661,left
4,20,18,45,3.18616751093992,2.1051709197224806,2.0170722349636288,0.6858797539982735,1.7193705090239182,right
4,20,19,2,3.1857393248707067,2.1051709197224806,-0.25283047744656306,-0.06331710709817218,1.703326315473352,left
4,20,20,3,3.1856662197429753,2.1051709197224806,0.012612473090099385,0.0036451450596173274,1.8675211072964426,left
4,20,21,41,3.178007631784137,2.1051709197224806,0.28555767328410675,0.3737454252050718,0.12040388782058661,left
4,20,22,17,3.1758260863260737,2.1051709197224806,2.789847174064802,-0.27780922219524284,2.2400405068450207,right
4,20,23,28,3.1736920315239567,2.1051709197224806,1.6246171701086225,0.7906518670585032,0.46618498610620096,right
4,20,24,19,3.1624358508843136,2.1051709197224806,0.7758375010967531,0.9348066997159385,1.109972716671104,left
4,20,25,33,3.1619639029549114,2.1051709197224806,-4.185745165163901e-05,-0.5740454450729484,2.027874178123371,right
4,20,26,26,3.1548374761838973,2.1051709197224806,0.11583833827397516,0.20599456605867394,0.03769313217027755,left
4,20,27,7,3.151097475873863,2.1051709197224806,-0.14817961539841185,-0.5543176506730101,1.253551280128542,left
4,20,28,44,3.14419724695926,2.1051709197224806,2.4015280685072597,0.8113317329277154,1.4367838787476563,right
4,20,29,32,3.140663260063045,2.1051709197224806,-0.21011026430952173,0.08859690576323531,2.0925771005936573,right
4,20,30,0,3.135015246547261,2.1051709197224806,0.7254830646135506,0.07850967770223283,0.9271329261176667,right
4,20,31,36,3.133340377727035,2.1051709197224806,1.9538575994212302,-0.11966499050402135,1.9798204357205875,left
4,20,32,27,3.129544785202589,2.1051709197224806,2.1405609649646644,0.3544834135446886,1.8430558703541848,right
4,20,33,43,3.1290979956813194,2.1051709197224806,1.2894259041446396,0.10541082213219,0.44842790711428615,right
4,20,34,4,3.1275978991845563,2.1051709197224806,0.6300301336488465,0.7233158587871975,2.1843361083118715,left
4,20,35,1,3.1266921953690847,2.1051709197224806,3.740131854400868,0.26925569972529884,0.4990084867600682,right
4,20,36,5,3.1228181789701477,2.1051709197224806,0.20664760793503678,0.5111711962037522,2.2533065060573803,left
4,20,37,30,3.1216738468521017,2.1051709197224806,1.4500626013662337,-0.6664412664762237,1.9744747127774782,right
4,20,38,22,3.121197078946256,2.1051709197224806,0.7550410161724517,0.966517479259305,0.5835889146471617,left
4,20,39,21,3.116288567601498,2.1051709197224806,3.8756130841968988,0.17049529195762714,0.1879847664793545,left
4,20,40,20,3.1149977181603528,2.1051709197224806,3.3634438931795376,0.19567503710457534,0.9929704480196083,right
4,20,41,31,3.075802517732183,2.1051709197224806,-0.4074442169948058,0.016311026255829586,1.045506494921512,left
4,20,42,15,3.0714704370308494,2.1051709197224806,-0.12987365176758325,0.5036176352204795,0.12910750843651633,right
4,20,43,40,3.0678575661703666,2.1051709197224806,-0.4968905787638286,-0.4411695308740166,1.3756943836784479,right
4,20,44,42,3.0674991044329865,2.1051709197224806,-0.8851173483255811,0.8866845839009956,0.33079297825822124,right
4,20,45,9,3.065072313323104,2.1051709197224806,2.503132170733192,0.9599057644050786,1.3449639541802159,right
4,20,46,14,3.057857548378885,2.1051709197224806,1.3857926725649663,0.581886674599817,0.9785760066447174,left
4,20,47,48,3.057018906585246,2.1051709197224806,3.553247997065081,0.07054031553873474,1.1226939533182427,right
4,20,48,29,3.0201878567994704,2.1051709197224806,0.04551654136901773,0.7092486648712466,1.054363568796927,left
4,20,49,35,3.0201878567994704,2.1051709197224806,0.13916717025635172,-0.02588774032006791,2.1643915966503458,left
4,25,0,25,3.1090880199706694,2.1051709197224806,3.022088945124633,0.8414328112800391,2.1382770550654513,left
4,25,1,40,3.105876648858059,2.1051709197224806,-0.4968905787638286,-0.4411695308740166,1.3756943836784479,right
4,25,2,28,3.105241377332118,2.1051709197224806,1.6246171701086225,0.7906518670585032,0.46618498610620096,right
4,25,3,18,3.1029439788401465,2.1051709197224806,0.9619693989439579,0.6168174327580296,1.9928878397457879,right
4,25,4,10,3.101408668938286,2.1051709197224806,3.1039679569969767,-0.552695997781169,1.9100137977127833,left
4,25,5,45,3.093692937684647,2.1051709197224806,2.0170722349636288,0.6858797539982735,1.7193705090239182,right
4,25,6,46,3.062174060976807,2.1051709197224806,-0.7956309134079994,-0.19607614896936476,0.5978468683077661,left
4,25,7,43,3.0594622287554567,2.1051709197224806,1.2894259041446396,0.10541082213219,0.44842790711428615,right
4,25,8,38,3.051408879064369,2.1051709197224806,1.6146259432407515,-0.6937522504446746,1.9955573299431877,left
4,25,9,30,3.0476065977617384,2.1051709197224806,1.4500626013662337,-0.6664412664762237,1.9744747127774782,right
4,25,10,5,3.031955523049084,2.1051709197224806,0.20664760793503678,0.5111711962037522,2.2533065060573803,left
4,25,11,35,3.0279855417842203,2.1051709197224806,0.13916717025635172,-0.02588774032006791,2.1643915966503458,left
4,25,12,8,3.0257845939893055,2.1051709197224806,-0.6947360460608967,0.44059222638167084,0.020299913849723936,left
4,25,13,31,3.0252301410119236,2.1051709197224806,-0.4074442169948058,0.016311026255829586,1.045506494921512,left
4,25,14,2,3.020668724075571,2.1051709197224806,-0.25283047744656306,-0.06331710709817218,1.703326315473352,left
4,25,15,13,3.020101518243044,2.1051709197224806,1.1934709375433972,-0.5745834313023944,2.276340404693263,left
4,25,16,47,3.0167445912960233,2.1051709197224806,2.8214468443519594,0.5254533772484913,0.295115546906199,right
4,25,17,33,3.0157493440444827,2.1051709197224806,-4.185745165163901e-05,-0.5740454450729484,2.027874178123371,right
4,25,18,0,3.0143994750877434,2.1051709197224806,0.7254830646135506,0.07850967770223283,0.9271329261176667,right
4,25,19,32,2.9904213229250467,2.1051709197224806,-0.21011026430952173,0.08859690576323531,2.0925771005936573,right
4,25,20,41,2.9902270331401617,2.1051709197224806,0.28555767328410675,0.3737454252050718,0.12040388782058661,left
4,25,21,34,2.985394615094539,2.1051709197224806,1.3713310022341805,0.8819261694326115,2.204635762926482,left
4,25,22,36,2.9700257670575985,2.1051709197224806,1.9538575994212302,-0.11966499050402135,1.9798204357205875,left
4,25,23,29,2.957592705824095,2.1051709197224806,0.04551654136901773,0.7092486648712466,1.054363568796927,left
4,25,24,7,2.957186363983168,2.1051709197224806,-0.14817961539841185,-0.5543176506730101,1.253551280128542,left
4,25,25,4,2.9570849602745097,2.1051709197224806,0.6300301336488465,0.7233158587871975,2.1843361083118715,left
4,25,26,11,2.952942369251608,2.1051709197224806,2.873036794355827,0.9496556241721301,1.3859353929408678,left
4,25,27,1,2.9524276694959646,2.1051709197224806,3.740131854400868,0.26925569972529884,0.4990084867600682,right
4,25,28,3,2.9504849546911593,2.1051709197224806,0.012612473090099385,0.0036451450596173274,1.8675211072964426,left
4,25,29,17,2.950156317358836,2.1051709197224806,2.789847174064802,-0.27780922219524284,2.2400405068450207,right
4,25,30,15,2.9487150990455255,2.1051709197224806,-0.12987365176758325,0.5036176352204795,0.12910750843651633,right
4,25,31,22,2.941592839096674,2.1051709197224806,0.7550410161724517,0.966517479259305,0.5835889146471617,left
4,25,32,12,2.933975364263115,2.1051709197224806,2.23349266256679,-0.6275948049343045,2.049622185614882,right
4,25,33,20,2.9307647793669087,2.1051709197224806,3.3634438931795376,0.19567503710457534,0.9929704480196083,right
4,25,34,6,2.9294555799522843,2.1051709197224806,2.3896671378475363,0.5514245708414895,0.7388559480155384,left
4,25,35,16,2.928556435333742,2.1051709197224806,1.0912702216439878,0.11570972995573081,0.43840322193947373,left
4,25,36,9,2.9281725835446046,2.1051709197224806,2.503132170733192,0.9599057644050786,1.3449639541802159,right
4,25,37,26,2.9255773478087255,2.1051709197224806,0.11583833827397516,0.20599456605867394,0.03769313217027755,left
4,25,38,27,2.922306261862582,2.1051709197224806,2.1405609649646644,0.3544834135446886,1.8430558703541848,right
4,25,39,44,2.9219821013614062,2.1051709197224806,2.4015280685072597,0.8113317329277154,1.4367838787476563,right
4,25,40,24,2.917978766646302,2.1051709197224806,0.06474633612523517,0.319321084028126,1.5824278842814705,left
4,25,41,49,2.9036629135849195,2.1051709197224806,1.204607054119656,-0.6402990079203287,1.5595579604699599,left
4,25,42,37,2.9036026689008763,2.1051709197224806,3.3643471276323273,-0.16452353227338967,2.2905100013138795,right
4,25,43,39,2.8881777525171355,2.1051709197224806,2.573767538969033,0.7977901407847172,1.2754924792608595,right
4,25,44,23,2.871337559426567,2.1051709197224806,-0.48217436563459526,-0.07920656735289755,0.8844695336258673,left
4,25,45,48,2.8711479363462775,2.1051709197224806,3.553247997065081,0.07054031553873474,1.1226939533182427,right
4,25,46,42,2.851342738989801,2.1051709197224806,-0.8851173483255811,0.8866845839009956,0.33079297825822124,right
4,25,47,21,2.828494983120227,2.1051709197224806,3.8756130841968988,0.17049529195762714,0.1879847664793545,left
4,25,48,19,2.8262954438683265,2.1051709197224806,0.7758375010967531,0.9348066997159385,1.109972716671104,left
4,25,49,14,2.8008588508557777,2.1051709197224806,1.3857926725649663,0.581886674599817,0.9785760066447174,left
4,30,0,28,2.74127592181536,2.1051709197224806,1.6246171701086225,0.7906518670585032,0.46618498610620096,right
4,30,1,13,2.698025306491725,2.1051709197224806,1.1934709375433972,-0.5745834313023944,2.276340404693263,left
4,30,2,17,2.6765282554958905,2.116856577469423,2.789847174064802,-0.27780922219524284,2.2400405068450207,right
4,30,3,10,2.665832880101358,2.1226994063428943,3.1039679569969767,-0.552695997781169,1.9100137977127833,left
4,30,4,23,2.6657400614796276,2.1226994063428943,-0.48217436563459526,-0.07920656735289755,0.8844695336258673,left
4,30,5,46,2.661880300808966,2.1147319124245243,-0.7956309134079994,-0.19607614896936476,0.5978468683077661,left
4,30,6,5,2.661607875505814,2.1156880116947288,0.20664760793503678,0.5111711962037522,2.2533065060573803,left
4,30,7,25,2.659519633146962,2.1121823143706457,3.022088945124633,0.8414328112800391,2.1382770550654513,left
4,30,8,44,2.6591836343382105,2.1434148905306554,2.4015280685072597,0.8113317329277154,1.4367838787476563,right
4,30,9,35,2.654745617254559,2.1226994063428943,0.13916717025635172,-0.02588774032006791,2.1643915966503458,left
4,30,10,29,2.6481048799910365,2.1226994063428943,0.04551654136901773,0.7092486648712466,1.054363568796927,left
4,30,11,34,2.644715167471782,2.1248904671704456,1.3713310022341805,0.8819261694326115,2.204635762926482,left
4,30,12,3,2.640129799729559,2.1099514160735025,0.012612473090099385,0.0036451450596173274,1.8675211072964426,left
4,30,13,12,2.635957903886255,2.1051709197224806,2.23349266256679,-0.6275948049343045,2.049622185614882,right
4,30,14,4,2.6349710958248007,2.117543969101596,0.6300301336488465,0.7233158587871975,2.1843361083118715,left
4,30,15,39,2.634692148578046,2.1051709197224806,2.573767538969033,0.7977901407847172,1.2754924792608595,right
4,30,16,40,2.628057283696071,2.1051709197224806,-0.4968905787638286,-0.4411695308740166,1.3756943836784479,right
4,30,17,22,2.6280288176712654,2.120195336825692,0.7550410161724517,0.966517479259305,0.5835889146471617,left
4,30,18,18,2.625928302012288,2.1191937090188113,0.9619693989439579,0.6168174327580296,1.9928878397457879,right
4,30,19,26,2.625175800962732,2.1051709197224806,0.11583833827397516,0.20599456605867394,0.03769313217027755,left
4,30,20,49,2.6238319740449425,2.111013748595952,1.204607054119656,-0.6402990079203287,1.5595579604699599,left
4,30,21,16,2.622570481236454,2.111013748595952,1.0912702216439878,0.11570972995573081,0.43840322193947373,left
4,30,22,9,2.6224808712300463,2.120195336825692,2.503132170733192,0.9599057644050786,1.3449639541802159,right
4,30,23,48,2.616999163784514,2.113260990470364,3.553247997065081,0.07054031553873474,1.1226939533182427,right
4,30,24,41,2.6148360581658237,2.1139351630326875,0.28555767328410675,0.3737454252050718,0.12040388782058661,left
4,30,25,33,2.614230073832654,2.1156880116947288,-4.185745165163901e-05,-0.5740454450729484,2.027874178123371,right
4,30,26,1,2.6141174103998623,2.1226994063428943,3.740131854400868,0.26925569972529884,0.4990084867600682,right
4,30,27,19,2.608627045834923,2.1113574444120387,0.7758375010967531,0.9348066997159385,1.109972716671104,left
4,30,28,2,2.605515990001157,2.120195336825692,-0.25283047744656306,-0.06331710709817218,1.703326315473352,left
4,30,29,15,2.6030450873551767,2.116856577469423,-0.12987365176758325,0.5036176352204795,0.12910750843651633,right
4,30,30,6,2.600553435897899,2.112683128274086,2.3896671378475363,0.5514245708414895,0.7388559480155384,left
4,30,31,7,2.5903197844319736,2.1121823143706457,-0.14817961539841185,-0.5543176506730101,1.253551280128542,left
4,30,32,8,2.5898040360616608,2.1051709197224806,-0.6947360460608967,0.44059222638167084,0.020299913849723936,left
4,30,33,42,2.5882986753002624,2.110706231286822,-0.8851173483255811,0.8866845839009956,0.33079297825822124,right
4,30,34,30,2.5872499871732155,2.1051709197224806,1.4500626013662337,-0.6664412664762237,1.9744747127774782,right
4,30,35,0,2.5869975021094778,2.1051709197224806,0.7254830646135506,0.07850967770223283,0.9271329261176667,right
4,30,36,20,2.586980199769222,2.1051709197224806,3.3634438931795376,0.19567503710457534,0.9929704480196083,right
4,30,37,24,2.5842927004960696,2.1147319124245243,0.06474633612523517,0.319321084028126,1.5824278842814705,left
4,30,38,38,2.584138618975797,2.1113574444120387,1.6146259432407515,-0.6937522504446746,1.9955573299431877,left
4,30,39,11,2.582848391108166,2.1117441022051358,2.873036794355827,0.9496556241721301,1.3859353929408678,left
4,30,40,31,2.5821655751061305,2.1051709197224806,-0.4074442169948058,0.016311026255829586,1.045506494921512,left
4,30,41,47,2.5816007089238444,2.1147319124245243,2.8214468443519594,0.5254533772484913,0.295115546906199,right
4,30,42,43,2.5772344289837865,2.111013748595952,1.2894259041446396,0.10541082213219,0.44842790711428615,right
4,30,43,32,2.5725368643154276,2.1051709197224806,-0.21011026430952173,0.08859690576323531,2.0925771005936573,right
4,30,44,27,2.5590363408351338,2.1121823143706457,2.1405609649646644,0.3544834135446886,1.8430558703541848,right
4,30,45,36,2.5576459578481208,2.1051709197224806,1.9538575994212302,-0.11966499050402135,1.9798204357205875,left
4,30,46,21,2.55397744391942,2.1117441022051358,3.8756130841968988,0.17049529195762714,0.1879847664793545,left
4,30,47,45,2.5455979011393826,2.110706231286822,2.0170722349636288,0.6858797539982735,1.7193705090239182,right
4,30,48,14,2.5350915514205816,2.1226994063428943,1.3857926725649663,0.581886674599817,0.9785760066447174,left
4,30,49,37,2.497576822283733,2.1156880116947288,3.3643471276323273,-0.16452353227338967,2.2905100013138795,right
5,5,0,40,2.061844769694655,2.1051709197224806,2.815981772581157,0.39823274590517155,1.3165473304416053,left
5,5,1,13,2.041771137345348,2.1051709197224806,3.478972744787189,-0.418470497286779,1.7657310382014222,right
5,5,2,35,2.0397625632246266,2.1051709197224806,1.1374106693760355,0.4864664989898133,0.3363537921959693,left
5,5,3,32,2.0388296710968903,2.1051709197224806,1.2051753485444325,0.7619663205478671,1.9820644904928155,right
5,5,4,31,2.0370184911047895,2.1051709197224806,1.3658920896522329,0.2628662856374393,0.05049183029833821,right
5,5,5,12,2.036783563253374,2.1051709197224806,1.7250051956851715,0.011437408392659276,1.7500293024963183,left
5,5,6,4,2.0367150970717223,2.1051709197224806,3.195598950753557,0.9231588929724663,0.12165556008603932,left
5,5,7,24,2.0364834917456482,2.1051709197224806,2.004593289830358,0.01634848480892037,1.4943313509732248,left
5,5,8,42,2.035608740309612,2.1051709197224806,3.464742902841885,0.9896048057639855,0.35809088285459245,left
5,5,9,5,2.034514422805999,2.1051709197224806,-0.008728508660651113,-0.43622510717316243,0.627112065197819,left
5,5,10,9,2.0337606525898444,2.1051709197224806,0.4081737694854801,0.708244320333498,1.176473972543471,right
5,5,11,3,2.033275644339113,2.1051709197224806,-0.8163122660155072,0.34817866298402356,1.1790623504774753,left
5,5,12,16,2.0331826841391223,2.1051709197224806,-0.353978858922416,-0.21043214112186664,0.6690560976456364,left
5,5,13,14,2.0330884316123115,2.1051709197224806,-0.12002688267485595,-0.4723409041090914,1.026244943181603,left
5,5,14,1,2.03296333574902,2.1051709197224806,1.7029096563014239,0.9079689121416523,0.9463511528656061,right
5,5,15,36,2.0326208907189667,2.1051709197224806,-0.471270806012132,-0.04765565559953178,0.5438215346652971,right
5,5,16,23,2.0324779259824184,2.1051709197224806,1.1590344218161532,0.8585008953399837,1.5415429367592222,right
5,5,17,27,2.0306026099294385,2.1051709197224806,1.5013795354811021,0.2984652573788832,2.0830054216777927,left
5,5,18,28,2.0301978246219585,2.1051709197224806,-0.18086588615097954,0.4350353996764955,1.3979518709796759,left
5,5,19,7,2.0301889953112733,2.1051709197224806,3.76040828152838,0.9236557280279782,1.9933295400384374,right
5,5,20,29,2.030157036454888,2.1051709197224806,-0.7257033318652891,-0.5768597950914256,1.846332766429133,left
5,5,21,33,2.0297128967026605,2.1051709197224806,1.8852327047987014,0.43621521903771887,1.9096185264138794,left
5,5,22,8,2.0296789996599998,2.1051709197224806,-0.2880231169292815,-0.2927163248507375,1.5502061574625376,right
5,5,23,0,2.0293600919604966,2.1051709197224806,-0.5778805814306778,0.18200115088275115,1.4012404726517373,right
5,5,24,48,2.029184770656377,2.1051709197224806,2.1350345005357245,0.7097955671543703,1.9455678774485776,left
5,5,25,41,2.029002919328303,2.1051709197224806,1.4887961864888708,-0.41123107590805197,2.1884875167139475,left
5,5,26,22,2.0283903613380048,2.1051709197224806,0.6072054473140429,0.5127890174930767,1.6005672125855253,right
5,5,27,18,2.0279233036057818,2.1051709197224806,-0.552819067187806,-0.5565743933137227,1.2025597147886542,left
5,5,28,38,2.0269628367558097,2.1051709197224806,-0.2802505938479779,0.43893128992528996,0.9646897634899849,left
5,5,29,2,2.0257127368397168,2.1051709197224806,3.36673554773067,0.023608735813464787,2.2996080029140793,right
5,5,30,26,2.025275330640185,2.1051709197224806,0.09311498992837652,0.03330062207262796,0.015714739081922988,left
5,5,31,20,2.02439636818432,2.1051709197224806,3.6086320541090595,0.6282095207841045,2.1602354537182777,left
5,5,32,25,2.0243633476522866,2.1051709197224806,-0.4609410619518325,-0.13165929166945722,1.7103529533657043,left
5,5,33,34,2.0239146342660472,2.1051709197224806,3.1168199208924836,0.14628558957044568,1.9318369940556253,right
5,5,34,17,2.0236595249788625,2.1051709197224806,0.7299973088165332,0.6872501727323304,0.9421266030114657,right
5,5,35,47,2.0229412885634064,2.1051709197224806,-0.014173949429357124,0.9991296847129674,2.0078739736760083,right
5,5,36,49,2.022838853290133,2.1051709197224806,-0.3425641477791954,-0.5489601790574368,1.652210655446101,left
5,5,37,15,2.022705241603054,2.1051709197224806,3.6455668786865374,0.9916435837348674,0.014991651627893099,right
5,5,38,46,2.02256894131025,2.1051709197224806,1.6893246335004455,0.8211966908072834,1.8145017054024684,left
5,5,39,44,2.0213625048158494,2.1051709197224806,-0.01725606633821286,0.09944271807377114,2.0257736025043105,right
5,5,40,45,2.0209805782000094,2.1051709197224806,1.1641505291795364,0.7415528383548897,0.8154152237187032,right
5,5,41,21,2.0198653860179,2.1051709197224806,-0.13779115906121597,0.42327502606767586,1.6260915653026318,right
5,5,42,19,2.0197664519727137,2.1051709197224806,1.8909231846440466,0.6896169244872739,1.3048920114811617,right
5,5,43,30,2.0195918061648697,2.1051709197224806,0.5121610419828575,-0.6537112518533192,1.7442916633998544,right
5,5,44,11,2.0193240351902717,2.1051709197224806,0.22605272838570656,0.6366787512340464,0.7764833402032008,right
5,5,45,39,2.01794974589086,2.1051709197224806,1.5823842817881522,0.7992982052337425,0.8246107872893353,right
5,5,46,10,2.01685415212211,2.1051709197224806,-0.1249998643951552,0.7855714935313898,2.062696715924923,left
5,5,47,43,2.01591464326109,2.1051709197224806,-0.8947299960963375,0.2666119867778288,2.1239287341310784,left
5,5,48,6,2.013500542034925,2.1051709197224806,0.8449120173705291,0.16681408026370903,0.45959631492598235,right
5,5,49,37,2.012721397930326,2.1051709197224806,1.2815100068663647,0.3023081177354414,0.41719680777937657,right
5,10,0,40,2.1418411269887754,2.1051709197224806,2.815981772581157,0.39823274590517155,1.3165473304416053,left
5,10,1,20,2.1413156510815816,2.1051709197224806,3.6086320541090595,0.6282095207841045,2.1602354537182777,left
5,10,2,14,2.139536299366977,2.1051709197224806,-0.12002688267485595,-0.4723409041090914,1.026244943181603,left
5,10,3,35,2.134185529706606,2.1051709197224806,1.1374106693760355,0.4864664989898133,0.3363537921959693,left
5,10,4,13,2.132793516722626,2.1051709197224806,3.478972744787189,-0.418470497286779,1.7657310382014222,right
5,10,5,36,2.1325393895035742,2.1051709197224806,-0.471270806012132,-0.04765565559953178,0.5438215346652971,right
5,10,6,16,2.1297534454529217,2.1051709197224806,-0.353978858922416,-0.21043214112186664,0.6690560976456364,left
5,10,7,37,2.127884222969075,2.1051709197224806,1.2815100068663647,0.3023081177354414,0.41719680777937657,right
5,10,8,9,2.127401331802295,2.1051709197224806,0.4081737694854801,0.708244320333498,1.176473972543471,right
5,10,9,7,2.1266848218984165,2.1051709197224806,3.76040828152838,0.9236557280279782,1.9933295400384374,right
5,10,10,38,2.1263862349641065,2.1051709197224806,-0.2802505938479779,0.43893128992528996,0.9646897634899849,left
5,10,11,4,2.1257379918792854,2.1051709197224806,3.195598950753557,0.9231588929724663,0.12165556008603932,left
5,10,12,27,2.1247916453332722,2.1051709197224806,1.5013795354811021,0.2984652573788832,2.0830054216777927,left
5,10,13,5,2.124534088463755,2.1051709197224806,-0.008728508660651113,-0.43622510717316243,0.627112065197819,left
5,10,14,48,2.1243650161954872,2.1051709197224806,2.1350345005357245,0.7097955671543703,1.9455678774485776,left
5,10,15,39,2.1241012252983578,2.1051709197224806,1.5823842817881522,0.7992982052337425,0.8246107872893353,right
5,10,16,26,2.1239425921513675,2.1051709197224806,0.09311498992837652,0.03330062207262796,0.015714739081922988,left
5,10,17,22,2.1228921097941242,2.1051709197224806,0.6072054473140429,0.5127890174930767,1.6005672125855253,right
5,10,18,3,2.122435200122511,2.1051709197224806,-0.8163122660155072,0.34817866298402356,1.1790623504774753,left
5,10,19,49,2.1222179109880313,2.1051709197224806,-0.3425641477791954,-0.5489601790574368,1.652210655446101,left
5,10,20,12,2.1215976919496606,2.1051709197224806,1.7250051956851715,0.011437408392659276,1.7500293024963183,left
5,10,21,42,2.1213360020551715,2.1051709197224806,3.464742902841885,0.9896048057639855,0.35809088285459245,left
5,10,22,34,2.12070484439489,2.1051709197224806,3.1168199208924836,0.14628558957044568,1.9318369940556253,right
5,10,23,33,2.1206281553868025,2.1051709197224806,1.8852327047987014,0.43621521903771887,1.9096185264138794,left
5,10,24,44,2.1205157352629604,2.1051709197224806,-0.01725606633821286,0.09944271807377114,2.0257736025043105,right
5,10,25,31,2.1204861701748117,2.1051709197224806,1.3658920896522329,0.2628662856374393,0.05049183029833821,right
5,10,26,0,2.120411053833859,2.1051709197224806,-0.5778805814306778,0.18200115088275115,1.4012404726517373,right
5,10,27,29,2.120204979051508,2.1051709197224806,-0.7257033318652891,-0.5768597950914256,1.846332766429133,left
5,10,28,21,2.1200782432803695,2.1051709197224806,-0.13779115906121597,0.42327502606767586,1.6260915653026318,right
5,10,29,46,2.1200378407373357,2.1051709197224806,1.6893246335004455,0.8211966908072834,1.8145017054024684,left
5,10,30,24,2.119672130899763,2.1051709197224806,2.004593289830358,0.01634848480892037,1.4943313509732248,left
5,10,31,47,2.1189134413331314,2.1051709197224806,-0.014173949429357124,0.9991296847129674,2.0078739736760083,right
5,10,32,11,2.1178566210250516,2.1051709197224806,0.22605272838570656,0.6366787512340464,0.7764833402032008,right
5,10,33,32,2.1176993441650307,2.1051709197224806,1.2051753485444325,0.7619663205478671,1.9820644904928155,right
5,10,34,18,2.117650353521041,2.1051709197224806,-0.552819067187806,-0.5565743933137227,1.2025597147886542,left
5,10,35,41,2.1160858454406157,2.1051709197224806,1.4887961864888708,-0.41123107590805197,2.1884875167139475,left
5,10,36,28,2.1151607357044826,2.1051709197224806,-0.18086588615097954,0.4350353996764955,1.3979518709796759,left
5,10,37,2,2.1142456381546064,2.1051709197224806,3.36673554773067,0.023608735813464787,2.2996080029140793,right
5,10,38,25,2.114209385318061,2.1051709197224806,-0.4609410619518325,-0.13165929166945722,1.7103529533657043,left
5,10,39,45,2.1129940818602932,2.1051709197224806,1.1641505291795364,0.7415528383548897,0.8154152237187032,right
5,10,40,1,2.1124598829578805,2.1051709197224806,1.7029096563014239,0.9079689121416523,0.9463511528656061,right
5,10,41,19,2.1120576747664974,2.1051709197224806,1.8909231846440466,0.6896169244872739,1.3048920114811617,right
5,10,42,30,2.111852206463095,2.1051709197224806,0.5121610419828575,-0.6537112518533192,1.7442916633998544,right
5,10,43,10,2.1108631035338354,2.1051709197224806,-0.1249998643951552,0.7855714935313898,2.062696715924923,left
5,10,44,6,2.1089672802478816,2.1051709197224806,0.8449120173705291,0.16681408026370903,0.45959631492598235,right
5,10,45,8,2.1047734978526504,2.1051709197224806,-0.2880231169292815,-0.2927163248507375,1.5502061574625376,right
5,10,46,23,2.1041298145142866,2.1051709197224806,1.1590344218161532,0.8585008953399837,1.5415429367592222,right
5,10,47,15,2.102965401039839,2.1051709197224806,3.6455668786865374,0.9916435837348674,0.014991651627893099,right
5,10,48,43,2.1028196238679353,2.1051709197224806,-0.8947299960963375,0.2666119867778288,2.1239287341310784,left
5,10,49,17,2.1021188925199024,2.1051709197224806,0.7299973088165332,0.6872501727323304,0.9421266030114657,right
5,15,0,10,3.3006553484875933,2.1051709197224806,-0.1249998643951552,0.7855714935313898,2.062696715924923,left
5,15,1,35,3.254942272831232,2.1051709197224806,1.1374106693760355,0.4864664989898133,0.3363537921959693,left
5,15,2,21,3.2435223089886294,2.1051709197224806,-0.13779115906121597,0.42327502606767586,1.6260915653026318,right
5,15,3,33,3.2177522328590573,2.1051709197224806,1.8852327047987014,0.43621521903771887,1.9096185264138794,left
5,15,4,46,3.2041024818092296,2.1051709197224806,1.6893246335004455,0.8211966908072834,1.8145017054024684,left
5,15,5,36,3.185951145599573,2.1051709197224806,-0.471270806012132,-0.04765565559953178,0.5438215346652971,right
5,15,6,40,3.1856112642618335,2.1051709197224806,2.815981772581157,0.39823274590517155,1.3165473304416053,left
5,15,7,25,3.182649724156507,2.1051709197224806,-0.4609410619518325,-0.13165929166945722,1.7103529533657043,left
5,15,8,6,3.179344432099918,2.1051709197224806,0.8449120173705291,0.16681408026370903,0.45959631492598235,right
5,15,9,44,3.1760425740838762,2.1051709197224806,-0.01725606633821286,0.09944271807377114,2.0257736025043105,right
5,15,10,28,3.1727264210134085,2.1051709197224806,-0.18086588615097954,0.4350353996764955,1.3979518709796759,left
5,15,11,37,3.166836244261291,2.1051709197224806,1.2815100068663647,0.3023081177354414,0.41719680777937657,right
5,15,12,47,3.1634276311090836,2.1051709197224806,-0.014173949429357124,0.9991296847129674,2.0078739736760083,right
5,15,13,30,3.157065580351458,2.1051709197224806,0.5121610419828575,-0.6537112518533192,1.7442916633998544,right
5,15,14,3,3.1525523910576094,2.1051709197224806,-0.8163122660155072,0.34817866298402356,1.1790623504774753,left
5,15,15,48,3.1496323213549062,2.1051709197224806,2.1350345005357245,0.7097955671543703,1.9455678774485776,left
5,15,16,26,3.1415151041461744,2.1051709197224806,0.09311498992837652,0.03330062207262796,0.015714739081922988,left
5,15,17,31,3.139735128307632,2.1051709197224806,1.3658920896522329,0.2628662856374393,0.05049183029833821,right
5,15,18,18,3.1301243366067646,2.1051709197224806,-0.552819067187806,-0.5565743933137227,1.2025597147886542,left
5,15,19,22,3.118486109265632,2.1051709197224806,0.6072054473140429,0.5127890174930767,1.6005672125855253,right
5,15,20,0,3.111505648586345,2.1051709197224806,-0.5778805814306778,0.18200115088275115,1.4012404726517373,right
5,15,21,43,3.1107221321671896,2.1051709197224806,-0.8947299960963375,0.2666119867778288,2.1239287341310784,left
5,15,22,4,3.1106376876367463,2.1051709197224806,3.195598950753557,0.9231588929724663,0.12165556008603932,left
5,15,23,49,3.1006158777625776,2.1051709197224806,-0.3425641477791954,-0.5489601790574368,1.652210655446101,left
5,15,24,23,3.0994068654912006,2.1051709197224806,1.1590344218161532,0.8585008953399837,1.5415429367592222,right
5,15,25,16,3.095538407630922,2.1051709197224806,-0.353978858922416,-0.21043214112186664,0.6690560976456364,left
5,15,26,17,3.0763682859682895,2.1051709197224806,0.7299973088165332,0.6872501727323304,0.9421266030114657,right
5,15,27,8,3.073789275150352,2.1051709197224806,-0.2880231169292815,-0.2927163248507375,1.5502061574625376,right
5,15,28,41,3.071656172717909,2.1051709197224806,1.4887961864888708,-0.41123107590805197,2.1884875167139475,left
5,15,29,42,3.068291202816601,2.1051709197224806,3.464742902841885,0.9896048057639855,0.35809088285459245,left
5,15,30,24,3.059928599755835,2.1051709197224806,2.004593289830358,0.01634848480892037,1.4943313509732248,left
5,15,31,9,3.057112594564181,2.1051709197224806,0.4081737694854801,0.708244320333498,1.176473972543471,right
5,15,32,27,3.052477764881625,2.1051709197224806,1.5013795354811021,0.2984652573788832,2.0830054216777927,left
5,15,33,15,3.0402150369036045,2.1051709197224806,3.6455668786865374,0.9916435837348674,0.014991651627893099,right
5,15,34,11,3.0376498332461908,2.1051709197224806,0.22605272838570656,0.6366787512340464,0.7764833402032008,right
5,15,35,12,3.029367572845751,2.1051709197224806,1.7250051956851715,0.011437408392659276,1.7500293024963183,left
5,15,36,39,3.027419867015789,2.1051709197224806,1.5823842817881522,0.7992982052337425,0.8246107872893353,right
5,15,37,20,3.0262911097343697,2.1051709197224806,3.6086320541090595,0.6282095207841045,2.1602354537182777,left
5,15,38,34,3.0247735071550697,2.1051709197224806,3.1168199208924836,0.14628558957044568,1.9318369940556253,right
5,15,39,2,3.023783066365101,2.1051709197224806,3.36673554773067,0.023608735813464787,2.2996080029140793,right
5,15,40,19,3.021800665768838,2.1051709197224806,1.8909231846440466,0.6896169244872739,1.3048920114811617,right
5,15,41,1,3.0216299720074504,2.1051709197224806,1.7029096563014239,0.9079689121416523,0.9463511528656061,right
5,15,42,5,3.0160399950525547,2.1051709197224806,-0.008728508660651113,-0.43622510717316243,0.627112065197819,left
5,15,43,14,3.014892650406888,2.1051709197224806,-0.12002688267485595,-0.4723409041090914,1.026244943181603,left
5,15,44,7,3.0126776617654265,2.1051709197224806,3.76040828152838,0.9236557280279782,1.9933295400384374,right
5,15,45,45,3.009197425951959,2.1051709197224806,1.1641505291795364,0.7415528383548897,0.8154152237187032,right
5,15,46,29,2.9895127674145066,2.1051709197224806,-0.7257033318652891,-0.5768597950914256,1.846332766429133,left
5,15,47,32,2.9708277170875466,2.1051709197224806,1.2051753485444325,0.7619663205478671,1.9820644904928155,right
5,15,48,13,2.968909348234013,2.1051709197224806,3.478972744787189,-0.418470497286779,1.7657310382014222,right
5,15,49,38,2.9608959489753115,2.1051709197224806,-0.2802505938479779,0.43893128992528996,0.9646897634899849,left
5,20,0,46,2.402484462764164,2.1051709197224806,1.6893246335004455,0.8211966908072834,1.8145017054024684,left
5,20,1,6,2.392937926615753,2.1051709197224806,0.8449120173705291,0.16681408026370903,0.45959631492598235,right
5,20,2,30,2.3922276886608427,2.1051709197224806,0.5121610419828575,-0.6537112518533192,1.7442916633998544,right
5,20,3,35,2.388218648202428,2.1051709197224806,1.1374106693760355,0.4864664989898133,0.3363537921959693,left
5,20,4,10,2.3853971405720316,2.1051709197224806,-0.1249998643951552,0.7855714935313898,2.062696715924923,left
5,20,5,47,2.3832123611711795,2.1051709197224806,-0.014173949429357124,0.9991296847129674,2.0078739736760083,right
5,20,6,43,2.379383614971016,2.1051709197224806,-0.8947299960963375,0.2666119867778288,2.1239287341310784,left
5,20,7,23,2.3713689666065045,2.1051709197224806,1.1590344218161532,0.8585008953399837,1.5415429367592222,right
5,20,8,25,2.3702158218358544,2.1051709197224806,-0.4609410619518325,-0.13165929166945722,1.7103529533657043,left
5,20,9,37,2.360771451420142,2.1051709197224806,1.2815100068663647,0.3023081177354414,0.41719680777937657,right
5,20,10,41,2.3555560393435453,2.1051709197224806,1.4887961864888708,-0.41123107590805197,2.1884875167139475,left
5,20,11,49,2.3549323188604303,2.1051709197224806,-0.3425641477791954,-0.5489601790574368,1.652210655446101,left
5,20,12,5,2.3528790521266916,2.1051709197224806,-0.008728508660651113,-0.43622510717316243,0.627112065197819,left
5,20,13,27,2.3523035649851245,2.1051709197224806,1.5013795354811021,0.2984652573788832,2.0830054216777927,left
5,20,14,8,2.3520502307197826,2.1051709197224806,-0.2880231169292815,-0.2927163248507375,1.5502061574625376,right
5,20,15,11,2.3500993667658543,2.1051709197224806,0.22605272838570656,0.6366787512340464,0.7764833402032008,right
5,20,16,40,2.3496054654304066,2.1051709197224806,2.815981772581157,0.39823274590517155,1.3165473304416053,left
5,20,17,33,2.348747243657193,2.1051709197224806,1.8852327047987014,0.43621521903771887,1.9096185264138794,left
5,20,18,14,2.3397366458856697,2.1051709197224806,-0.12002688267485595,-0.4723409041090914,1.026244943181603,left
5,20,19,45,2.335179063332832,2.1051709197224806,1.1641505291795364,0.7415528383548897,0.8154152237187032,right
5,20,20,39,2.3350020274608463,2.1051709197224806,1.5823842817881522,0.7992982052337425,0.8246107872893353,right
5,20,21,48,2.333194909181504,2.1051709197224806,2.1350345005357245,0.7097955671543703,1.9455678774485776,left
5,20,22,22,2.331850285877678,2.1051709197224806,0.6072054473140429,0.5127890174930767,1.6005672125855253,right
5,20,23,3,2.3317002311517,2.1051709197224806,-0.8163122660155072,0.34817866298402356,1.1790623504774753,left
5,20,24,15,2.3247136323400848,2.1051709197224806,3.6455668786865374,0.9916435837348674,0.014991651627893099,right
5,20,25,4,2.3183588773657204,2.1051709197224806,3.195598950753557,0.9231588929724663,0.12165556008603932,left
5,20,26,36,2.3176557617135645,2.1051709197224806,-0.471270806012132,-0.04765565559953178,0.5438215346652971,right
5,20,27,44,2.3170371135049965,2.1051709197224806,-0.01725606633821286,0.09944271807377114,2.0257736025043105,right
5,20,28,31,2.3161821130966325,2.1051709197224806,1.3658920896522329,0.2628662856374393,0.05049183029833821,right
5,20,29,24,2.315446979543366,2.1051709197224806,2.004593289830358,0.01634848480892037,1.4943313509732248,left
5,20,30,7,2.3153388697359265,2.1051709197224806,3.76040828152838,0.9236557280279782,1.9933295400384374,right
5,20,31,2,2.313495112260343,2.1051709197224806,3.36673554773067,0.023608735813464787,2.2996080029140793,right
5,20,32,21,2.3118573929184847,2.1051709197224806,-0.13779115906121597,0.42327502606767586,1.6260915653026318,right
5,20,33,17,2.3031959281645364,2.1051709197224806,0.7299973088165332,0.6872501727323304,0.9421266030114657,right
5,20,34,28,2.3001294788519453,2.1051709197224806,-0.18086588615097954,0.4350353996764955,1.3979518709796759,left
5,20,35,1,2.2985931982745154,2.1051709197224806,1.7029096563014239,0.9079689121416523,0.9463511528656061,right
5,20,36,12,2.2967781862359047,2.1051709197224806,1.7250051956851715,0.011437408392659276,1.7500293024963183,left
5,20,37,26,2.2966230634912397,2.1051709197224806,0.09311498992837652,0.03330062207262796,0.015714739081922988,left
5,20,38,19,2.2931376388609515,2.1051709197224806,1.8909231846440466,0.6896169244872739,1.3048920114811617,right
5,20,39,18,2.289919401834892,2.1051709197224806,-0.552819067187806,-0.5565743933137227,1.2025597147886542,left
5,20,40,16,2.2876072577714535,2.1051709197224806,-0.353978858922416,-0.21043214112186664,0.6690560976456364,left
5,20,41,42,2.285376783393701,2.1051709197224806,3.464742902841885,0.9896048057639855,0.35809088285459245,left
5,20,42,9,2.2842587674034602,2.1051709197224806,0.4081737694854801,0.708244320333498,1.176473972543471,right
5,20,43,34,2.279489144949564,2.1051709197224806,3.1168199208924836,0.14628558957044568,1.9318369940556253,right
5,20,44,38,2.2658894882491554,2.1051709197224806,-0.2802505938479779,0.43893128992528996,0.9646897634899849,left
5,20,45,13,2.2618824742857564,2.1051709197224806,3.478972744787189,-0.418470497286779,1.7657310382014222,right
5,20,46,29,2.2599375839829197,2.1051709197224806,-0.7257033318652891,-0.5768597950914256,1.846332766429133,left
5,20,47,32,2.241986857924683,2.1051709197224806,1.2051753485444325,0.7619663205478671,1.9820644904928155,right
5,20,48,20,2.238787955683494,2.1051709197224806,3.6086320541090595,0.6282095207841045,2.1602354537182777,left
5,20,49,0,2.232699738249052,2.1051709197224806,-0.5778805814306778,0.18200115088275115,1.4012404726517373,right
5,25,0,41,3.254255732580495,2.1051709197224806,1.4887961864888708,-0.41123107590805197,2.1884875167139475,left
5,25,1,28,3.25247784293194,2.1051709197224806,-0.18086588615097954,0.4350353996764955,1.3979518709796759,left
5,25,2,37,3.1398974908999273,2.1051709197224806,1.2815100068663647,0.3023081177354414,0.41719680777937657,right
5,25,3,35,3.1312304036196377,2.1051709197224806,1.1374106693760355,0.4864664989898133,0.3363537921959693,left
5,25,4,48,3.1133084122123194,2.1051709197224806,2.1350345005357245,0.7097955671543703,1.9455678774485776,left
5,25,5,6,3.0938910148593655,2.1051709197224806,0.8449120173705291,0.16681408026370903,0.45959631492598235,right
5,25,6,12,3.0836008369916894,2.1051709197224806,1.7250051956851715,0.011437408392659276,1.7500293024963183,left
5,25,7,25,3.059095620468403,2.1051709197224806,-0.4609410619518325,-0.13165929166945722,1.7103529533657043,left
5,25,8,32,3.054401629339217,2.1051709197224806,1.2051753485444325,0.7619663205478671,1.9820644904928155,right
5,25,9,31,3.038344056126653,2.1051709197224806,1.3658920896522329,0.2628662856374393,0.05049183029833821,right
5,25,10,8,3.0220726961022826,2.1051709197224806,-0.2880231169292815,-0.2927163248507375,1.5502061574625376,right
5,25,11,16,3.0140131437474373,2.1051709197224806,-0.353978858922416,-0.21043214112186664,0.6690560976456364,left
5,25,12,13,3.0110309586435573,2.1051709197224806,3.478972744787189,-0.418470497286779,1.7657310382014222,right
5,25,13,14,3.002301391878975,2.1051709197224806,-0.12002688267485595,-0.4723409041090914,1.026244943181603,left
5,25,14,17,2.9979638797067865,2.1051709197224806,0.7299973088165332,0.6872501727323304,0.9421266030114657,right
5,25,15,43,2.994717770213544,2.1051709197224806,-0.8947299960963375,0.2666119867778288,2.1239287341310784,left
5,25,16,5,2.9851767696489038,2.1051709197224806,-0.008728508660651113,-0.43622510717316243,0.627112065197819,left
5,25,17,2,2.9828029315799576,2.1051709197224806,3.36673554773067,0.023608735813464787,2.2996080029140793,right
5,25,18,46,2.9818001698335235,2.1051709197224806,1.6893246335004455,0.8211966908072834,1.8145017054024684,left
5,25,19,40,2.9775828441464265,2.1051709197224806,2.815981772581157,0.39823274590517155,1.3165473304416053,left
5,25,20,24,2.976975424524014,2.1051709197224806,2.004593289830358,0.01634848480892037,1.4943313509732248,left
5,25,21,36,2.97360134438181,2.1051709197224806,-0.471270806012132,-0.04765565559953178,0.5438215346652971,right
5,25,22,23,2.9722913302236846,2.1051709197224806,1.1590344218161532,0.8585008953399837,1.5415429367592222,right
5,25,23,47,2.971959077800754,2.1147319124245243,-0.014173949429357124,0.9991296847129674,2.0078739736760083,right
5,25,24,22,2.9719340443086857,2.1051709197224806,0.6072054473140429,0.5127890174930767,1.6005672125855253,right
5,25,25,20,2.95748562144116,2.1121823143706457,3.6086320541090595,0.6282095207841045,2.1602354537182777,left
5,25,26,21,2.956634630243472,2.1051709197224806,-0.13779115906121597,0.42327502606767586,1.6260915653026318,right
5,25,27,9,2.9449574332630895,2.1051709197224806,0.4081737694854801,0.708244320333498,1.176473972543471,right
5,25,28,33,2.9428382132893853,2.1051709197224806,1.8852327047987014,0.43621521903771887,1.9096185264138794,left
5,25,29,29,2.939444405970814,2.1051709197224806,-0.7257033318652891,-0.5768597950914256,1.846332766429133,left
5,25,30,18,2.9373266140012513,2.1051709197224806,-0.552819067187806,-0.5565743933137227,1.2025597147886542,left
5,25,31,4,2.9371008291193412,2.1051709197224806,3.195598950753557,0.9231588929724663,0.12165556008603932,left
5,25,32,49,2.9362618830463028,2.1051709197224806,-0.3425641477791954,-0.5489601790574368,1.652210655446101,left
5,25,33,11,2.934766429178194,2.1051709197224806,0.22605272838570656,0.6366787512340464,0.7764833402032008,right
5,25,34,26,2.932244217736729,2.111013748595952,0.09311498992837652,0.03330062207262796,0.015714739081922988,left
5,25,35,0,2.9287132430011997,2.1051709197224806,-0.5778805814306778,0.18200115088275115,1.4012404726517373,right
5,25,36,15,2.9279573114229573,2.1051709197224806,3.6455668786865374,0.9916435837348674,0.014991651627893099,right
5,25,37,38,2.9265467988424154,2.1051709197224806,-0.2802505938479779,0.43893128992528996,0.9646897634899849,left
5,25,38,10,2.9154400312739446,2.1051709197224806,-0.1249998643951552,0.7855714935313898,2.062696715924923,left
5,25,39,39,2.9017234078808705,2.1051709197224806,1.5823842817881522,0.7992982052337425,0.8246107872893353,right
5,25,40,34,2.894785599858926,2.1051709197224806,3.1168199208924836,0.14628558957044568,1.9318369940556253,right
5,25,41,30,2.8917972646633605,2.1051709197224806,0.5121610419828575,-0.6537112518533192,1.7442916633998544,right
5,25,42,42,2.8893769792290964,2.110706231286822,3.464742902841885,0.9896048057639855,0.35809088285459245,left
5,25,43,19,2.8868336312654543,2.1051709197224806,1.8909231846440466,0.6896169244872739,1.3048920114811617,right
5,25,44,7,2.8802726835952805,2.1051709197224806,3.76040828152838,0.9236557280279782,1.9933295400384374,right
5,25,45,45,2.8760262835462047,2.1051709197224806,1.1641505291795364,0.7415528383548897,0.8154152237187032,right
5,25,46,27,2.865547106265341,2.1051709197224806,1.5013795354811021,0.2984652573788832,2.0830054216777927,left
5,25,47,1,2.853522418449005,2.1051709197224806,1.7029096563014239,0.9079689121416523,0.9463511528656061,right
5,25,48,3,2.841773423181883,2.1099514160735025,-0.8163122660155072,0.34817866298402356,1.1790623504774753,left
5,25,49,44,2.8416251240219683,2.1051709197224806,-0.01725606633821286,0.09944271807377114,2.0257736025043105,right
5,30,0,13,2.0377847771963804,2.1051709197224806,3.478972744787189,-0.418470497286779,1.7657310382014222,right
5,30,1,37,2.031694754766442,2.1156880116947288,1.2815100068663647,0.3023081177354414,0.41719680777937657,right
5,30,2,47,2.0243174891217195,2.1147319124245243,-0.014173949429357124,0.9991296847129674,2.0078739736760083,right
5,30,3,14,2.020920964625182,2.1139351630326875,-0.12002688267485595,-0.4723409041090914,1.026244943181603,left
5,30,4,10,2.0167330963366226,2.1139351630326875,-0.1249998643951552,0.7855714935313898,2.062696715924923,left
5,30,5,33,2.015454200135701,2.110429465708605,1.8852327047987014,0.43621521903771887,1.9096185264138794,left
5,30,6,1,2.0126143121285978,2.109553041377584,1.7029096563014239,0.9079689121416523,0.9463511528656061,right
5,30,7,48,2.01181985793475,2.113260990470364,2.1350345005357245,0.7097955671543703,1.9455678774485776,left
5,30,8,44,2.011005809901775,2.1051709197224806,-0.01725606633821286,0.09944271807377114,2.0257736025043105,right
5,30,9,7,2.0069073069613466,2.1121823143706457,3.76040828152838,0.9236557280279782,1.9933295400384374,right
5,30,10,46,2.0067945276670622,2.124292905126568,1.6893246335004455,0.8211966908072834,1.8145017054024684,left
5,30,11,21,2.006746163965058,2.1117441022051358,-0.13779115906121597,0.42327502606767586,1.6260915653026318,right
5,30,12,20,2.0046867667411306,2.1051709197224806,3.6086320541090595,0.6282095207841045,2.1602354537182777,left
5,30,13,2,2.003573445808535,2.120195336825692,3.36673554773067,0.023608735813464787,2.2996080029140793,right
5,30,14,30,2.0028921371985455,2.1191937090188113,0.5121610419828575,-0.6537112518533192,1.7442916633998544,right
5,30,15,26,2.001515084167072,2.116856577469423,0.09311498992837652,0.03330062207262796,0.015714739081922988,left
5,30,16,40,2.000443922490704,2.1051709197224806,2.815981772581157,0.39823274590517155,1.3165473304416053,left
5,30,17,32,1.9984299194177044,2.1139351630326875,1.2051753485444325,0.7619663205478671,1.9820644904928155,right
5,30,18,3,1.9963233941255736,2.1099514160735025,-0.8163122660155072,0.34817866298402356,1.1790623504774753,left
5,30,19,16,1.996218940424125,2.1051709197224806,-0.353978858922416,-0.21043214112186664,0.6690560976456364,left
5,30,20,24,1.9953120122465982,2.1147319124245243,2.004593289830358,0.01634848480892037,1.4943313509732248,left
5,30,21,31,1.9952593322174168,2.1314636496531008,1.3658920896522329,0.2628662856374393,0.05049183029833821,right
5,30,22,27,1.9944940595622007,2.1191937090188113,1.5013795354811021,0.2984652573788832,2.0830054216777927,left
5,30,23,11,1.993290106417244,2.1117441022051358,0.22605272838570656,0.6366787512340464,0.7764833402032008,right
5,30,24,0,1.9932050331048108,2.1113574444120387,-0.5778805814306778,0.18200115088275115,1.4012404726517373,right
5,30,25,45,1.9914398318700008,2.110706231286822,1.1641505291795364,0.7415528383548897,0.8154152237187032,right
5,30,26,15,1.9897638707646683,2.1051709197224806,3.6455668786865374,0.9916435837348674,0.014991651627893099,right
5,30,27,36,1.9894540678731067,2.120195336825692,-0.471270806012132,-0.04765565559953178,0.5438215346652971,right
5,30,28,39,1.989251002565604,2.1051709197224806,1.5823842817881522,0.7992982052337425,0.8246107872893353,right
5,30,29,17,1.9890662020366139,2.111013748595952,0.7299973088165332,0.6872501727323304,0.9421266030114657,right
5,30,30,25,1.9887780143411076,2.1051709197224806,-0.4609410619518325,-0.13165929166945722,1.7103529533657043,left
5,30,31,19,1.987691126000638,2.1113574444120387,1.8909231846440466,0.6896169244872739,1.3048920114811617,right
5,30,32,6,1.9875498698391125,2.1051709197224806,0.8449120173705291,0.16681408026370903,0.45959631492598235,right
5,30,33,5,1.986559761479006,2.126205103666977,-0.008728508660651113,-0.43622510717316243,0.627112065197819,left
5,30,34,41,1.9863283137940495,2.1051709197224806,1.4887961864888708,-0.41123107590805197,2.1884875167139475,left
5,30,35,38,1.9862325652394794,2.1051709197224806,-0.2802505938479779,0.43893128992528996,0.9646897634899849,left
5,30,36,34,1.986087165021472,2.118317284687791,3.1168199208924836,0.14628558957044568,1.9318369940556253,right
5,30,37,9,1.9856939074463182,2.1051709197224806,0.4081737694854801,0.708244320333498,1.176473972543471,right
5,30,38,43,1.9845171669092834,2.116856577469423,-0.8947299960963375,0.2666119867778288,2.1239287341310784,left
5,30,39,23,1.9832990312904137,2.1051709197224806,1.1590344218161532,0.8585008953399837,1.5415429367592222,right
5,30,40,49,1.978841271476591,2.1051709197224806,-0.3425641477791954,-0.5489601790574368,1.652210655446101,left
5,30,41,4,1.9762897500775807,2.1113574444120387,3.195598950753557,0.9231588929724663,0.12165556008603932,left
5,30,42,35,1.9755668697282802,2.1226994063428943,1.1374106693760355,0.4864664989898133,0.3363537921959693,left
5,30,43,22,1.9746996176839668,2.1051709197224806,0.6072054473140429,0.5127890174930767,1.6005672125855253,right
5,30,44,12,1.9614182195959013,2.1147319124245243,1.7250051956851715,0.011437408392659276,1.7500293024963183,left
5,30,45,42,1.9587484390291352,2.1051709197224806,3.464742902841885,0.9896048057639855,0.35809088285459245,left
5,30,46,29,1.9557482835024396,2.1139351630326875,-0.7257033318652891,-0.5768597950914256,1.846332766429133,left
5,30,47,8,1.9456275842530575,2.1156880116947288,-0.2880231169292815,-0.2927163248507375,1.5502061574625376,right
5,30,48,18,1.942542291333983,2.1121823143706457,-0.552819067187806,-0.5565743933137227,1.2025597147886542,left
5,30,49,28,1.9420885239053658,2.1051709197224806,-0.18086588615097954,0.4350353996764955,1.3979518709796759,left
6,5,0,33,2.0832138982141046,2.1051709197224806,0.8043020082524079,0.13110971752430245,0.8720687337419162,left
6,5,1,38,2.0786080596351253,2.1051709197224806,1.5364551864201532,0.23722864495574691,1.0608507146752773,right
6,5,2,4,2.0783049878709043,2.1051709197224806,-0.8683425034585087,0.4707087708706943,1.2059524225791063,left
6,5,3,49,2.0757870617146432,2.1051709197224806,0.08910274310346011,0.27322764169126434,2.296622414797951,left
6,5,4,8,2.0754307786258024,2.1051709197224806,0.29273456961505495,-0.6623587708536769,2.0740185424440543,right
6,5,5,35,2.0753172996466676,2.1051709197224806,-0.752781878361943,-0.28394588252704067,0.5488260126467533,right
6,5,6,19,2.074737560788713,2.1051709197224806,2.0921124224438765,0.8195622760076591,1.0119762075569922,right
6,5,7,41,2.0744878690744235,2.1051709197224806,2.6143274993535295,0.687128185102327,1.4212586994245047,right
6,5,8,32,2.074304508395864,2.1051709197224806,1.3456375576028128,0.521255264280349,0.8924174019921162,right
6,5,9,37,2.074084976867012,2.1051709197224806,-0.09182844257611977,0.2960989906428192,1.384919747859277,left
6,5,10,39,2.073791494094423,2.1051709197224806,2.7233597316382143,0.08135811305877982,0.3224707337312679,left
6,5,11,15,2.073642414785878,2.1051709197224806,-0.7304042887360698,0.3723378995018911,1.8856542187536989,left
6,5,12,6,2.072405705889442,2.1051709197224806,2.0074017527931045,0.8516418117715314,2.1655065084993645,left
6,5,13,5,2.071875819293972,2.1051709197224806,0.9509834704009588,0.6262234768103865,1.7213782097915442,left
6,5,14,30,2.071700372407047,2.1051709197224806,2.1232315221348923,0.2479490707945904,1.297850124319686,left
6,5,15,46,2.071384126565711,2.1051709197224806,1.7354830208660568,0.3620496096992889,2.1642282556798933,left
6,5,16,44,2.0711895824994366,2.1051709197224806,1.1964908458945844,0.9445396870153526,0.8064846308454707,right
6,5,17,45,2.0711710324881167,2.1051709197224806,3.476441583071133,0.17516528728014036,1.717064572516449,left
6,5,18,43,2.07115177820123,2.1051709197224806,1.0698137258816973,0.9840055927015672,0.8516305738431817,right
6,5,19,36,2.0708218595986887,2.1051709197224806,-0.3927404140380344,-0.24366485954951805,1.5965397489968964,right
6,5,20,26,2.070537825573137,2.1051709197224806,1.0219565850688865,0.9510697164413136,0.44309325121381304,right
6,5,21,3,2.070410571466174,2.1051709197224806,1.3532167155962713,0.9157083543552957,1.2684292321156179,right
6,5,22,28,2.070287309307183,2.1051709197224806,1.2100287889965342,-0.2644776491692227,2.062153932406984,left
6,5,23,22,2.0696788297618376,2.1051709197224806,2.72938405971432,0.4354145453242526,1.8262900169277656,right
6,5,24,47,2.0693110966538946,2.1051709197224806,2.2099862344024253,0.1098005690289825,0.6797859999696638,right
6,5,25,7,2.069283417559384,2.1051709197224806,2.5243920289667203,0.5531520050814267,0.4268795168061675,left
6,5,26,11,2.0683386542254842,2.1051709197224806,2.7607857268627045,0.47919378886344344,0.7868604638388268,right
6,5,27,27,2.0673527178674167,2.1051709197224806,2.542259118007242,0.2984598258796177,1.8424871169124946,right
6,5,28,13,2.0670868504794244,2.1051709197224806,-0.19413576158085555,0.3854857684493136,0.06376013513809503,left
6,5,29,24,2.0669645773728207,2.1051709197224806,3.796565252929982,0.8135727612736128,1.6226875803702152,left
6,5,30,29,2.066561539530209,2.1051709197224806,0.38816271830777493,-0.3191590040182082,1.525149704991805,left
6,5,31,42,2.0663973471800574,2.1051709197224806,0.8664862031163403,0.43858304492767886,0.4934292254573398,left
6,5,32,18,2.066226541500831,2.1051709197224806,-0.619537365000001,0.1678670365820213,1.5672086378413712,right
6,5,33,20,2.0655767024928036,2.1051709197224806,2.031388467245063,0.2301034775843842,1.8296549834895275,left
6,5,34,2,2.0643960410520794,2.1051709197224806,0.2552432422668469,0.2180290178074078,1.783690738900469,right
6,5,35,48,2.0638874798083204,2.1051709197224806,0.08792885998787403,-0.031235986301951124,1.6578438950599939,right
6,5,36,31,2.0637976714828703,2.1051709197224806,3.099536246686495,-0.6503316141313976,2.0495450102033494,right
6,5,37,1,2.063765429735561,2.1051709197224806,-0.12921709370971335,-0.3581457196686652,1.4521049834492523,left
6,5,38,23,2.063341991039633,2.1051709197224806,2.683441454745796,-0.11748366333865035,1.5854031590481914,left
6,5,39,17,2.0631247730286746,2.1051709197224806,2.1080900769675885,-0.16130659239803014,2.171164757506419,left
6,5,40,14,2.0623400847821696,2.1051709197224806,3.263608119382435,0.1433022041645291,0.6234456641532808,left
6,5,41,21,2.062177711478236,2.1051709197224806,2.1582384165558004,0.9583831239344693,0.8737194564766799,right
6,5,42,16,2.061976945375496,2.1051709197224806,0.9403609985626509,0.951037095227131,1.8945918504182626,left
6,5,43,25,2.061391714035751,2.1051709197224806,2.9868775171692237,-0.33538803660162053,1.6811090768347927,right
6,5,44,0,2.0609303013910094,2.1051709197224806,2.3549294490934294,0.5562249716604311,1.5119173860401205,left
6,5,45,10,2.060146083067502,2.1051709197224806,2.6683499175612386,0.7979325402177222,1.1759295586656435,left
6,5,46,40,2.0599441881316034,2.1051709197224806,2.8942981177036993,0.6268616391823201,0.23028747160831986,right
6,5,47,9,2.0588567535925,2.1051709197224806,-0.48873049394193147,0.18268058829847544,1.8923947254882232,right
6,5,48,34,2.057844039496133,2.1051709197224806,2.8688134241251393,0.1756481334723513,0.7898014151149643,right
6,5,49,12,2.051842388278774,2.1051709197224806,-0.29235379596025757,0.9706229765007526,1.082784580679621,right
6,10,0,32,2.324655858468878,2.1051709197224806,1.3456375576028128,0.521255264280349,0.8924174019921162,right
6,10,1,38,2.315698583554725,2.1051709197224806,1.5364551864201532,0.23722864495574691,1.0608507146752773,right
6,10,2,34,2.297158094434612,2.1051709197224806,2.8688134241251393,0.1756481334723513,0.7898014151149643,right
6,10,3,35,2.294511431789142,2.1051709197224806,-0.752781878361943,-0.28394588252704067,0.5488260126467533,right
6,10,4,48,2.2944857534949583,2.1051709197224806,0.08792885998787403,-0.031235986301951124,1.6578438950599939,right
6,10,5,31,2.2939606251233373,2.1051709197224806,3.099536246686495,-0.6503316141313976,2.0495450102033494,right
6,10,6,13,2.293192071506997,2.1051709197224806,-0.19413576158085555,0.3854857684493136,0.06376013513809503,left
6,10,7,18,2.292889410700221,2.1051709197224806,-0.619537365000001,0.1678670365820213,1.5672086378413712,right
6,10,8,36,2.290779885021375,2.1051709197224806,-0.3927404140380344,-0.24366485954951805,1.5965397489968964,right
6,10,9,6,2.2900277149380965,2.1051709197224806,2.0074017527931045,0.8516418117715314,2.1655065084993645,left
6,10,10,16,2.288382496184457,2.1051709197224806,0.9403609985626509,0.951037095227131,1.8945918504182626,left
6,10,11,22,2.2864759845613523,2.1051709197224806,2.72938405971432,0.4354145453242526,1.8262900169277656,right
6,10,12,12,2.2863992158487965,2.1051709197224806,-0.29235379596025757,0.9706229765007526,1.082784580679621,right
6,10,13,37,2.2863258666045505,2.1051709197224806,-0.09182844257611977,0.2960989906428192,1.384919747859277,left
6,10,14,4,2.2845371138287764,2.1051709197224806,-0.8683425034585087,0.4707087708706943,1.2059524225791063,left
6,10,15,24,2.283074074253468,2.1051709197224806,3.796565252929982,0.8135727612736128,1.6226875803702152,left
6,10,16,1,2.2827191148903916,2.1051709197224806,-0.12921709370971335,-0.3581457196686652,1.4521049834492523,left
6,10,17,8,2.282379710167434,2.1051709197224806,0.29273456961505495,-0.6623587708536769,2.0740185424440543,right
6,10,18,21,2.2811246488695156,2.1051709197224806,2.1582384165558004,0.9583831239344693,0.8737194564766799,right
6,10,19,27,2.2807318750077474,2.1051709197224806,2.542259118007242,0.2984598258796177,1.8424871169124946,right
6,10,20,40,2.2799680551207517,2.1051709197224806,2.8942981177036993,0.6268616391823201,0.23028747160831986,right
6,10,21,25,2.279212324842816,2.1051709197224806,2.9868775171692237,-0.33538803660162053,1.6811090768347927,right
6,10,22,19,2.278379605807267,2.1051709197224806,2.0921124224438765,0.8195622760076591,1.0119762075569922,right
6,10,23,5,2.2771088587139525,2.1051709197224806,0.9509834704009588,0.6262234768103865,1.7213782097915442,left
6,10,24,44,2.2755059218015843,2.1051709197224806,1.1964908458945844,0.9445396870153526,0.8064846308454707,right
6,10,25,28,2.2754054725926434,2.1051709197224806,1.2100287889965342,-0.2644776491692227,2.062153932406984,left
6,10,26,2,2.2750215160220533,2.1051709197224806,0.2552432422668469,0.2180290178074078,1.783690738900469,right
6,10,27,0,2.2748429725354553,2.1051709197224806,2.3549294490934294,0.5562249716604311,1.5119173860401205,left
6,10,28,49,2.2740274079023743,2.1051709197224806,0.08910274310346011,0.27322764169126434,2.296622414797951,left
6,10,29,3,2.273777464099344,2.1051709197224806,1.3532167155962713,0.9157083543552957,1.2684292321156179,right
6,10,30,10,2.270661494563151,2.1051709197224806,2.6683499175612386,0.7979325402177222,1.1759295586656435,left
6,10,31,45,2.2704727726199305,2.1051709197224806,3.476441583071133,0.17516528728014036,1.717064572516449,left
6,10,32,15,2.270074611205941,2.1051709197224806,-0.7304042887360698,0.3723378995018911,1.8856542187536989,left
6,10,33,41,2.270066685968592,2.1051709197224806,2.6143274993535295,0.687128185102327,1.4212586994245047,right
6,10,34,42,2.268949554943096,2.1051709197224806,0.8664862031163403,0.43858304492767886,0.4934292254573398,left
6,10,35,7,2.2676205338864,2.1051709197224806,2.5243920289667203,0.5531520050814267,0.4268795168061675,left
6,10,36,9,2.2675717482229327,2.1051709197224806,-0.48873049394193147,0.18268058829847544,1.8923947254882232,right
6,10,37,20,2.2667623110279083,2.1051709197224806,2.031388467245063,0.2301034775843842,1.8296549834895275,left
6,10,38,23,2.2663301181237943,2.1051709197224806,2.683441454745796,-0.11748366333865035,1.5854031590481914,left
6,10,39,47,2.2655833022347185,2.1051709197224806,2.2099862344024253,0.1098005690289825,0.6797859999696638,right
6,10,40,11,2.2655487590419994,2.1051709197224806,2.7607857268627045,0.47919378886344344,0.7868604638388268,right
6,10,41,14,2.265018480943538,2.1051709197224806,3.263608119382435,0.1433022041645291,0.6234456641532808,left
6,10,42,26,2.264211741273651,2.1051709197224806,1.0219565850688865,0.9510697164413136,0.44309325121381304,right
6,10,43,33,2.263852199691514,2.1051709197224806,0.8043020082524079,0.13110971752430245,0.8720687337419162,left
6,10,44,39,2.262599166852307,2.1051709197224806,2.7233597316382143,0.08135811305877982,0.3224707337312679,left
6,10,45,17,2.2620744421182324,2.1051709197224806,2.1080900769675885,-0.16130659239803014,2.171164757506419,left
6,10,46,46,2.2600556663867177,2.1051709197224806,1.7354830208660568,0.3620496096992889,2.1642282556798933,left
6,10,47,29,2.2563461228393322,2.1051709197224806,0.38816271830777493,-0.3191590040182082,1.525149704991805,left
6,10,48,43,2.255102642154606,2.1051709197224806,1.0698137258816973,0.9840055927015672,0.8516305738431817,right
6,10,49,30,2.2479512086947633,2.1051709197224806,2.1232315221348923,0.2479490707945904,1.297850124319686,left
6,15,0,12,3.4887032002561824,2.1051709197224806,-0.29235379596025757,0.9706229765007526,1.082784580679621,right
6,15,1,16,3.450544307854018,2.1051709197224806,0.9403609985626509,0.951037095227131,1.8945918504182626,left
6,15,2,32,3.431125369462608,2.1051709197224806,1.3456375576028128,0.521255264280349,0.8924174019921162,right
6,15,3,2,3.328328544578212,2.1051709197224806,0.2552432422668469,0.2180290178074078,1.783690738900469,right
6,15,4,5,3.312669155720111,2.1051709197224806,0.9509834704009588,0.6262234768103865,1.7213782097915442,left
6,15,5,8,3.3000630842076193,2.1051709197224806,0.29273456961505495,-0.6623587708536769,2.0740185424440543,right
6,15,6,4,3.2994555202880615,2.1051709197224806,-0.8683425034585087,0.4707087708706943,1.2059524225791063,left
6,15,7,48,3.296452726338854,2.1051709197224806,0.08792885998787403,-0.031235986301951124,1.6578438950599939,right
6,15,8,1,3.2948256948059473,2.1051709197224806,-0.12921709370971335,-0.3581457196686652,1.4521049834492523,left
6,15,9,0,3.270103084009684,2.1051709197224806,2.3549294490934294,0.5562249716604311,1.5119173860401205,left
6,15,10,41,3.2686800551360897,2.1051709197224806,2.6143274993535295,0.687128185102327,1.4212586994245047,right
6,15,11,13,3.2558009259803695,2.1051709197224806,-0.19413576158085555,0.3854857684493136,0.06376013513809503,left
6,15,12,30,3.2554971345549637,2.1051709197224806,2.1232315221348923,0.2479490707945904,1.297850124319686,left
6,15,13,14,3.254070056520904,2.1051709197224806,3.263608119382435,0.1433022041645291,0.6234456641532808,left
6,15,14,17,3.2510238747323648,2.1051709197224806,2.1080900769675885,-0.16130659239803014,2.171164757506419,left
6,15,15,39,3.2503767060232853,2.1051709197224806,2.7233597316382143,0.08135811305877982,0.3224707337312679,left
6,15,16,28,3.2352962167485035,2.1051709197224806,1.2100287889965342,-0.2644776491692227,2.062153932406984,left
6,15,17,38,3.2298744952843994,2.1051709197224806,1.5364551864201532,0.23722864495574691,1.0608507146752773,right
6,15,18,19,3.227776583710162,2.1051709197224806,2.0921124224438765,0.8195622760076591,1.0119762075569922,right
6,15,19,31,3.226766435995589,2.1051709197224806,3.099536246686495,-0.6503316141313976,2.0495450102033494,right
6,15,20,49,3.224477880497159,2.1051709197224806,0.08910274310346011,0.27322764169126434,2.296622414797951,left
6,15,21,29,3.2235113786525504,2.1051709197224806,0.38816271830777493,-0.3191590040182082,1.525149704991805,left
6,15,22,42,3.2197319350009552,2.1051709197224806,0.8664862031163403,0.43858304492767886,0.4934292254573398,left
6,15,23,22,3.2076305692634635,2.1051709197224806,2.72938405971432,0.4354145453242526,1.8262900169277656,right
6,15,24,46,3.196443043380885,2.1051709197224806,1.7354830208660568,0.3620496096992889,2.1642282556798933,left
6,15,25,7,3.1933820388559067,2.1051709197224806,2.5243920289667203,0.5531520050814267,0.4268795168061675,left
6,15,26,21,3.1884923022490077,2.1051709197224806,2.1582384165558004,0.9583831239344693,0.8737194564766799,right
6,15,27,35,3.1821712393102093,2.1051709197224806,-0.752781878361943,-0.28394588252704067,0.5488260126467533,right
6,15,28,3,3.1818118489294545,2.1051709197224806,1.3532167155962713,0.9157083543552957,1.2684292321156179,right
6,15,29,25,3.181107762797689,2.1051709197224806,2.9868775171692237,-0.33538803660162053,1.6811090768347927,right
6,15,30,18,3.1795412195937995,2.1051709197224806,-0.619537365000001,0.1678670365820213,1.5672086378413712,right
6,15,31,15,3.1721819416159347,2.1051709197224806,-0.7304042887360698,0.3723378995018911,1.8856542187536989,left
6,15,32,34,3.1602739075420074,2.1051709197224806,2.8688134241251393,0.1756481334723513,0.7898014151149643,right
6,15,33,20,3.155000215932196,2.1051709197224806,2.031388467245063,0.2301034775843842,1.8296549834895275,left
6,15,34,37,3.146982768405991,2.1051709197224806,-0.09182844257611977,0.2960989906428192,1.384919747859277,left
6,15,35,24,3.141958161657509,2.1051709197224806,3.796565252929982,0.8135727612736128,1.6226875803702152,left
6,15,36,6,3.140142599990827,2.1051709197224806,2.0074017527931045,0.8516418117715314,2.1655065084993645,left
6,15,37,27,3.1387145780669825,2.1051709197224806,2.542259118007242,0.2984598258796177,1.8424871169124946,right
6,15,38,36,3.129196395045982,2.1051709197224806,-0.3927404140380344,-0.24366485954951805,1.5965397489968964,right
6,15,39,44,3.1282945197766745,2.1051709197224806,1.1964908458945844,0.9445396870153526,0.8064846308454707,right
6,15,40,23,3.1183696358740667,2.1051709197224806,2.683441454745796,-0.11748366333865035,1.5854031590481914,left
6,15,41,43,3.1165501012122014,2.1051709197224806,1.0698137258816973,0.9840055927015672,0.8516305738431817,right
6,15,42,45,3.114168180561516,2.1051709197224806,3.476441583071133,0.17516528728014036,1.717064572516449,left
6,15,43,9,3.106271942919073,2.1051709197224806,-0.48873049394193147,0.18268058829847544,1.8923947254882232,right
6,15,44,33,3.1054753518969287,2.1051709197224806,0.8043020082524079,0.13110971752430245,0.8720687337419162,left
6,15,45,11,3.092689140005134,2.1051709197224806,2.7607857268627045,0.47919378886344344,0.7868604638388268,right
6,15,46,26,3.076343747603875,2.1051709197224806,1.0219565850688865,0.9510697164413136,0.44309325121381304,right
6,15,47,10,3.0717752180786206,2.1051709197224806,2.6683499175612386,0.7979325402177222,1.1759295586656435,left
6,15,48,40,3.035947493647546,2.1051709197224806,2.8942981177036993,0.6268616391823201,0.23028747160831986,right
6,15,49,47,3.0264790771761505,2.1051709197224806,2.2099862344024253,0.1098005690289825,0.6797859999696638,right
6,20,0,12,2.2838027427254417,2.1051709197224806,-0.29235379596025757,0.9706229765007526,1.082784580679621,right
6,20,1,28,2.271711226219966,2.1051709197224806,1.2100287889965342,-0.2644776491692227,2.062153932406984,left
6,20,2,16,2.270028804268437,2.1051709197224806,0.9403609985626509,0.951037095227131,1.8945918504182626,left
6,20,3,6,2.2481897195554135,2.1051709197224806,2.0074017527931045,0.8516418117715314,2.1655065084993645,left
6,20,4,20,2.194299066537849,2.1051709197224806,2.031388467245063,0.2301034775843842,1.8296549834895275,left
6,20,5,38,2.192150838317061,2.1051709197224806,1.5364551864201532,0.23722864495574691,1.0608507146752773,right
6,20,6,37,2.1878865340077627,2.1051709197224806,-0.09182844257611977,0.2960989906428192,1.384919747859277,left
6,20,7,44,2.187580961775442,2.1051709197224806,1.1964908458945844,0.9445396870153526,0.8064846308454707,right
6,20,8,7,2.18741903011554,2.1051709197224806,2.5243920289667203,0.5531520050814267,0.4268795168061675,left
6,20,9,2,2.1778133508409407,2.1051709197224806,0.2552432422668469,0.2180290178074078,1.783690738900469,right
6,20,10,49,2.172487686875332,2.1051709197224806,0.08910274310346011,0.27322764169126434,2.296622414797951,left
6,20,11,13,2.1715361628025245,2.1051709197224806,-0.19413576158085555,0.3854857684493136,0.06376013513809503,left
6,20,12,21,2.1701023992194886,2.1051709197224806,2.1582384165558004,0.9583831239344693,0.8737194564766799,right
6,20,13,11,2.1659611082270604,2.1051709197224806,2.7607857268627045,0.47919378886344344,0.7868604638388268,right
6,20,14,0,2.162004774642865,2.1051709197224806,2.3549294490934294,0.5562249716604311,1.5119173860401205,left
6,20,15,10,2.1544171465153164,2.1051709197224806,2.6683499175612386,0.7979325402177222,1.1759295586656435,left
6,20,16,5,2.153074107181766,2.1051709197224806,0.9509834704009588,0.6262234768103865,1.7213782097915442,left
6,20,17,32,2.1525009100185337,2.1051709197224806,1.3456375576028128,0.521255264280349,0.8924174019921162,right
6,20,18,41,2.15217564852035,2.1051709197224806,2.6143274993535295,0.687128185102327,1.4212586994245047,right
6,20,19,29,2.150604434399381,2.1051709197224806,0.38816271830777493,-0.3191590040182082,1.525149704991805,left
6,20,20,1,2.1467393561217305,2.1051709197224806,-0.12921709370971335,-0.3581457196686652,1.4521049834492523,left
6,20,21,14,2.1462002148600625,2.1051709197224806,3.263608119382435,0.1433022041645291,0.6234456641532808,left
6,20,22,30,2.1453109002857396,2.1051709197224806,2.1232315221348923,0.2479490707945904,1.297850124319686,left
6,20,23,22,2.137116634453953,2.1051709197224806,2.72938405971432,0.4354145453242526,1.8262900169277656,right
6,20,24,8,2.1354270631978,2.1051709197224806,0.29273456961505495,-0.6623587708536769,2.0740185424440543,right
6,20,25,9,2.134732892549249,2.1051709197224806,-0.48873049394193147,0.18268058829847544,1.8923947254882232,right
6,20,26,17,2.1324619938069524,2.1051709197224806,2.1080900769675885,-0.16130659239803014,2.171164757506419,left
6,20,27,31,2.129353333716434,2.1051709197224806,3.099536246686495,-0.6503316141313976,2.0495450102033494,right
6,20,28,23,2.1249609193829553,2.1051709197224806,2.683441454745796,-0.11748366333865035,1.5854031590481914,left
6,20,29,36,2.124608522029538,2.1051709197224806,-0.3927404140380344,-0.24366485954951805,1.5965397489968964,right
6,20,30,42,2.122174195782915,2.1051709197224806,0.8664862031163403,0.43858304492767886,0.4934292254573398,left
6,20,31,3,2.1204828610302697,2.1051709197224806,1.3532167155962713,0.9157083543552957,1.2684292321156179,right
6,20,32,19,2.113583560722366,2.1051709197224806,2.0921124224438765,0.8195622760076591,1.0119762075569922,right
6,20,33,25,2.103555247868986,2.1051709197224806,2.9868775171692237,-0.33538803660162053,1.6811090768347927,right
6,20,34,46,2.092777418837014,2.1051709197224806,1.7354830208660568,0.3620496096992889,2.1642282556798933,left
6,20,35,40,2.078391296775886,2.1051709197224806,2.8942981177036993,0.6268616391823201,0.23028747160831986,right
6,20,36,27,2.078118412961472,2.1051709197224806,2.542259118007242,0.2984598258796177,1.8424871169124946,right
6,20,37,48,2.076636477581199,2.1051709197224806,0.08792885998787403,-0.031235986301951124,1.6578438950599939,right
6,20,38,34,2.074542353374561,2.1051709197224806,2.8688134241251393,0.1756481334723513,0.7898014151149643,right
6,20,39,39,2.064748078595775,2.1051709197224806,2.7233597316382143,0.08135811305877982,0.3224707337312679,left
6,20,40,18,2.0590727000829108,2.1051709197224806,-0.619537365000001,0.1678670365820213,1.5672086378413712,right
6,20,41,43,2.0547913697303475,2.1051709197224806,1.0698137258816973,0.9840055927015672,0.8516305738431817,right
6,20,42,45,2.052212218078654,2.1051709197224806,3.476441583071133,0.17516528728014036,1.717064572516449,left
6,20,43,24,2.0404836144131933,2.1051709197224806,3.796565252929982,0.8135727612736128,1.6226875803702152,left
6,20,44,33,2.0288432633231093,2.1051709197224806,0.8043020082524079,0.13110971752430245,0.8720687337419162,left
6,20,45,4,2.0188876207428526,2.1051709197224806,-0.8683425034585087,0.4707087708706943,1.2059524225791063,left
6,20,46,35,2.012982491188794,2.1051709197224806,-0.752781878361943,-0.28394588252704067,0.5488260126467533,right
6,20,47,15,1.9979333610542624,2.1051709197224806,-0.7304042887360698,0.3723378995018911,1.8856542187536989,left
6,20,48,26,1.9975232966480716,2.1051709197224806,1.0219565850688865,0.9510697164413136,0.44309325121381304,right
6,20,49,47,1.9519630956310294,2.1051709197224806,2.2099862344024253,0.1098005690289825,0.6797859999696638,right
6,25,0,28,1.7950252608309731,1.9048374166876467,1.2100287889965342,-0.2644776491692227,2.062153932406984,left
6,25,1,29,1.7840608770703144,1.9048374166876467,0.38816271830777493,-0.3191590040182082,1.525149704991805,left
6,25,2,5,1.766302569925515,1.9048374166876467,0.9509834704009588,0.6262234768103865,1.7213782097915442,left
6,25,3,7,1.7512850456133526,1.9048374166876467,2.5243920289667203,0.5531520050814267,0.4268795168061675,left
6,25,4,25,1.7512850456133526,1.9048374166876467,2.9868775171692237,-0.33538803660162053,1.6811090768347927,right
6,25,5,46,1.7483850752605399,1.9048374166876467,1.7354830208660568,0.3620496096992889,2.1642282556798933,left
6,25,6,23,1.7476106977222976,1.9048374166876467,2.683441454745796,-0.11748366333865035,1.5854031590481914,left
6,25,7,47,1.7472275651143923,1.9048374166876467,2.2099862344024253,0.1098005690289825,0.6797859999696638,right
6,25,8,43,1.7464250217002835,1.9101242268716665,1.0698137258816973,0.9840055927015672,0.8516305738431817,right
6,25,9,6,1.7439698697812462,1.9048374166876467,2.0074017527931045,0.8516418117715314,2.1655065084993645,left
6,25,10,36,1.7436673675627417,1.9048374166876467,-0.3927404140380344,-0.24366485954951805,1.5965397489968964,right
6,25,11,40,1.7436673675627417,1.9048374166876467,2.8942981177036993,0.6268616391823201,0.23028747160831986,right
6,25,12,27,1.7405335216532047,1.9048374166876467,2.542259118007242,0.2984598258796177,1.8424871169124946,right
6,25,13,0,1.7383678017098791,1.9048374166876467,2.3549294490934294,0.5562249716604311,1.5119173860401205,left
6,25,14,33,1.7372046279344007,1.9095955458532647,0.8043020082524079,0.13110971752430245,0.8720687337419162,left
6,25,15,24,1.7360262451825892,1.9048374166876467,3.796565252929982,0.8135727612736128,1.6226875803702152,left
6,25,16,2,1.722124902134939,1.9048374166876467,0.2552432422668469,0.2180290178074078,1.783690738900469,right
6,25,17,3,1.722124902134939,1.9048374166876467,1.3532167155962713,0.9157083543552957,1.2684292321156179,right
6,25,18,8,1.722124902134939,1.9048374166876467,0.29273456961505495,-0.6623587708536769,2.0740185424440543,right
6,25,19,9,1.722124902134939,1.9048374166876467,-0.48873049394193147,0.18268058829847544,1.8923947254882232,right
6,25,20,10,1.722124902134939,1.9048374166876467,2.6683499175612386,0.7979325402177222,1.1759295586656435,left
6,25,21,12,1.722124902134939,1.9048374166876467,-0.29235379596025757,0.9706229765007526,1.082784580679621,right
6,25,22,13,1.722124902134939,1.9116347440671007,-0.19413576158085555,0.3854857684493136,0.06376013513809503,left
6,25,23,14,1.722124902134939,1.9048374166876467,3.263608119382435,0.1433022041645291,0.6234456641532808,left
6,25,24,18,1.722124902134939,1.9048374166876467,-0.619537365000001,0.1678670365820213,1.5672086378413712,right
6,25,25,20,1.722124902134939,1.9048374166876467,2.031388467245063,0.2301034775843842,1.8296549834895275,left
6,25,26,22,1.722124902134939,1.9048374166876467,2.72938405971432,0.4354145453242526,1.8262900169277656,right
6,25,27,30,1.722124902134939,1.9048374166876467,2.1232315221348923,0.2479490707945904,1.297850124319686,left
6,25,28,31,1.722124902134939,1.9048374166876467,3.099536246686495,-0.6503316141313976,2.0495450102033494,right
6,25,29,32,1.722124902134939,1.9048374166876467,1.3456375576028128,0.521255264280349,0.8924174019921162,right
6,25,30,37,1.722124902134939,1.9048374166876467,-0.09182844257611977,0.2960989906428192,1.384919747859277,left
6,25,31,39,1.722124902134939,1.9048374166876467,2.7233597316382143,0.08135811305877982,0.3224707337312679,left
6,25,32,41,1.722124902134939,1.9048374166876467,2.6143274993535295,0.687128185102327,1.4212586994245047,right
6,25,33,44,1.722124902134939,1.9048374166876467,1.1964908458945844,0.9445396870153526,0.8064846308454707,right
6,25,34,48,1.722124902134939,1.9048374166876467,0.08792885998787403,-0.031235986301951124,1.6578438950599939,right
6,25,35,1,1.7221249021349387,1.9048374166876467,-0.12921709370971335,-0.3581457196686652,1.4521049834492523,left
6,25,36,4,1.7221249021349387,1.9048374166876467,-0.8683425034585087,0.4707087708706943,1.2059524225791063,left
6,25,37,11,1.7221249021349387,1.9048374166876467,2.7607857268627045,0.47919378886344344,0.7868604638388268,right
6,25,38,15,1.7221249021349387,1.9154110370556858,-0.7304042887360698,0.3723378995018911,1.8856542187536989,left
6,25,39,16,1.7221249021349387,1.9048374166876467,0.9403609985626509,0.951037095227131,1.8945918504182626,left
6,25,40,17,1.7221249021349387,1.9101242268716665,2.1080900769675885,-0.16130659239803014,2.171164757506419,left
6,25,41,19,1.7221249021349387,1.9048374166876467,2.0921124224438765,0.8195622760076591,1.0119762075569922,right
6,25,42,21,1.7221249021349387,1.9048374166876467,2.1582384165558004,0.9583831239344693,0.8737194564766799,right
6,25,43,26,1.7221249021349387,1.9048374166876467,1.0219565850688865,0.9510697164413136,0.44309325121381304,right
6,25,44,34,1.7221249021349387,1.9048374166876467,2.8688134241251393,0.1756481334723513,0.7898014151149643,right
6,25,45,35,1.7221249021349387,1.9048374166876467,-0.752781878361943,-0.28394588252704067,0.5488260126467533,right
6,25,46,38,1.7221249021349387,1.9048374166876467,1.5364551864201532,0.23722864495574691,1.0608507146752773,right
6,25,47,42,1.7221249021349387,1.9048374166876467,0.8664862031163403,0.43858304492767886,0.4934292254573398,left
6,25,48,45,1.7221249021349387,1.9048374166876467,3.476441583071133,0.17516528728014036,1.717064572516449,left
6,25,49,49,1.7221249021349387,1.9048374166876467,0.08910274310346011,0.27322764169126434,2.296622414797951,left
6,30,0,28,2.0460501662245294,2.1051709197224806,1.2100287889965342,-0.2644776491692227,2.062153932406984,left
6,30,1,16,2.0293979086171414,2.1051709197224806,0.9403609985626509,0.951037095227131,1.8945918504182626,left
6,30,2,24,2.0249197174758065,2.119512408775546,3.796565252929982,0.8135727612736128,1.6226875803702152,left
6,30,3,37,2.0169338189673423,2.1156880116947288,-0.09182844257611977,0.2960989906428192,1.384919747859277,left
6,30,4,45,2.0090871758138706,2.110706231286822,3.476441583071133,0.17516528728014036,1.717064572516449,left
6,30,5,32,1.9990063620896517,2.1226994063428943,1.3456375576028128,0.521255264280349,0.8924174019921162,right
6,30,6,29,1.9947640799702966,2.1226994063428943,0.38816271830777493,-0.3191590040182082,1.525149704991805,left
6,30,7,42,1.9832977942816625,2.121776854415504,0.8664862031163403,0.43858304492767886,0.4934292254573398,left
6,30,8,6,1.9803060896371711,2.1051709197224806,2.0074017527931045,0.8516418117715314,2.1655065084993645,left
6,30,9,38,1.9742644056193237,2.1051709197224806,1.5364551864201532,0.23722864495574691,1.0608507146752773,right
6,30,10,14,1.972753464213656,2.1139351630326875,3.263608119382435,0.1433022041645291,0.6234456641532808,left
6,30,11,25,1.9682316715233497,2.1121823143706457,2.9868775171692237,-0.33538803660162053,1.6811090768347927,right
6,30,12,5,1.9548983440484422,2.1156880116947288,0.9509834704009588,0.6262234768103865,1.7213782097915442,left
6,30,13,27,1.9534905416709791,2.1191937090188113,2.542259118007242,0.2984598258796177,1.8424871169124946,right
6,30,14,3,1.9533627073808757,2.12907340147759,1.3532167155962713,0.9157083543552957,1.2684292321156179,right
6,30,15,19,1.952181010548583,2.117543969101596,2.0921124224438765,0.8195622760076591,1.0119762075569922,right
6,30,16,8,1.9514301339766695,2.1051709197224806,0.29273456961505495,-0.6623587708536769,2.0740185424440543,right
6,30,17,17,1.9512373728044274,2.1051709197224806,2.1080900769675885,-0.16130659239803014,2.171164757506419,left
6,30,18,20,1.9488134841954166,2.1191937090188113,2.031388467245063,0.2301034775843842,1.8296549834895275,left
6,30,19,18,1.9472053169661956,2.1191937090188113,-0.619537365000001,0.1678670365820213,1.5672086378413712,right
6,30,20,23,1.9458521954160002,2.1226994063428943,2.683441454745796,-0.11748366333865035,1.5854031590481914,left
6,30,21,12,1.944045672695151,2.124292905126568,-0.29235379596025757,0.9706229765007526,1.082784580679621,right
6,30,22,0,1.943257363538272,2.1051709197224806,2.3549294490934294,0.5562249716604311,1.5119173860401205,left
6,30,23,49,1.937884243458718,2.116856577469423,0.08910274310346011,0.27322764169126434,2.296622414797951,left
6,30,24,11,1.9376098318193398,2.1248904671704456,2.7607857268627045,0.47919378886344344,0.7868604638388268,right
6,30,25,44,1.9365750152787418,2.1147319124245243,1.1964908458945844,0.9445396870153526,0.8064846308454707,right
6,30,26,7,1.9364927899304252,2.1191937090188113,2.5243920289667203,0.5531520050814267,0.4268795168061675,left
6,30,27,34,1.9351126573442674,2.118317284687791,2.8688134241251393,0.1756481334723513,0.7898014151149643,right
6,30,28,43,1.9277371182099352,2.111013748595952,1.0698137258816973,0.9840055927015672,0.8516305738431817,right
6,30,29,21,1.9275135271973196,2.1248904671704456,2.1582384165558004,0.9583831239344693,0.8737194564766799,right
6,30,30,1,1.9181979208563578,2.109553041377584,-0.12921709370971335,-0.3581457196686652,1.4521049834492523,left
6,30,31,46,1.9175463420417267,2.119512408775546,1.7354830208660568,0.3620496096992889,2.1642282556798933,left
6,30,32,31,1.91737706157678,2.1226994063428943,3.099536246686495,-0.6503316141313976,2.0495450102033494,right
6,30,33,10,1.9171444967485094,2.1226994063428943,2.6683499175612386,0.7979325402177222,1.1759295586656435,left
6,30,34,36,1.9169624109279877,2.1051709197224806,-0.3927404140380344,-0.24366485954951805,1.5965397489968964,right
6,30,35,33,1.9162699039082085,2.126205103666977,0.8043020082524079,0.13110971752430245,0.8720687337419162,left
6,30,36,26,1.9137958912839115,2.122699406342894,1.0219565850688865,0.9510697164413136,0.44309325121381304,right
6,30,37,40,1.9113508933470722,2.112683128274086,2.8942981177036993,0.6268616391823201,0.23028747160831986,right
6,30,38,41,1.9107231155137747,2.1051709197224806,2.6143274993535295,0.687128185102327,1.4212586994245047,right
6,30,39,2,1.907724099291654,2.1051709197224806,0.2552432422668469,0.2180290178074078,1.783690738900469,right
6,30,40,4,1.8988907684800869,2.1113574444120387,-0.8683425034585087,0.4707087708706943,1.2059524225791063,left
6,30,41,9,1.8965150146966772,2.120195336825692,-0.48873049394193147,0.18268058829847544,1.8923947254882232,right
6,30,42,30,1.895789558636252,2.1191937090188113,2.1232315221348923,0.2479490707945904,1.297850124319686,left
6,30,43,39,1.8880026144578763,2.1156880116947288,2.7233597316382143,0.08135811305877982,0.3224707337312679,left
6,30,44,48,1.885476877886354,2.121351061218247,0.08792885998787403,-0.031235986301951124,1.6578438950599939,right
6,30,45,47,1.8830553328727127,2.1147319124245243,2.2099862344024253,0.1098005690289825,0.6797859999696638,right
6,30,46,13,1.8530808357725448,2.1051709197224806,-0.19413576158085555,0.3854857684493136,0.06376013513809503,left
6,30,47,22,1.8325119960018466,2.1051709197224806,2.72938405971432,0.4354145453242526,1.8262900169277656,right
6,30,48,35,1.804820616769467,2.1226994063428943,-0.752781878361943,-0.28394588252704067,0.5488260126467533,right
6,30,49,15,1.7917708939917407,2.128542235216365,-0.7304042887360698,0.3723378995018911,1.8856542187536989,left
7,5,0,49,2.010732085044812,2.1051709197224806,1.7495716534118482,0.1369625381534787,0.8251305917879644,left
7,5,1,7,2.002991286321573,2.1051709197224806,1.478334495628061,0.176448158470645,0.5624469783646535,left
7,5,2,33,2.002293788114244,2.1051709197224806,2.0194113099671056,0.8683085689455299,1.0297049102581333,right
7,5,3,38,2.001185251197032,2.1051709197224806,-0.48080110012193444,0.9818174724805482,0.7399208910783519,right
7,5,4,19,1.998201966656387,2.1051709197224806,3.5427771181553327,0.18350817999838454,1.5388423003505414,left
7,5,5,11,1.9960186173970176,2.1051709197224806,3.1637225647635825,-0.057600164987340774,2.1879469005943135,left
7,5,6,16,1.9952847487490981,2.1051709197224806,3.5572910753547653,0.5958577561098617,1.7894337344027087,left
7,5,7,25,1.9896824059201605,2.1051709197224806,-0.12486790431952133,-0.47387319995459676,1.906013983228023,left
7,5,8,23,1.9864039551723274,2.1051709197224806,3.5152717849580473,-0.6160981557308486,2.103963926846067,right
7,5,9,3,1.9859010868773663,2.1051709197224806,2.6970325221380467,0.7924323470784245,1.1527952302538047,right
7,5,10,41,1.9858753107658524,2.1051709197224806,3.93481673250663,0.3474363690621085,1.5587476448268571,right
7,5,11,39,1.9852340892113334,2.1051709197224806,3.4852976339173836,-0.26150669166503554,1.9516247808006866,left
7,5,12,45,1.9851432783095282,2.1051709197224806,3.8146782670483557,0.235533346401275,0.20786443658427733,left
7,5,13,34,1.9848166443992938,2.1051709197224806,-0.3912348516299077,0.17147676742971485,1.766893997400319,left
7,5,14,36,1.982406859431987,2.1051709197224806,0.36086067036657155,0.05204524506314623,1.562394170876854,right
7,5,15,46,1.9816167999870866,2.1051709197224806,-0.9360806503476229,-0.32827877701918456,1.44408414914461,left
7,5,16,30,1.981584082874507,2.1051709197224806,1.5604493659414302,-0.6924533261637509,1.5686654681185275,left
7,5,17,10,1.9812948158705082,2.1051709197224806,1.7886537615816405,-0.1655079752939681,1.8276576290786397,right
7,5,18,37,1.9810354407925912,2.1051709197224806,0.9276195835948711,0.915863407912686,0.6336881597617725,left
7,5,19,5,1.9800392109544243,2.1051709197224806,-0.002319912640742716,0.38341590408808024,1.463872444900955,right
7,5,20,26,1.9795621678408126,2.1051709197224806,2.0550034876642638,0.5527230382706005,2.2838567815992734,left
7,5,21,15,1.9786806378098718,2.1051709197224806,-0.09682236003485634,0.9792038942768562,2.2778557641901687,left
7,5,22,29,1.9783709249542687,2.1051709197224806,1.2581269507717705,0.19503954229356446,2.0566547361046283,right
7,5,23,4,1.9781316132731497,2.1051709197224806,-0.2768126142235857,0.13962930523539974,0.19725913630315642,left
7,5,24,9,1.977551326144331,2.1051709197224806,1.087270673067744,-0.45698410210873364,1.7032086392858894,right
7,5,25,40,1.9774299096181305,2.1051709197224806,-0.3919525178084262,0.7704843023071415,0.0868786378834663,right
7,5,26,1,1.9773361438410264,2.1051709197224806,-0.3183544291880399,0.8149987950725184,1.7660993264637361,left
7,5,27,6,1.9770329081899178,2.1051709197224806,-0.7034628062873424,0.07032259247220296,1.056836356159778,left
7,5,28,42,1.9764254245461736,2.1051709197224806,0.4890303266519356,0.6355978595852947,0.25000818451495976,left
7,5,29,44,1.9763985365043903,2.1051709197224806,1.1105861853063375,-0.17244806641375587,1.627111467032469,left
7,5,30,22,1.9755652054463415,2.1051709197224806,1.013938234509833,-0.3329966007003569,1.9067590956242553,right
7,5,31,27,1.9749421195641514,2.1051709197224806,2.152993588226246,0.7437358469209616,1.6785330447753675,left
7,5,32,2,1.9743064869416849,2.1051709197224806,0.30001236478030524,-0.16165352899769747,1.7913143991146858,right
7,5,33,14,1.9710672689613329,2.1051709197224806,3.3246772443966233,0.007846641784631903,0.1959459138164763,right
7,5,34,24,1.970947471370002,2.1051709197224806,1.7058314826419307,-0.5089161871595969,1.8143050989203438,left
7,5,35,21,1.9703958778352006,2.1051709197224806,1.6212415088899457,-0.1713264416759792,1.529150775081144,right
7,5,36,20,1.9703730205677008,2.1051709197224806,1.9575526226121376,0.9888187283831542,0.2797952863394637,left
7,5,37,28,1.9699324566010703,2.1051709197224806,1.7791043658901748,0.789908948307048,0.05326764918510756,left
7,5,38,43,1.969616768696219,2.1051709197224806,2.8360071220610683,-0.3353891157344047,2.024353188079687,right
7,5,39,47,1.9684151396664462,2.1051709197224806,3.69312683032226,0.8716876940062839,1.514373887703563,right
7,5,40,31,1.9667424617440323,2.1051709197224806,1.2777244964498649,0.13535227144523676,0.5804027535776596,right
7,5,41,12,1.9663534837953498,2.1051709197224806,-0.49745602207755446,-0.6494354703542791,1.6700995804549699,right
7,5,42,13,1.9647689436800881,2.1051709197224806,3.0536074170887257,0.2739242624147774,0.5152390803327848,right
7,5,43,18,1.963960224550732,2.1051709197224806,1.798662348953051,0.3329271332663313,1.4369733222905285,right
7,5,44,48,1.9625642267989827,2.1051709197224806,0.4870588885573639,0.41322013680701586,1.5300651411977757,right
7,5,45,17,1.9621717710763926,2.1051709197224806,0.2782562579813277,0.22256923678820362,2.0231618444953177,left
7,5,46,0,1.9584513659575964,2.1051709197224806,1.1786895337187047,0.6892393708333231,0.7416727034473426,right
7,5,47,8,1.9556147742165484,2.1051709197224806,1.4402534271607843,0.8804978224550415,1.5183320906522206,left
7,5,48,35,1.9506430546917177,2.1051709197224806,3.258025879362079,0.4112573185096775,0.8418320507436603,right
7,5,49,32,1.9392015071977613,2.1051709197224806,2.505827780288274,0.2916714515528117,0.9105920760131255,right
7,10,0,6,2.0850206520615604,2.1051709197224806,-0.7034628062873424,0.07032259247220296,1.056836356159778,left
7,10,1,37,2.079009384019544,2.1051709197224806,0.9276195835948711,0.915863407912686,0.6336881597617725,left
7,10,2,16,2.075896101592299,2.1051709197224806,3.5572910753547653,0.5958577561098617,1.7894337344027087,left
7,10,3,38,2.0757964754170475,2.1051709197224806,-0.48080110012193444,0.9818174724805482,0.7399208910783519,right
7,10,4,41,2.0729283732736152,2.1051709197224806,3.93481673250663,0.3474363690621085,1.5587476448268571,right
7,10,5,39,2.067671309821288,2.1051709197224806,3.4852976339173836,-0.26150669166503554,1.9516247808006866,left
7,10,6,49,2.065931902573648,2.1051709197224806,1.7495716534118482,0.1369625381534787,0.8251305917879644,left
7,10,7,28,2.065921510096584,2.1051709197224806,1.7791043658901748,0.789908948307048,0.05326764918510756,left
7,10,8,23,2.0648997373509017,2.1051709197224806,3.5152717849580473,-0.6160981557308486,2.103963926846067,right
7,10,9,4,2.0638408797319103,2.1051709197224806,-0.2768126142235857,0.13962930523539974,0.19725913630315642,left
7,10,10,42,2.0622456183061724,2.1051709197224806,0.4890303266519356,0.6355978595852947,0.25000818451495976,left
7,10,11,45,2.061475989370813,2.1051709197224806,3.8146782670483557,0.235533346401275,0.20786443658427733,left
7,10,12,27,2.0594371422821838,2.1051709197224806,2.152993588226246,0.7437358469209616,1.6785330447753675,left
7,10,13,19,2.05895226825508,2.1051709197224806,3.5427771181553327,0.18350817999838454,1.5388423003505414,left
7,10,14,29,2.058929956063199,2.1051709197224806,1.2581269507717705,0.19503954229356446,2.0566547361046283,right
7,10,15,7,2.058067521464656,2.1051709197224806,1.478334495628061,0.176448158470645,0.5624469783646535,left
7,10,16,43,2.057466861065159,2.1051709197224806,2.8360071220610683,-0.3353891157344047,2.024353188079687,right
7,10,17,20,2.0572008522883527,2.1051709197224806,1.9575526226121376,0.9888187283831542,0.2797952863394637,left
7,10,18,12,2.056954251978474,2.1051709197224806,-0.49745602207755446,-0.6494354703542791,1.6700995804549699,right
7,10,19,9,2.0561707082878162,2.1051709197224806,1.087270673067744,-0.45698410210873364,1.7032086392858894,right
7,10,20,40,2.056158578867435,2.1051709197224806,-0.3919525178084262,0.7704843023071415,0.0868786378834663,right
7,10,21,1,2.0559081832771833,2.1051709197224806,-0.3183544291880399,0.8149987950725184,1.7660993264637361,left
7,10,22,14,2.0552559974290663,2.1051709197224806,3.3246772443966233,0.007846641784631903,0.1959459138164763,right
7,10,23,31,2.0550241209931692,2.1051709197224806,1.2777244964498649,0.13535227144523676,0.5804027535776596,right
7,10,24,0,2.0549416258262347,2.1051709197224806,1.1786895337187047,0.6892393708333231,0.7416727034473426,right
7,10,25,10,2.054830874817362,2.1051709197224806,1.7886537615816405,-0.1655079752939681,1.8276576290786397,right
7,10,26,11,2.054333673334119,2.1051709197224806,3.1637225647635825,-0.057600164987340774,2.1879469005943135,left
7,10,27,17,2.0543090637964134,2.1051709197224806,0.2782562579813277,0.22256923678820362,2.0231618444953177,left
7,10,28,44,2.054167772549023,2.1051709197224806,1.1105861853063375,-0.17244806641375587,1.627111467032469,left
7,10,29,48,2.0534420654130985,2.1051709197224806,0.4870588885573639,0.41322013680701586,1.5300651411977757,right
7,10,30,30,2.05259989384989,2.1051709197224806,1.5604493659414302,-0.6924533261637509,1.5686654681185275,left
7,10,31,36,2.0519283118426053,2.1051709197224806,0.36086067036657155,0.05204524506314623,1.562394170876854,right
7,10,32,5,2.0513972626733423,2.1051709197224806,-0.002319912640742716,0.38341590408808024,1.463872444900955,right
7,10,33,46,2.051139205068423,2.1051709197224806,-0.9360806503476229,-0.32827877701918456,1.44408414914461,left
7,10,34,22,2.0504202088863503,2.1051709197224806,1.013938234509833,-0.3329966007003569,1.9067590956242553,right
7,10,35,21,2.0484547946109184,2.1051709197224806,1.6212415088899457,-0.1713264416759792,1.529150775081144,right
7,10,36,26,2.047699316315226,2.1051709197224806,2.0550034876642638,0.5527230382706005,2.2838567815992734,left
7,10,37,3,2.0469946333772584,2.1051709197224806,2.6970325221380467,0.7924323470784245,1.1527952302538047,right
7,10,38,47,2.044436956175506,2.1051709197224806,3.69312683032226,0.8716876940062839,1.514373887703563,right
7,10,39,24,2.0443893017722394,2.1051709197224806,1.7058314826419307,-0.5089161871595969,1.8143050989203438,left
7,10,40,8,2.044379574673685,2.1051709197224806,1.4402534271607843,0.8804978224550415,1.5183320906522206,left
7,10,41,13,2.043399116105786,2.1051709197224806,3.0536074170887257,0.2739242624147774,0.5152390803327848,right
7,10,42,34,2.040294800527867,2.1051709197224806,-0.3912348516299077,0.17147676742971485,1.766893997400319,left
7,10,43,15,2.0402107924285424,2.1051709197224806,-0.09682236003485634,0.9792038942768562,2.2778557641901687,left
7,10,44,2,2.038656162316205,2.1051709197224806,0.30001236478030524,-0.16165352899769747,1.7913143991146858,right
7,10,45,25,2.0384764992748936,2.1051709197224806,-0.12486790431952133,-0.47387319995459676,1.906013983228023,left
7,10,46,33,2.037619316384044,2.1051709197224806,2.0194113099671056,0.8683085689455299,1.0297049102581333,right
7,10,47,18,2.0315490669414524,2.1051709197224806,1.798662348953051,0.3329271332663313,1.4369733222905285,right
7,10,48,35,2.0289170167655266,2.1051709197224806,3.258025879362079,0.4112573185096775,0.8418320507436603,right
7,10,49,32,2.0245140234752474,2.1051709197224806,2.505827780288274,0.2916714515528117,0.9105920760131255,right
7,15,0,0,2.1922978762800156,2.1051709197224806,1.1786895337187047,0.6892393708333231,0.7416727034473426,right
7,15,1,37,2.1800194472804795,2.1051709197224806,0.9276195835948711,0.915863407912686,0.6336881597617725,left
7,15,2,27,2.1777637327377146,2.1051709197224806,2.152993588226246,0.7437358469209616,1.6785330447753675,left
7,15,3,36,2.1745051508299382,2.1051709197224806,0.36086067036657155,0.05204524506314623,1.562394170876854,right
7,15,4,33,2.174016187473654,2.1051709197224806,2.0194113099671056,0.8683085689455299,1.0297049102581333,right
7,15,5,17,2.1695155730518216,2.1051709197224806,0.2782562579813277,0.22256923678820362,2.0231618444953177,left
7,15,6,12,2.1680739971196177,2.1051709197224806,-0.49745602207755446,-0.6494354703542791,1.6700995804549699,right
7,15,7,48,2.167322021621385,2.1051709197224806,0.4870588885573639,0.41322013680701586,1.5300651411977757,right
7,15,8,47,2.1671667954876543,2.1051709197224806,3.69312683032226,0.8716876940062839,1.514373887703563,right
7,15,9,20,2.1626081969937676,2.1051709197224806,1.9575526226121376,0.9888187283831542,0.2797952863394637,left
7,15,10,40,2.1622646991047123,2.1051709197224806,-0.3919525178084262,0.7704843023071415,0.0868786378834663,right
7,15,11,15,2.162225355934667,2.1051709197224806,-0.09682236003485634,0.9792038942768562,2.2778557641901687,left
7,15,12,32,2.162212848589863,2.1051709197224806,2.505827780288274,0.2916714515528117,0.9105920760131255,right
7,15,13,3,2.1621344463580656,2.1051709197224806,2.6970325221380467,0.7924323470784245,1.1527952302538047,right
7,15,14,5,2.162110905598614,2.1051709197224806,-0.002319912640742716,0.38341590408808024,1.463872444900955,right
7,15,15,16,2.1591643438770056,2.1051709197224806,3.5572910753547653,0.5958577561098617,1.7894337344027087,left
7,15,16,8,2.1589569739455676,2.1051709197224806,1.4402534271607843,0.8804978224550415,1.5183320906522206,left
7,15,17,42,2.1584121062750103,2.1051709197224806,0.4890303266519356,0.6355978595852947,0.25000818451495976,left
7,15,18,10,2.1578002769879037,2.1051709197224806,1.7886537615816405,-0.1655079752939681,1.8276576290786397,right
7,15,19,11,2.1563262833492995,2.1051709197224806,3.1637225647635825,-0.057600164987340774,2.1879469005943135,left
7,15,20,38,2.155409154538799,2.1051709197224806,-0.48080110012193444,0.9818174724805482,0.7399208910783519,right
7,15,21,25,2.1551914873104696,2.1051709197224806,-0.12486790431952133,-0.47387319995459676,1.906013983228023,left
7,15,22,28,2.153454667069046,2.1051709197224806,1.7791043658901748,0.789908948307048,0.05326764918510756,left
7,15,23,26,2.1534140231331937,2.1051709197224806,2.0550034876642638,0.5527230382706005,2.2838567815992734,left
7,15,24,9,2.1528239068623014,2.1051709197224806,1.087270673067744,-0.45698410210873364,1.7032086392858894,right
7,15,25,49,2.151618636050876,2.1051709197224806,1.7495716534118482,0.1369625381534787,0.8251305917879644,left
7,15,26,6,2.151605636678943,2.1051709197224806,-0.7034628062873424,0.07032259247220296,1.056836356159778,left
7,15,27,34,2.1515814437947016,2.1051709197224806,-0.3912348516299077,0.17147676742971485,1.766893997400319,left
7,15,28,45,2.1485437630932482,2.1051709197224806,3.8146782670483557,0.235533346401275,0.20786443658427733,left
7,15,29,18,2.1480141808078472,2.1051709197224806,1.798662348953051,0.3329271332663313,1.4369733222905285,right
7,15,30,14,2.146112909035457,2.1051709197224806,3.3246772443966233,0.007846641784631903,0.1959459138164763,right
7,15,31,21,2.1459500385835897,2.1051709197224806,1.6212415088899457,-0.1713264416759792,1.529150775081144,right
7,15,32,1,2.1451789333484053,2.1051709197224806,-0.3183544291880399,0.8149987950725184,1.7660993264637361,left
7,15,33,22,2.145166028167716,2.1051709197224806,1.013938234509833,-0.3329966007003569,1.9067590956242553,right
7,15,34,35,2.144544515781556,2.1051709197224806,3.258025879362079,0.4112573185096775,0.8418320507436603,right
7,15,35,29,2.144300175343023,2.1051709197224806,1.2581269507717705,0.19503954229356446,2.0566547361046283,right
7,15,36,19,2.143462129223069,2.1051709197224806,3.5427771181553327,0.18350817999838454,1.5388423003505414,left
7,15,37,4,2.1429959803701495,2.1051709197224806,-0.2768126142235857,0.13962930523539974,0.19725913630315642,left
7,15,38,39,2.142392329307174,2.1051709197224806,3.4852976339173836,-0.26150669166503554,1.9516247808006866,left
7,15,39,46,2.141236925813415,2.1051709197224806,-0.9360806503476229,-0.32827877701918456,1.44408414914461,left
7,15,40,23,2.1410875207066375,2.1051709197224806,3.5152717849580473,-0.6160981557308486,2.103963926846067,right
7,15,41,7,2.140961593429487,2.1051709197224806,1.478334495628061,0.176448158470645,0.5624469783646535,left
7,15,42,13,2.1402278451442376,2.1051709197224806,3.0536074170887257,0.2739242624147774,0.5152390803327848,right
7,15,43,24,2.1399263021463284,2.1051709197224806,1.7058314826419307,-0.5089161871595969,1.8143050989203438,left
7,15,44,30,2.137481377659822,2.1051709197224806,1.5604493659414302,-0.6924533261637509,1.5686654681185275,left
7,15,45,2,2.13501848521597,2.1051709197224806,0.30001236478030524,-0.16165352899769747,1.7913143991146858,right
7,15,46,43,2.133463443836286,2.1051709197224806,2.8360071220610683,-0.3353891157344047,2.024353188079687,right
7,15,47,31,2.1325845351340433,2.1051709197224806,1.2777244964498649,0.13535227144523676,0.5804027535776596,right
7,15,48,44,2.1265690123923218,2.1051709197224806,1.1105861853063375,-0.17244806641375587,1.627111467032469,left
7,15,49,41,2.1233245003238306,2.1051709197224806,3.93481673250663,0.3474363690621085,1.5587476448268571,right
7,20,0,33,2.2824648085494372,2.1051709197224806,2.0194113099671056,0.8683085689455299,1.0297049102581333,right
7,20,1,15,2.263839154640136,2.1051709197224806,-0.09682236003485634,0.9792038942768562,2.2778557641901687,left
7,20,2,0,2.241557152156742,2.1051709197224806,1.1786895337187047,0.6892393708333231,0.7416727034473426,right
7,20,3,47,2.2404193228519707,2.1051709197224806,3.69312683032226,0.8716876940062839,1.514373887703563,right
7,20,4,29,2.2391737840229267,2.1051709197224806,1.2581269507717705,0.19503954229356446,2.0566547361046283,right
7,20,5,48,2.235308738161436,2.1051709197224806,0.4870588885573639,0.41322013680701586,1.5300651411977757,right
7,20,6,43,2.2255887485574375,2.1051709197224806,2.8360071220610683,-0.3353891157344047,2.024353188079687,right
7,20,7,20,2.225071452758472,2.1051709197224806,1.9575526226121376,0.9888187283831542,0.2797952863394637,left
7,20,8,17,2.2239282523285144,2.1051709197224806,0.2782562579813277,0.22256923678820362,2.0231618444953177,left
7,20,9,3,2.223057334563001,2.1051709197224806,2.6970325221380467,0.7924323470784245,1.1527952302538047,right
7,20,10,38,2.222812611689857,2.1051709197224806,-0.48080110012193444,0.9818174724805482,0.7399208910783519,right
7,20,11,34,2.218518930365964,2.1051709197224806,-0.3912348516299077,0.17147676742971485,1.766893997400319,left
7,20,12,42,2.2173390378763433,2.1051709197224806,0.4890303266519356,0.6355978595852947,0.25000818451495976,left
7,20,13,14,2.212697121090709,2.1139351630326875,3.3246772443966233,0.007846641784631903,0.1959459138164763,right
7,20,14,13,2.2119424124597025,2.1051709197224806,3.0536074170887257,0.2739242624147774,0.5152390803327848,right
7,20,15,5,2.211614601250307,2.1156880116947288,-0.002319912640742716,0.38341590408808024,1.463872444900955,right
7,20,16,26,2.2108396365975107,2.1051709197224806,2.0550034876642638,0.5527230382706005,2.2838567815992734,left
7,20,17,1,2.210608215241475,2.1051709197224806,-0.3183544291880399,0.8149987950725184,1.7660993264637361,left
7,20,18,27,2.2104664932565274,2.1051709197224806,2.152993588226246,0.7437358469209616,1.6785330447753675,left
7,20,19,25,2.2097124454890285,2.1051709197224806,-0.12486790431952133,-0.47387319995459676,1.906013983228023,left
7,20,20,4,2.2094155884736315,2.117543969101596,-0.2768126142235857,0.13962930523539974,0.19725913630315642,left
7,20,21,40,2.2091616835749566,2.1051709197224806,-0.3919525178084262,0.7704843023071415,0.0868786378834663,right
7,20,22,28,2.2086753143341604,2.1051709197224806,1.7791043658901748,0.789908948307048,0.05326764918510756,left
7,20,23,16,2.208051356098152,2.1051709197224806,3.5572910753547653,0.5958577561098617,1.7894337344027087,left
7,20,24,23,2.2057567974755043,2.1139351630326875,3.5152717849580473,-0.6160981557308486,2.103963926846067,right
7,20,25,9,2.2053602397465877,2.1051709197224806,1.087270673067744,-0.45698410210873364,1.7032086392858894,right
7,20,26,10,2.2044114116969356,2.1051709197224806,1.7886537615816405,-0.1655079752939681,1.8276576290786397,right
7,20,27,19,2.2043481800502183,2.1051709197224806,3.5427771181553327,0.18350817999838454,1.5388423003505414,left
7,20,28,30,2.2026435809576586,2.1121823143706457,1.5604493659414302,-0.6924533261637509,1.5686654681185275,left
7,20,29,12,2.2018774596531796,2.1051709197224806,-0.49745602207755446,-0.6494354703542791,1.6700995804549699,right
7,20,30,39,2.201784389530453,2.1051709197224806,3.4852976339173836,-0.26150669166503554,1.9516247808006866,left
7,20,31,24,2.201505714966925,2.1051709197224806,1.7058314826419307,-0.5089161871595969,1.8143050989203438,left
7,20,32,44,2.2008334906044507,2.1051709197224806,1.1105861853063375,-0.17244806641375587,1.627111467032469,left
7,20,33,7,2.1997947136346054,2.1051709197224806,1.478334495628061,0.176448158470645,0.5624469783646535,left
7,20,34,11,2.1996318966546835,2.1051709197224806,3.1637225647635825,-0.057600164987340774,2.1879469005943135,left
7,20,35,2,2.1968112006735026,2.1151871977912884,0.30001236478030524,-0.16165352899769747,1.7913143991146858,right
7,20,36,41,2.1967651094154625,2.1051709197224806,3.93481673250663,0.3474363690621085,1.5587476448268571,right
7,20,37,31,2.195076390046963,2.1051709197224806,1.2777244964498649,0.13535227144523676,0.5804027535776596,right
7,20,38,49,2.1948374003715894,2.1051709197224806,1.7495716534118482,0.1369625381534787,0.8251305917879644,left
7,20,39,6,2.1945929020937864,2.1051709197224806,-0.7034628062873424,0.07032259247220296,1.056836356159778,left
7,20,40,36,2.192390100570166,2.1051709197224806,0.36086067036657155,0.05204524506314623,1.562394170876854,right
7,20,41,32,2.192130834071955,2.1051709197224806,2.505827780288274,0.2916714515528117,0.9105920760131255,right
7,20,42,22,2.190721636745165,2.1051709197224806,1.013938234509833,-0.3329966007003569,1.9067590956242553,right
7,20,43,8,2.179404864501115,2.1051709197224806,1.4402534271607843,0.8804978224550415,1.5183320906522206,left
7,20,44,45,2.179337652251248,2.1051709197224806,3.8146782670483557,0.235533346401275,0.20786443658427733,left
7,20,45,37,2.179044745868246,2.1051709197224806,0.9276195835948711,0.915863407912686,0.6336881597617725,left
7,20,46,35,2.168114472045043,2.1051709197224806,3.258025879362079,0.4112573185096775,0.8418320507436603,right
7,20,47,46,2.167594601565635,2.1099514160735025,-0.9360806503476229,-0.32827877701918456,1.44408414914461,left
7,20,48,21,2.16555877629252,2.1051709197224806,1.6212415088899457,-0.1713264416759792,1.529150775081144,right
7,20,49,18,2.156130620275253,2.1051709197224806,1.798662348953051,0.3329271332663313,1.4369733222905285,right
7,25,0,15,3.12028977399852,2.1051709197224806,-0.09682236003485634,0.9792038942768562,2.2778557641901687,left
7,25,1,1,3.1099853524549568,2.1051709197224806,-0.3183544291880399,0.8149987950725184,1.7660993264637361,left
7,25,2,28,3.103467644803228,2.1051709197224806,1.7791043658901748,0.789908948307048,0.05326764918510756,left
7,25,3,39,3.1014052416384565,2.1051709197224806,3.4852976339173836,-0.26150669166503554,1.9516247808006866,left
7,25,4,27,3.0967057182603295,2.1051709197224806,2.152993588226246,0.7437358469209616,1.6785330447753675,left
7,25,5,8,3.0562015337989115,2.1051709197224806,1.4402534271607843,0.8804978224550415,1.5183320906522206,left
7,25,6,2,3.046846159155258,2.1051709197224806,0.30001236478030524,-0.16165352899769747,1.7913143991146858,right
7,25,7,5,3.04141743031823,2.1051709197224806,-0.002319912640742716,0.38341590408808024,1.463872444900955,right
7,25,8,48,3.036518828263008,2.1051709197224806,0.4870588885573639,0.41322013680701586,1.5300651411977757,right
7,25,9,16,3.0322650404849263,2.1051709197224806,3.5572910753547653,0.5958577561098617,1.7894337344027087,left
7,25,10,34,3.0244618856006564,2.1051709197224806,-0.3912348516299077,0.17147676742971485,1.766893997400319,left
7,25,11,12,3.021350139991914,2.1051709197224806,-0.49745602207755446,-0.6494354703542791,1.6700995804549699,right
7,25,12,43,3.0204876634321547,2.1051709197224806,2.8360071220610683,-0.3353891157344047,2.024353188079687,right
7,25,13,13,3.015531772680549,2.1051709197224806,3.0536074170887257,0.2739242624147774,0.5152390803327848,right
7,25,14,4,3.014445123334328,2.1051709197224806,-0.2768126142235857,0.13962930523539974,0.19725913630315642,left
7,25,15,33,3.00316322026244,2.1051709197224806,2.0194113099671056,0.8683085689455299,1.0297049102581333,right
7,25,16,9,3.000000321464646,2.1051709197224806,1.087270673067744,-0.45698410210873364,1.7032086392858894,right
7,25,17,7,2.993404894732037,2.1051709197224806,1.478334495628061,0.176448158470645,0.5624469783646535,left
7,25,18,24,2.9921869568169157,2.1051709197224806,1.7058314826419307,-0.5089161871595969,1.8143050989203438,left
7,25,19,29,2.989609633180142,2.1051709197224806,1.2581269507717705,0.19503954229356446,2.0566547361046283,right
7,25,20,26,2.988636584421732,2.1051709197224806,2.0550034876642638,0.5527230382706005,2.2838567815992734,left
7,25,21,25,2.986314664852215,2.1051709197224806,-0.12486790431952133,-0.47387319995459676,1.906013983228023,left
7,25,22,46,2.9793103265175316,2.1051709197224806,-0.9360806503476229,-0.32827877701918456,1.44408414914461,left
7,25,23,21,2.975627904055659,2.1051709197224806,1.6212415088899457,-0.1713264416759792,1.529150775081144,right
7,25,24,22,2.9640862895193685,2.1051709197224806,1.013938234509833,-0.3329966007003569,1.9067590956242553,right
7,25,25,3,2.962410476463444,2.1051709197224806,2.6970325221380467,0.7924323470784245,1.1527952302538047,right
7,25,26,17,2.9560766748141054,2.1051709197224806,0.2782562579813277,0.22256923678820362,2.0231618444953177,left
7,25,27,36,2.944177840313663,2.1051709197224806,0.36086067036657155,0.05204524506314623,1.562394170876854,right
7,25,28,6,2.93398232037663,2.1051709197224806,-0.7034628062873424,0.07032259247220296,1.056836356159778,left
7,25,29,49,2.932608136640788,2.1051709197224806,1.7495716534118482,0.1369625381534787,0.8251305917879644,left
7,25,30,41,2.9298188172837034,2.1051709197224806,3.93481673250663,0.3474363690621085,1.5587476448268571,right
7,25,31,47,2.929579692685203,2.1051709197224806,3.69312683032226,0.8716876940062839,1.514373887703563,right
7,25,32,19,2.928682479960708,2.1051709197224806,3.5427771181553327,0.18350817999838454,1.5388423003505414,left
7,25,33,20,2.9259498208639507,2.1051709197224806,1.9575526226121376,0.9888187283831542,0.2797952863394637,left
7,25,34,42,2.924409948058075,2.1051709197224806,0.4890303266519356,0.6355978595852947,0.25000818451495976,left
7,25,35,44,2.920921244743488,2.1051709197224806,1.1105861853063375,-0.17244806641375587,1.627111467032469,left
7,25,36,0,2.9205405862504805,2.1051709197224806,1.1786895337187047,0.6892393708333231,0.7416727034473426,right
7,25,37,10,2.9132589115181187,2.1051709197224806,1.7886537615816405,-0.1655079752939681,1.8276576290786397,right
7,25,38,31,2.9086482826240965,2.1051709197224806,1.2777244964498649,0.13535227144523676,0.5804027535776596,right
7,25,39,37,2.894723810816119,2.1051709197224806,0.9276195835948711,0.915863407912686,0.6336881597617725,left
7,25,40,30,2.889796768796467,2.1051709197224806,1.5604493659414302,-0.6924533261637509,1.5686654681185275,left
7,25,41,14,2.8872834036944894,2.1051709197224806,3.3246772443966233,0.007846641784631903,0.1959459138164763,right
7,25,42,35,2.8789894303299044,2.1051709197224806,3.258025879362079,0.4112573185096775,0.8418320507436603,right
7,25,43,23,2.8727659176304043,2.1051709197224806,3.5152717849580473,-0.6160981557308486,2.103963926846067,right
7,25,44,18,2.86855347547091,2.1051709197224806,1.798662348953051,0.3329271332663313,1.4369733222905285,right
7,25,45,11,2.8652983127473535,2.1051709197224806,3.1637225647635825,-0.057600164987340774,2.1879469005943135,left
7,25,46,38,2.8531471947632534,2.1051709197224806,-0.48080110012193444,0.9818174724805482,0.7399208910783519,right
7,25,47,32,2.84928118277566,2.1051709197224806,2.505827780288274,0.2916714515528117,0.9105920760131255,right
7,25,48,45,2.8489315885329662,2.1051709197224806,3.8146782670483557,0.235533346401275,0.20786443658427733,left
7,25,49,40,2.834317818253855,2.1051709197224806,-0.3919525178084262,0.7704843023071415,0.0868786378834663,right
7,30,0,15,3.0094842568100484,2.116856577469423,-0.09682236003485634,0.9792038942768562,2.2778557641901687,left
7,30,1,48,2.9334160824008797,2.12944113196613,0.4870588885573639,0.41322013680701586,1.5300651411977757,right
7,30,2,35,2.885216273173514,2.1226994063428943,3.258025879362079,0.4112573185096775,0.8418320507436603,right
7,30,3,17,2.8843502336360993,2.116856577469423,0.2782562579813277,0.22256923678820362,2.0231618444953177,left
7,30,4,36,2.867774662439702,2.112683128274086,0.36086067036657155,0.05204524506314623,1.562394170876854,right
7,30,5,34,2.849281827651067,2.118317284687791,-0.3912348516299077,0.17147676742971485,1.766893997400319,left
7,30,6,16,2.8404427261221445,2.122699406342894,3.5572910753547653,0.5958577561098617,1.7894337344027087,left
7,30,7,33,2.8397888915474017,2.1156880116947288,2.0194113099671056,0.8683085689455299,1.0297049102581333,right
7,30,8,0,2.8248757147094397,2.136103543170269,1.1786895337187047,0.6892393708333231,0.7416727034473426,right
7,30,9,8,2.8246506369901145,2.126205103666977,1.4402534271607843,0.8804978224550415,1.5183320906522206,left
7,30,10,44,2.815290977523329,2.1338538978286117,1.1105861853063375,-0.17244806641375587,1.627111467032469,left
7,30,11,46,2.8150786532384053,2.1099514160735025,-0.9360806503476229,-0.32827877701918456,1.44408414914461,left
7,30,12,1,2.814551329660619,2.118317284687791,-0.3183544291880399,0.8149987950725184,1.7660993264637361,left
7,30,13,32,2.80492533470363,2.1139351630326875,2.505827780288274,0.2916714515528117,0.9105920760131255,right
7,30,14,11,2.8046027366219644,2.118317284687791,3.1637225647635825,-0.057600164987340774,2.1879469005943135,left
7,30,15,27,2.7940127876019423,2.1051709197224806,2.152993588226246,0.7437358469209616,1.6785330447753675,left
7,30,16,5,2.7925925050824003,2.1051709197224806,-0.002319912640742716,0.38341590408808024,1.463872444900955,right
7,30,17,49,2.7876276962939466,2.116856577469423,1.7495716534118482,0.1369625381534787,0.8251305917879644,left
7,30,18,22,2.785343426300839,2.1352197539289035,1.013938234509833,-0.3329966007003569,1.9067590956242553,right
7,30,19,18,2.784233822964497,2.126205103666977,1.798662348953051,0.3329271332663313,1.4369733222905285,right
7,30,20,38,2.7779657554139705,2.123730493791154,-0.48080110012193444,0.9818174724805482,0.7399208910783519,right
7,30,21,12,2.7756850635327135,2.1147319124245243,-0.49745602207755446,-0.6494354703542791,1.6700995804549699,right
7,30,22,41,2.7751060138513433,2.1139351630326875,3.93481673250663,0.3474363690621085,1.5587476448268571,right
7,30,23,3,2.7743464091810073,2.1099514160735025,2.6970325221380467,0.7924323470784245,1.1527952302538047,right
7,30,24,23,2.7711583722699435,2.1139351630326875,3.5152717849580473,-0.6160981557308486,2.103963926846067,right
7,30,25,39,2.770887550416508,2.1156880116947288,3.4852976339173836,-0.26150669166503554,1.9516247808006866,left
7,30,26,42,2.757042611391271,2.110706231286822,0.4890303266519356,0.6355978595852947,0.25000818451495976,left
7,30,27,13,2.7563272396032037,2.127707545377298,3.0536074170887257,0.2739242624147774,0.5152390803327848,right
7,30,28,9,2.750071827254469,2.112683128274086,1.087270673067744,-0.45698410210873364,1.7032086392858894,right
7,30,29,31,2.7491576410328866,2.1139351630326875,1.2777244964498649,0.13535227144523676,0.5804027535776596,right
7,30,30,26,2.730409695845816,2.122699406342894,2.0550034876642638,0.5527230382706005,2.2838567815992734,left
7,30,31,40,2.730039060481544,2.112683128274086,-0.3919525178084262,0.7704843023071415,0.0868786378834663,right
7,30,32,21,2.722348470553551,2.1117441022051358,1.6212415088899457,-0.1713264416759792,1.529150775081144,right
7,30,33,6,2.720958872960531,2.112683128274086,-0.7034628062873424,0.07032259247220296,1.056836356159778,left
7,30,34,2,2.7148815231648866,2.125203475860096,0.30001236478030524,-0.16165352899769747,1.7913143991146858,right
7,30,35,47,2.712989939754772,2.1051709197224806,3.69312683032226,0.8716876940062839,1.514373887703563,right
7,30,36,7,2.7105119141517537,2.1191937090188113,1.478334495628061,0.176448158470645,0.5624469783646535,left
7,30,37,37,2.704120958644517,2.1156880116947288,0.9276195835948711,0.915863407912686,0.6336881597617725,left
7,30,38,25,2.6948563065361673,2.126205103666977,-0.12486790431952133,-0.47387319995459676,1.906013983228023,left
7,30,39,43,2.6924571140307965,2.111013748595952,2.8360071220610683,-0.3353891157344047,2.024353188079687,right
7,30,40,24,2.686242721460804,2.1147319124245243,1.7058314826419307,-0.5089161871595969,1.8143050989203438,left
7,30,41,4,2.662035414011997,2.1113574444120387,-0.2768126142235857,0.13962930523539974,0.19725913630315642,left
7,30,42,14,2.6605622251960854,2.1226994063428943,3.3246772443966233,0.007846641784631903,0.1959459138164763,right
7,30,43,45,2.655551018032821,2.121776854415504,3.8146782670483557,0.235533346401275,0.20786443658427733,left
7,30,44,19,2.6539281158422945,2.1113574444120387,3.5427771181553327,0.18350817999838454,1.5388423003505414,left
7,30,45,28,2.65121111030306,2.1226994063428943,1.7791043658901748,0.789908948307048,0.05326764918510756,left
7,30,46,30,2.6292626723247485,2.126205103666977,1.5604493659414302,-0.6924533261637509,1.5686654681185275,left
7,30,47,10,2.623268116604323,2.1226994063428943,1.7886537615816405,-0.1655079752939681,1.8276576290786397,right
7,30,48,29,2.613460550938157,2.1139351630326875,1.2581269507717705,0.19503954229356446,2.0566547361046283,right
7,30,49,20,2.556318417091373,2.1191937090188113,1.9575526226121376,0.9888187283831542,0.2797952863394637,left
8,5,0,14,2.0555132031693946,2.1051709197224806,-0.8054576632309653,0.7065981582821879,1.157052600363502,left
8,5,1,20,2.0516471969663987,2.1051709197224806,1.91111741084565,0.18110626264560625,0.9312539395084377,right
8,5,2,35,2.0479693170706885,2.1051709197224806,1.2417964961516597,-0.2876915036748737,2.0839249322796656,left
8,5,3,28,2.044309823935108,2.1051709197224806,3.9210753957664615,0.5284690148955187,1.2881652567463748,right
8,5,4,6,2.042634636435257,2.1051709197224806,1.2162317908883256,0.9491925353503319,0.6427986246383871,right
8,5,5,38,2.042238269251971,2.1051709197224806,0.6548287519756677,0.9507308661732028,1.5917214744625545,left
8,5,6,5,2.0407238814130695,2.1051709197224806,0.8642170887287846,0.9988367677750487,0.16552668877898963,right
8,5,7,30,2.0398155530043507,2.1051709197224806,-0.06572780157296088,0.48667706362351937,1.7469859648872084,right
8,5,8,26,2.038690599670965,2.1051709197224806,3.9617284530190062,-0.3860052010387509,1.6916377899440842,right
8,5,9,9,2.0379167706337658,2.1051709197224806,3.0809397866152084,-0.18989992416007573,1.4832397468893896,left
8,5,10,39,2.0367173055612326,2.1051709197224806,2.1842912119859657,0.9875396065937276,1.4069929549498206,left
8,5,11,27,2.0362868552685223,2.1051709197224806,-0.4842867911919082,-0.1174472579831578,1.7591443043873967,left
8,5,12,42,2.0357355277851426,2.1051709197224806,1.4359535752519754,0.814286790196123,0.35466067576408933,right
8,5,13,29,2.035121766981021,2.1051709197224806,3.338310673534166,-0.37791502215034023,2.156760872042235,left
8,5,14,19,2.034811129471442,2.1051709197224806,-0.5950873555295324,0.28930819168084165,1.7121495050370268,left
8,5,15,49,2.03442410483828,2.1051709197224806,0.19009203165605149,0.25788203463804926,1.0646743314842153,left
8,5,16,2,2.033247477513658,2.1051709197224806,3.3752075927979135,0.5978312052656578,1.8047925070082702,left
8,5,17,11,2.0330566678324113,2.1051709197224806,-0.893897785349049,0.8353107519114169,0.2859033895655079,left
8,5,18,36,2.0326908970582798,2.1051709197224806,0.021734011912262652,0.5372853350150275,1.084096547340551,right
8,5,19,41,2.032461449769852,2.1051709197224806,1.215944769452241,0.17423762781514962,1.918276472451743,right
8,5,20,45,2.032225540325844,2.1051709197224806,3.674227214820375,0.2717842303335677,2.250306522047602,left
8,5,21,7,2.0316916427793195,2.1051709197224806,3.575564261605101,0.1381758877359397,0.7919176225839546,right
8,5,22,48,2.031592243954842,2.1051709197224806,1.9464545404855649,0.007622546414808418,0.8928803432048985,right
8,5,23,46,2.0313431031352485,2.1051709197224806,-0.37566889596480435,0.6839206802579629,0.8210412725254673,right
8,5,24,22,2.0308861173378183,2.1051709197224806,1.5251928579201932,-0.004019598968470484,1.458841432278311,left
8,5,25,43,2.0306734341520265,2.1051709197224806,1.8061747489561357,0.036030085443258364,2.0644281127965423,left
8,5,26,13,2.0300743207959773,2.1051709197224806,1.7530631989994396,0.9075150536658314,1.922278813470126,right
8,5,27,47,2.0300334004906206,2.1051709197224806,1.4333847563203626,0.03115949254788597,1.7174632967137815,left
8,5,28,16,2.0290766370434707,2.1051709197224806,0.5131832473035196,-0.485135222697034,2.0114458105370416,right
8,5,29,44,2.028904581205284,2.1051709197224806,-0.8142634742136026,0.321389135432689,1.9432341783306428,right
8,5,30,3,2.028785120969637,2.1051709197224806,-0.10542986984953229,-0.6340715161200532,0.5311083718083683,left
8,5,31,15,2.0278924714422377,2.1051709197224806,-0.3645221524143546,0.6833433156263478,2.056006648980858,right
8,5,32,4,2.0278820634097774,2.1051709197224806,-0.5356743689536916,-0.551013845785089,1.7890571380737275,right
8,5,33,0,2.0278233891981534,2.1051709197224806,3.597895317258752,0.2754369291291622,0.23678527405339023,right
8,5,34,21,2.0278163736367976,2.1051709197224806,2.8995883748120264,0.6739869515113319,1.7829514097190373,left
8,5,35,31,2.0260025594485365,2.1051709197224806,0.7811536357360351,0.43529848917099834,1.381840604219807,right
8,5,36,34,2.0245201925138216,2.1051709197224806,0.7989305138552769,0.009451077601608682,0.4949963312771396,left
8,5,37,8,2.0240391034297964,2.1051709197224806,2.300258549663923,-0.11957908521051164,1.4988232856391235,left
8,5,38,32,2.0238428567598015,2.1051709197224806,1.2696966762973907,0.9985785257279625,2.1154181309360607,left
8,5,39,17,2.0233042207912657,2.1051709197224806,3.1936394182741674,0.23571208359885332,1.5533963281946879,left
8,5,40,23,2.0228466279117265,2.1051709197224806,0.9752227847682102,0.7189366771667174,1.6949606528594001,left
8,5,41,37,2.022220462742404,2.1051709197224806,0.6687095995147094,0.340327939095145,1.4371527173872378,left
8,5,42,25,2.0222190025044036,2.1051709197224806,0.5160045514450031,-0.16559553686732287,1.4339672800527683,right
8,5,43,18,2.0210657178983684,2.1051709197224806,-0.2397262016779308,-0.17966767497217062,0.17895260127525991,right
8,5,44,12,2.0184000546540775,2.1051709197224806,2.740481880616089,0.3731168573690431,2.145849905240999,left
8,5,45,24,2.017871389814811,2.1051709197224806,1.0261983027129777,0.8387803170623855,1.2155984283080283,left
8,5,46,10,2.016644533954759,2.1051709197224806,3.5823904133753404,0.6862660195550028,0.5445991131316742,left
8,5,47,40,2.0161266846846146,2.1051709197224806,1.4134682393848932,-0.1119770000366872,1.7770735821573758,left
8,5,48,1,2.015051536344731,2.1051709197224806,1.1311532765001844,-0.15050602473633834,2.2606341158147036,left
8,5,49,33,2.012737286604316,2.1051709197224806,2.5651979717340283,-0.23586793611690576,1.4984829470258185,right
8,10,0,6,2.028940369615886,2.1051709197224806,1.2162317908883256,0.9491925353503319,0.6427986246383871,right
8,10,1,8,2.0271055511606617,2.1051709197224806,2.300258549663923,-0.11957908521051164,1.4988232856391235,left
8,10,2,2,2.025998150686564,2.1051709197224806,3.3752075927979135,0.5978312052656578,1.8047925070082702,left
8,10,3,41,2.024530499792865,2.1051709197224806,1.215944769452241,0.17423762781514962,1.918276472451743,right
8,10,4,31,2.0238839503771064,2.1051709197224806,0.7811536357360351,0.43529848917099834,1.381840604219807,right
8,10,5,14,2.0212660810438234,2.1051709197224806,-0.8054576632309653,0.7065981582821879,1.157052600363502,left
8,10,6,39,2.020690442285857,2.1051709197224806,2.1842912119859657,0.9875396065937276,1.4069929549498206,left
8,10,7,21,2.02060682677688,2.1051709197224806,2.8995883748120264,0.6739869515113319,1.7829514097190373,left
8,10,8,17,2.019653271248216,2.1051709197224806,3.1936394182741674,0.23571208359885332,1.5533963281946879,left
8,10,9,5,2.0193716566868956,2.1051709197224806,0.8642170887287846,0.9988367677750487,0.16552668877898963,right
8,10,10,18,2.0192416011083267,2.1051709197224806,-0.2397262016779308,-0.17966767497217062,0.17895260127525991,right
8,10,11,22,2.016274293507093,2.1051709197224806,1.5251928579201932,-0.004019598968470484,1.458841432278311,left
8,10,12,32,2.0161050047494933,2.1051709197224806,1.2696966762973907,0.9985785257279625,2.1154181309360607,left
8,10,13,48,2.0158303441654217,2.1051709197224806,1.9464545404855649,0.007622546414808418,0.8928803432048985,right
8,10,14,9,2.0157717564264956,2.1051709197224806,3.0809397866152084,-0.18989992416007573,1.4832397468893896,left
8,10,15,35,2.0157237400592223,2.1051709197224806,1.2417964961516597,-0.2876915036748737,2.0839249322796656,left
8,10,16,27,2.013675550352427,2.1051709197224806,-0.4842867911919082,-0.1174472579831578,1.7591443043873967,left
8,10,17,11,2.013578024230985,2.1051709197224806,-0.893897785349049,0.8353107519114169,0.2859033895655079,left
8,10,18,4,2.013333464831118,2.1051709197224806,-0.5356743689536916,-0.551013845785089,1.7890571380737275,right
8,10,19,46,2.0130669814230067,2.1051709197224806,-0.37566889596480435,0.6839206802579629,0.8210412725254673,right
8,10,20,37,2.0130129379814568,2.1051709197224806,0.6687095995147094,0.340327939095145,1.4371527173872378,left
8,10,21,29,2.012831067955199,2.1051709197224806,3.338310673534166,-0.37791502215034023,2.156760872042235,left
8,10,22,23,2.012757070704263,2.1051709197224806,0.9752227847682102,0.7189366771667174,1.6949606528594001,left
8,10,23,12,2.0118392681914203,2.1051709197224806,2.740481880616089,0.3731168573690431,2.145849905240999,left
8,10,24,38,2.0109257533066134,2.1051709197224806,0.6548287519756677,0.9507308661732028,1.5917214744625545,left
8,10,25,34,2.0108871203506853,2.1051709197224806,0.7989305138552769,0.009451077601608682,0.4949963312771396,left
8,10,26,42,2.010807488404012,2.1051709197224806,1.4359535752519754,0.814286790196123,0.35466067576408933,right
8,10,27,20,2.009617779027393,2.1051709197224806,1.91111741084565,0.18110626264560625,0.9312539395084377,right
8,10,28,3,2.0095141210710032,2.1051709197224806,-0.10542986984953229,-0.6340715161200532,0.5311083718083683,left
8,10,29,25,2.0093366182236103,2.1051709197224806,0.5160045514450031,-0.16559553686732287,1.4339672800527683,right
8,10,30,1,2.0090633200627837,2.1051709197224806,1.1311532765001844,-0.15050602473633834,2.2606341158147036,left
8,10,31,26,2.008937601153483,2.1051709197224806,3.9617284530190062,-0.3860052010387509,1.6916377899440842,right
8,10,32,36,2.008689672094089,2.1051709197224806,0.021734011912262652,0.5372853350150275,1.084096547340551,right
8,10,33,44,2.007835019142108,2.1051709197224806,-0.8142634742136026,0.321389135432689,1.9432341783306428,right
8,10,34,13,2.007029905129037,2.1051709197224806,1.7530631989994396,0.9075150536658314,1.922278813470126,right
8,10,35,16,2.0065014750509285,2.1051709197224806,0.5131832473035196,-0.485135222697034,2.0114458105370416,right
8,10,36,19,2.00610824834062,2.1051709197224806,-0.5950873555295324,0.28930819168084165,1.7121495050370268,left
8,10,37,24,2.0057482640916486,2.1051709197224806,1.0261983027129777,0.8387803170623855,1.2155984283080283,left
8,10,38,45,2.005324154091749,2.1051709197224806,3.674227214820375,0.2717842303335677,2.250306522047602,left
8,10,39,30,2.005074104635805,2.1051709197224806,-0.06572780157296088,0.48667706362351937,1.7469859648872084,right
8,10,40,40,2.000939270972478,2.1051709197224806,1.4134682393848932,-0.1119770000366872,1.7770735821573758,left
8,10,41,43,2.0000095877678605,2.1051709197224806,1.8061747489561357,0.036030085443258364,2.0644281127965423,left
8,10,42,47,1.9987931026802608,2.1051709197224806,1.4333847563203626,0.03115949254788597,1.7174632967137815,left
8,10,43,28,1.9977675991070942,2.1051709197224806,3.9210753957664615,0.5284690148955187,1.2881652567463748,right
8,10,44,0,1.9974216501316067,2.1051709197224806,3.597895317258752,0.2754369291291622,0.23678527405339023,right
8,10,45,15,1.9971654672094115,2.1051709197224806,-0.3645221524143546,0.6833433156263478,2.056006648980858,right
8,10,46,49,1.9939969008949512,2.1051709197224806,0.19009203165605149,0.25788203463804926,1.0646743314842153,left
8,10,47,7,1.9859584941336421,2.1051709197224806,3.575564261605101,0.1381758877359397,0.7919176225839546,right
8,10,48,10,1.9843572110975354,2.1051709197224806,3.5823904133753404,0.6862660195550028,0.5445991131316742,left
8,10,49,33,1.9824388767122132,2.1051709197224806,2.5651979717340283,-0.23586793611690576,1.4984829470258185,right
8,15,0,6,2.2733831367635275,2.1051709197224806,1.2162317908883256,0.9491925353503319,0.6427986246383871,right
8,15,1,31,2.2557265351009654,2.1051709197224806,0.7811536357360351,0.43529848917099834,1.381840604219807,right
8,15,2,23,2.25126589872322,2.1051709197224806,0.9752227847682102,0.7189366771667174,1.6949606528594001,left
8,15,3,48,2.250386087448899,2.1051709197224806,1.9464545404855649,0.007622546414808418,0.8928803432048985,right
8,15,4,17,2.234092276436079,2.1051709197224806,3.1936394182741674,0.23571208359885332,1.5533963281946879,left
8,15,5,32,2.2322339513534475,2.1051709197224806,1.2696966762973907,0.9985785257279625,2.1154181309360607,left
8,15,6,4,2.230422123962369,2.1051709197224806,-0.5356743689536916,-0.551013845785089,1.7890571380737275,right
8,15,7,39,2.229855285454799,2.1051709197224806,2.1842912119859657,0.9875396065937276,1.4069929549498206,left
8,15,8,29,2.226450707605954,2.1051709197224806,3.338310673534166,-0.37791502215034023,2.156760872042235,left
8,15,9,49,2.22482964530946,2.1051709197224806,0.19009203165605149,0.25788203463804926,1.0646743314842153,left
8,15,10,14,2.224021725850368,2.1051709197224806,-0.8054576632309653,0.7065981582821879,1.157052600363502,left
8,15,11,37,2.221650424444101,2.1051709197224806,0.6687095995147094,0.340327939095145,1.4371527173872378,left
8,15,12,42,2.2206677347104176,2.1051709197224806,1.4359535752519754,0.814286790196123,0.35466067576408933,right
8,15,13,43,2.2167158753999052,2.1051709197224806,1.8061747489561357,0.036030085443258364,2.0644281127965423,left
8,15,14,10,2.2166626470693105,2.1051709197224806,3.5823904133753404,0.6862660195550028,0.5445991131316742,left
8,15,15,24,2.2156741329358454,2.1051709197224806,1.0261983027129777,0.8387803170623855,1.2155984283080283,left
8,15,16,19,2.215604464670969,2.1051709197224806,-0.5950873555295324,0.28930819168084165,1.7121495050370268,left
8,15,17,16,2.2143096151383928,2.1051709197224806,0.5131832473035196,-0.485135222697034,2.0114458105370416,right
8,15,18,2,2.2116580029047617,2.1051709197224806,3.3752075927979135,0.5978312052656578,1.8047925070082702,left
8,15,19,34,2.210268715833303,2.1051709197224806,0.7989305138552769,0.009451077601608682,0.4949963312771396,left
8,15,20,0,2.2091387214436704,2.1051709197224806,3.597895317258752,0.2754369291291622,0.23678527405339023,right
8,15,21,41,2.20852901545852,2.1051709197224806,1.215944769452241,0.17423762781514962,1.918276472451743,right
8,15,22,40,2.2076595875624423,2.1051709197224806,1.4134682393848932,-0.1119770000366872,1.7770735821573758,left
8,15,23,13,2.205019890921652,2.1051709197224806,1.7530631989994396,0.9075150536658314,1.922278813470126,right
8,15,24,5,2.2030425139426413,2.1051709197224806,0.8642170887287846,0.9988367677750487,0.16552668877898963,right
8,15,25,45,2.201842051442071,2.1051709197224806,3.674227214820375,0.2717842303335677,2.250306522047602,left
8,15,26,12,2.2010365231645306,2.1051709197224806,2.740481880616089,0.3731168573690431,2.145849905240999,left
8,15,27,36,2.1992909465417263,2.1051709197224806,0.021734011912262652,0.5372853350150275,1.084096547340551,right
8,15,28,21,2.1985437375818533,2.1051709197224806,2.8995883748120264,0.6739869515113319,1.7829514097190373,left
8,15,29,38,2.1975598557910065,2.1051709197224806,0.6548287519756677,0.9507308661732028,1.5917214744625545,left
8,15,30,8,2.1933680951114227,2.1051709197224806,2.300258549663923,-0.11957908521051164,1.4988232856391235,left
8,15,31,28,2.1899502230797703,2.1051709197224806,3.9210753957664615,0.5284690148955187,1.2881652567463748,right
8,15,32,3,2.1869644465706086,2.1051709197224806,-0.10542986984953229,-0.6340715161200532,0.5311083718083683,left
8,15,33,1,2.1849010419549235,2.1051709197224806,1.1311532765001844,-0.15050602473633834,2.2606341158147036,left
8,15,34,18,2.182220492972286,2.1051709197224806,-0.2397262016779308,-0.17966767497217062,0.17895260127525991,right
8,15,35,9,2.1793741872744734,2.1051709197224806,3.0809397866152084,-0.18989992416007573,1.4832397468893896,left
8,15,36,11,2.1734110682147683,2.1051709197224806,-0.893897785349049,0.8353107519114169,0.2859033895655079,left
8,15,37,46,2.1719414756655135,2.1051709197224806,-0.37566889596480435,0.6839206802579629,0.8210412725254673,right
8,15,38,27,2.1686741348739353,2.1051709197224806,-0.4842867911919082,-0.1174472579831578,1.7591443043873967,left
8,15,39,25,2.165379021858078,2.1051709197224806,0.5160045514450031,-0.16559553686732287,1.4339672800527683,right
8,15,40,35,2.1652342826275466,2.1051709197224806,1.2417964961516597,-0.2876915036748737,2.0839249322796656,left
8,15,41,30,2.154864784304875,2.1051709197224806,-0.06572780157296088,0.48667706362351937,1.7469859648872084,right
8,15,42,20,2.1544751550630625,2.1051709197224806,1.91111741084565,0.18110626264560625,0.9312539395084377,right
8,15,43,26,2.1499463406664323,2.1051709197224806,3.9617284530190062,-0.3860052010387509,1.6916377899440842,right
8,15,44,7,2.144454890856429,2.1051709197224806,3.575564261605101,0.1381758877359397,0.7919176225839546,right
8,15,45,22,2.1398683028792473,2.1051709197224806,1.5251928579201932,-0.004019598968470484,1.458841432278311,left
8,15,46,33,2.1361957012528565,2.1051709197224806,2.5651979717340283,-0.23586793611690576,1.4984829470258185,right
8,15,47,15,2.1347124926730023,2.1051709197224806,-0.3645221524143546,0.6833433156263478,2.056006648980858,right
8,15,48,47,2.1301808379318388,2.1051709197224806,1.4333847563203626,0.03115949254788597,1.7174632967137815,left
8,15,49,44,2.0859615633046658,2.1051709197224806,-0.8142634742136026,0.321389135432689,1.9432341783306428,right
8,20,0,13,3.7387326578438955,2.1051709197224806,1.7530631989994396,0.9075150536658314,1.922278813470126,right
8,20,1,35,3.703731036354294,2.1051709197224806,1.2417964961516597,-0.2876915036748737,2.0839249322796656,left
8,20,2,6,3.6774621503384903,2.1051709197224806,1.2162317908883256,0.9491925353503319,0.6427986246383871,right
8,20,3,39,3.668092753587038,2.1051709197224806,2.1842912119859657,0.9875396065937276,1.4069929549498206,left
8,20,4,16,3.649960235530282,2.1051709197224806,0.5131832473035196,-0.485135222697034,2.0114458105370416,right
8,20,5,44,3.646875369503313,2.1051709197224806,-0.8142634742136026,0.321389135432689,1.9432341783306428,right
8,20,6,28,3.643430795052761,2.1051709197224806,3.9210753957664615,0.5284690148955187,1.2881652567463748,right
8,20,7,1,3.642949797122081,2.1051709197224806,1.1311532765001844,-0.15050602473633834,2.2606341158147036,left
8,20,8,32,3.634359169310536,2.1051709197224806,1.2696966762973907,0.9985785257279625,2.1154181309360607,left
8,20,9,40,3.630355805545654,2.1051709197224806,1.4134682393848932,-0.1119770000366872,1.7770735821573758,left
8,20,10,45,3.6286330209458626,2.1051709197224806,3.674227214820375,0.2717842303335677,2.250306522047602,left
8,20,11,30,3.6283092554642913,2.1051709197224806,-0.06572780157296088,0.48667706362351937,1.7469859648872084,right
8,20,12,21,3.6275768511377047,2.1051709197224806,2.8995883748120264,0.6739869515113319,1.7829514097190373,left
8,20,13,42,3.6255032570624337,2.1051709197224806,1.4359535752519754,0.814286790196123,0.35466067576408933,right
8,20,14,43,3.6232692018487134,2.1051709197224806,1.8061747489561357,0.036030085443258364,2.0644281127965423,left
8,20,15,7,3.621358222609035,2.1051709197224806,3.575564261605101,0.1381758877359397,0.7919176225839546,right
8,20,16,38,3.6159281618871715,2.1051709197224806,0.6548287519756677,0.9507308661732028,1.5917214744625545,left
8,20,17,37,3.60499230484745,2.1051709197224806,0.6687095995147094,0.340327939095145,1.4371527173872378,left
8,20,18,23,3.602564031834861,2.1051709197224806,0.9752227847682102,0.7189366771667174,1.6949606528594001,left
8,20,19,22,3.6014636167687897,2.1051709197224806,1.5251928579201932,-0.004019598968470484,1.458841432278311,left
8,20,20,49,3.600592207800501,2.1051709197224806,0.19009203165605149,0.25788203463804926,1.0646743314842153,left
8,20,21,47,3.5982660308119754,2.1051709197224806,1.4333847563203626,0.03115949254788597,1.7174632967137815,left
8,20,22,34,3.597436208260554,2.1051709197224806,0.7989305138552769,0.009451077601608682,0.4949963312771396,left
8,20,23,33,3.5931453735570296,2.1051709197224806,2.5651979717340283,-0.23586793611690576,1.4984829470258185,right
8,20,24,20,3.590053895873114,2.1051709197224806,1.91111741084565,0.18110626264560625,0.9312539395084377,right
8,20,25,2,3.584372703474398,2.1051709197224806,3.3752075927979135,0.5978312052656578,1.8047925070082702,left
8,20,26,48,3.5828554520830855,2.1051709197224806,1.9464545404855649,0.007622546414808418,0.8928803432048985,right
8,20,27,41,3.580046320531671,2.1051709197224806,1.215944769452241,0.17423762781514962,1.918276472451743,right
8,20,28,17,3.572820813580753,2.1051709197224806,3.1936394182741674,0.23571208359885332,1.5533963281946879,left
8,20,29,19,3.5705251604093338,2.1051709197224806,-0.5950873555295324,0.28930819168084165,1.7121495050370268,left
8,20,30,5,3.570332403710625,2.1051709197224806,0.8642170887287846,0.9988367677750487,0.16552668877898963,right
8,20,31,4,3.56633242480362,2.1051709197224806,-0.5356743689536916,-0.551013845785089,1.7890571380737275,right
8,20,32,15,3.5661831799197588,2.1051709197224806,-0.3645221524143546,0.6833433156263478,2.056006648980858,right
8,20,33,9,3.565477950688188,2.1051709197224806,3.0809397866152084,-0.18989992416007573,1.4832397468893896,left
8,20,34,14,3.564941935730836,2.1051709197224806,-0.8054576632309653,0.7065981582821879,1.157052600363502,left
8,20,35,24,3.5646542585995,2.1051709197224806,1.0261983027129777,0.8387803170623855,1.2155984283080283,left
8,20,36,3,3.5575592546725385,2.1051709197224806,-0.10542986984953229,-0.6340715161200532,0.5311083718083683,left
8,20,37,0,3.55163470482474,2.1051709197224806,3.597895317258752,0.2754369291291622,0.23678527405339023,right
8,20,38,25,3.5475135848091934,2.1051709197224806,0.5160045514450031,-0.16559553686732287,1.4339672800527683,right
8,20,39,11,3.5442049239395903,2.1051709197224806,-0.893897785349049,0.8353107519114169,0.2859033895655079,left
8,20,40,29,3.5387301396570017,2.1051709197224806,3.338310673534166,-0.37791502215034023,2.156760872042235,left
8,20,41,26,3.535413016055376,2.1051709197224806,3.9617284530190062,-0.3860052010387509,1.6916377899440842,right
8,20,42,10,3.5312863964425327,2.1051709197224806,3.5823904133753404,0.6862660195550028,0.5445991131316742,left
8,20,43,18,3.521765369484974,2.1051709197224806,-0.2397262016779308,-0.17966767497217062,0.17895260127525991,right
8,20,44,12,3.5119211030854363,2.1051709197224806,2.740481880616089,0.3731168573690431,2.145849905240999,left
8,20,45,8,3.5068177849995443,2.1051709197224806,2.300258549663923,-0.11957908521051164,1.4988232856391235,left
8,20,46,31,3.5017786337621457,2.1051709197224806,0.7811536357360351,0.43529848917099834,1.381840604219807,right
8,20,47,27,3.4683427265730344,2.1051709197224806,-0.4842867911919082,-0.1174472579831578,1.7591443043873967,left
8,20,48,36,3.457010701732361,2.1051709197224806,0.021734011912262652,0.5372853350150275,1.084096547340551,right
8,20,49,46,3.4395914726412817,2.1051709197224806,-0.37566889596480435,0.6839206802579629,0.8210412725254673,right
8,25,0,39,2.3788994193607973,2.1051709197224806,2.1842912119859657,0.9875396065937276,1.4069929549498206,left
8,25,1,13,2.3515846687362094,2.1051709197224806,1.7530631989994396,0.9075150536658314,1.922278813470126,right
8,25,2,1,2.30769917928705,2.1051709197224806,1.1311532765001844,-0.15050602473633834,2.2606341158147036,left
8,25,3,35,2.3041259399070233,2.1051709197224806,1.2417964961516597,-0.2876915036748737,2.0839249322796656,left
8,25,4,6,2.2920202530738614,2.1051709197224806,1.2162317908883256,0.9491925353503319,0.6427986246383871,right
8,25,5,14,2.2913675637510487,2.1051709197224806,-0.8054576632309653,0.7065981582821879,1.157052600363502,left
8,25,6,32,2.277405435577208,2.1051709197224806,1.2696966762973907,0.9985785257279625,2.1154181309360607,left
8,25,7,27,2.2738922307110547,2.1051709197224806,-0.4842867911919082,-0.1174472579831578,1.7591443043873967,left
8,25,8,23,2.2730926428774634,2.1051709197224806,0.9752227847682102,0.7189366771667174,1.6949606528594001,left
8,25,9,40,2.27262532496698,2.1051709197224806,1.4134682393848932,-0.1119770000366872,1.7770735821573758,left
8,25,10,18,2.2707340236414826,2.1051709197224806,-0.2397262016779308,-0.17966767497217062,0.17895260127525991,right
8,25,11,31,2.2672906596379745,2.1051709197224806,0.7811536357360351,0.43529848917099834,1.381840604219807,right
8,25,12,36,2.263844026943648,2.1051709197224806,0.021734011912262652,0.5372853350150275,1.084096547340551,right
8,25,13,15,2.260683303224777,2.1051709197224806,-0.3645221524143546,0.6833433156263478,2.056006648980858,right
8,25,14,48,2.247740102007014,2.1051709197224806,1.9464545404855649,0.007622546414808418,0.8928803432048985,right
8,25,15,4,2.2438244415941946,2.1051709197224806,-0.5356743689536916,-0.551013845785089,1.7890571380737275,right
8,25,16,43,2.2411697430896433,2.1051709197224806,1.8061747489561357,0.036030085443258364,2.0644281127965423,left
8,25,17,8,2.2409589321717482,2.1051709197224806,2.300258549663923,-0.11957908521051164,1.4988232856391235,left
8,25,18,34,2.2258120361100917,2.1051709197224806,0.7989305138552769,0.009451077601608682,0.4949963312771396,left
8,25,19,42,2.22494498223222,2.1051709197224806,1.4359535752519754,0.814286790196123,0.35466067576408933,right
8,25,20,5,2.224649086575349,2.1051709197224806,0.8642170887287846,0.9988367677750487,0.16552668877898963,right
8,25,21,9,2.2232003194464145,2.1051709197224806,3.0809397866152084,-0.18989992416007573,1.4832397468893896,left
8,25,22,16,2.222798539288676,2.1051709197224806,0.5131832473035196,-0.485135222697034,2.0114458105370416,right
8,25,23,44,2.222057996109717,2.1051709197224806,-0.8142634742136026,0.321389135432689,1.9432341783306428,right
8,25,24,22,2.2165623102995076,2.1051709197224806,1.5251928579201932,-0.004019598968470484,1.458841432278311,left
8,25,25,21,2.2148388990155325,2.1051709197224806,2.8995883748120264,0.6739869515113319,1.7829514097190373,left
8,25,26,33,2.2086705983994066,2.1051709197224806,2.5651979717340283,-0.23586793611690576,1.4984829470258185,right
8,25,27,38,2.20795844884626,2.1051709197224806,0.6548287519756677,0.9507308661732028,1.5917214744625545,left
8,25,28,2,2.2017079287135535,2.1051709197224806,3.3752075927979135,0.5978312052656578,1.8047925070082702,left
8,25,29,3,2.2009575960883536,2.1051709197224806,-0.10542986984953229,-0.6340715161200532,0.5311083718083683,left
8,25,30,19,2.2009178549300517,2.1051709197224806,-0.5950873555295324,0.28930819168084165,1.7121495050370268,left
8,25,31,47,2.1982820283513207,2.1051709197224806,1.4333847563203626,0.03115949254788597,1.7174632967137815,left
8,25,32,26,2.197441768111723,2.1051709197224806,3.9617284530190062,-0.3860052010387509,1.6916377899440842,right
8,25,33,28,2.195378830579976,2.1051709197224806,3.9210753957664615,0.5284690148955187,1.2881652567463748,right
8,25,34,17,2.1941457983071078,2.1051709197224806,3.1936394182741674,0.23571208359885332,1.5533963281946879,left
8,25,35,30,2.191012692475501,2.1051709197224806,-0.06572780157296088,0.48667706362351937,1.7469859648872084,right
8,25,36,11,2.1887324563580655,2.1051709197224806,-0.893897785349049,0.8353107519114169,0.2859033895655079,left
8,25,37,41,2.1842614489939756,2.1051709197224806,1.215944769452241,0.17423762781514962,1.918276472451743,right
8,25,38,24,2.183464743137033,2.1051709197224806,1.0261983027129777,0.8387803170623855,1.2155984283080283,left
8,25,39,29,2.18141926401755,2.1051709197224806,3.338310673534166,-0.37791502215034023,2.156760872042235,left
8,25,40,45,2.180575457573239,2.1051709197224806,3.674227214820375,0.2717842303335677,2.250306522047602,left
8,25,41,37,2.178097932294467,2.1051709197224806,0.6687095995147094,0.340327939095145,1.4371527173872378,left
8,25,42,20,2.1750779233014463,2.1051709197224806,1.91111741084565,0.18110626264560625,0.9312539395084377,right
8,25,43,7,2.1675478162466435,2.1051709197224806,3.575564261605101,0.1381758877359397,0.7919176225839546,right
8,25,44,46,2.1528998743162586,2.1051709197224806,-0.37566889596480435,0.6839206802579629,0.8210412725254673,right
8,25,45,12,2.121817021525594,2.1051709197224806,2.740481880616089,0.3731168573690431,2.145849905240999,left
8,25,46,25,2.1193177446870566,2.1051709197224806,0.5160045514450031,-0.16559553686732287,1.4339672800527683,right
8,25,47,49,2.1141592006430314,2.1051709197224806,0.19009203165605149,0.25788203463804926,1.0646743314842153,left
8,25,48,0,2.1079737553236133,2.1051709197224806,3.597895317258752,0.2754369291291622,0.23678527405339023,right
8,25,49,10,2.088061652541971,2.1051709197224806,3.5823904133753404,0.6862660195550028,0.5445991131316742,left
8,30,0,6,2.89331605706273,2.127707545377298,1.2162317908883256,0.9491925353503319,0.6427986246383871,right
8,30,1,20,2.8510550749118884,2.1191937090188113,1.91111741084565,0.18110626264560625,0.9312539395084377,right
8,30,2,8,2.822253001926423,2.1156880116947288,2.300258549663923,-0.11957908521051164,1.4988232856391235,left
8,30,3,28,2.821507064357572,2.1226994063428943,3.9210753957664615,0.5284690148955187,1.2881652567463748,right
8,30,4,42,2.8114484759157032,2.127312165979845,1.4359535752519754,0.814286790196123,0.35466067576408933,right
8,30,5,1,2.8021342210995703,2.118317284687791,1.1311532765001844,-0.15050602473633834,2.2606341158147036,left
8,30,6,37,2.7988367620438317,2.1051709197224806,0.6687095995147094,0.340327939095145,1.4371527173872378,left
8,30,7,29,2.7897615908473403,2.1139351630326875,3.338310673534166,-0.37791502215034023,2.156760872042235,left
8,30,8,44,2.7677031550625832,2.1147319124245243,-0.8142634742136026,0.321389135432689,1.9432341783306428,right
8,30,9,24,2.75971782295621,2.124292905126568,1.0261983027129777,0.8387803170623855,1.2155984283080283,left
8,30,10,22,2.7596592729658953,2.120195336825692,1.5251928579201932,-0.004019598968470484,1.458841432278311,left
8,30,11,45,2.752265073436851,2.1162415428511627,3.674227214820375,0.2717842303335677,2.250306522047602,left
8,30,12,43,2.7498595999857463,2.111013748595952,1.8061747489561357,0.036030085443258364,2.0644281127965423,left
8,30,13,47,2.749465352515294,2.124292905126568,1.4333847563203626,0.03115949254788597,1.7174632967137815,left
8,30,14,23,2.747414170499831,2.1226994063428943,0.9752227847682102,0.7189366771667174,1.6949606528594001,left
8,30,15,38,2.7442652769881137,2.1113574444120387,0.6548287519756677,0.9507308661732028,1.5917214744625545,left
8,30,16,9,2.741052070586927,2.112683128274086,3.0809397866152084,-0.18989992416007573,1.4832397468893896,left
8,30,17,18,2.740997060618998,2.126205103666977,-0.2397262016779308,-0.17966767497217062,0.17895260127525991,right
8,30,18,32,2.736391515130732,2.1139351630326875,1.2696966762973907,0.9985785257279625,2.1154181309360607,left
8,30,19,26,2.735352648200262,2.128542235216365,3.9617284530190062,-0.3860052010387509,1.6916377899440842,right
8,30,20,17,2.73402000057358,2.111013748595952,3.1936394182741674,0.23571208359885332,1.5533963281946879,left
8,30,21,3,2.7278897401461304,2.124292905126568,-0.10542986984953229,-0.6340715161200532,0.5311083718083683,left
8,30,22,16,2.720184511038756,2.111013748595952,0.5131832473035196,-0.485135222697034,2.0114458105370416,right
8,30,23,41,2.7134641451930372,2.1051709197224806,1.215944769452241,0.17423762781514962,1.918276472451743,right
8,30,24,27,2.705800367397282,2.1121823143706457,-0.4842867911919082,-0.1174472579831578,1.7591443043873967,left
8,30,25,19,2.7038759857427115,2.1051709197224806,-0.5950873555295324,0.28930819168084165,1.7121495050370268,left
8,30,26,12,2.7034833392434265,2.1051709197224806,2.740481880616089,0.3731168573690431,2.145849905240999,left
8,30,27,34,2.695744481362996,2.1117441022051358,0.7989305138552769,0.009451077601608682,0.4949963312771396,left
8,30,28,11,2.691467544733812,2.1117441022051358,-0.893897785349049,0.8353107519114169,0.2859033895655079,left
8,30,29,31,2.691224614898858,2.1314636496531008,0.7811536357360351,0.43529848917099834,1.381840604219807,right
8,30,30,4,2.688193199912944,2.123730493791154,-0.5356743689536916,-0.551013845785089,1.7890571380737275,right
8,30,31,49,2.6820519471804802,2.111013748595952,0.19009203165605149,0.25788203463804926,1.0646743314842153,left
8,30,32,25,2.6756210935180134,2.1121823143706457,0.5160045514450031,-0.16559553686732287,1.4339672800527683,right
8,30,33,5,2.669819960732873,2.1209465576808526,0.8642170887287846,0.9988367677750487,0.16552668877898963,right
8,30,34,40,2.6663773657023553,2.112683128274086,1.4134682393848932,-0.1119770000366872,1.7770735821573758,left
8,30,35,15,2.664107191901236,2.116856577469423,-0.3645221524143546,0.6833433156263478,2.056006648980858,right
8,30,36,30,2.6537160761582745,2.1191937090188113,-0.06572780157296088,0.48667706362351937,1.7469859648872084,right
8,30,37,35,2.6526793625256015,2.140227892963307,1.2417964961516597,-0.2876915036748737,2.0839249322796656,left
8,30,38,21,2.648263402876106,2.118317284687791,2.8995883748120264,0.6739869515113319,1.7829514097190373,left
8,30,39,48,2.6446397533240815,2.121351061218247,1.9464545404855649,0.007622546414808418,0.8928803432048985,right
8,30,40,10,2.6443271656900835,2.1139351630326875,3.5823904133753404,0.6862660195550028,0.5445991131316742,left
8,30,41,33,2.6315581220009316,2.1156880116947288,2.5651979717340283,-0.23586793611690576,1.4984829470258185,right
8,30,42,0,2.630711760337342,2.117543969101596,3.597895317258752,0.2754369291291622,0.23678527405339023,right
8,30,43,46,2.6266816996431697,2.119512408775546,-0.37566889596480435,0.6839206802579629,0.8210412725254673,right
8,30,44,39,2.6258648695813447,2.1156880116947288,2.1842912119859657,0.9875396065937276,1.4069929549498206,left
8,30,45,7,2.6124986747103947,2.1121823143706457,3.575564261605101,0.1381758877359397,0.7919176225839546,right
8,30,46,2,2.6051616725920117,2.1151871977912884,3.3752075927979135,0.5978312052656578,1.8047925070082702,left
8,30,47,14,2.604225390500914,2.1139351630326875,-0.8054576632309653,0.7065981582821879,1.157052600363502,left
8,30,48,36,2.59311067349372,2.120195336825692,0.021734011912262652,0.5372853350150275,1.084096547340551,right
8,30,49,13,2.561812400308163,2.112683128274086,1.7530631989994396,0.9075150536658314,1.922278813470126,right
9,5,0,25,2.086025732542404,2.1051709197224806,0.010458343612655074,0.5862240704470263,0.9405974825395509,right
9,5,1,24,2.0839861341749,2.1051709197224806,3.681183508312613,-0.5759559970424675,1.9678188901984834,right
9,5,2,23,2.0822806833466787,2.1051709197224806,-0.5407346794361353,0.15732298967865366,1.3614454944223646,left
9,5,3,20,2.080933307137654,2.1051709197224806,-0.5773030394745151,-0.5979474058766497,1.3289622927933726,left
9,5,4,19,2.0799777433810718,2.1051709197224806,2.854930502651955,-0.09342597480080739,1.9580466278438073,right
9,5,5,29,2.0790166271194246,2.1051709197224806,2.5336951382733,0.7447262901990999,2.011772759655617,left
9,5,6,34,2.0783793780852173,2.1051709197224806,1.9963862150280707,0.6129507064684223,1.7777369494129593,left
9,5,7,42,2.078077421697536,2.1051709197224806,-0.9738314207814205,0.01208141240181948,2.1918306110846726,left
9,5,8,14,2.077957590329423,2.1051709197224806,0.9370210512517072,0.34824659722543627,0.5132395168689479,right
9,5,9,49,2.077594253950135,2.1051709197224806,2.3972766019402956,-0.053566408370413265,1.5739499996263402,left
9,5,10,5,2.0774910611157664,2.1051709197224806,-0.015846940546018984,-0.0345276189652759,0.3836105545149896,right
9,5,11,37,2.0771006705404638,2.1051709197224806,-0.3545757526259554,0.39412757473478655,0.736190693221925,right
9,5,12,32,2.0750281145796357,2.1139351630326875,-0.1858256951349121,-0.043951739492995356,0.6490416126989044,left
9,5,13,12,2.0745183617036345,2.1051709197224806,3.0783746692888485,-0.3066586577342709,2.0209714483821717,left
9,5,14,2,2.074286137978895,2.1051709197224806,0.6631317283088043,0.4043012535532369,1.1972831175566545,right
9,5,15,6,2.0739281998587815,2.1051709197224806,2.5180276360136404,0.7816518997069675,1.9674672694977093,left
9,5,16,9,2.073887610830395,2.1051709197224806,1.916229069001894,0.98433552281824,0.9700062549353947,right
9,5,17,31,2.073585779548994,2.1051709197224806,-0.21482621781636257,0.7354491366546176,1.7418104738908715,right
9,5,18,43,2.0733224064001026,2.1051709197224806,3.8940022752641807,0.047447676671320216,1.7016349411962195,right
9,5,19,7,2.072939396391865,2.1051709197224806,-0.588250105707905,0.0050348326975879765,1.124519052686618,right
9,5,20,16,2.07236636709482,2.1051709197224806,0.28853100437849033,0.6302393153817449,1.5290469798003647,right
9,5,21,17,2.072098087098561,2.1051709197224806,-0.6673052520948055,0.7569518136053595,0.8501171904643889,left
9,5,22,8,2.0720956776479396,2.1051709197224806,1.6889187449628844,0.36931665401925806,0.4612396710745289,right
9,5,23,27,2.0717208563795326,2.1121823143706457,3.4958502337632824,0.21029837867214451,1.1280282923677831,right
9,5,24,0,2.0711085176697206,2.1051709197224806,-0.18759249194169736,0.26234252479474673,2.2346886460268154,left
9,5,25,28,2.070961904708085,2.1051709197224806,1.6470790123751442,0.5433639124466845,1.7881856381915955,left
9,5,26,18,2.0708555069240537,2.1051709197224806,-0.5657477092110804,0.6539335405833608,0.8964186815674475,left
9,5,27,22,2.070663628530226,2.1051709197224806,3.0762281608205218,-0.419471675721955,1.6828921105615964,left
9,5,28,40,2.0706142283494042,2.1051709197224806,2.2666556899810484,0.4592472979098494,0.8715446490383945,left
9,5,29,45,2.069494456091832,2.1051709197224806,1.919231769694699,-0.6354309651393508,1.714307762370253,left
9,5,30,4,2.0693275014878973,2.1051709197224806,0.8095166095666715,0.258222678156244,2.206666275172369,right
9,5,31,30,2.0690433071554377,2.1051709197224806,1.6725088374142287,0.002559434475411626,0.42402341458327925,right
9,5,32,21,2.068051870956002,2.1117441022051358,0.6284223235892252,0.9705868713627788,0.7511375377586543,left
9,5,33,15,2.0678554517204923,2.1051709197224806,3.7857785603656646,0.5272875071594099,1.9980086227592067,left
9,5,34,48,2.0675438036297784,2.113260990470364,3.1565264495615226,0.06884031890524966,0.6124908250813225,right
9,5,35,47,2.067457973761521,2.1051709197224806,-0.7407562031394557,0.604254325371532,1.8553936945308487,right
9,5,36,26,2.0671490839384075,2.1051709197224806,2.5796176314168044,0.3025855351853366,1.0785052108311257,left
9,5,37,11,2.0668295477596046,2.1051709197224806,1.8324536841071057,0.3894981827622228,0.588184302076645,left
9,5,38,33,2.0659303719547264,2.1051709197224806,2.117894908672856,0.9106001761211338,0.06680805674135,left
9,5,39,3,2.065112468136738,2.1051709197224806,3.4270239138671545,0.7889895783435532,2.054051642028977,right
9,5,40,44,2.064951786021707,2.1051709197224806,-0.7910904215455485,-0.07914338562615197,0.6498346116573244,right
9,5,41,46,2.0644729676461377,2.1051709197224806,0.7191862643792888,0.3893182125613164,1.1615622565827928,right
9,5,42,10,2.064181973763655,2.1051709197224806,2.9452168819257007,0.8353102018613257,2.2281308243695626,right
9,5,43,1,2.063966691449049,2.1051709197224806,0.5779971017140326,0.7387927212786571,0.8577217421988921,left
9,5,44,39,2.0631086226950206,2.1051709197224806,1.1764004585393453,-0.6888995565850845,2.0145961039658236,left
9,5,45,38,2.062653150237516,2.1051709197224806,1.3739261181928102,0.8667061369192615,1.9220189352362218,left
9,5,46,36,2.060929518389403,2.1051709197224806,-0.8812535337845375,0.8730107770639894,1.537052546436025,right
9,5,47,13,2.0603969147074137,2.1051709197224806,3.3894166149785603,0.66179779650907,0.012272199201795973,left
9,5,48,41,2.060352313352434,2.1051709197224806,2.5345491210331876,0.3071713422429918,1.43934729076263,left
9,5,49,35,2.0576880913056073,2.1226994063428943,3.9634318319364192,0.3491494997952189,1.6848974777054468,right
9,10,0,44,2.1492864915124574,2.1051709197224806,-0.7910904215455485,-0.07914338562615197,0.6498346116573244,right
9,10,1,1,2.146345194823704,2.1051709197224806,0.5779971017140326,0.7387927212786571,0.8577217421988921,left
9,10,2,9,2.1451326817440597,2.1051709197224806,1.916229069001894,0.98433552281824,0.9700062549353947,right
9,10,3,21,2.142100668435484,2.1051709197224806,0.6284223235892252,0.9705868713627788,0.7511375377586543,left
9,10,4,32,2.1399607004498122,2.1051709197224806,-0.1858256951349121,-0.043951739492995356,0.6490416126989044,left
9,10,5,30,2.13967491126761,2.1051709197224806,1.6725088374142287,0.002559434475411626,0.42402341458327925,right
9,10,6,42,2.13856997293161,2.1051709197224806,-0.9738314207814205,0.01208141240181948,2.1918306110846726,left
9,10,7,2,2.1381999693031934,2.1051709197224806,0.6631317283088043,0.4043012535532369,1.1972831175566545,right
9,10,8,20,2.1370874628015786,2.1051709197224806,-0.5773030394745151,-0.5979474058766497,1.3289622927933726,left
9,10,9,45,2.136127253610729,2.1051709197224806,1.919231769694699,-0.6354309651393508,1.714307762370253,left
9,10,10,25,2.135976754705026,2.1051709197224806,0.010458343612655074,0.5862240704470263,0.9405974825395509,right
9,10,11,24,2.1357606458501763,2.1051709197224806,3.681183508312613,-0.5759559970424675,1.9678188901984834,right
9,10,12,10,2.135708148168228,2.1051709197224806,2.9452168819257007,0.8353102018613257,2.2281308243695626,right
9,10,13,5,2.134512187458967,2.1051709197224806,-0.015846940546018984,-0.0345276189652759,0.3836105545149896,right
9,10,14,3,2.1334562028192323,2.1051709197224806,3.4270239138671545,0.7889895783435532,2.054051642028977,right
9,10,15,17,2.1329016809150483,2.1051709197224806,-0.6673052520948055,0.7569518136053595,0.8501171904643889,left
9,10,16,29,2.1326819348484354,2.1051709197224806,2.5336951382733,0.7447262901990999,2.011772759655617,left
9,10,17,19,2.132602975627308,2.1051709197224806,2.854930502651955,-0.09342597480080739,1.9580466278438073,right
9,10,18,14,2.131948486747622,2.1051709197224806,0.9370210512517072,0.34824659722543627,0.5132395168689479,right
9,10,19,37,2.1317889968592647,2.1051709197224806,-0.3545757526259554,0.39412757473478655,0.736190693221925,right
9,10,20,6,2.131711920985755,2.1051709197224806,2.5180276360136404,0.7816518997069675,1.9674672694977093,left
9,10,21,26,2.1303172535881503,2.1051709197224806,2.5796176314168044,0.3025855351853366,1.0785052108311257,left
9,10,22,27,2.1301639322999666,2.1051709197224806,3.4958502337632824,0.21029837867214451,1.1280282923677831,right
9,10,23,38,2.130108867864164,2.1051709197224806,1.3739261181928102,0.8667061369192615,1.9220189352362218,left
9,10,24,18,2.129392350618815,2.1051709197224806,-0.5657477092110804,0.6539335405833608,0.8964186815674475,left
9,10,25,43,2.1286190025798915,2.1051709197224806,3.8940022752641807,0.047447676671320216,1.7016349411962195,right
9,10,26,36,2.128587551840557,2.1051709197224806,-0.8812535337845375,0.8730107770639894,1.537052546436025,right
9,10,27,8,2.1285456868098183,2.1051709197224806,1.6889187449628844,0.36931665401925806,0.4612396710745289,right
9,10,28,33,2.1281585361917332,2.1051709197224806,2.117894908672856,0.9106001761211338,0.06680805674135,left
9,10,29,16,2.127670071619118,2.1051709197224806,0.28853100437849033,0.6302393153817449,1.5290469798003647,right
9,10,30,40,2.127581812347187,2.1051709197224806,2.2666556899810484,0.4592472979098494,0.8715446490383945,left
9,10,31,0,2.1267418096729935,2.1051709197224806,-0.18759249194169736,0.26234252479474673,2.2346886460268154,left
9,10,32,7,2.125828506910654,2.1051709197224806,-0.588250105707905,0.0050348326975879765,1.124519052686618,right
9,10,33,31,2.125748155596888,2.1051709197224806,-0.21482621781636257,0.7354491366546176,1.7418104738908715,right
9,10,34,15,2.1250416295011902,2.1051709197224806,3.7857785603656646,0.5272875071594099,1.9980086227592067,left
9,10,35,47,2.1248537470548565,2.1051709197224806,-0.7407562031394557,0.604254325371532,1.8553936945308487,right
9,10,36,49,2.1248029108501627,2.1051709197224806,2.3972766019402956,-0.053566408370413265,1.5739499996263402,left
9,10,37,46,2.124392427847839,2.1051709197224806,0.7191862643792888,0.3893182125613164,1.1615622565827928,right
9,10,38,4,2.1236622766733007,2.1051709197224806,0.8095166095666715,0.258222678156244,2.206666275172369,right
9,10,39,22,2.123372136797686,2.1051709197224806,3.0762281608205218,-0.419471675721955,1.6828921105615964,left
9,10,40,12,2.1223413591530798,2.1051709197224806,3.0783746692888485,-0.3066586577342709,2.0209714483821717,left
9,10,41,13,2.1219742828998336,2.1051709197224806,3.3894166149785603,0.66179779650907,0.012272199201795973,left
9,10,42,48,2.1218094534214096,2.1051709197224806,3.1565264495615226,0.06884031890524966,0.6124908250813225,right
9,10,43,39,2.1208458271330968,2.1051709197224806,1.1764004585393453,-0.6888995565850845,2.0145961039658236,left
9,10,44,41,2.119669544579192,2.1051709197224806,2.5345491210331876,0.3071713422429918,1.43934729076263,left
9,10,45,11,2.1184795002473082,2.1051709197224806,1.8324536841071057,0.3894981827622228,0.588184302076645,left
9,10,46,28,2.1160668148498716,2.1051709197224806,1.6470790123751442,0.5433639124466845,1.7881856381915955,left
9,10,47,34,2.115361576927911,2.1051709197224806,1.9963862150280707,0.6129507064684223,1.7777369494129593,left
9,10,48,35,2.112775102423589,2.1051709197224806,3.9634318319364192,0.3491494997952189,1.6848974777054468,right
9,10,49,23,2.111040306146949,2.1051709197224806,-0.5407346794361353,0.15732298967865366,1.3614454944223646,left
9,15,0,9,2.3145146820725877,2.1051709197224806,1.916229069001894,0.98433552281824,0.9700062549353947,right
9,15,1,10,2.2875438489170627,2.1051709197224806,2.9452168819257007,0.8353102018613257,2.2281308243695626,right
9,15,2,3,2.2804823699897963,2.1051709197224806,3.4270239138671545,0.7889895783435532,2.054051642028977,right
9,15,3,12,2.2771378360846226,2.1051709197224806,3.0783746692888485,-0.3066586577342709,2.0209714483821717,left
9,15,4,18,2.2740414773660174,2.1051709197224806,-0.5657477092110804,0.6539335405833608,0.8964186815674475,left
9,15,5,40,2.273673719042659,2.1051709197224806,2.2666556899810484,0.4592472979098494,0.8715446490383945,left
9,15,6,8,2.2717238006383766,2.1051709197224806,1.6889187449628844,0.36931665401925806,0.4612396710745289,right
9,15,7,36,2.269048464419992,2.1051709197224806,-0.8812535337845375,0.8730107770639894,1.537052546436025,right
9,15,8,6,2.268813460364209,2.1051709197224806,2.5180276360136404,0.7816518997069675,1.9674672694977093,left
9,15,9,33,2.2656332489841264,2.1051709197224806,2.117894908672856,0.9106001761211338,0.06680805674135,left
9,15,10,37,2.2632505837906374,2.1051709197224806,-0.3545757526259554,0.39412757473478655,0.736190693221925,right
9,15,11,31,2.2629572927233514,2.1051709197224806,-0.21482621781636257,0.7354491366546176,1.7418104738908715,right
9,15,12,35,2.2597560607662746,2.1051709197224806,3.9634318319364192,0.3491494997952189,1.6848974777054468,right
9,15,13,1,2.25814333136983,2.1051709197224806,0.5779971017140326,0.7387927212786571,0.8577217421988921,left
9,15,14,17,2.2578539385079734,2.1051709197224806,-0.6673052520948055,0.7569518136053595,0.8501171904643889,left
9,15,15,23,2.2576550815457557,2.1051709197224806,-0.5407346794361353,0.15732298967865366,1.3614454944223646,left
9,15,16,5,2.2571419968107254,2.1051709197224806,-0.015846940546018984,-0.0345276189652759,0.3836105545149896,right
9,15,17,2,2.2528867987506063,2.1051709197224806,0.6631317283088043,0.4043012535532369,1.1972831175566545,right
9,15,18,38,2.252476656717252,2.1051709197224806,1.3739261181928102,0.8667061369192615,1.9220189352362218,left
9,15,19,30,2.252052336488048,2.1051709197224806,1.6725088374142287,0.002559434475411626,0.42402341458327925,right
9,15,20,21,2.251991337136393,2.1051709197224806,0.6284223235892252,0.9705868713627788,0.7511375377586543,left
9,15,21,41,2.250711681813674,2.1051709197224806,2.5345491210331876,0.3071713422429918,1.43934729076263,left
9,15,22,16,2.2499994306995967,2.1051709197224806,0.28853100437849033,0.6302393153817449,1.5290469798003647,right
9,15,23,24,2.249998153590375,2.1051709197224806,3.681183508312613,-0.5759559970424675,1.9678188901984834,right
9,15,24,11,2.249110415613888,2.1051709197224806,1.8324536841071057,0.3894981827622228,0.588184302076645,left
9,15,25,45,2.2489631462914903,2.1051709197224806,1.919231769694699,-0.6354309651393508,1.714307762370253,left
9,15,26,46,2.2484660089636077,2.1051709197224806,0.7191862643792888,0.3893182125613164,1.1615622565827928,right
9,15,27,49,2.2475180485071027,2.1051709197224806,2.3972766019402956,-0.053566408370413265,1.5739499996263402,left
9,15,28,0,2.247246295740026,2.1051709197224806,-0.18759249194169736,0.26234252479474673,2.2346886460268154,left
9,15,29,7,2.246787341460563,2.1051709197224806,-0.588250105707905,0.0050348326975879765,1.124519052686618,right
9,15,30,14,2.246408681691709,2.1051709197224806,0.9370210512517072,0.34824659722543627,0.5132395168689479,right
9,15,31,44,2.2463371444925437,2.1051709197224806,-0.7910904215455485,-0.07914338562615197,0.6498346116573244,right
9,15,32,15,2.246318374225201,2.1051709197224806,3.7857785603656646,0.5272875071594099,1.9980086227592067,left
9,15,33,26,2.2461773419110918,2.1051709197224806,2.5796176314168044,0.3025855351853366,1.0785052108311257,left
9,15,34,25,2.2455720155651013,2.1051709197224806,0.010458343612655074,0.5862240704470263,0.9405974825395509,right
9,15,35,32,2.2445253945369354,2.1051709197224806,-0.1858256951349121,-0.043951739492995356,0.6490416126989044,left
9,15,36,28,2.2444629273564884,2.1051709197224806,1.6470790123751442,0.5433639124466845,1.7881856381915955,left
9,15,37,42,2.243583419257398,2.1051709197224806,-0.9738314207814205,0.01208141240181948,2.1918306110846726,left
9,15,38,34,2.242735701087444,2.1051709197224806,1.9963862150280707,0.6129507064684223,1.7777369494129593,left
9,15,39,43,2.242181223620907,2.1051709197224806,3.8940022752641807,0.047447676671320216,1.7016349411962195,right
9,15,40,48,2.241330694892735,2.1051709197224806,3.1565264495615226,0.06884031890524966,0.6124908250813225,right
9,15,41,22,2.2398150280228046,2.1051709197224806,3.0762281608205218,-0.419471675721955,1.6828921105615964,left
9,15,42,20,2.2353915154613206,2.1051709197224806,-0.5773030394745151,-0.5979474058766497,1.3289622927933726,left
9,15,43,13,2.231413506982296,2.1051709197224806,3.3894166149785603,0.66179779650907,0.012272199201795973,left
9,15,44,19,2.231092644759634,2.1051709197224806,2.854930502651955,-0.09342597480080739,1.9580466278438073,right
9,15,45,47,2.226289542343935,2.1051709197224806,-0.7407562031394557,0.604254325371532,1.8553936945308487,right
9,15,46,27,2.2254912617819658,2.1051709197224806,3.4958502337632824,0.21029837867214451,1.1280282923677831,right
9,15,47,4,2.223362901181104,2.1051709197224806,0.8095166095666715,0.258222678156244,2.206666275172369,right
9,15,48,39,2.2223339944105893,2.1051709197224806,1.1764004585393453,-0.6888995565850845,2.0145961039658236,left
9,15,49,29,2.2177663447525964,2.1051709197224806,2.5336951382733,0.7447262901990999,2.011772759655617,left
9,20,0,9,2.115610676428145,2.1051709197224806,1.916229069001894,0.98433552281824,0.9700062549353947,right
9,20,1,8,2.1076845719397714,2.1051709197224806,1.6889187449628844,0.36931665401925806,0.4612396710745289,right
9,20,2,32,2.10381248338526,2.1051709197224806,-0.1858256951349121,-0.043951739492995356,0.6490416126989044,left
9,20,3,26,2.103302809530875,2.1051709197224806,2.5796176314168044,0.3025855351853366,1.0785052108311257,left
9,20,4,36,2.0992151513299646,2.1051709197224806,-0.8812535337845375,0.8730107770639894,1.537052546436025,right
9,20,5,17,2.097833587960072,2.1051709197224806,-0.6673052520948055,0.7569518136053595,0.8501171904643889,left
9,20,6,48,2.0977601442812213,2.1051709197224806,3.1565264495615226,0.06884031890524966,0.6124908250813225,right
9,20,7,31,2.095816008179702,2.1051709197224806,-0.21482621781636257,0.7354491366546176,1.7418104738908715,right
9,20,8,39,2.093472396631289,2.1051709197224806,1.1764004585393453,-0.6888995565850845,2.0145961039658236,left
9,20,9,49,2.088440444861229,2.1051709197224806,2.3972766019402956,-0.053566408370413265,1.5739499996263402,left
9,20,10,35,2.088231619177403,2.1051709197224806,3.9634318319364192,0.3491494997952189,1.6848974777054468,right
9,20,11,1,2.087964239999868,2.1051709197224806,0.5779971017140326,0.7387927212786571,0.8577217421988921,left
9,20,12,12,2.08464308460685,2.1051709197224806,3.0783746692888485,-0.3066586577342709,2.0209714483821717,left
9,20,13,18,2.083239800101853,2.1051709197224806,-0.5657477092110804,0.6539335405833608,0.8964186815674475,left
9,20,14,3,2.08278009369988,2.1051709197224806,3.4270239138671545,0.7889895783435532,2.054051642028977,right
9,20,15,25,2.082175784711175,2.1051709197224806,0.010458343612655074,0.5862240704470263,0.9405974825395509,right
9,20,16,6,2.0792235727756747,2.1051709197224806,2.5180276360136404,0.7816518997069675,1.9674672694977093,left
9,20,17,29,2.0788900675177677,2.1051709197224806,2.5336951382733,0.7447262901990999,2.011772759655617,left
9,20,18,33,2.0776350510127037,2.1051709197224806,2.117894908672856,0.9106001761211338,0.06680805674135,left
9,20,19,24,2.0760742645722656,2.1051709197224806,3.681183508312613,-0.5759559970424675,1.9678188901984834,right
9,20,20,7,2.0740808190495965,2.1051709197224806,-0.588250105707905,0.0050348326975879765,1.124519052686618,right
9,20,21,41,2.0725544398730507,2.1051709197224806,2.5345491210331876,0.3071713422429918,1.43934729076263,left
9,20,22,19,2.0719949612940067,2.1051709197224806,2.854930502651955,-0.09342597480080739,1.9580466278438073,right
9,20,23,40,2.0718545533685297,2.1051709197224806,2.2666556899810484,0.4592472979098494,0.8715446490383945,left
9,20,24,38,2.070165035496679,2.1051709197224806,1.3739261181928102,0.8667061369192615,1.9220189352362218,left
9,20,25,13,2.0692173263259104,2.1051709197224806,3.3894166149785603,0.66179779650907,0.012272199201795973,left
9,20,26,16,2.0687729747189927,2.1051709197224806,0.28853100437849033,0.6302393153817449,1.5290469798003647,right
9,20,27,45,2.06674996232212,2.1051709197224806,1.919231769694699,-0.6354309651393508,1.714307762370253,left
9,20,28,4,2.0653110118957096,2.1051709197224806,0.8095166095666715,0.258222678156244,2.206666275172369,right
9,20,29,2,2.0648587188628102,2.1051709197224806,0.6631317283088043,0.4043012535532369,1.1972831175566545,right
9,20,30,37,2.0619148739300686,2.1051709197224806,-0.3545757526259554,0.39412757473478655,0.736190693221925,right
9,20,31,42,2.061836492901488,2.1051709197224806,-0.9738314207814205,0.01208141240181948,2.1918306110846726,left
9,20,32,21,2.057721522702923,2.1051709197224806,0.6284223235892252,0.9705868713627788,0.7511375377586543,left
9,20,33,43,2.0571847486209998,2.1051709197224806,3.8940022752641807,0.047447676671320216,1.7016349411962195,right
9,20,34,5,2.0559637839469684,2.1051709197224806,-0.015846940546018984,-0.0345276189652759,0.3836105545149896,right
9,20,35,22,2.055588403350511,2.1051709197224806,3.0762281608205218,-0.419471675721955,1.6828921105615964,left
9,20,36,15,2.054953535477322,2.1051709197224806,3.7857785603656646,0.5272875071594099,1.9980086227592067,left
9,20,37,34,2.054541666534818,2.1051709197224806,1.9963862150280707,0.6129507064684223,1.7777369494129593,left
9,20,38,46,2.054305235687871,2.1051709197224806,0.7191862643792888,0.3893182125613164,1.1615622565827928,right
9,20,39,10,2.0521045349546854,2.1051709197224806,2.9452168819257007,0.8353102018613257,2.2281308243695626,right
9,20,40,44,2.0520604816674854,2.1051709197224806,-0.7910904215455485,-0.07914338562615197,0.6498346116573244,right
9,20,41,0,2.043572061944821,2.1051709197224806,-0.18759249194169736,0.26234252479474673,2.2346886460268154,left
9,20,42,30,2.042911642088841,2.1051709197224806,1.6725088374142287,0.002559434475411626,0.42402341458327925,right
9,20,43,11,2.0389129955085235,2.1051709197224806,1.8324536841071057,0.3894981827622228,0.588184302076645,left
9,20,44,28,2.0327564281944466,2.1051709197224806,1.6470790123751442,0.5433639124466845,1.7881856381915955,left
9,20,45,27,2.0311383677203527,2.1051709197224806,3.4958502337632824,0.21029837867214451,1.1280282923677831,right
9,20,46,20,2.0277364916839167,2.1051709197224806,-0.5773030394745151,-0.5979474058766497,1.3289622927933726,left
9,20,47,14,2.0229270899446927,2.1051709197224806,0.9370210512517072,0.34824659722543627,0.5132395168689479,right
9,20,48,23,2.008934271183626,2.1051709197224806,-0.5407346794361353,0.15732298967865366,1.3614454944223646,left
9,20,49,47,1.9835187592946708,2.1051709197224806,-0.7407562031394557,0.604254325371532,1.8553936945308487,right
9,25,0,3,2.267271777851536,2.1051709197224806,3.4270239138671545,0.7889895783435532,2.054051642028977,right
9,25,1,10,2.2642539354895854,2.1051709197224806,2.9452168819257007,0.8353102018613257,2.2281308243695626,right
9,25,2,9,2.2596848678369588,2.112683128274086,1.916229069001894,0.98433552281824,0.9700062549353947,right
9,25,3,8,2.2562065072146487,2.1051709197224806,1.6889187449628844,0.36931665401925806,0.4612396710745289,right
9,25,4,32,2.2458023570706915,2.1051709197224806,-0.1858256951349121,-0.043951739492995356,0.6490416126989044,left
9,25,5,18,2.245129632695755,2.1051709197224806,-0.5657477092110804,0.6539335405833608,0.8964186815674475,left
9,25,6,0,2.243682546370172,2.1051709197224806,-0.18759249194169736,0.26234252479474673,2.2346886460268154,left
9,25,7,17,2.2421061034871546,2.1051709197224806,-0.6673052520948055,0.7569518136053595,0.8501171904643889,left
9,25,8,45,2.236042098072596,2.1051709197224806,1.919231769694699,-0.6354309651393508,1.714307762370253,left
9,25,9,40,2.232548546718493,2.1051709197224806,2.2666556899810484,0.4592472979098494,0.8715446490383945,left
9,25,10,12,2.21362502661707,2.1147319124245243,3.0783746692888485,-0.3066586577342709,2.0209714483821717,left
9,25,11,21,2.204073714826449,2.1051709197224806,0.6284223235892252,0.9705868713627788,0.7511375377586543,left
9,25,12,20,2.201888753016447,2.1051709197224806,-0.5773030394745151,-0.5979474058766497,1.3289622927933726,left
9,25,13,49,2.2014888795216723,2.1051709197224806,2.3972766019402956,-0.053566408370413265,1.5739499996263402,left
9,25,14,26,2.2005331810845057,2.1051709197224806,2.5796176314168044,0.3025855351853366,1.0785052108311257,left
9,25,15,1,2.1988159054552203,2.109553041377584,0.5779971017140326,0.7387927212786571,0.8577217421988921,left
9,25,16,24,2.1941375561256695,2.1051709197224806,3.681183508312613,-0.5759559970424675,1.9678188901984834,right
9,25,17,33,2.1871052266609885,2.1051709197224806,2.117894908672856,0.9106001761211338,0.06680805674135,left
9,25,18,25,2.1865121457399086,2.1051709197224806,0.010458343612655074,0.5862240704470263,0.9405974825395509,right
9,25,19,29,2.1830307668167883,2.1051709197224806,2.5336951382733,0.7447262901990999,2.011772759655617,left
9,25,20,7,2.179647882963578,2.1051709197224806,-0.588250105707905,0.0050348326975879765,1.124519052686618,right
9,25,21,37,2.1785467379285635,2.1051709197224806,-0.3545757526259554,0.39412757473478655,0.736190693221925,right
9,25,22,46,2.175262729632505,2.1051709197224806,0.7191862643792888,0.3893182125613164,1.1615622565827928,right
9,25,23,27,2.171540422780232,2.1051709197224806,3.4958502337632824,0.21029837867214451,1.1280282923677831,right
9,25,24,34,2.17049488351984,2.1051709197224806,1.9963862150280707,0.6129507064684223,1.7777369494129593,left
9,25,25,36,2.1643489070046154,2.1051709197224806,-0.8812535337845375,0.8730107770639894,1.537052546436025,right
9,25,26,30,2.1631057517442374,2.1051709197224806,1.6725088374142287,0.002559434475411626,0.42402341458327925,right
9,25,27,2,2.1623299961431064,2.1051709197224806,0.6631317283088043,0.4043012535532369,1.1972831175566545,right
9,25,28,43,2.1610506067690975,2.1051709197224806,3.8940022752641807,0.047447676671320216,1.7016349411962195,right
9,25,29,41,2.1591564637488907,2.1139351630326875,2.5345491210331876,0.3071713422429918,1.43934729076263,left
9,25,30,4,2.1567955073419243,2.1051709197224806,0.8095166095666715,0.258222678156244,2.206666275172369,right
9,25,31,6,2.1559788593001,2.1051709197224806,2.5180276360136404,0.7816518997069675,1.9674672694977093,left
9,25,32,35,2.153003853373243,2.1051709197224806,3.9634318319364192,0.3491494997952189,1.6848974777054468,right
9,25,33,5,2.149858921648301,2.1051709197224806,-0.015846940546018984,-0.0345276189652759,0.3836105545149896,right
9,25,34,16,2.1478728843977284,2.111013748595952,0.28853100437849033,0.6302393153817449,1.5290469798003647,right
9,25,35,47,2.1442348799843898,2.1051709197224806,-0.7407562031394557,0.604254325371532,1.8553936945308487,right
9,25,36,19,2.1427461914372996,2.1051709197224806,2.854930502651955,-0.09342597480080739,1.9580466278438073,right
9,25,37,42,2.142042881054891,2.1051709197224806,-0.9738314207814205,0.01208141240181948,2.1918306110846726,left
9,25,38,28,2.1270735687818645,2.1051709197224806,1.6470790123751442,0.5433639124466845,1.7881856381915955,left
9,25,39,31,2.1245625926890863,2.1051709197224806,-0.21482621781636257,0.7354491366546176,1.7418104738908715,right
9,25,40,44,2.1235306730672097,2.1051709197224806,-0.7910904215455485,-0.07914338562615197,0.6498346116573244,right
9,25,41,22,2.1166624070732407,2.1051709197224806,3.0762281608205218,-0.419471675721955,1.6828921105615964,left
9,25,42,11,2.1132293515937883,2.1051709197224806,1.8324536841071057,0.3894981827622228,0.588184302076645,left
9,25,43,38,2.111248269094774,2.1051709197224806,1.3739261181928102,0.8667061369192615,1.9220189352362218,left
9,25,44,13,2.1107154128954555,2.1051709197224806,3.3894166149785603,0.66179779650907,0.012272199201795973,left
9,25,45,39,2.1072568327610903,2.1051709197224806,1.1764004585393453,-0.6888995565850845,2.0145961039658236,left
9,25,46,23,2.1004094336636516,2.1051709197224806,-0.5407346794361353,0.15732298967865366,1.3614454944223646,left
9,25,47,15,2.0944981865670167,2.1051709197224806,3.7857785603656646,0.5272875071594099,1.9980086227592067,left
9,25,48,48,2.088434195892937,2.1051709197224806,3.1565264495615226,0.06884031890524966,0.6124908250813225,right
9,25,49,14,2.077616366800769,2.1051709197224806,0.9370210512517072,0.34824659722543627,0.5132395168689479,right
9,30,0,9,2.0925476073994638,2.1051709197224806,1.916229069001894,0.98433552281824,0.9700062549353947,right
9,30,1,27,2.083601075400216,2.126205103666977,3.4958502337632824,0.21029837867214451,1.1280282923677831,right
9,30,2,36,2.082533837924734,2.120195336825692,-0.8812535337845375,0.8730107770639894,1.537052546436025,right
9,30,3,10,2.082432327897801,2.1051709197224806,2.9452168819257007,0.8353102018613257,2.2281308243695626,right
9,30,4,40,2.077710085404096,2.1051709197224806,2.2666556899810484,0.4592472979098494,0.8715446490383945,left
9,30,5,30,2.065151186130306,2.1191937090188113,1.6725088374142287,0.002559434475411626,0.42402341458327925,right
9,30,6,43,2.062176397894319,2.122699406342894,3.8940022752641807,0.047447676671320216,1.7016349411962195,right
9,30,7,12,2.052734566679925,2.1051709197224806,3.0783746692888485,-0.3066586577342709,2.0209714483821717,left
9,30,8,0,2.052671105200929,2.1051709197224806,-0.18759249194169736,0.26234252479474673,2.2346886460268154,left
9,30,9,28,2.0481114606500874,2.140227892963307,1.6470790123751442,0.5433639124466845,1.7881856381915955,left
9,30,10,24,2.0363770234557017,2.1147319124245243,3.681183508312613,-0.5759559970424675,1.9678188901984834,right
9,30,11,49,2.0342367524459597,2.116856577469423,2.3972766019402956,-0.053566408370413265,1.5739499996263402,left
9,30,12,11,2.027544982252708,2.1051709197224806,1.8324536841071057,0.3894981827622228,0.588184302076645,left
9,30,13,3,2.0258728443677247,2.1099514160735025,3.4270239138671545,0.7889895783435532,2.054051642028977,right
9,30,14,5,2.025277328890022,2.1051709197224806,-0.015846940546018984,-0.0345276189652759,0.3836105545149896,right
9,30,15,31,2.0215805412643744,2.1051709197224806,-0.21482621781636257,0.7354491366546176,1.7418104738908715,right
9,30,16,32,2.0205348436247275,2.1139351630326875,-0.1858256951349121,-0.043951739492995356,0.6490416126989044,left
9,30,17,18,2.0168176475157047,2.1121823143706457,-0.5657477092110804,0.6539335405833608,0.8964186815674475,left
9,30,18,38,2.0159816330136513,2.117543969101596,1.3739261181928102,0.8667061369192615,1.9220189352362218,left
9,30,19,21,2.0119176124957265,2.118317284687791,0.6284223235892252,0.9705868713627788,0.7511375377586543,left
9,30,20,39,2.011600300595087,2.1051709197224806,1.1764004585393453,-0.6888995565850845,2.0145961039658236,left
9,30,21,45,2.01144569859475,2.110706231286822,1.919231769694699,-0.6354309651393508,1.714307762370253,left
9,30,22,7,2.009937791529492,2.133216498315142,-0.588250105707905,0.0050348326975879765,1.124519052686618,right
9,30,23,35,2.0094289928922815,2.1226994063428943,3.9634318319364192,0.3491494997952189,1.6848974777054468,right
9,30,24,6,2.0087800992527063,2.120195336825692,2.5180276360136404,0.7816518997069675,1.9674672694977093,left
9,30,25,48,2.008514623586608,2.1051709197224806,3.1565264495615226,0.06884031890524966,0.6124908250813225,right
9,30,26,47,2.0041009061417117,2.1147319124245243,-0.7407562031394557,0.604254325371532,1.8553936945308487,right
9,30,27,29,2.0033867724729655,2.1139351630326875,2.5336951382733,0.7447262901990999,2.011772759655617,left
9,30,28,26,2.002836636429535,2.116856577469423,2.5796176314168044,0.3025855351853366,1.0785052108311257,left
9,30,29,22,1.9983099392084083,2.112683128274086,3.0762281608205218,-0.419471675721955,1.6828921105615964,left
9,30,30,33,1.9956748828788693,2.110429465708605,2.117894908672856,0.9106001761211338,0.06680805674135,left
9,30,31,1,1.9899720636401135,2.1139351630326875,0.5779971017140326,0.7387927212786571,0.8577217421988921,left
9,30,32,25,1.9888526101575281,2.1191937090188113,0.010458343612655074,0.5862240704470263,0.9405974825395509,right
9,30,33,46,1.9840309328398589,2.1147319124245243,0.7191862643792888,0.3893182125613164,1.1615622565827928,right
9,30,34,2,1.9797089864863284,2.1051709197224806,0.6631317283088043,0.4043012535532369,1.1972831175566545,right
9,30,35,8,1.9761509799482142,2.1051709197224806,1.6889187449628844,0.36931665401925806,0.4612396710745289,right
9,30,36,19,1.9735483857083809,2.1051709197224806,2.854930502651955,-0.09342597480080739,1.9580466278438073,right
9,30,37,15,1.9732806174639475,2.128542235216365,3.7857785603656646,0.5272875071594099,1.9980086227592067,left
9,30,38,14,1.968511550149211,2.1226994063428943,0.9370210512517072,0.34824659722543627,0.5132395168689479,right
9,30,39,34,1.9657162385133307,2.1117441022051358,1.9963862150280707,0.6129507064684223,1.7777369494129593,left
9,30,40,42,1.9616607689979886,2.1162415428511627,-0.9738314207814205,0.01208141240181948,2.1918306110846726,left
9,30,41,16,1.957793656741072,2.111013748595952,0.28853100437849033,0.6302393153817449,1.5290469798003647,right
9,30,42,44,1.9559232808533076,2.1338538978286117,-0.7910904215455485,-0.07914338562615197,0.6498346116573244,right
9,30,43,23,1.955239252800677,2.1051709197224806,-0.5407346794361353,0.15732298967865366,1.3614454944223646,left
9,30,44,20,1.9505496115869034,2.1191937090188113,-0.5773030394745151,-0.5979474058766497,1.3289622927933726,left
9,30,45,17,1.9479704960811717,2.111013748595952,-0.6673052520948055,0.7569518136053595,0.8501171904643889,left
9,30,46,13,1.9440636126778545,2.112683128274086,3.3894166149785603,0.66179779650907,0.012272199201795973,left
9,30,47,4,1.9292725161303235,2.1051709197224806,0.8095166095666715,0.258222678156244,2.206666275172369,right
9,30,48,41,1.9221386761279322,2.1051709197224806,2.5345491210331876,0.3071713422429918,1.43934729076263,left
9,30,49,37,1.911229342825354,2.126205103666977,-0.3545757526259554,0.39412757473478655,0.736190693221925,right
