set_id,num_patches,distance,center_score,fusion_score,patches
0,1,5,0.6760605573654175,0.10000000149011612,"[{'x_offset': 1.2867880192978216, 'y_offset': 0.8891612314167845, 'z_offset': 1.893938013308889, 'patch_size': 0.4, 'side': 'right', 'stabilize_anchor': False}]"
0,1,10,0.7227846384048462,0.10000000149011612,"[{'x_offset': 1.2867880192978216, 'y_offset': 0.8891612314167845, 'z_offset': 1.893938013308889, 'patch_size': 0.4, 'side': 'right', 'stabilize_anchor': False}]"
0,1,15,0.5936282277107239,0.10000000149011612,"[{'x_offset': 1.2867880192978216, 'y_offset': 0.8891612314167845, 'z_offset': 1.893938013308889, 'patch_size': 0.4, 'side': 'right', 'stabilize_anchor': False}]"
0,1,20,0.5765988230705261,0.10000000149011612,"[{'x_offset': 1.2867880192978216, 'y_offset': 0.8891612314167845, 'z_offset': 1.893938013308889, 'patch_size': 0.4, 'side': 'right', 'stabilize_anchor': False}]"
0,1,25,0.6345562934875488,0.10000000149011612,"[{'x_offset': 1.2867880192978216, 'y_offset': 0.8891612314167845, 'z_offset': 1.893938013308889, 'patch_size': 0.4, 'side': 'right', 'stabilize_anchor': False}]"
0,1,30,0.4100991189479828,0.10000000149011612,"[{'x_offset': 1.2867880192978216, 'y_offset': 0.8891612314167845, 'z_offset': 1.893938013308889, 'patch_size': 0.4, 'side': 'right', 'stabilize_anchor': False}]"
0,2,5,0.676469087600708,0.10000000149011612,"[{'x_offset': 1.2867880192978216, 'y_offset': 0.8891612314167845, 'z_offset': 1.893938013308889, 'patch_size': 0.4, 'side': 'right', 'stabilize_anchor': False}, {'x_offset': 0.795658197965524, 'y_offset': 0.3608610210337706, 'z_offset': 0.46313026805144253, 'patch_size': 0.4, 'side': 'right', 'stabilize_anchor': False}]"
0,2,10,0.7323146462440491,0.0,"[{'x_offset': 1.2867880192978216, 'y_offset': 0.8891612314167845, 'z_offset': 1.893938013308889, 'patch_size': 0.4, 'side': 'right', 'stabilize_anchor': False}, {'x_offset': 0.795658197965524, 'y_offset': 0.3608610210337706, 'z_offset': 0.46313026805144253, 'patch_size': 0.4, 'side': 'right', 'stabilize_anchor': False}]"
0,2,15,0.6740453839302063,0.0,"[{'x_offset': 1.2867880192978216, 'y_offset': 0.8891612314167845, 'z_offset': 1.893938013308889, 'patch_size': 0.4, 'side': 'right', 'stabilize_anchor': False}, {'x_offset': 0.795658197965524, 'y_offset': 0.3608610210337706, 'z_offset': 0.46313026805144253, 'patch_size': 0.4, 'side': 'right', 'stabilize_anchor': False}]"
0,2,20,0.3959985375404358,0.0,"[{'x_offset': 1.2867880192978216, 'y_offset': 0.8891612314167845, 'z_offset': 1.893938013308889, 'patch_size': 0.4, 'side': 'right', 'stabilize_anchor': False}, {'x_offset': 0.795658197965524, 'y_offset': 0.3608610210337706, 'z_offset': 0.46313026805144253, 'patch_size': 0.4, 'side': 'right', 'stabilize_anchor': False}]"
0,2,25,0.5036705136299133,0.10000000149011612,"[{'x_offset': 1.2867880192978216, 'y_offset': 0.8891612314167845, 'z_offset': 1.893938013308889, 'patch_size': 0.4, 'side': 'right', 'stabilize_anchor': False}, {'x_offset': 0.795658197965524, 'y_offset': 0.3608610210337706, 'z_offset': 0.46313026805144253, 'patch_size': 0.4, 'side': 'right', 'stabilize_anchor': False}]"
0,2,30,0.43608808517456055,0.0,"[{'x_offset': 1.2867880192978216, 'y_offset': 0.8891612314167845, 'z_offset': 1.893938013308889, 'patch_size': 0.4, 'side': 'right', 'stabilize_anchor': False}, {'x_offset': 0.795658197965524, 'y_offset': 0.3608610210337706, 'z_offset': 0.46313026805144253, 'patch_size': 0.4, 'side': 'right', 'stabilize_anchor': False}]"
0,3,5,0.6856110692024231,0.10000000149011612,"[{'x_offset': 1.2867880192978216, 'y_offset': 0.8891612314167845, 'z_offset': 1.893938013308889, 'patch_size': 0.4, 'side': 'right', 'stabilize_anchor': False}, {'x_offset': 0.795658197965524, 'y_offset': 0.3608610210337706, 'z_offset': 0.46313026805144253, 'patch_size': 0.4, 'side': 'right', 'stabilize_anchor': False}, {'x_offset': 0.5187528412272484, 'y_offset': 0.5749952444184561, 'z_offset': 1.4213285838601908, 'patch_size': 0.4, 'side': 'left', 'stabilize_anchor': False}]"
0,3,10,0.723659098148346,0.0,"[{'x_offset': 1.2867880192978216, 'y_offset': 0.8891612314167845, 'z_offset': 1.893938013308889, 'patch_size': 0.4, 'side': 'right', 'stabilize_anchor': False}, {'x_offset': 0.795658197965524, 'y_offset': 0.3608610210337706, 'z_offset': 0.46313026805144253, 'patch_size': 0.4, 'side': 'right', 'stabilize_anchor': False}, {'x_offset': 0.5187528412272484, 'y_offset': 0.5749952444184561, 'z_offset': 1.4213285838601908, 'patch_size': 0.4, 'side': 'left', 'stabilize_anchor': False}]"
0,3,15,0.6309089064598083,0.0,"[{'x_offset': 1.2867880192978216, 'y_offset': 0.8891612314167845, 'z_offset': 1.893938013308889, 'patch_size': 0.4, 'side': 'right', 'stabilize_anchor': False}, {'x_offset': 0.795658197965524, 'y_offset': 0.3608610210337706, 'z_offset': 0.46313026805144253, 'patch_size': 0.4, 'side': 'right', 'stabilize_anchor': False}, {'x_offset': 0.5187528412272484, 'y_offset': 0.5749952444184561, 'z_offset': 1.4213285838601908, 'patch_size': 0.4, 'side': 'left', 'stabilize_anchor': False}]"
0,3,20,0.0,0.0,"[{'x_offset': 1.2867880192978216, 'y_offset': 0.8891612314167845, 'z_offset': 1.893938013308889, 'patch_size': 0.4, 'side': 'right', 'stabilize_anchor': False}, {'x_offset': 0.795658197965524, 'y_offset': 0.3608610210337706, 'z_offset': 0.46313026805144253, 'patch_size': 0.4, 'side': 'right', 'stabilize_anchor': False}, {'x_offset': 0.5187528412272484, 'y_offset': 0.5749952444184561, 'z_offset': 1.4213285838601908, 'patch_size': 0.4, 'side': 'left', 'stabilize_anchor': False}]"
0,3,25,0.0,0.0,"[{'x_offset': 1.2867880192978216, 'y_offset': 0.8891612314167845, 'z_offset': 1.893938013308889, 'patch_size': 0.4, 'side': 'right', 'stabilize_anchor': False}, {'x_offset': 0.795658197965524, 'y_offset': 0.3608610210337706, 'z_offset': 0.46313026805144253, 'patch_size': 0.4, 'side': 'right', 'stabilize_anchor': False}, {'x_offset': 0.5187528412272484, 'y_offset': 0.5749952444184561, 'z_offset': 1.4213285838601908, 'patch_size': 0.4, 'side': 'left', 'stabilize_anchor': False}]"
0,3,30,0.0,0.0,"[{'x_offset': 1.2867880192978216, 'y_offset': 0.8891612314167845, 'z_offset': 1.893938013308889, 'patch_size': 0.4, 'side': 'right', 'stabilize_anchor': False}, {'x_offset': 0.795658197965524, 'y_offset': 0.3608610210337706, 'z_offset': 0.46313026805144253, 'patch_size': 0.4, 'side': 'right', 'stabilize_anchor': False}, {'x_offset': 0.5187528412272484, 'y_offset': 0.5749952444184561, 'z_offset': 1.4213285838601908, 'patch_size': 0.4, 'side': 'left', 'stabilize_anchor': False}]"
0,4,5,0.7601190209388733,0.10000000149011612,"[{'x_offset': 1.2867880192978216, 'y_offset': 0.8891612314167845, 'z_offset': 1.893938013308889, 'patch_size': 0.4, 'side': 'right', 'stabilize_anchor': False}, {'x_offset': 0.795658197965524, 'y_offset': 0.3608610210337706, 'z_offset': 0.46313026805144253, 'patch_size': 0.4, 'side': 'right', 'stabilize_anchor': False}, {'x_offset': 0.5187528412272484, 'y_offset': 0.5749952444184561, 'z_offset': 1.4213285838601908, 'patch_size': 0.4, 'side': 'left', 'stabilize_anchor': False}, {'x_offset': 3.402648012776778, 'y_offset': 0.013909459206008501, 'z_offset': 2.0194970073978173, 'patch_size': 0.4, 'side': 'left', 'stabilize_anchor': False}]"
0,4,10,0.698688805103302,0.0,"[{'x_offset': 1.2867880192978216, 'y_offset': 0.8891612314167845, 'z_offset': 1.893938013308889, 'patch_size': 0.4, 'side': 'right', 'stabilize_anchor': False}, {'x_offset': 0.795658197965524, 'y_offset': 0.3608610210337706, 'z_offset': 0.46313026805144253, 'patch_size': 0.4, 'side': 'right', 'stabilize_anchor': False}, {'x_offset': 0.5187528412272484, 'y_offset': 0.5749952444184561, 'z_offset': 1.4213285838601908, 'patch_size': 0.4, 'side': 'left', 'stabilize_anchor': False}, {'x_offset': 3.402648012776778, 'y_offset': 0.013909459206008501, 'z_offset': 2.0194970073978173, 'patch_size': 0.4, 'side': 'left', 'stabilize_anchor': False}]"
0,4,15,0.6654643416404724,0.0,"[{'x_offset': 1.2867880192978216, 'y_offset': 0.8891612314167845, 'z_offset': 1.893938013308889, 'patch_size': 0.4, 'side': 'right', 'stabilize_anchor': False}, {'x_offset': 0.795658197965524, 'y_offset': 0.3608610210337706, 'z_offset': 0.46313026805144253, 'patch_size': 0.4, 'side': 'right', 'stabilize_anchor': False}, {'x_offset': 0.5187528412272484, 'y_offset': 0.5749952444184561, 'z_offset': 1.4213285838601908, 'patch_size': 0.4, 'side': 'left', 'stabilize_anchor': False}, {'x_offset': 3.402648012776778, 'y_offset': 0.013909459206008501, 'z_offset': 2.0194970073978173, 'patch_size': 0.4, 'side': 'left', 'stabilize_anchor': False}]"
0,4,20,0.37906911969184875,0.0,"[{'x_offset': 1.2867880192978216, 'y_offset': 0.8891612314167845, 'z_offset': 1.893938013308889, 'patch_size': 0.4, 'side': 'right', 'stabilize_anchor': False}, {'x_offset': 0.795658197965524, 'y_offset': 0.3608610210337706, 'z_offset': 0.46313026805144253, 'patch_size': 0.4, 'side': 'right', 'stabilize_anchor': False}, {'x_offset': 0.5187528412272484, 'y_offset': 0.5749952444184561, 'z_offset': 1.4213285838601908, 'patch_size': 0.4, 'side': 'left', 'stabilize_anchor': False}, {'x_offset': 3.402648012776778, 'y_offset': 0.013909459206008501, 'z_offset': 2.0194970073978173, 'patch_size': 0.4, 'side': 'left', 'stabilize_anchor': False}]"
0,4,25,0.0,0.0,"[{'x_offset': 1.2867880192978216, 'y_offset': 0.8891612314167845, 'z_offset': 1.893938013308889, 'patch_size': 0.4, 'side': 'right', 'stabilize_anchor': False}, {'x_offset': 0.795658197965524, 'y_offset': 0.3608610210337706, 'z_offset': 0.46313026805144253, 'patch_size': 0.4, 'side': 'right', 'stabilize_anchor': False}, {'x_offset': 0.5187528412272484, 'y_offset': 0.5749952444184561, 'z_offset': 1.4213285838601908, 'patch_size': 0.4, 'side': 'left', 'stabilize_anchor': False}, {'x_offset': 3.402648012776778, 'y_offset': 0.013909459206008501, 'z_offset': 2.0194970073978173, 'patch_size': 0.4, 'side': 'left', 'stabilize_anchor': False}]"
0,4,30,0.4247480630874634,0.0,"[{'x_offset': 1.2867880192978216, 'y_offset': 0.8891612314167845, 'z_offset': 1.893938013308889, 'patch_size': 0.4, 'side': 'right', 'stabilize_anchor': False}, {'x_offset': 0.795658197965524, 'y_offset': 0.3608610210337706, 'z_offset': 0.46313026805144253, 'patch_size': 0.4, 'side': 'right', 'stabilize_anchor': False}, {'x_offset': 0.5187528412272484, 'y_offset': 0.5749952444184561, 'z_offset': 1.4213285838601908, 'patch_size': 0.4, 'side': 'left', 'stabilize_anchor': False}, {'x_offset': 3.402648012776778, 'y_offset': 0.013909459206008501, 'z_offset': 2.0194970073978173, 'patch_size': 0.4, 'side': 'left', 'stabilize_anchor': False}]"
1,1,5,0.6879032850265503,0.10000000149011612,"[{'x_offset': 1.152795191179452, 'y_offset': 0.7482069766822916, 'z_offset': 0.7444554981445928, 'patch_size': 0.4, 'side': 'left', 'stabilize_anchor': False}]"
1,1,10,0.7180659174919128,0.10000000149011612,"[{'x_offset': 1.152795191179452, 'y_offset': 0.7482069766822916, 'z_offset': 0.7444554981445928, 'patch_size': 0.4, 'side': 'left', 'stabilize_anchor': False}]"
1,1,15,0.5767022967338562,0.10000000149011612,"[{'x_offset': 1.152795191179452, 'y_offset': 0.7482069766822916, 'z_offset': 0.7444554981445928, 'patch_size': 0.4, 'side': 'left', 'stabilize_anchor': False}]"
1,1,20,0.4111512005329132,0.10000000149011612,"[{'x_offset': 1.152795191179452, 'y_offset': 0.7482069766822916, 'z_offset': 0.7444554981445928, 'patch_size': 0.4, 'side': 'left', 'stabilize_anchor': False}]"
1,1,25,0.5313617587089539,0.10000000149011612,"[{'x_offset': 1.152795191179452, 'y_offset': 0.7482069766822916, 'z_offset': 0.7444554981445928, 'patch_size': 0.4, 'side': 'left', 'stabilize_anchor': False}]"
1,1,30,0.41640475392341614,0.0,"[{'x_offset': 1.152795191179452, 'y_offset': 0.7482069766822916, 'z_offset': 0.7444554981445928, 'patch_size': 0.4, 'side': 'left', 'stabilize_anchor': False}]"
1,2,5,0.6820615530014038,0.0,"[{'x_offset': 1.152795191179452, 'y_offset': 0.7482069766822916, 'z_offset': 0.7444554981445928, 'patch_size': 0.4, 'side': 'left', 'stabilize_anchor': False}, {'x_offset': 0.629796333600575, 'y_offset': 0.27929972585522755, 'z_offset': 1.1144263285715537, 'patch_size': 0.4, 'side': 'right', 'stabilize_anchor': False}]"
1,2,10,0.7053157687187195,0.0,"[{'x_offset': 1.152795191179452, 'y_offset': 0.7482069766822916, 'z_offset': 0.7444554981445928, 'patch_size': 0.4, 'side': 'left', 'stabilize_anchor': False}, {'x_offset': 0.629796333600575, 'y_offset': 0.27929972585522755, 'z_offset': 1.1144263285715537, 'patch_size': 0.4, 'side': 'right', 'stabilize_anchor': False}]"
1,2,15,0.510970413684845,0.0,"[{'x_offset': 1.152795191179452, 'y_offset': 0.7482069766822916, 'z_offset': 0.7444554981445928, 'patch_size': 0.4, 'side': 'left', 'stabilize_anchor': False}, {'x_offset': 0.629796333600575, 'y_offset': 0.27929972585522755, 'z_offset': 1.1144263285715537, 'patch_size': 0.4, 'side': 'right', 'stabilize_anchor': False}]"
1,2,20,0.0,0.0,"[{'x_offset': 1.152795191179452, 'y_offset': 0.7482069766822916, 'z_offset': 0.7444554981445928, 'patch_size': 0.4, 'side': 'left', 'stabilize_anchor': False}, {'x_offset': 0.629796333600575, 'y_offset': 0.27929972585522755, 'z_offset': 1.1144263285715537, 'patch_size': 0.4, 'side': 'right', 'stabilize_anchor': False}]"
1,2,25,0.5082092881202698,0.0,"[{'x_offset': 1.152795191179452, 'y_offset': 0.7482069766822916, 'z_offset': 0.7444554981445928, 'patch_size': 0.4, 'side': 'left', 'stabilize_anchor': False}, {'x_offset': 0.629796333600575, 'y_offset': 0.27929972585522755, 'z_offset': 1.1144263285715537, 'patch_size': 0.4, 'side': 'right', 'stabilize_anchor': False}]"
1,2,30,0.40441861748695374,0.0,"[{'x_offset': 1.152795191179452, 'y_offset': 0.7482069766822916, 'z_offset': 0.7444554981445928, 'patch_size': 0.4, 'side': 'left', 'stabilize_anchor': False}, {'x_offset': 0.629796333600575, 'y_offset': 0.27929972585522755, 'z_offset': 1.1144263285715537, 'patch_size': 0.4, 'side': 'right', 'stabilize_anchor': False}]"
1,3,5,0.6843568086624146,0.0,"[{'x_offset': 1.152795191179452, 'y_offset': 0.7482069766822916, 'z_offset': 0.7444554981445928, 'patch_size': 0.4, 'side': 'left', 'stabilize_anchor': False}, {'x_offset': 0.629796333600575, 'y_offset': 0.27929972585522755, 'z_offset': 1.1144263285715537, 'patch_size': 0.4, 'side': 'right', 'stabilize_anchor': False}, {'x_offset': 1.7660186463264442, 'y_offset': -0.3734900264142933, 'z_offset': 1.4603103974586689, 'patch_size': 0.4, 'side': 'left', 'stabilize_anchor': False}]"
1,3,10,0.6767622232437134,0.0,"[{'x_offset': 1.152795191179452, 'y_offset': 0.7482069766822916, 'z_offset': 0.7444554981445928, 'patch_size': 0.4, 'side': 'left', 'stabilize_anchor': False}, {'x_offset': 0.629796333600575, 'y_offset': 0.27929972585522755, 'z_offset': 1.1144263285715537, 'patch_size': 0.4, 'side': 'right', 'stabilize_anchor': False}, {'x_offset': 1.7660186463264442, 'y_offset': -0.3734900264142933, 'z_offset': 1.4603103974586689, 'patch_size': 0.4, 'side': 'left', 'stabilize_anchor': False}]"
1,3,15,0.5629292130470276,0.0,"[{'x_offset': 1.152795191179452, 'y_offset': 0.7482069766822916, 'z_offset': 0.7444554981445928, 'patch_size': 0.4, 'side': 'left', 'stabilize_anchor': False}, {'x_offset': 0.629796333600575, 'y_offset': 0.27929972585522755, 'z_offset': 1.1144263285715537, 'patch_size': 0.4, 'side': 'right', 'stabilize_anchor': False}, {'x_offset': 1.7660186463264442, 'y_offset': -0.3734900264142933, 'z_offset': 1.4603103974586689, 'patch_size': 0.4, 'side': 'left', 'stabilize_anchor': False}]"
1,3,20,0.376731812953949,0.0,"[{'x_offset': 1.152795191179452, 'y_offset': 0.7482069766822916, 'z_offset': 0.7444554981445928, 'patch_size': 0.4, 'side': 'left', 'stabilize_anchor': False}, {'x_offset': 0.629796333600575, 'y_offset': 0.27929972585522755, 'z_offset': 1.1144263285715537, 'patch_size': 0.4, 'side': 'right', 'stabilize_anchor': False}, {'x_offset': 1.7660186463264442, 'y_offset': -0.3734900264142933, 'z_offset': 1.4603103974586689, 'patch_size': 0.4, 'side': 'left', 'stabilize_anchor': False}]"
1,3,25,0.3961155116558075,0.0,"[{'x_offset': 1.152795191179452, 'y_offset': 0.7482069766822916, 'z_offset': 0.7444554981445928, 'patch_size': 0.4, 'side': 'left', 'stabilize_anchor': False}, {'x_offset': 0.629796333600575, 'y_offset': 0.27929972585522755, 'z_offset': 1.1144263285715537, 'patch_size': 0.4, 'side': 'right', 'stabilize_anchor': False}, {'x_offset': 1.7660186463264442, 'y_offset': -0.3734900264142933, 'z_offset': 1.4603103974586689, 'patch_size': 0.4, 'side': 'left', 'stabilize_anchor': False}]"
1,3,30,0.5818538665771484,0.10000000149011612,"[{'x_offset': 1.152795191179452, 'y_offset': 0.7482069766822916, 'z_offset': 0.7444554981445928, 'patch_size': 0.4, 'side': 'left', 'stabilize_anchor': False}, {'x_offset': 0.629796333600575, 'y_offset': 0.27929972585522755, 'z_offset': 1.1144263285715537, 'patch_size': 0.4, 'side': 'right', 'stabilize_anchor': False}, {'x_offset': 1.7660186463264442, 'y_offset': -0.3734900264142933, 'z_offset': 1.4603103974586689, 'patch_size': 0.4, 'side': 'left', 'stabilize_anchor': False}]"
1,4,5,0.7133219838142395,0.0,"[{'x_offset': 1.152795191179452, 'y_offset': 0.7482069766822916, 'z_offset': 0.7444554981445928, 'patch_size': 0.4, 'side': 'left', 'stabilize_anchor': False}, {'x_offset': 0.629796333600575, 'y_offset': 0.27929972585522755, 'z_offset': 1.1144263285715537, 'patch_size': 0.4, 'side': 'right', 'stabilize_anchor': False}, {'x_offset': 1.7660186463264442, 'y_offset': -0.3734900264142933, 'z_offset': 1.4603103974586689, 'patch_size': 0.4, 'side': 'left', 'stabilize_anchor': False}, {'x_offset': 2.079975045509191, 'y_offset': 0.21654161389872206, 'z_offset': 2.033984207036356, 'patch_size': 0.4, 'side': 'left', 'stabilize_anchor': False}]"
1,4,10,0.6897074580192566,0.0,"[{'x_offset': 1.152795191179452, 'y_offset': 0.7482069766822916, 'z_offset': 0.7444554981445928, 'patch_size': 0.4, 'side': 'left', 'stabilize_anchor': False}, {'x_offset': 0.629796333600575, 'y_offset': 0.27929972585522755, 'z_offset': 1.1144263285715537, 'patch_size': 0.4, 'side': 'right', 'stabilize_anchor': False}, {'x_offset': 1.7660186463264442, 'y_offset': -0.3734900264142933, 'z_offset': 1.4603103974586689, 'patch_size': 0.4, 'side': 'left', 'stabilize_anchor': False}, {'x_offset': 2.079975045509191, 'y_offset': 0.21654161389872206, 'z_offset': 2.033984207036356, 'patch_size': 0.4, 'side': 'left', 'stabilize_anchor': False}]"
1,4,15,0.557949960231781,0.0,"[{'x_offset': 1.152795191179452, 'y_offset': 0.7482069766822916, 'z_offset': 0.7444554981445928, 'patch_size': 0.4, 'side': 'left', 'stabilize_anchor': False}, {'x_offset': 0.629796333600575, 'y_offset': 0.27929972585522755, 'z_offset': 1.1144263285715537, 'patch_size': 0.4, 'side': 'right', 'stabilize_anchor': False}, {'x_offset': 1.7660186463264442, 'y_offset': -0.3734900264142933, 'z_offset': 1.4603103974586689, 'patch_size': 0.4, 'side': 'left', 'stabilize_anchor': False}, {'x_offset': 2.079975045509191, 'y_offset': 0.21654161389872206, 'z_offset': 2.033984207036356, 'patch_size': 0.4, 'side': 'left', 'stabilize_anchor': False}]"
1,4,20,0.0,0.0,"[{'x_offset': 1.152795191179452, 'y_offset': 0.7482069766822916, 'z_offset': 0.7444554981445928, 'patch_size': 0.4, 'side': 'left', 'stabilize_anchor': False}, {'x_offset': 0.629796333600575, 'y_offset': 0.27929972585522755, 'z_offset': 1.1144263285715537, 'patch_size': 0.4, 'side': 'right', 'stabilize_anchor': False}, {'x_offset': 1.7660186463264442, 'y_offset': -0.3734900264142933, 'z_offset': 1.4603103974586689, 'patch_size': 0.4, 'side': 'left', 'stabilize_anchor': False}, {'x_offset': 2.079975045509191, 'y_offset': 0.21654161389872206, 'z_offset': 2.033984207036356, 'patch_size': 0.4, 'side': 'left', 'stabilize_anchor': False}]"
1,4,25,0.0,0.0,"[{'x_offset': 1.152795191179452, 'y_offset': 0.7482069766822916, 'z_offset': 0.7444554981445928, 'patch_size': 0.4, 'side': 'left', 'stabilize_anchor': False}, {'x_offset': 0.629796333600575, 'y_offset': 0.27929972585522755, 'z_offset': 1.1144263285715537, 'patch_size': 0.4, 'side': 'right', 'stabilize_anchor': False}, {'x_offset': 1.7660186463264442, 'y_offset': -0.3734900264142933, 'z_offset': 1.4603103974586689, 'patch_size': 0.4, 'side': 'left', 'stabilize_anchor': False}, {'x_offset': 2.079975045509191, 'y_offset': 0.21654161389872206, 'z_offset': 2.033984207036356, 'patch_size': 0.4, 'side': 'left', 'stabilize_anchor': False}]"
1,4,30,0.5937585830688477,0.0,"[{'x_offset': 1.152795191179452, 'y_offset': 0.7482069766822916, 'z_offset': 0.7444554981445928, 'patch_size': 0.4, 'side': 'left', 'stabilize_anchor': False}, {'x_offset': 0.629796333600575, 'y_offset': 0.27929972585522755, 'z_offset': 1.1144263285715537, 'patch_size': 0.4, 'side': 'right', 'stabilize_anchor': False}, {'x_offset': 1.7660186463264442, 'y_offset': -0.3734900264142933, 'z_offset': 1.4603103974586689, 'patch_size': 0.4, 'side': 'left', 'stabilize_anchor': False}, {'x_offset': 2.079975045509191, 'y_offset': 0.21654161389872206, 'z_offset': 2.033984207036356, 'patch_size': 0.4, 'side': 'left', 'stabilize_anchor': False}]"
1,5,5,0.6964819431304932,0.0,"[{'x_offset': 1.152795191179452, 'y_offset': 0.7482069766822916, 'z_offset': 0.7444554981445928, 'patch_size': 0.4, 'side': 'left', 'stabilize_anchor': False}, {'x_offset': 0.629796333600575, 'y_offset': 0.27929972585522755, 'z_offset': 1.1144263285715537, 'patch_size': 0.4, 'side': 'right', 'stabilize_anchor': False}, {'x_offset': 1.7660186463264442, 'y_offset': -0.3734900264142933, 'z_offset': 1.4603103974586689, 'patch_size': 0.4, 'side': 'left', 'stabilize_anchor': False}, {'x_offset': 2.079975045509191, 'y_offset': 0.21654161389872206, 'z_offset': 2.033984207036356, 'patch_size': 0.4, 'side': 'left', 'stabilize_anchor': False}, {'x_offset': 1.0391202832992517, 'y_offset': -0.5084569708635185, 'z_offset': 1.9876920058564855, 'patch_size': 0.4, 'side': 'right', 'stabilize_anchor': False}]"
1,5,10,0.642440915107727,0.0,"[{'x_offset': 1.152795191179452, 'y_offset': 0.7482069766822916, 'z_offset': 0.7444554981445928, 'patch_size': 0.4, 'side': 'left', 'stabilize_anchor': False}, {'x_offset': 0.629796333600575, 'y_offset': 0.27929972585522755, 'z_offset': 1.1144263285715537, 'patch_size': 0.4, 'side': 'right', 'stabilize_anchor': False}, {'x_offset': 1.7660186463264442, 'y_offset': -0.3734900264142933, 'z_offset': 1.4603103974586689, 'patch_size': 0.4, 'side': 'left', 'stabilize_anchor': False}, {'x_offset': 2.079975045509191, 'y_offset': 0.21654161389872206, 'z_offset': 2.033984207036356, 'patch_size': 0.4, 'side': 'left', 'stabilize_anchor': False}, {'x_offset': 1.0391202832992517, 'y_offset': -0.5084569708635185, 'z_offset': 1.9876920058564855, 'patch_size': 0.4, 'side': 'right', 'stabilize_anchor': False}]"
1,5,15,0.5780629515647888,0.0,"[{'x_offset': 1.152795191179452, 'y_offset': 0.7482069766822916, 'z_offset': 0.7444554981445928, 'patch_size': 0.4, 'side': 'left', 'stabilize_anchor': False}, {'x_offset': 0.629796333600575, 'y_offset': 0.27929972585522755, 'z_offset': 1.1144263285715537, 'patch_size': 0.4, 'side': 'right', 'stabilize_anchor': False}, {'x_offset': 1.7660186463264442, 'y_offset': -0.3734900264142933, 'z_offset': 1.4603103974586689, 'patch_size': 0.4, 'side': 'left', 'stabilize_anchor': False}, {'x_offset': 2.079975045509191, 'y_offset': 0.21654161389872206, 'z_offset': 2.033984207036356, 'patch_size': 0.4, 'side': 'left', 'stabilize_anchor': False}, {'x_offset': 1.0391202832992517, 'y_offset': -0.5084569708635185, 'z_offset': 1.9876920058564855, 'patch_size': 0.4, 'side': 'right', 'stabilize_anchor': False}]"
1,5,20,0.0,0.0,"[{'x_offset': 1.152795191179452, 'y_offset': 0.7482069766822916, 'z_offset': 0.7444554981445928, 'patch_size': 0.4, 'side': 'left', 'stabilize_anchor': False}, {'x_offset': 0.629796333600575, 'y_offset': 0.27929972585522755, 'z_offset': 1.1144263285715537, 'patch_size': 0.4, 'side': 'right', 'stabilize_anchor': False}, {'x_offset': 1.7660186463264442, 'y_offset': -0.3734900264142933, 'z_offset': 1.4603103974586689, 'patch_size': 0.4, 'side': 'left', 'stabilize_anchor': False}, {'x_offset': 2.079975045509191, 'y_offset': 0.21654161389872206, 'z_offset': 2.033984207036356, 'patch_size': 0.4, 'side': 'left', 'stabilize_anchor': False}, {'x_offset': 1.0391202832992517, 'y_offset': -0.5084569708635185, 'z_offset': 1.9876920058564855, 'patch_size': 0.4, 'side': 'right', 'stabilize_anchor': False}]"
1,5,25,0.0,0.0,"[{'x_offset': 1.152795191179452, 'y_offset': 0.7482069766822916, 'z_offset': 0.7444554981445928, 'patch_size': 0.4, 'side': 'left', 'stabilize_anchor': False}, {'x_offset': 0.629796333600575, 'y_offset': 0.27929972585522755, 'z_offset': 1.1144263285715537, 'patch_size': 0.4, 'side': 'right', 'stabilize_anchor': False}, {'x_offset': 1.7660186463264442, 'y_offset': -0.3734900264142933, 'z_offset': 1.4603103974586689, 'patch_size': 0.4, 'side': 'left', 'stabilize_anchor': False}, {'x_offset': 2.079975045509191, 'y_offset': 0.21654161389872206, 'z_offset': 2.033984207036356, 'patch_size': 0.4, 'side': 'left', 'stabilize_anchor': False}, {'x_offset': 1.0391202832992517, 'y_offset': -0.5084569708635185, 'z_offset': 1.9876920058564855, 'patch_size': 0.4, 'side': 'right', 'stabilize_anchor': False}]"
1,5,30,0.5588940382003784,0.0,"[{'x_offset': 1.152795191179452, 'y_offset': 0.7482069766822916, 'z_offset': 0.7444554981445928, 'patch_size': 0.4, 'side': 'left', 'stabilize_anchor': False}, {'x_offset': 0.629796333600575, 'y_offset': 0.27929972585522755, 'z_offset': 1.1144263285715537, 'patch_size': 0.4, 'side': 'right', 'stabilize_anchor': False}, {'x_offset': 1.7660186463264442, 'y_offset': -0.3734900264142933, 'z_offset': 1.4603103974586689, 'patch_size': 0.4, 'side': 'left', 'stabilize_anchor': False}, {'x_offset': 2.079975045509191, 'y_offset': 0.21654161389872206, 'z_offset': 2.033984207036356, 'patch_size': 0.4, 'side': 'left', 'stabilize_anchor': False}, {'x_offset': 1.0391202832992517, 'y_offset': -0.5084569708635185, 'z_offset': 1.9876920058564855, 'patch_size': 0.4, 'side': 'right', 'stabilize_anchor': False}]"
2,1,5,0.6853041648864746,0.0,"[{'x_offset': 0.9009582399131331, 'y_offset': 0.46344845898851794, 'z_offset': 0.6915626180461147, 'patch_size': 0.4, 'side': 'right', 'stabilize_anchor': False}]"
2,1,10,0.7169989347457886,0.0,"[{'x_offset': 0.9009582399131331, 'y_offset': 0.46344845898851794, 'z_offset': 0.6915626180461147, 'patch_size': 0.4, 'side': 'right', 'stabilize_anchor': False}]"
2,1,15,0.5394355058670044,0.0,"[{'x_offset': 0.9009582399131331, 'y_offset': 0.46344845898851794, 'z_offset': 0.6915626180461147, 'patch_size': 0.4, 'side': 'right', 'stabilize_anchor': False}]"
2,1,20,0.47296571731567383,0.0,"[{'x_offset': 0.9009582399131331, 'y_offset': 0.46344845898851794, 'z_offset': 0.6915626180461147, 'patch_size': 0.4, 'side': 'right', 'stabilize_anchor': False}]"
2,1,25,0.6450328230857849,0.10000000149011612,"[{'x_offset': 0.9009582399131331, 'y_offset': 0.46344845898851794, 'z_offset': 0.6915626180461147, 'patch_size': 0.4, 'side': 'right', 'stabilize_anchor': False}]"
2,1,30,0.0,0.10000000149011612,"[{'x_offset': 0.9009582399131331, 'y_offset': 0.46344845898851794, 'z_offset': 0.6915626180461147, 'patch_size': 0.4, 'side': 'right', 'stabilize_anchor': False}]"
2,2,5,0.7111176252365112,0.0,"[{'x_offset': 0.9009582399131331, 'y_offset': 0.46344845898851794, 'z_offset': 0.6915626180461147, 'patch_size': 0.4, 'side': 'right', 'stabilize_anchor': False}, {'x_offset': 1.0316926092286813, 'y_offset': 0.8725444091321963, 'z_offset': 0.7964519565856313, 'patch_size': 0.4, 'side': 'left', 'stabilize_anchor': False}]"
2,2,10,0.7161419987678528,0.0,"[{'x_offset': 0.9009582399131331, 'y_offset': 0.46344845898851794, 'z_offset': 0.6915626180461147, 'patch_size': 0.4, 'side': 'right', 'stabilize_anchor': False}, {'x_offset': 1.0316926092286813, 'y_offset': 0.8725444091321963, 'z_offset': 0.7964519565856313, 'patch_size': 0.4, 'side': 'left', 'stabilize_anchor': False}]"
2,2,15,0.5867744088172913,0.0,"[{'x_offset': 0.9009582399131331, 'y_offset': 0.46344845898851794, 'z_offset': 0.6915626180461147, 'patch_size': 0.4, 'side': 'right', 'stabilize_anchor': False}, {'x_offset': 1.0316926092286813, 'y_offset': 0.8725444091321963, 'z_offset': 0.7964519565856313, 'patch_size': 0.4, 'side': 'left', 'stabilize_anchor': False}]"
2,2,20,0.0,0.0,"[{'x_offset': 0.9009582399131331, 'y_offset': 0.46344845898851794, 'z_offset': 0.6915626180461147, 'patch_size': 0.4, 'side': 'right', 'stabilize_anchor': False}, {'x_offset': 1.0316926092286813, 'y_offset': 0.8725444091321963, 'z_offset': 0.7964519565856313, 'patch_size': 0.4, 'side': 'left', 'stabilize_anchor': False}]"
2,2,25,0.4205305874347687,0.0,"[{'x_offset': 0.9009582399131331, 'y_offset': 0.46344845898851794, 'z_offset': 0.6915626180461147, 'patch_size': 0.4, 'side': 'right', 'stabilize_anchor': False}, {'x_offset': 1.0316926092286813, 'y_offset': 0.8725444091321963, 'z_offset': 0.7964519565856313, 'patch_size': 0.4, 'side': 'left', 'stabilize_anchor': False}]"
2,2,30,0.36352095007896423,0.10000000149011612,"[{'x_offset': 0.9009582399131331, 'y_offset': 0.46344845898851794, 'z_offset': 0.6915626180461147, 'patch_size': 0.4, 'side': 'right', 'stabilize_anchor': False}, {'x_offset': 1.0316926092286813, 'y_offset': 0.8725444091321963, 'z_offset': 0.7964519565856313, 'patch_size': 0.4, 'side': 'left', 'stabilize_anchor': False}]"
2,3,5,0.7056711316108704,0.0,"[{'x_offset': 0.9009582399131331, 'y_offset': 0.46344845898851794, 'z_offset': 0.6915626180461147, 'patch_size': 0.4, 'side': 'right', 'stabilize_anchor': False}, {'x_offset': 1.0316926092286813, 'y_offset': 0.8725444091321963, 'z_offset': 0.7964519565856313, 'patch_size': 0.4, 'side': 'left', 'stabilize_anchor': False}, {'x_offset': -0.06816824687171175, 'y_offset': 0.18480139472976675, 'z_offset': 1.957590052895307, 'patch_size': 0.4, 'side': 'left', 'stabilize_anchor': False}]"
2,3,10,0.704986035823822,0.0,"[{'x_offset': 0.9009582399131331, 'y_offset': 0.46344845898851794, 'z_offset': 0.6915626180461147, 'patch_size': 0.4, 'side': 'right', 'stabilize_anchor': False}, {'x_offset': 1.0316926092286813, 'y_offset': 0.8725444091321963, 'z_offset': 0.7964519565856313, 'patch_size': 0.4, 'side': 'left', 'stabilize_anchor': False}, {'x_offset': -0.06816824687171175, 'y_offset': 0.18480139472976675, 'z_offset': 1.957590052895307, 'patch_size': 0.4, 'side': 'left', 'stabilize_anchor': False}]"
2,3,15,0.6170828342437744,0.0,"[{'x_offset': 0.9009582399131331, 'y_offset': 0.46344845898851794, 'z_offset': 0.6915626180461147, 'patch_size': 0.4, 'side': 'right', 'stabilize_anchor': False}, {'x_offset': 1.0316926092286813, 'y_offset': 0.8725444091321963, 'z_offset': 0.7964519565856313, 'patch_size': 0.4, 'side': 'left', 'stabilize_anchor': False}, {'x_offset': -0.06816824687171175, 'y_offset': 0.18480139472976675, 'z_offset': 1.957590052895307, 'patch_size': 0.4, 'side': 'left', 'stabilize_anchor': False}]"
2,3,20,0.0,0.0,"[{'x_offset': 0.9009582399131331, 'y_offset': 0.46344845898851794, 'z_offset': 0.6915626180461147, 'patch_size': 0.4, 'side': 'right', 'stabilize_anchor': False}, {'x_offset': 1.0316926092286813, 'y_offset': 0.8725444091321963, 'z_offset': 0.7964519565856313, 'patch_size': 0.4, 'side': 'left', 'stabilize_anchor': False}, {'x_offset': -0.06816824687171175, 'y_offset': 0.18480139472976675, 'z_offset': 1.957590052895307, 'patch_size': 0.4, 'side': 'left', 'stabilize_anchor': False}]"
2,3,25,0.47615060210227966,0.10000000149011612,"[{'x_offset': 0.9009582399131331, 'y_offset': 0.46344845898851794, 'z_offset': 0.6915626180461147, 'patch_size': 0.4, 'side': 'right', 'stabilize_anchor': False}, {'x_offset': 1.0316926092286813, 'y_offset': 0.8725444091321963, 'z_offset': 0.7964519565856313, 'patch_size': 0.4, 'side': 'left', 'stabilize_anchor': False}, {'x_offset': -0.06816824687171175, 'y_offset': 0.18480139472976675, 'z_offset': 1.957590052895307, 'patch_size': 0.4, 'side': 'left', 'stabilize_anchor': False}]"
2,3,30,0.39175382256507874,0.0,"[{'x_offset': 0.9009582399131331, 'y_offset': 0.46344845898851794, 'z_offset': 0.6915626180461147, 'patch_size': 0.4, 'side': 'right', 'stabilize_anchor': False}, {'x_offset': 1.0316926092286813, 'y_offset': 0.8725444091321963, 'z_offset': 0.7964519565856313, 'patch_size': 0.4, 'side': 'left', 'stabilize_anchor': False}, {'x_offset': -0.06816824687171175, 'y_offset': 0.18480139472976675, 'z_offset': 1.957590052895307, 'patch_size': 0.4, 'side': 'left', 'stabilize_anchor': False}]"
2,4,5,0.7017848491668701,0.0,"[{'x_offset': 0.9009582399131331, 'y_offset': 0.46344845898851794, 'z_offset': 0.6915626180461147, 'patch_size': 0.4, 'side': 'right', 'stabilize_anchor': False}, {'x_offset': 1.0316926092286813, 'y_offset': 0.8725444091321963, 'z_offset': 0.7964519565856313, 'patch_size': 0.4, 'side': 'left', 'stabilize_anchor': False}, {'x_offset': -0.06816824687171175, 'y_offset': 0.18480139472976675, 'z_offset': 1.957590052895307, 'patch_size': 0.4, 'side': 'left', 'stabilize_anchor': False}, {'x_offset': 0.11790515550811032, 'y_offset': 0.9423842554136614, 'z_offset': 2.071042993877253, 'patch_size': 0.4, 'side': 'right', 'stabilize_anchor': False}]"
2,4,10,0.7067834734916687,0.0,"[{'x_offset': 0.9009582399131331, 'y_offset': 0.46344845898851794, 'z_offset': 0.6915626180461147, 'patch_size': 0.4, 'side': 'right', 'stabilize_anchor': False}, {'x_offset': 1.0316926092286813, 'y_offset': 0.8725444091321963, 'z_offset': 0.7964519565856313, 'patch_size': 0.4, 'side': 'left', 'stabilize_anchor': False}, {'x_offset': -0.06816824687171175, 'y_offset': 0.18480139472976675, 'z_offset': 1.957590052895307, 'patch_size': 0.4, 'side': 'left', 'stabilize_anchor': False}, {'x_offset': 0.11790515550811032, 'y_offset': 0.9423842554136614, 'z_offset': 2.071042993877253, 'patch_size': 0.4, 'side': 'right', 'stabilize_anchor': False}]"
2,4,15,0.5324466824531555,0.0,"[{'x_offset': 0.9009582399131331, 'y_offset': 0.46344845898851794, 'z_offset': 0.6915626180461147, 'patch_size': 0.4, 'side': 'right', 'stabilize_anchor': False}, {'x_offset': 1.0316926092286813, 'y_offset': 0.8725444091321963, 'z_offset': 0.7964519565856313, 'patch_size': 0.4, 'side': 'left', 'stabilize_anchor': False}, {'x_offset': -0.06816824687171175, 'y_offset': 0.18480139472976675, 'z_offset': 1.957590052895307, 'patch_size': 0.4, 'side': 'left', 'stabilize_anchor': False}, {'x_offset': 0.11790515550811032, 'y_offset': 0.9423842554136614, 'z_offset': 2.071042993877253, 'patch_size': 0.4, 'side': 'right', 'stabilize_anchor': False}]"
2,4,20,0.0,0.0,"[{'x_offset': 0.9009582399131331, 'y_offset': 0.46344845898851794, 'z_offset': 0.6915626180461147, 'patch_size': 0.4, 'side': 'right', 'stabilize_anchor': False}, {'x_offset': 1.0316926092286813, 'y_offset': 0.8725444091321963, 'z_offset': 0.7964519565856313, 'patch_size': 0.4, 'side': 'left', 'stabilize_anchor': False}, {'x_offset': -0.06816824687171175, 'y_offset': 0.18480139472976675, 'z_offset': 1.957590052895307, 'patch_size': 0.4, 'side': 'left', 'stabilize_anchor': False}, {'x_offset': 0.11790515550811032, 'y_offset': 0.9423842554136614, 'z_offset': 2.071042993877253, 'patch_size': 0.4, 'side': 'right', 'stabilize_anchor': False}]"
2,4,25,0.0,0.0,"[{'x_offset': 0.9009582399131331, 'y_offset': 0.46344845898851794, 'z_offset': 0.6915626180461147, 'patch_size': 0.4, 'side': 'right', 'stabilize_anchor': False}, {'x_offset': 1.0316926092286813, 'y_offset': 0.8725444091321963, 'z_offset': 0.7964519565856313, 'patch_size': 0.4, 'side': 'left', 'stabilize_anchor': False}, {'x_offset': -0.06816824687171175, 'y_offset': 0.18480139472976675, 'z_offset': 1.957590052895307, 'patch_size': 0.4, 'side': 'left', 'stabilize_anchor': False}, {'x_offset': 0.11790515550811032, 'y_offset': 0.9423842554136614, 'z_offset': 2.071042993877253, 'patch_size': 0.4, 'side': 'right', 'stabilize_anchor': False}]"
2,4,30,0.0,0.0,"[{'x_offset': 0.9009582399131331, 'y_offset': 0.46344845898851794, 'z_offset': 0.6915626180461147, 'patch_size': 0.4, 'side': 'right', 'stabilize_anchor': False}, {'x_offset': 1.0316926092286813, 'y_offset': 0.8725444091321963, 'z_offset': 0.7964519565856313, 'patch_size': 0.4, 'side': 'left', 'stabilize_anchor': False}, {'x_offset': -0.06816824687171175, 'y_offset': 0.18480139472976675, 'z_offset': 1.957590052895307, 'patch_size': 0.4, 'side': 'left', 'stabilize_anchor': False}, {'x_offset': 0.11790515550811032, 'y_offset': 0.9423842554136614, 'z_offset': 2.071042993877253, 'patch_size': 0.4, 'side': 'right', 'stabilize_anchor': False}]"
2,5,5,0.7416864037513733,0.0,"[{'x_offset': 0.9009582399131331, 'y_offset': 0.46344845898851794, 'z_offset': 0.6915626180461147, 'patch_size': 0.4, 'side': 'right', 'stabilize_anchor': False}, {'x_offset': 1.0316926092286813, 'y_offset': 0.8725444091321963, 'z_offset': 0.7964519565856313, 'patch_size': 0.4, 'side': 'left', 'stabilize_anchor': False}, {'x_offset': -0.06816824687171175, 'y_offset': 0.18480139472976675, 'z_offset': 1.957590052895307, 'patch_size': 0.4, 'side': 'left', 'stabilize_anchor': False}, {'x_offset': 0.11790515550811032, 'y_offset': 0.9423842554136614, 'z_offset': 2.071042993877253, 'patch_size': 0.4, 'side': 'right', 'stabilize_anchor': False}, {'x_offset': -0.08592546250718669, 'y_offset': -0.17459339714014055, 'z_offset': 0.24704157062094906, 'patch_size': 0.4, 'side': 'right', 'stabilize_anchor': False}]"
2,5,10,0.7275240421295166,0.0,"[{'x_offset': 0.9009582399131331, 'y_offset': 0.46344845898851794, 'z_offset': 0.6915626180461147, 'patch_size': 0.4, 'side': 'right', 'stabilize_anchor': False}, {'x_offset': 1.0316926092286813, 'y_offset': 0.8725444091321963, 'z_offset': 0.7964519565856313, 'patch_size': 0.4, 'side': 'left', 'stabilize_anchor': False}, {'x_offset': -0.06816824687171175, 'y_offset': 0.18480139472976675, 'z_offset': 1.957590052895307, 'patch_size': 0.4, 'side': 'left', 'stabilize_anchor': False}, {'x_offset': 0.11790515550811032, 'y_offset': 0.9423842554136614, 'z_offset': 2.071042993877253, 'patch_size': 0.4, 'side': 'right', 'stabilize_anchor': False}, {'x_offset': -0.08592546250718669, 'y_offset': -0.17459339714014055, 'z_offset': 0.24704157062094906, 'patch_size': 0.4, 'side': 'right', 'stabilize_anchor': False}]"
2,5,15,0.5194003582000732,0.0,"[{'x_offset': 0.9009582399131331, 'y_offset': 0.46344845898851794, 'z_offset': 0.6915626180461147, 'patch_size': 0.4, 'side': 'right', 'stabilize_anchor': False}, {'x_offset': 1.0316926092286813, 'y_offset': 0.8725444091321963, 'z_offset': 0.7964519565856313, 'patch_size': 0.4, 'side': 'left', 'stabilize_anchor': False}, {'x_offset': -0.06816824687171175, 'y_offset': 0.18480139472976675, 'z_offset': 1.957590052895307, 'patch_size': 0.4, 'side': 'left', 'stabilize_anchor': False}, {'x_offset': 0.11790515550811032, 'y_offset': 0.9423842554136614, 'z_offset': 2.071042993877253, 'patch_size': 0.4, 'side': 'right', 'stabilize_anchor': False}, {'x_offset': -0.08592546250718669, 'y_offset': -0.17459339714014055, 'z_offset': 0.24704157062094906, 'patch_size': 0.4, 'side': 'right', 'stabilize_anchor': False}]"
2,5,20,0.0,0.0,"[{'x_offset': 0.9009582399131331, 'y_offset': 0.46344845898851794, 'z_offset': 0.6915626180461147, 'patch_size': 0.4, 'side': 'right', 'stabilize_anchor': False}, {'x_offset': 1.0316926092286813, 'y_offset': 0.8725444091321963, 'z_offset': 0.7964519565856313, 'patch_size': 0.4, 'side': 'left', 'stabilize_anchor': False}, {'x_offset': -0.06816824687171175, 'y_offset': 0.18480139472976675, 'z_offset': 1.957590052895307, 'patch_size': 0.4, 'side': 'left', 'stabilize_anchor': False}, {'x_offset': 0.11790515550811032, 'y_offset': 0.9423842554136614, 'z_offset': 2.071042993877253, 'patch_size': 0.4, 'side': 'right', 'stabilize_anchor': False}, {'x_offset': -0.08592546250718669, 'y_offset': -0.17459339714014055, 'z_offset': 0.24704157062094906, 'patch_size': 0.4, 'side': 'right', 'stabilize_anchor': False}]"
2,5,25,0.0,0.0,"[{'x_offset': 0.9009582399131331, 'y_offset': 0.46344845898851794, 'z_offset': 0.6915626180461147, 'patch_size': 0.4, 'side': 'right', 'stabilize_anchor': False}, {'x_offset': 1.0316926092286813, 'y_offset': 0.8725444091321963, 'z_offset': 0.7964519565856313, 'patch_size': 0.4, 'side': 'left', 'stabilize_anchor': False}, {'x_offset': -0.06816824687171175, 'y_offset': 0.18480139472976675, 'z_offset': 1.957590052895307, 'patch_size': 0.4, 'side': 'left', 'stabilize_anchor': False}, {'x_offset': 0.11790515550811032, 'y_offset': 0.9423842554136614, 'z_offset': 2.071042993877253, 'patch_size': 0.4, 'side': 'right', 'stabilize_anchor': False}, {'x_offset': -0.08592546250718669, 'y_offset': -0.17459339714014055, 'z_offset': 0.24704157062094906, 'patch_size': 0.4, 'side': 'right', 'stabilize_anchor': False}]"
2,5,30,0.0,0.0,"[{'x_offset': 0.9009582399131331, 'y_offset': 0.46344845898851794, 'z_offset': 0.6915626180461147, 'patch_size': 0.4, 'side': 'right', 'stabilize_anchor': False}, {'x_offset': 1.0316926092286813, 'y_offset': 0.8725444091321963, 'z_offset': 0.7964519565856313, 'patch_size': 0.4, 'side': 'left', 'stabilize_anchor': False}, {'x_offset': -0.06816824687171175, 'y_offset': 0.18480139472976675, 'z_offset': 1.957590052895307, 'patch_size': 0.4, 'side': 'left', 'stabilize_anchor': False}, {'x_offset': 0.11790515550811032, 'y_offset': 0.9423842554136614, 'z_offset': 2.071042993877253, 'patch_size': 0.4, 'side': 'right', 'stabilize_anchor': False}, {'x_offset': -0.08592546250718669, 'y_offset': -0.17459339714014055, 'z_offset': 0.24704157062094906, 'patch_size': 0.4, 'side': 'right', 'stabilize_anchor': False}]"
3,1,5,0.7031816244125366,0.10000000149011612,"[{'x_offset': 0.4488322526094515, 'y_offset': 0.8156291805709432, 'z_offset': 1.2790846023282847, 'patch_size': 0.4, 'side': 'right', 'stabilize_anchor': False}]"
3,1,10,0.7561285495758057,0.0,"[{'x_offset': 0.4488322526094515, 'y_offset': 0.8156291805709432, 'z_offset': 1.2790846023282847, 'patch_size': 0.4, 'side': 'right', 'stabilize_anchor': False}]"
3,1,15,0.5533806085586548,0.0,"[{'x_offset': 0.4488322526094515, 'y_offset': 0.8156291805709432, 'z_offset': 1.2790846023282847, 'patch_size': 0.4, 'side': 'right', 'stabilize_anchor': False}]"
3,1,20,0.3571595549583435,0.10000000149011612,"[{'x_offset': 0.4488322526094515, 'y_offset': 0.8156291805709432, 'z_offset': 1.2790846023282847, 'patch_size': 0.4, 'side': 'right', 'stabilize_anchor': False}]"
3,1,25,0.6595592498779297,0.0,"[{'x_offset': 0.4488322526094515, 'y_offset': 0.8156291805709432, 'z_offset': 1.2790846023282847, 'patch_size': 0.4, 'side': 'right', 'stabilize_anchor': False}]"
3,1,30,0.0,0.0,"[{'x_offset': 0.4488322526094515, 'y_offset': 0.8156291805709432, 'z_offset': 1.2790846023282847, 'patch_size': 0.4, 'side': 'right', 'stabilize_anchor': False}]"
3,2,5,0.6827290654182434,0.0,"[{'x_offset': 0.4488322526094515, 'y_offset': 0.8156291805709432, 'z_offset': 1.2790846023282847, 'patch_size': 0.4, 'side': 'right', 'stabilize_anchor': False}, {'x_offset': 1.1127516010761473, 'y_offset': 0.2912778929545593, 'z_offset': 0.3461460510949342, 'patch_size': 0.4, 'side': 'left', 'stabilize_anchor': False}]"
3,2,10,0.7571761608123779,0.0,"[{'x_offset': 0.4488322526094515, 'y_offset': 0.8156291805709432, 'z_offset': 1.2790846023282847, 'patch_size': 0.4, 'side': 'right', 'stabilize_anchor': False}, {'x_offset': 1.1127516010761473, 'y_offset': 0.2912778929545593, 'z_offset': 0.3461460510949342, 'patch_size': 0.4, 'side': 'left', 'stabilize_anchor': False}]"
3,2,15,0.5640530586242676,0.0,"[{'x_offset': 0.4488322526094515, 'y_offset': 0.8156291805709432, 'z_offset': 1.2790846023282847, 'patch_size': 0.4, 'side': 'right', 'stabilize_anchor': False}, {'x_offset': 1.1127516010761473, 'y_offset': 0.2912778929545593, 'z_offset': 0.3461460510949342, 'patch_size': 0.4, 'side': 'left', 'stabilize_anchor': False}]"
3,2,20,0.0,0.0,"[{'x_offset': 0.4488322526094515, 'y_offset': 0.8156291805709432, 'z_offset': 1.2790846023282847, 'patch_size': 0.4, 'side': 'right', 'stabilize_anchor': False}, {'x_offset': 1.1127516010761473, 'y_offset': 0.2912778929545593, 'z_offset': 0.3461460510949342, 'patch_size': 0.4, 'side': 'left', 'stabilize_anchor': False}]"
3,2,25,0.5234522819519043,0.0,"[{'x_offset': 0.4488322526094515, 'y_offset': 0.8156291805709432, 'z_offset': 1.2790846023282847, 'patch_size': 0.4, 'side': 'right', 'stabilize_anchor': False}, {'x_offset': 1.1127516010761473, 'y_offset': 0.2912778929545593, 'z_offset': 0.3461460510949342, 'patch_size': 0.4, 'side': 'left', 'stabilize_anchor': False}]"
3,2,30,0.0,0.10000000149011612,"[{'x_offset': 0.4488322526094515, 'y_offset': 0.8156291805709432, 'z_offset': 1.2790846023282847, 'patch_size': 0.4, 'side': 'right', 'stabilize_anchor': False}, {'x_offset': 1.1127516010761473, 'y_offset': 0.2912778929545593, 'z_offset': 0.3461460510949342, 'patch_size': 0.4, 'side': 'left', 'stabilize_anchor': False}]"
3,3,5,0.6741668581962585,0.0,"[{'x_offset': 0.4488322526094515, 'y_offset': 0.8156291805709432, 'z_offset': 1.2790846023282847, 'patch_size': 0.4, 'side': 'right', 'stabilize_anchor': False}, {'x_offset': 1.1127516010761473, 'y_offset': 0.2912778929545593, 'z_offset': 0.3461460510949342, 'patch_size': 0.4, 'side': 'left', 'stabilize_anchor': False}, {'x_offset': -0.45862653467747394, 'y_offset': -0.026617053083119457, 'z_offset': 0.3733762844508388, 'patch_size': 0.4, 'side': 'right', 'stabilize_anchor': False}]"
3,3,10,0.7153272032737732,0.0,"[{'x_offset': 0.4488322526094515, 'y_offset': 0.8156291805709432, 'z_offset': 1.2790846023282847, 'patch_size': 0.4, 'side': 'right', 'stabilize_anchor': False}, {'x_offset': 1.1127516010761473, 'y_offset': 0.2912778929545593, 'z_offset': 0.3461460510949342, 'patch_size': 0.4, 'side': 'left', 'stabilize_anchor': False}, {'x_offset': -0.45862653467747394, 'y_offset': -0.026617053083119457, 'z_offset': 0.3733762844508388, 'patch_size': 0.4, 'side': 'right', 'stabilize_anchor': False}]"
3,3,15,0.445264995098114,0.0,"[{'x_offset': 0.4488322526094515, 'y_offset': 0.8156291805709432, 'z_offset': 1.2790846023282847, 'patch_size': 0.4, 'side': 'right', 'stabilize_anchor': False}, {'x_offset': 1.1127516010761473, 'y_offset': 0.2912778929545593, 'z_offset': 0.3461460510949342, 'patch_size': 0.4, 'side': 'left', 'stabilize_anchor': False}, {'x_offset': -0.45862653467747394, 'y_offset': -0.026617053083119457, 'z_offset': 0.3733762844508388, 'patch_size': 0.4, 'side': 'right', 'stabilize_anchor': False}]"
3,3,20,0.0,0.0,"[{'x_offset': 0.4488322526094515, 'y_offset': 0.8156291805709432, 'z_offset': 1.2790846023282847, 'patch_size': 0.4, 'side': 'right', 'stabilize_anchor': False}, {'x_offset': 1.1127516010761473, 'y_offset': 0.2912778929545593, 'z_offset': 0.3461460510949342, 'patch_size': 0.4, 'side': 'left', 'stabilize_anchor': False}, {'x_offset': -0.45862653467747394, 'y_offset': -0.026617053083119457, 'z_offset': 0.3733762844508388, 'patch_size': 0.4, 'side': 'right', 'stabilize_anchor': False}]"
3,3,25,0.5292111039161682,0.10000000149011612,"[{'x_offset': 0.4488322526094515, 'y_offset': 0.8156291805709432, 'z_offset': 1.2790846023282847, 'patch_size': 0.4, 'side': 'right', 'stabilize_anchor': False}, {'x_offset': 1.1127516010761473, 'y_offset': 0.2912778929545593, 'z_offset': 0.3461460510949342, 'patch_size': 0.4, 'side': 'left', 'stabilize_anchor': False}, {'x_offset': -0.45862653467747394, 'y_offset': -0.026617053083119457, 'z_offset': 0.3733762844508388, 'patch_size': 0.4, 'side': 'right', 'stabilize_anchor': False}]"
3,3,30,0.0,0.0,"[{'x_offset': 0.4488322526094515, 'y_offset': 0.8156291805709432, 'z_offset': 1.2790846023282847, 'patch_size': 0.4, 'side': 'right', 'stabilize_anchor': False}, {'x_offset': 1.1127516010761473, 'y_offset': 0.2912778929545593, 'z_offset': 0.3461460510949342, 'patch_size': 0.4, 'side': 'left', 'stabilize_anchor': False}, {'x_offset': -0.45862653467747394, 'y_offset': -0.026617053083119457, 'z_offset': 0.3733762844508388, 'patch_size': 0.4, 'side': 'right', 'stabilize_anchor': False}]"
3,4,5,0.6692162156105042,0.0,"[{'x_offset': 0.4488322526094515, 'y_offset': 0.8156291805709432, 'z_offset': 1.2790846023282847, 'patch_size': 0.4, 'side': 'right', 'stabilize_anchor': False}, {'x_offset': 1.1127516010761473, 'y_offset': 0.2912778929545593, 'z_offset': 0.3461460510949342, 'patch_size': 0.4, 'side': 'left', 'stabilize_anchor': False}, {'x_offset': -0.45862653467747394, 'y_offset': -0.026617053083119457, 'z_offset': 0.3733762844508388, 'patch_size': 0.4, 'side': 'right', 'stabilize_anchor': False}, {'x_offset': 0.104887651374586, 'y_offset': -0.2, 'z_offset': 1.064792267503957, 'patch_size': 0.4, 'side': 'left', 'stabilize_anchor': False}]"
3,4,10,0.6846182942390442,0.0,"[{'x_offset': 0.4488322526094515, 'y_offset': 0.8156291805709432, 'z_offset': 1.2790846023282847, 'patch_size': 0.4, 'side': 'right', 'stabilize_anchor': False}, {'x_offset': 1.1127516010761473, 'y_offset': 0.2912778929545593, 'z_offset': 0.3461460510949342, 'patch_size': 0.4, 'side': 'left', 'stabilize_anchor': False}, {'x_offset': -0.45862653467747394, 'y_offset': -0.026617053083119457, 'z_offset': 0.3733762844508388, 'patch_size': 0.4, 'side': 'right', 'stabilize_anchor': False}, {'x_offset': 0.104887651374586, 'y_offset': -0.2, 'z_offset': 1.064792267503957, 'patch_size': 0.4, 'side': 'left', 'stabilize_anchor': False}]"
3,4,15,0.529613196849823,0.0,"[{'x_offset': 0.4488322526094515, 'y_offset': 0.8156291805709432, 'z_offset': 1.2790846023282847, 'patch_size': 0.4, 'side': 'right', 'stabilize_anchor': False}, {'x_offset': 1.1127516010761473, 'y_offset': 0.2912778929545593, 'z_offset': 0.3461460510949342, 'patch_size': 0.4, 'side': 'left', 'stabilize_anchor': False}, {'x_offset': -0.45862653467747394, 'y_offset': -0.026617053083119457, 'z_offset': 0.3733762844508388, 'patch_size': 0.4, 'side': 'right', 'stabilize_anchor': False}, {'x_offset': 0.104887651374586, 'y_offset': -0.2, 'z_offset': 1.064792267503957, 'patch_size': 0.4, 'side': 'left', 'stabilize_anchor': False}]"
3,4,20,0.0,0.0,"[{'x_offset': 0.4488322526094515, 'y_offset': 0.8156291805709432, 'z_offset': 1.2790846023282847, 'patch_size': 0.4, 'side': 'right', 'stabilize_anchor': False}, {'x_offset': 1.1127516010761473, 'y_offset': 0.2912778929545593, 'z_offset': 0.3461460510949342, 'patch_size': 0.4, 'side': 'left', 'stabilize_anchor': False}, {'x_offset': -0.45862653467747394, 'y_offset': -0.026617053083119457, 'z_offset': 0.3733762844508388, 'patch_size': 0.4, 'side': 'right', 'stabilize_anchor': False}, {'x_offset': 0.104887651374586, 'y_offset': -0.2, 'z_offset': 1.064792267503957, 'patch_size': 0.4, 'side': 'left', 'stabilize_anchor': False}]"
3,4,25,0.613578736782074,0.0,"[{'x_offset': 0.4488322526094515, 'y_offset': 0.8156291805709432, 'z_offset': 1.2790846023282847, 'patch_size': 0.4, 'side': 'right', 'stabilize_anchor': False}, {'x_offset': 1.1127516010761473, 'y_offset': 0.2912778929545593, 'z_offset': 0.3461460510949342, 'patch_size': 0.4, 'side': 'left', 'stabilize_anchor': False}, {'x_offset': -0.45862653467747394, 'y_offset': -0.026617053083119457, 'z_offset': 0.3733762844508388, 'patch_size': 0.4, 'side': 'right', 'stabilize_anchor': False}, {'x_offset': 0.104887651374586, 'y_offset': -0.2, 'z_offset': 1.064792267503957, 'patch_size': 0.4, 'side': 'left', 'stabilize_anchor': False}]"
3,4,30,0.35782212018966675,0.10000000149011612,"[{'x_offset': 0.4488322526094515, 'y_offset': 0.8156291805709432, 'z_offset': 1.2790846023282847, 'patch_size': 0.4, 'side': 'right', 'stabilize_anchor': False}, {'x_offset': 1.1127516010761473, 'y_offset': 0.2912778929545593, 'z_offset': 0.3461460510949342, 'patch_size': 0.4, 'side': 'left', 'stabilize_anchor': False}, {'x_offset': -0.45862653467747394, 'y_offset': -0.026617053083119457, 'z_offset': 0.3733762844508388, 'patch_size': 0.4, 'side': 'right', 'stabilize_anchor': False}, {'x_offset': 0.104887651374586, 'y_offset': -0.2, 'z_offset': 1.064792267503957, 'patch_size': 0.4, 'side': 'left', 'stabilize_anchor': False}]"
3,5,5,0.7008956074714661,0.0,"[{'x_offset': 0.4488322526094515, 'y_offset': 0.8156291805709432, 'z_offset': 1.2790846023282847, 'patch_size': 0.4, 'side': 'right', 'stabilize_anchor': False}, {'x_offset': 1.1127516010761473, 'y_offset': 0.2912778929545593, 'z_offset': 0.3461460510949342, 'patch_size': 0.4, 'side': 'left', 'stabilize_anchor': False}, {'x_offset': -0.45862653467747394, 'y_offset': -0.026617053083119457, 'z_offset': 0.3733762844508388, 'patch_size': 0.4, 'side': 'right', 'stabilize_anchor': False}, {'x_offset': 0.104887651374586, 'y_offset': -0.2, 'z_offset': 1.064792267503957, 'patch_size': 0.4, 'side': 'left', 'stabilize_anchor': False}, {'x_offset': 1.3975209126115988, 'y_offset': 0.8502934413394989, 'z_offset': 1.580924973894294, 'patch_size': 0.4, 'side': 'left', 'stabilize_anchor': False}]"
3,5,10,0.7506058812141418,0.0,"[{'x_offset': 0.4488322526094515, 'y_offset': 0.8156291805709432, 'z_offset': 1.2790846023282847, 'patch_size': 0.4, 'side': 'right', 'stabilize_anchor': False}, {'x_offset': 1.1127516010761473, 'y_offset': 0.2912778929545593, 'z_offset': 0.3461460510949342, 'patch_size': 0.4, 'side': 'left', 'stabilize_anchor': False}, {'x_offset': -0.45862653467747394, 'y_offset': -0.026617053083119457, 'z_offset': 0.3733762844508388, 'patch_size': 0.4, 'side': 'right', 'stabilize_anchor': False}, {'x_offset': 0.104887651374586, 'y_offset': -0.2, 'z_offset': 1.064792267503957, 'patch_size': 0.4, 'side': 'left', 'stabilize_anchor': False}, {'x_offset': 1.3975209126115988, 'y_offset': 0.8502934413394989, 'z_offset': 1.580924973894294, 'patch_size': 0.4, 'side': 'left', 'stabilize_anchor': False}]"
3,5,15,0.5923395752906799,0.0,"[{'x_offset': 0.4488322526094515, 'y_offset': 0.8156291805709432, 'z_offset': 1.2790846023282847, 'patch_size': 0.4, 'side': 'right', 'stabilize_anchor': False}, {'x_offset': 1.1127516010761473, 'y_offset': 0.2912778929545593, 'z_offset': 0.3461460510949342, 'patch_size': 0.4, 'side': 'left', 'stabilize_anchor': False}, {'x_offset': -0.45862653467747394, 'y_offset': -0.026617053083119457, 'z_offset': 0.3733762844508388, 'patch_size': 0.4, 'side': 'right', 'stabilize_anchor': False}, {'x_offset': 0.104887651374586, 'y_offset': -0.2, 'z_offset': 1.064792267503957, 'patch_size': 0.4, 'side': 'left', 'stabilize_anchor': False}, {'x_offset': 1.3975209126115988, 'y_offset': 0.8502934413394989, 'z_offset': 1.580924973894294, 'patch_size': 0.4, 'side': 'left', 'stabilize_anchor': False}]"
3,5,20,0.0,0.0,"[{'x_offset': 0.4488322526094515, 'y_offset': 0.8156291805709432, 'z_offset': 1.2790846023282847, 'patch_size': 0.4, 'side': 'right', 'stabilize_anchor': False}, {'x_offset': 1.1127516010761473, 'y_offset': 0.2912778929545593, 'z_offset': 0.3461460510949342, 'patch_size': 0.4, 'side': 'left', 'stabilize_anchor': False}, {'x_offset': -0.45862653467747394, 'y_offset': -0.026617053083119457, 'z_offset': 0.3733762844508388, 'patch_size': 0.4, 'side': 'right', 'stabilize_anchor': False}, {'x_offset': 0.104887651374586, 'y_offset': -0.2, 'z_offset': 1.064792267503957, 'patch_size': 0.4, 'side': 'left', 'stabilize_anchor': False}, {'x_offset': 1.3975209126115988, 'y_offset': 0.8502934413394989, 'z_offset': 1.580924973894294, 'patch_size': 0.4, 'side': 'left', 'stabilize_anchor': False}]"
3,5,25,0.0,0.0,"[{'x_offset': 0.4488322526094515, 'y_offset': 0.8156291805709432, 'z_offset': 1.2790846023282847, 'patch_size': 0.4, 'side': 'right', 'stabilize_anchor': False}, {'x_offset': 1.1127516010761473, 'y_offset': 0.2912778929545593, 'z_offset': 0.3461460510949342, 'patch_size': 0.4, 'side': 'left', 'stabilize_anchor': False}, {'x_offset': -0.45862653467747394, 'y_offset': -0.026617053083119457, 'z_offset': 0.3733762844508388, 'patch_size': 0.4, 'side': 'right', 'stabilize_anchor': False}, {'x_offset': 0.104887651374586, 'y_offset': -0.2, 'z_offset': 1.064792267503957, 'patch_size': 0.4, 'side': 'left', 'stabilize_anchor': False}, {'x_offset': 1.3975209126115988, 'y_offset': 0.8502934413394989, 'z_offset': 1.580924973894294, 'patch_size': 0.4, 'side': 'left', 'stabilize_anchor': False}]"
3,5,30,0.0,0.0,"[{'x_offset': 0.4488322526094515, 'y_offset': 0.8156291805709432, 'z_offset': 1.2790846023282847, 'patch_size': 0.4, 'side': 'right', 'stabilize_anchor': False}, {'x_offset': 1.1127516010761473, 'y_offset': 0.2912778929545593, 'z_offset': 0.3461460510949342, 'patch_size': 0.4, 'side': 'left', 'stabilize_anchor': False}, {'x_offset': -0.45862653467747394, 'y_offset': -0.026617053083119457, 'z_offset': 0.3733762844508388, 'patch_size': 0.4, 'side': 'right', 'stabilize_anchor': False}, {'x_offset': 0.104887651374586, 'y_offset': -0.2, 'z_offset': 1.064792267503957, 'patch_size': 0.4, 'side': 'left', 'stabilize_anchor': False}, {'x_offset': 1.3975209126115988, 'y_offset': 0.8502934413394989, 'z_offset': 1.580924973894294, 'patch_size': 0.4, 'side': 'left', 'stabilize_anchor': False}]"
4,1,5,0.6767522692680359,0.0,"[{'x_offset': 0.40855333329081844, 'y_offset': -0.2, 'z_offset': 1.4019753158986148, 'patch_size': 0.4, 'side': 'left', 'stabilize_anchor': False}]"
4,1,10,0.7520339488983154,0.0,"[{'x_offset': 0.40855333329081844, 'y_offset': -0.2, 'z_offset': 1.4019753158986148, 'patch_size': 0.4, 'side': 'left', 'stabilize_anchor': False}]"
4,1,15,0.6040308475494385,0.0,"[{'x_offset': 0.40855333329081844, 'y_offset': -0.2, 'z_offset': 1.4019753158986148, 'patch_size': 0.4, 'side': 'left', 'stabilize_anchor': False}]"
4,1,20,0.47845160961151123,0.0,"[{'x_offset': 0.40855333329081844, 'y_offset': -0.2, 'z_offset': 1.4019753158986148, 'patch_size': 0.4, 'side': 'left', 'stabilize_anchor': False}]"
4,1,25,0.5660919547080994,0.10000000149011612,"[{'x_offset': 0.40855333329081844, 'y_offset': -0.2, 'z_offset': 1.4019753158986148, 'patch_size': 0.4, 'side': 'left', 'stabilize_anchor': False}]"
4,1,30,0.5233392119407654,0.0,"[{'x_offset': 0.40855333329081844, 'y_offset': -0.2, 'z_offset': 1.4019753158986148, 'patch_size': 0.4, 'side': 'left', 'stabilize_anchor': False}]"
4,2,5,0.7206624150276184,0.0,"[{'x_offset': 0.40855333329081844, 'y_offset': -0.2, 'z_offset': 1.4019753158986148, 'patch_size': 0.4, 'side': 'left', 'stabilize_anchor': False}, {'x_offset': 1.1859073124581325, 'y_offset': 0.42043408139598015, 'z_offset': 0.9907912939272681, 'patch_size': 0.4, 'side': 'right', 'stabilize_anchor': False}]"
4,2,10,0.7049988508224487,0.0,"[{'x_offset': 0.40855333329081844, 'y_offset': -0.2, 'z_offset': 1.4019753158986148, 'patch_size': 0.4, 'side': 'left', 'stabilize_anchor': False}, {'x_offset': 1.1859073124581325, 'y_offset': 0.42043408139598015, 'z_offset': 0.9907912939272681, 'patch_size': 0.4, 'side': 'right', 'stabilize_anchor': False}]"
4,2,15,0.7090156078338623,0.0,"[{'x_offset': 0.40855333329081844, 'y_offset': -0.2, 'z_offset': 1.4019753158986148, 'patch_size': 0.4, 'side': 'left', 'stabilize_anchor': False}, {'x_offset': 1.1859073124581325, 'y_offset': 0.42043408139598015, 'z_offset': 0.9907912939272681, 'patch_size': 0.4, 'side': 'right', 'stabilize_anchor': False}]"
4,2,20,0.405926913022995,0.0,"[{'x_offset': 0.40855333329081844, 'y_offset': -0.2, 'z_offset': 1.4019753158986148, 'patch_size': 0.4, 'side': 'left', 'stabilize_anchor': False}, {'x_offset': 1.1859073124581325, 'y_offset': 0.42043408139598015, 'z_offset': 0.9907912939272681, 'patch_size': 0.4, 'side': 'right', 'stabilize_anchor': False}]"
4,2,25,0.5952231287956238,0.0,"[{'x_offset': 0.40855333329081844, 'y_offset': -0.2, 'z_offset': 1.4019753158986148, 'patch_size': 0.4, 'side': 'left', 'stabilize_anchor': False}, {'x_offset': 1.1859073124581325, 'y_offset': 0.42043408139598015, 'z_offset': 0.9907912939272681, 'patch_size': 0.4, 'side': 'right', 'stabilize_anchor': False}]"
4,2,30,0.6154128313064575,0.0,"[{'x_offset': 0.40855333329081844, 'y_offset': -0.2, 'z_offset': 1.4019753158986148, 'patch_size': 0.4, 'side': 'left', 'stabilize_anchor': False}, {'x_offset': 1.1859073124581325, 'y_offset': 0.42043408139598015, 'z_offset': 0.9907912939272681, 'patch_size': 0.4, 'side': 'right', 'stabilize_anchor': False}]"
4,3,5,0.6112479567527771,0.0,"[{'x_offset': 0.40855333329081844, 'y_offset': -0.2, 'z_offset': 1.4019753158986148, 'patch_size': 0.4, 'side': 'left', 'stabilize_anchor': False}, {'x_offset': 1.1859073124581325, 'y_offset': 0.42043408139598015, 'z_offset': 0.9907912939272681, 'patch_size': 0.4, 'side': 'right', 'stabilize_anchor': False}, {'x_offset': 1.9895832895201608, 'y_offset': 0.5156021616012647, 'z_offset': 0.285620454158541, 'patch_size': 0.4, 'side': 'left', 'stabilize_anchor': False}]"
4,3,10,0.6457977294921875,0.0,"[{'x_offset': 0.40855333329081844, 'y_offset': -0.2, 'z_offset': 1.4019753158986148, 'patch_size': 0.4, 'side': 'left', 'stabilize_anchor': False}, {'x_offset': 1.1859073124581325, 'y_offset': 0.42043408139598015, 'z_offset': 0.9907912939272681, 'patch_size': 0.4, 'side': 'right', 'stabilize_anchor': False}, {'x_offset': 1.9895832895201608, 'y_offset': 0.5156021616012647, 'z_offset': 0.285620454158541, 'patch_size': 0.4, 'side': 'left', 'stabilize_anchor': False}]"
4,3,15,0.617144763469696,0.0,"[{'x_offset': 0.40855333329081844, 'y_offset': -0.2, 'z_offset': 1.4019753158986148, 'patch_size': 0.4, 'side': 'left', 'stabilize_anchor': False}, {'x_offset': 1.1859073124581325, 'y_offset': 0.42043408139598015, 'z_offset': 0.9907912939272681, 'patch_size': 0.4, 'side': 'right', 'stabilize_anchor': False}, {'x_offset': 1.9895832895201608, 'y_offset': 0.5156021616012647, 'z_offset': 0.285620454158541, 'patch_size': 0.4, 'side': 'left', 'stabilize_anchor': False}]"
4,3,20,0.3600335717201233,0.0,"[{'x_offset': 0.40855333329081844, 'y_offset': -0.2, 'z_offset': 1.4019753158986148, 'patch_size': 0.4, 'side': 'left', 'stabilize_anchor': False}, {'x_offset': 1.1859073124581325, 'y_offset': 0.42043408139598015, 'z_offset': 0.9907912939272681, 'patch_size': 0.4, 'side': 'right', 'stabilize_anchor': False}, {'x_offset': 1.9895832895201608, 'y_offset': 0.5156021616012647, 'z_offset': 0.285620454158541, 'patch_size': 0.4, 'side': 'left', 'stabilize_anchor': False}]"
4,3,25,0.45829951763153076,0.0,"[{'x_offset': 0.40855333329081844, 'y_offset': -0.2, 'z_offset': 1.4019753158986148, 'patch_size': 0.4, 'side': 'left', 'stabilize_anchor': False}, {'x_offset': 1.1859073124581325, 'y_offset': 0.42043408139598015, 'z_offset': 0.9907912939272681, 'patch_size': 0.4, 'side': 'right', 'stabilize_anchor': False}, {'x_offset': 1.9895832895201608, 'y_offset': 0.5156021616012647, 'z_offset': 0.285620454158541, 'patch_size': 0.4, 'side': 'left', 'stabilize_anchor': False}]"
4,3,30,0.5967642664909363,0.0,"[{'x_offset': 0.40855333329081844, 'y_offset': -0.2, 'z_offset': 1.4019753158986148, 'patch_size': 0.4, 'side': 'left', 'stabilize_anchor': False}, {'x_offset': 1.1859073124581325, 'y_offset': 0.42043408139598015, 'z_offset': 0.9907912939272681, 'patch_size': 0.4, 'side': 'right', 'stabilize_anchor': False}, {'x_offset': 1.9895832895201608, 'y_offset': 0.5156021616012647, 'z_offset': 0.285620454158541, 'patch_size': 0.4, 'side': 'left', 'stabilize_anchor': False}]"
4,4,5,0.691551148891449,0.0,"[{'x_offset': 0.40855333329081844, 'y_offset': -0.2, 'z_offset': 1.4019753158986148, 'patch_size': 0.4, 'side': 'left', 'stabilize_anchor': False}, {'x_offset': 1.1859073124581325, 'y_offset': 0.42043408139598015, 'z_offset': 0.9907912939272681, 'patch_size': 0.4, 'side': 'right', 'stabilize_anchor': False}, {'x_offset': 1.9895832895201608, 'y_offset': 0.5156021616012647, 'z_offset': 0.285620454158541, 'patch_size': 0.4, 'side': 'left', 'stabilize_anchor': False}, {'x_offset': 1.6256493805321686, 'y_offset': -0.23390582924461423, 'z_offset': 1.4805338900393463, 'patch_size': 0.4, 'side': 'right', 'stabilize_anchor': False}]"
4,4,10,0.6878210306167603,0.0,"[{'x_offset': 0.40855333329081844, 'y_offset': -0.2, 'z_offset': 1.4019753158986148, 'patch_size': 0.4, 'side': 'left', 'stabilize_anchor': False}, {'x_offset': 1.1859073124581325, 'y_offset': 0.42043408139598015, 'z_offset': 0.9907912939272681, 'patch_size': 0.4, 'side': 'right', 'stabilize_anchor': False}, {'x_offset': 1.9895832895201608, 'y_offset': 0.5156021616012647, 'z_offset': 0.285620454158541, 'patch_size': 0.4, 'side': 'left', 'stabilize_anchor': False}, {'x_offset': 1.6256493805321686, 'y_offset': -0.23390582924461423, 'z_offset': 1.4805338900393463, 'patch_size': 0.4, 'side': 'right', 'stabilize_anchor': False}]"
4,4,15,0.5824963450431824,0.0,"[{'x_offset': 0.40855333329081844, 'y_offset': -0.2, 'z_offset': 1.4019753158986148, 'patch_size': 0.4, 'side': 'left', 'stabilize_anchor': False}, {'x_offset': 1.1859073124581325, 'y_offset': 0.42043408139598015, 'z_offset': 0.9907912939272681, 'patch_size': 0.4, 'side': 'right', 'stabilize_anchor': False}, {'x_offset': 1.9895832895201608, 'y_offset': 0.5156021616012647, 'z_offset': 0.285620454158541, 'patch_size': 0.4, 'side': 'left', 'stabilize_anchor': False}, {'x_offset': 1.6256493805321686, 'y_offset': -0.23390582924461423, 'z_offset': 1.4805338900393463, 'patch_size': 0.4, 'side': 'right', 'stabilize_anchor': False}]"
4,4,20,0.4404621124267578,0.0,"[{'x_offset': 0.40855333329081844, 'y_offset': -0.2, 'z_offset': 1.4019753158986148, 'patch_size': 0.4, 'side': 'left', 'stabilize_anchor': False}, {'x_offset': 1.1859073124581325, 'y_offset': 0.42043408139598015, 'z_offset': 0.9907912939272681, 'patch_size': 0.4, 'side': 'right', 'stabilize_anchor': False}, {'x_offset': 1.9895832895201608, 'y_offset': 0.5156021616012647, 'z_offset': 0.285620454158541, 'patch_size': 0.4, 'side': 'left', 'stabilize_anchor': False}, {'x_offset': 1.6256493805321686, 'y_offset': -0.23390582924461423, 'z_offset': 1.4805338900393463, 'patch_size': 0.4, 'side': 'right', 'stabilize_anchor': False}]"
4,4,25,0.3831287920475006,0.0,"[{'x_offset': 0.40855333329081844, 'y_offset': -0.2, 'z_offset': 1.4019753158986148, 'patch_size': 0.4, 'side': 'left', 'stabilize_anchor': False}, {'x_offset': 1.1859073124581325, 'y_offset': 0.42043408139598015, 'z_offset': 0.9907912939272681, 'patch_size': 0.4, 'side': 'right', 'stabilize_anchor': False}, {'x_offset': 1.9895832895201608, 'y_offset': 0.5156021616012647, 'z_offset': 0.285620454158541, 'patch_size': 0.4, 'side': 'left', 'stabilize_anchor': False}, {'x_offset': 1.6256493805321686, 'y_offset': -0.23390582924461423, 'z_offset': 1.4805338900393463, 'patch_size': 0.4, 'side': 'right', 'stabilize_anchor': False}]"
4,4,30,0.6698215007781982,0.0,"[{'x_offset': 0.40855333329081844, 'y_offset': -0.2, 'z_offset': 1.4019753158986148, 'patch_size': 0.4, 'side': 'left', 'stabilize_anchor': False}, {'x_offset': 1.1859073124581325, 'y_offset': 0.42043408139598015, 'z_offset': 0.9907912939272681, 'patch_size': 0.4, 'side': 'right', 'stabilize_anchor': False}, {'x_offset': 1.9895832895201608, 'y_offset': 0.5156021616012647, 'z_offset': 0.285620454158541, 'patch_size': 0.4, 'side': 'left', 'stabilize_anchor': False}, {'x_offset': 1.6256493805321686, 'y_offset': -0.23390582924461423, 'z_offset': 1.4805338900393463, 'patch_size': 0.4, 'side': 'right', 'stabilize_anchor': False}]"
4,5,5,0.5911040306091309,0.0,"[{'x_offset': 0.40855333329081844, 'y_offset': -0.2, 'z_offset': 1.4019753158986148, 'patch_size': 0.4, 'side': 'left', 'stabilize_anchor': False}, {'x_offset': 1.1859073124581325, 'y_offset': 0.42043408139598015, 'z_offset': 0.9907912939272681, 'patch_size': 0.4, 'side': 'right', 'stabilize_anchor': False}, {'x_offset': 1.9895832895201608, 'y_offset': 0.5156021616012647, 'z_offset': 0.285620454158541, 'patch_size': 0.4, 'side': 'left', 'stabilize_anchor': False}, {'x_offset': 1.6256493805321686, 'y_offset': -0.23390582924461423, 'z_offset': 1.4805338900393463, 'patch_size': 0.4, 'side': 'right', 'stabilize_anchor': False}, {'x_offset': -0.27532027971784023, 'y_offset': -0.6675770844255765, 'z_offset': 0.6969154565336088, 'patch_size': 0.4, 'side': 'left', 'stabilize_anchor': False}]"
4,5,10,0.6003613471984863,0.0,"[{'x_offset': 0.40855333329081844, 'y_offset': -0.2, 'z_offset': 1.4019753158986148, 'patch_size': 0.4, 'side': 'left', 'stabilize_anchor': False}, {'x_offset': 1.1859073124581325, 'y_offset': 0.42043408139598015, 'z_offset': 0.9907912939272681, 'patch_size': 0.4, 'side': 'right', 'stabilize_anchor': False}, {'x_offset': 1.9895832895201608, 'y_offset': 0.5156021616012647, 'z_offset': 0.285620454158541, 'patch_size': 0.4, 'side': 'left', 'stabilize_anchor': False}, {'x_offset': 1.6256493805321686, 'y_offset': -0.23390582924461423, 'z_offset': 1.4805338900393463, 'patch_size': 0.4, 'side': 'right', 'stabilize_anchor': False}, {'x_offset': -0.27532027971784023, 'y_offset': -0.6675770844255765, 'z_offset': 0.6969154565336088, 'patch_size': 0.4, 'side': 'left', 'stabilize_anchor': False}]"
4,5,15,0.45581889152526855,0.0,"[{'x_offset': 0.40855333329081844, 'y_offset': -0.2, 'z_offset': 1.4019753158986148, 'patch_size': 0.4, 'side': 'left', 'stabilize_anchor': False}, {'x_offset': 1.1859073124581325, 'y_offset': 0.42043408139598015, 'z_offset': 0.9907912939272681, 'patch_size': 0.4, 'side': 'right', 'stabilize_anchor': False}, {'x_offset': 1.9895832895201608, 'y_offset': 0.5156021616012647, 'z_offset': 0.285620454158541, 'patch_size': 0.4, 'side': 'left', 'stabilize_anchor': False}, {'x_offset': 1.6256493805321686, 'y_offset': -0.23390582924461423, 'z_offset': 1.4805338900393463, 'patch_size': 0.4, 'side': 'right', 'stabilize_anchor': False}, {'x_offset': -0.27532027971784023, 'y_offset': -0.6675770844255765, 'z_offset': 0.6969154565336088, 'patch_size': 0.4, 'side': 'left', 'stabilize_anchor': False}]"
4,5,20,0.49679628014564514,0.0,"[{'x_offset': 0.40855333329081844, 'y_offset': -0.2, 'z_offset': 1.4019753158986148, 'patch_size': 0.4, 'side': 'left', 'stabilize_anchor': False}, {'x_offset': 1.1859073124581325, 'y_offset': 0.42043408139598015, 'z_offset': 0.9907912939272681, 'patch_size': 0.4, 'side': 'right', 'stabilize_anchor': False}, {'x_offset': 1.9895832895201608, 'y_offset': 0.5156021616012647, 'z_offset': 0.285620454158541, 'patch_size': 0.4, 'side': 'left', 'stabilize_anchor': False}, {'x_offset': 1.6256493805321686, 'y_offset': -0.23390582924461423, 'z_offset': 1.4805338900393463, 'patch_size': 0.4, 'side': 'right', 'stabilize_anchor': False}, {'x_offset': -0.27532027971784023, 'y_offset': -0.6675770844255765, 'z_offset': 0.6969154565336088, 'patch_size': 0.4, 'side': 'left', 'stabilize_anchor': False}]"
4,5,25,0.0,0.0,"[{'x_offset': 0.40855333329081844, 'y_offset': -0.2, 'z_offset': 1.4019753158986148, 'patch_size': 0.4, 'side': 'left', 'stabilize_anchor': False}, {'x_offset': 1.1859073124581325, 'y_offset': 0.42043408139598015, 'z_offset': 0.9907912939272681, 'patch_size': 0.4, 'side': 'right', 'stabilize_anchor': False}, {'x_offset': 1.9895832895201608, 'y_offset': 0.5156021616012647, 'z_offset': 0.285620454158541, 'patch_size': 0.4, 'side': 'left', 'stabilize_anchor': False}, {'x_offset': 1.6256493805321686, 'y_offset': -0.23390582924461423, 'z_offset': 1.4805338900393463, 'patch_size': 0.4, 'side': 'right', 'stabilize_anchor': False}, {'x_offset': -0.27532027971784023, 'y_offset': -0.6675770844255765, 'z_offset': 0.6969154565336088, 'patch_size': 0.4, 'side': 'left', 'stabilize_anchor': False}]"
4,5,30,0.6223847270011902,0.0,"[{'x_offset': 0.40855333329081844, 'y_offset': -0.2, 'z_offset': 1.4019753158986148, 'patch_size': 0.4, 'side': 'left', 'stabilize_anchor': False}, {'x_offset': 1.1859073124581325, 'y_offset': 0.42043408139598015, 'z_offset': 0.9907912939272681, 'patch_size': 0.4, 'side': 'right', 'stabilize_anchor': False}, {'x_offset': 1.9895832895201608, 'y_offset': 0.5156021616012647, 'z_offset': 0.285620454158541, 'patch_size': 0.4, 'side': 'left', 'stabilize_anchor': False}, {'x_offset': 1.6256493805321686, 'y_offset': -0.23390582924461423, 'z_offset': 1.4805338900393463, 'patch_size': 0.4, 'side': 'right', 'stabilize_anchor': False}, {'x_offset': -0.27532027971784023, 'y_offset': -0.6675770844255765, 'z_offset': 0.6969154565336088, 'patch_size': 0.4, 'side': 'left', 'stabilize_anchor': False}]"
5,1,5,0.6771458983421326,0.0,"[{'x_offset': 0.015631164182393853, 'y_offset': 0.2, 'z_offset': 0.4435408708862277, 'patch_size': 0.4, 'side': 'right', 'stabilize_anchor': False}]"
5,1,10,0.6513188481330872,0.0,"[{'x_offset': 0.015631164182393853, 'y_offset': 0.2, 'z_offset': 0.4435408708862277, 'patch_size': 0.4, 'side': 'right', 'stabilize_anchor': False}]"
5,1,15,0.5937389135360718,0.0,"[{'x_offset': 0.015631164182393853, 'y_offset': 0.2, 'z_offset': 0.4435408708862277, 'patch_size': 0.4, 'side': 'right', 'stabilize_anchor': False}]"
5,1,20,0.4933294653892517,0.0,"[{'x_offset': 0.015631164182393853, 'y_offset': 0.2, 'z_offset': 0.4435408708862277, 'patch_size': 0.4, 'side': 'right', 'stabilize_anchor': False}]"
5,1,25,0.5426966547966003,0.0,"[{'x_offset': 0.015631164182393853, 'y_offset': 0.2, 'z_offset': 0.4435408708862277, 'patch_size': 0.4, 'side': 'right', 'stabilize_anchor': False}]"
5,1,30,0.5529748797416687,0.0,"[{'x_offset': 0.015631164182393853, 'y_offset': 0.2, 'z_offset': 0.4435408708862277, 'patch_size': 0.4, 'side': 'right', 'stabilize_anchor': False}]"
5,2,5,0.6632146239280701,0.0,"[{'x_offset': 0.015631164182393853, 'y_offset': 0.2, 'z_offset': 0.4435408708862277, 'patch_size': 0.4, 'side': 'right', 'stabilize_anchor': False}, {'x_offset': 0.43012695028766235, 'y_offset': 0.5094288598757732, 'z_offset': 1.051720198335464, 'patch_size': 0.4, 'side': 'left', 'stabilize_anchor': False}]"
5,2,10,0.6651729941368103,0.0,"[{'x_offset': 0.015631164182393853, 'y_offset': 0.2, 'z_offset': 0.4435408708862277, 'patch_size': 0.4, 'side': 'right', 'stabilize_anchor': False}, {'x_offset': 0.43012695028766235, 'y_offset': 0.5094288598757732, 'z_offset': 1.051720198335464, 'patch_size': 0.4, 'side': 'left', 'stabilize_anchor': False}]"
5,2,15,0.5460578799247742,0.0,"[{'x_offset': 0.015631164182393853, 'y_offset': 0.2, 'z_offset': 0.4435408708862277, 'patch_size': 0.4, 'side': 'right', 'stabilize_anchor': False}, {'x_offset': 0.43012695028766235, 'y_offset': 0.5094288598757732, 'z_offset': 1.051720198335464, 'patch_size': 0.4, 'side': 'left', 'stabilize_anchor': False}]"
5,2,20,0.0,0.0,"[{'x_offset': 0.015631164182393853, 'y_offset': 0.2, 'z_offset': 0.4435408708862277, 'patch_size': 0.4, 'side': 'right', 'stabilize_anchor': False}, {'x_offset': 0.43012695028766235, 'y_offset': 0.5094288598757732, 'z_offset': 1.051720198335464, 'patch_size': 0.4, 'side': 'left', 'stabilize_anchor': False}]"
5,2,25,0.4570138454437256,0.0,"[{'x_offset': 0.015631164182393853, 'y_offset': 0.2, 'z_offset': 0.4435408708862277, 'patch_size': 0.4, 'side': 'right', 'stabilize_anchor': False}, {'x_offset': 0.43012695028766235, 'y_offset': 0.5094288598757732, 'z_offset': 1.051720198335464, 'patch_size': 0.4, 'side': 'left', 'stabilize_anchor': False}]"
5,2,30,0.4780915677547455,0.0,"[{'x_offset': 0.015631164182393853, 'y_offset': 0.2, 'z_offset': 0.4435408708862277, 'patch_size': 0.4, 'side': 'right', 'stabilize_anchor': False}, {'x_offset': 0.43012695028766235, 'y_offset': 0.5094288598757732, 'z_offset': 1.051720198335464, 'patch_size': 0.4, 'side': 'left', 'stabilize_anchor': False}]"
5,3,5,0.7129101157188416,0.0,"[{'x_offset': 0.015631164182393853, 'y_offset': 0.2, 'z_offset': 0.4435408708862277, 'patch_size': 0.4, 'side': 'right', 'stabilize_anchor': False}, {'x_offset': 0.43012695028766235, 'y_offset': 0.5094288598757732, 'z_offset': 1.051720198335464, 'patch_size': 0.4, 'side': 'left', 'stabilize_anchor': False}, {'x_offset': 2.1148038424036057, 'y_offset': -0.48180902736616726, 'z_offset': 2.1881130506624262, 'patch_size': 0.4, 'side': 'left', 'stabilize_anchor': False}]"
5,3,10,0.7207556366920471,0.0,"[{'x_offset': 0.015631164182393853, 'y_offset': 0.2, 'z_offset': 0.4435408708862277, 'patch_size': 0.4, 'side': 'right', 'stabilize_anchor': False}, {'x_offset': 0.43012695028766235, 'y_offset': 0.5094288598757732, 'z_offset': 1.051720198335464, 'patch_size': 0.4, 'side': 'left', 'stabilize_anchor': False}, {'x_offset': 2.1148038424036057, 'y_offset': -0.48180902736616726, 'z_offset': 2.1881130506624262, 'patch_size': 0.4, 'side': 'left', 'stabilize_anchor': False}]"
5,3,15,0.6496275663375854,0.0,"[{'x_offset': 0.015631164182393853, 'y_offset': 0.2, 'z_offset': 0.4435408708862277, 'patch_size': 0.4, 'side': 'right', 'stabilize_anchor': False}, {'x_offset': 0.43012695028766235, 'y_offset': 0.5094288598757732, 'z_offset': 1.051720198335464, 'patch_size': 0.4, 'side': 'left', 'stabilize_anchor': False}, {'x_offset': 2.1148038424036057, 'y_offset': -0.48180902736616726, 'z_offset': 2.1881130506624262, 'patch_size': 0.4, 'side': 'left', 'stabilize_anchor': False}]"
5,3,20,0.373280793428421,0.0,"[{'x_offset': 0.015631164182393853, 'y_offset': 0.2, 'z_offset': 0.4435408708862277, 'patch_size': 0.4, 'side': 'right', 'stabilize_anchor': False}, {'x_offset': 0.43012695028766235, 'y_offset': 0.5094288598757732, 'z_offset': 1.051720198335464, 'patch_size': 0.4, 'side': 'left', 'stabilize_anchor': False}, {'x_offset': 2.1148038424036057, 'y_offset': -0.48180902736616726, 'z_offset': 2.1881130506624262, 'patch_size': 0.4, 'side': 'left', 'stabilize_anchor': False}]"
5,3,25,0.38481405377388,0.0,"[{'x_offset': 0.015631164182393853, 'y_offset': 0.2, 'z_offset': 0.4435408708862277, 'patch_size': 0.4, 'side': 'right', 'stabilize_anchor': False}, {'x_offset': 0.43012695028766235, 'y_offset': 0.5094288598757732, 'z_offset': 1.051720198335464, 'patch_size': 0.4, 'side': 'left', 'stabilize_anchor': False}, {'x_offset': 2.1148038424036057, 'y_offset': -0.48180902736616726, 'z_offset': 2.1881130506624262, 'patch_size': 0.4, 'side': 'left', 'stabilize_anchor': False}]"
5,3,30,0.5591193437576294,0.0,"[{'x_offset': 0.015631164182393853, 'y_offset': 0.2, 'z_offset': 0.4435408708862277, 'patch_size': 0.4, 'side': 'right', 'stabilize_anchor': False}, {'x_offset': 0.43012695028766235, 'y_offset': 0.5094288598757732, 'z_offset': 1.051720198335464, 'patch_size': 0.4, 'side': 'left', 'stabilize_anchor': False}, {'x_offset': 2.1148038424036057, 'y_offset': -0.48180902736616726, 'z_offset': 2.1881130506624262, 'patch_size': 0.4, 'side': 'left', 'stabilize_anchor': False}]"
5,4,5,0.6960514187812805,0.0,"[{'x_offset': 0.015631164182393853, 'y_offset': 0.2, 'z_offset': 0.4435408708862277, 'patch_size': 0.4, 'side': 'right', 'stabilize_anchor': False}, {'x_offset': 0.43012695028766235, 'y_offset': 0.5094288598757732, 'z_offset': 1.051720198335464, 'patch_size': 0.4, 'side': 'left', 'stabilize_anchor': False}, {'x_offset': 2.1148038424036057, 'y_offset': -0.48180902736616726, 'z_offset': 2.1881130506624262, 'patch_size': 0.4, 'side': 'left', 'stabilize_anchor': False}, {'x_offset': 1.1432689269056726, 'y_offset': 0.731201125961809, 'z_offset': 1.3311717797705342, 'patch_size': 0.4, 'side': 'right', 'stabilize_anchor': False}]"
5,4,10,0.7073928117752075,0.0,"[{'x_offset': 0.015631164182393853, 'y_offset': 0.2, 'z_offset': 0.4435408708862277, 'patch_size': 0.4, 'side': 'right', 'stabilize_anchor': False}, {'x_offset': 0.43012695028766235, 'y_offset': 0.5094288598757732, 'z_offset': 1.051720198335464, 'patch_size': 0.4, 'side': 'left', 'stabilize_anchor': False}, {'x_offset': 2.1148038424036057, 'y_offset': -0.48180902736616726, 'z_offset': 2.1881130506624262, 'patch_size': 0.4, 'side': 'left', 'stabilize_anchor': False}, {'x_offset': 1.1432689269056726, 'y_offset': 0.731201125961809, 'z_offset': 1.3311717797705342, 'patch_size': 0.4, 'side': 'right', 'stabilize_anchor': False}]"
5,4,15,0.6185910701751709,0.0,"[{'x_offset': 0.015631164182393853, 'y_offset': 0.2, 'z_offset': 0.4435408708862277, 'patch_size': 0.4, 'side': 'right', 'stabilize_anchor': False}, {'x_offset': 0.43012695028766235, 'y_offset': 0.5094288598757732, 'z_offset': 1.051720198335464, 'patch_size': 0.4, 'side': 'left', 'stabilize_anchor': False}, {'x_offset': 2.1148038424036057, 'y_offset': -0.48180902736616726, 'z_offset': 2.1881130506624262, 'patch_size': 0.4, 'side': 'left', 'stabilize_anchor': False}, {'x_offset': 1.1432689269056726, 'y_offset': 0.731201125961809, 'z_offset': 1.3311717797705342, 'patch_size': 0.4, 'side': 'right', 'stabilize_anchor': False}]"
5,4,20,0.0,0.0,"[{'x_offset': 0.015631164182393853, 'y_offset': 0.2, 'z_offset': 0.4435408708862277, 'patch_size': 0.4, 'side': 'right', 'stabilize_anchor': False}, {'x_offset': 0.43012695028766235, 'y_offset': 0.5094288598757732, 'z_offset': 1.051720198335464, 'patch_size': 0.4, 'side': 'left', 'stabilize_anchor': False}, {'x_offset': 2.1148038424036057, 'y_offset': -0.48180902736616726, 'z_offset': 2.1881130506624262, 'patch_size': 0.4, 'side': 'left', 'stabilize_anchor': False}, {'x_offset': 1.1432689269056726, 'y_offset': 0.731201125961809, 'z_offset': 1.3311717797705342, 'patch_size': 0.4, 'side': 'right', 'stabilize_anchor': False}]"
5,4,25,0.0,0.0,"[{'x_offset': 0.015631164182393853, 'y_offset': 0.2, 'z_offset': 0.4435408708862277, 'patch_size': 0.4, 'side': 'right', 'stabilize_anchor': False}, {'x_offset': 0.43012695028766235, 'y_offset': 0.5094288598757732, 'z_offset': 1.051720198335464, 'patch_size': 0.4, 'side': 'left', 'stabilize_anchor': False}, {'x_offset': 2.1148038424036057, 'y_offset': -0.48180902736616726, 'z_offset': 2.1881130506624262, 'patch_size': 0.4, 'side': 'left', 'stabilize_anchor': False}, {'x_offset': 1.1432689269056726, 'y_offset': 0.731201125961809, 'z_offset': 1.3311717797705342, 'patch_size': 0.4, 'side': 'right', 'stabilize_anchor': False}]"
5,4,30,0.45025765895843506,0.10000000149011612,"[{'x_offset': 0.015631164182393853, 'y_offset': 0.2, 'z_offset': 0.4435408708862277, 'patch_size': 0.4, 'side': 'right', 'stabilize_anchor': False}, {'x_offset': 0.43012695028766235, 'y_offset': 0.5094288598757732, 'z_offset': 1.051720198335464, 'patch_size': 0.4, 'side': 'left', 'stabilize_anchor': False}, {'x_offset': 2.1148038424036057, 'y_offset': -0.48180902736616726, 'z_offset': 2.1881130506624262, 'patch_size': 0.4, 'side': 'left', 'stabilize_anchor': False}, {'x_offset': 1.1432689269056726, 'y_offset': 0.731201125961809, 'z_offset': 1.3311717797705342, 'patch_size': 0.4, 'side': 'right', 'stabilize_anchor': False}]"
5,5,5,0.7027457356452942,0.0,"[{'x_offset': 0.015631164182393853, 'y_offset': 0.2, 'z_offset': 0.4435408708862277, 'patch_size': 0.4, 'side': 'right', 'stabilize_anchor': False}, {'x_offset': 0.43012695028766235, 'y_offset': 0.5094288598757732, 'z_offset': 1.051720198335464, 'patch_size': 0.4, 'side': 'left', 'stabilize_anchor': False}, {'x_offset': 2.1148038424036057, 'y_offset': -0.48180902736616726, 'z_offset': 2.1881130506624262, 'patch_size': 0.4, 'side': 'left', 'stabilize_anchor': False}, {'x_offset': 1.1432689269056726, 'y_offset': 0.731201125961809, 'z_offset': 1.3311717797705342, 'patch_size': 0.4, 'side': 'right', 'stabilize_anchor': False}, {'x_offset': 0.6675316498517168, 'y_offset': -0.44742822200424465, 'z_offset': 1.8122808476054861, 'patch_size': 0.4, 'side': 'right', 'stabilize_anchor': False}]"
5,5,10,0.6554744839668274,0.0,"[{'x_offset': 0.015631164182393853, 'y_offset': 0.2, 'z_offset': 0.4435408708862277, 'patch_size': 0.4, 'side': 'right', 'stabilize_anchor': False}, {'x_offset': 0.43012695028766235, 'y_offset': 0.5094288598757732, 'z_offset': 1.051720198335464, 'patch_size': 0.4, 'side': 'left', 'stabilize_anchor': False}, {'x_offset': 2.1148038424036057, 'y_offset': -0.48180902736616726, 'z_offset': 2.1881130506624262, 'patch_size': 0.4, 'side': 'left', 'stabilize_anchor': False}, {'x_offset': 1.1432689269056726, 'y_offset': 0.731201125961809, 'z_offset': 1.3311717797705342, 'patch_size': 0.4, 'side': 'right', 'stabilize_anchor': False}, {'x_offset': 0.6675316498517168, 'y_offset': -0.44742822200424465, 'z_offset': 1.8122808476054861, 'patch_size': 0.4, 'side': 'right', 'stabilize_anchor': False}]"
5,5,15,0.5476894974708557,0.0,"[{'x_offset': 0.015631164182393853, 'y_offset': 0.2, 'z_offset': 0.4435408708862277, 'patch_size': 0.4, 'side': 'right', 'stabilize_anchor': False}, {'x_offset': 0.43012695028766235, 'y_offset': 0.5094288598757732, 'z_offset': 1.051720198335464, 'patch_size': 0.4, 'side': 'left', 'stabilize_anchor': False}, {'x_offset': 2.1148038424036057, 'y_offset': -0.48180902736616726, 'z_offset': 2.1881130506624262, 'patch_size': 0.4, 'side': 'left', 'stabilize_anchor': False}, {'x_offset': 1.1432689269056726, 'y_offset': 0.731201125961809, 'z_offset': 1.3311717797705342, 'patch_size': 0.4, 'side': 'right', 'stabilize_anchor': False}, {'x_offset': 0.6675316498517168, 'y_offset': -0.44742822200424465, 'z_offset': 1.8122808476054861, 'patch_size': 0.4, 'side': 'right', 'stabilize_anchor': False}]"
5,5,20,0.0,0.0,"[{'x_offset': 0.015631164182393853, 'y_offset': 0.2, 'z_offset': 0.4435408708862277, 'patch_size': 0.4, 'side': 'right', 'stabilize_anchor': False}, {'x_offset': 0.43012695028766235, 'y_offset': 0.5094288598757732, 'z_offset': 1.051720198335464, 'patch_size': 0.4, 'side': 'left', 'stabilize_anchor': False}, {'x_offset': 2.1148038424036057, 'y_offset': -0.48180902736616726, 'z_offset': 2.1881130506624262, 'patch_size': 0.4, 'side': 'left', 'stabilize_anchor': False}, {'x_offset': 1.1432689269056726, 'y_offset': 0.731201125961809, 'z_offset': 1.3311717797705342, 'patch_size': 0.4, 'side': 'right', 'stabilize_anchor': False}, {'x_offset': 0.6675316498517168, 'y_offset': -0.44742822200424465, 'z_offset': 1.8122808476054861, 'patch_size': 0.4, 'side': 'right', 'stabilize_anchor': False}]"
5,5,25,0.0,0.0,"[{'x_offset': 0.015631164182393853, 'y_offset': 0.2, 'z_offset': 0.4435408708862277, 'patch_size': 0.4, 'side': 'right', 'stabilize_anchor': False}, {'x_offset': 0.43012695028766235, 'y_offset': 0.5094288598757732, 'z_offset': 1.051720198335464, 'patch_size': 0.4, 'side': 'left', 'stabilize_anchor': False}, {'x_offset': 2.1148038424036057, 'y_offset': -0.48180902736616726, 'z_offset': 2.1881130506624262, 'patch_size': 0.4, 'side': 'left', 'stabilize_anchor': False}, {'x_offset': 1.1432689269056726, 'y_offset': 0.731201125961809, 'z_offset': 1.3311717797705342, 'patch_size': 0.4, 'side': 'right', 'stabilize_anchor': False}, {'x_offset': 0.6675316498517168, 'y_offset': -0.44742822200424465, 'z_offset': 1.8122808476054861, 'patch_size': 0.4, 'side': 'right', 'stabilize_anchor': False}]"
5,5,30,0.3635721206665039,0.10000000149011612,"[{'x_offset': 0.015631164182393853, 'y_offset': 0.2, 'z_offset': 0.4435408708862277, 'patch_size': 0.4, 'side': 'right', 'stabilize_anchor': False}, {'x_offset': 0.43012695028766235, 'y_offset': 0.5094288598757732, 'z_offset': 1.051720198335464, 'patch_size': 0.4, 'side': 'left', 'stabilize_anchor': False}, {'x_offset': 2.1148038424036057, 'y_offset': -0.48180902736616726, 'z_offset': 2.1881130506624262, 'patch_size': 0.4, 'side': 'left', 'stabilize_anchor': False}, {'x_offset': 1.1432689269056726, 'y_offset': 0.731201125961809, 'z_offset': 1.3311717797705342, 'patch_size': 0.4, 'side': 'right', 'stabilize_anchor': False}, {'x_offset': 0.6675316498517168, 'y_offset': -0.44742822200424465, 'z_offset': 1.8122808476054861, 'patch_size': 0.4, 'side': 'right', 'stabilize_anchor': False}]"
6,1,5,0.6871519684791565,0.0,"[{'x_offset': 0.9310178067524415, 'y_offset': 0.4618678226377295, 'z_offset': 1.3912030911479931, 'patch_size': 0.4, 'side': 'right', 'stabilize_anchor': False}]"
6,1,10,0.7535771727561951,0.0,"[{'x_offset': 0.9310178067524415, 'y_offset': 0.4618678226377295, 'z_offset': 1.3912030911479931, 'patch_size': 0.4, 'side': 'right', 'stabilize_anchor': False}]"
6,1,15,0.5610705018043518,0.0,"[{'x_offset': 0.9310178067524415, 'y_offset': 0.4618678226377295, 'z_offset': 1.3912030911479931, 'patch_size': 0.4, 'side': 'right', 'stabilize_anchor': False}]"
6,1,20,0.4213782250881195,0.0,"[{'x_offset': 0.9310178067524415, 'y_offset': 0.4618678226377295, 'z_offset': 1.3912030911479931, 'patch_size': 0.4, 'side': 'right', 'stabilize_anchor': False}]"
6,1,25,0.550709068775177,0.0,"[{'x_offset': 0.9310178067524415, 'y_offset': 0.4618678226377295, 'z_offset': 1.3912030911479931, 'patch_size': 0.4, 'side': 'right', 'stabilize_anchor': False}]"
6,1,30,0.39159855246543884,0.0,"[{'x_offset': 0.9310178067524415, 'y_offset': 0.4618678226377295, 'z_offset': 1.3912030911479931, 'patch_size': 0.4, 'side': 'right', 'stabilize_anchor': False}]"
6,2,5,0.6816940903663635,0.0,"[{'x_offset': 0.9310178067524415, 'y_offset': 0.4618678226377295, 'z_offset': 1.3912030911479931, 'patch_size': 0.4, 'side': 'right', 'stabilize_anchor': False}, {'x_offset': 1.275063235984533, 'y_offset': -0.6447119626221013, 'z_offset': 1.7702137602622958, 'patch_size': 0.4, 'side': 'left', 'stabilize_anchor': False}]"
6,2,10,0.7473066449165344,0.0,"[{'x_offset': 0.9310178067524415, 'y_offset': 0.4618678226377295, 'z_offset': 1.3912030911479931, 'patch_size': 0.4, 'side': 'right', 'stabilize_anchor': False}, {'x_offset': 1.275063235984533, 'y_offset': -0.6447119626221013, 'z_offset': 1.7702137602622958, 'patch_size': 0.4, 'side': 'left', 'stabilize_anchor': False}]"
6,2,15,0.6336703300476074,0.0,"[{'x_offset': 0.9310178067524415, 'y_offset': 0.4618678226377295, 'z_offset': 1.3912030911479931, 'patch_size': 0.4, 'side': 'right', 'stabilize_anchor': False}, {'x_offset': 1.275063235984533, 'y_offset': -0.6447119626221013, 'z_offset': 1.7702137602622958, 'patch_size': 0.4, 'side': 'left', 'stabilize_anchor': False}]"
6,2,20,0.4275556802749634,0.0,"[{'x_offset': 0.9310178067524415, 'y_offset': 0.4618678226377295, 'z_offset': 1.3912030911479931, 'patch_size': 0.4, 'side': 'right', 'stabilize_anchor': False}, {'x_offset': 1.275063235984533, 'y_offset': -0.6447119626221013, 'z_offset': 1.7702137602622958, 'patch_size': 0.4, 'side': 'left', 'stabilize_anchor': False}]"
6,2,25,0.5691215991973877,0.0,"[{'x_offset': 0.9310178067524415, 'y_offset': 0.4618678226377295, 'z_offset': 1.3912030911479931, 'patch_size': 0.4, 'side': 'right', 'stabilize_anchor': False}, {'x_offset': 1.275063235984533, 'y_offset': -0.6447119626221013, 'z_offset': 1.7702137602622958, 'patch_size': 0.4, 'side': 'left', 'stabilize_anchor': False}]"
6,2,30,0.5791350603103638,0.0,"[{'x_offset': 0.9310178067524415, 'y_offset': 0.4618678226377295, 'z_offset': 1.3912030911479931, 'patch_size': 0.4, 'side': 'right', 'stabilize_anchor': False}, {'x_offset': 1.275063235984533, 'y_offset': -0.6447119626221013, 'z_offset': 1.7702137602622958, 'patch_size': 0.4, 'side': 'left', 'stabilize_anchor': False}]"
6,3,5,0.6948451995849609,0.0,"[{'x_offset': 0.9310178067524415, 'y_offset': 0.4618678226377295, 'z_offset': 1.3912030911479931, 'patch_size': 0.4, 'side': 'right', 'stabilize_anchor': False}, {'x_offset': 1.275063235984533, 'y_offset': -0.6447119626221013, 'z_offset': 1.7702137602622958, 'patch_size': 0.4, 'side': 'left', 'stabilize_anchor': False}, {'x_offset': 0.22208386122187607, 'y_offset': 0.732341258283804, 'z_offset': 1.3398787637610268, 'patch_size': 0.4, 'side': 'left', 'stabilize_anchor': False}]"
6,3,10,0.7181313633918762,0.0,"[{'x_offset': 0.9310178067524415, 'y_offset': 0.4618678226377295, 'z_offset': 1.3912030911479931, 'patch_size': 0.4, 'side': 'right', 'stabilize_anchor': False}, {'x_offset': 1.275063235984533, 'y_offset': -0.6447119626221013, 'z_offset': 1.7702137602622958, 'patch_size': 0.4, 'side': 'left', 'stabilize_anchor': False}, {'x_offset': 0.22208386122187607, 'y_offset': 0.732341258283804, 'z_offset': 1.3398787637610268, 'patch_size': 0.4, 'side': 'left', 'stabilize_anchor': False}]"
6,3,15,0.6138336062431335,0.0,"[{'x_offset': 0.9310178067524415, 'y_offset': 0.4618678226377295, 'z_offset': 1.3912030911479931, 'patch_size': 0.4, 'side': 'right', 'stabilize_anchor': False}, {'x_offset': 1.275063235984533, 'y_offset': -0.6447119626221013, 'z_offset': 1.7702137602622958, 'patch_size': 0.4, 'side': 'left', 'stabilize_anchor': False}, {'x_offset': 0.22208386122187607, 'y_offset': 0.732341258283804, 'z_offset': 1.3398787637610268, 'patch_size': 0.4, 'side': 'left', 'stabilize_anchor': False}]"
6,3,20,0.0,0.0,"[{'x_offset': 0.9310178067524415, 'y_offset': 0.4618678226377295, 'z_offset': 1.3912030911479931, 'patch_size': 0.4, 'side': 'right', 'stabilize_anchor': False}, {'x_offset': 1.275063235984533, 'y_offset': -0.6447119626221013, 'z_offset': 1.7702137602622958, 'patch_size': 0.4, 'side': 'left', 'stabilize_anchor': False}, {'x_offset': 0.22208386122187607, 'y_offset': 0.732341258283804, 'z_offset': 1.3398787637610268, 'patch_size': 0.4, 'side': 'left', 'stabilize_anchor': False}]"
6,3,25,0.4463860094547272,0.0,"[{'x_offset': 0.9310178067524415, 'y_offset': 0.4618678226377295, 'z_offset': 1.3912030911479931, 'patch_size': 0.4, 'side': 'right', 'stabilize_anchor': False}, {'x_offset': 1.275063235984533, 'y_offset': -0.6447119626221013, 'z_offset': 1.7702137602622958, 'patch_size': 0.4, 'side': 'left', 'stabilize_anchor': False}, {'x_offset': 0.22208386122187607, 'y_offset': 0.732341258283804, 'z_offset': 1.3398787637610268, 'patch_size': 0.4, 'side': 'left', 'stabilize_anchor': False}]"
6,3,30,0.36900708079338074,0.10000000149011612,"[{'x_offset': 0.9310178067524415, 'y_offset': 0.4618678226377295, 'z_offset': 1.3912030911479931, 'patch_size': 0.4, 'side': 'right', 'stabilize_anchor': False}, {'x_offset': 1.275063235984533, 'y_offset': -0.6447119626221013, 'z_offset': 1.7702137602622958, 'patch_size': 0.4, 'side': 'left', 'stabilize_anchor': False}, {'x_offset': 0.22208386122187607, 'y_offset': 0.732341258283804, 'z_offset': 1.3398787637610268, 'patch_size': 0.4, 'side': 'left', 'stabilize_anchor': False}]"
6,4,5,0.7078602313995361,0.0,"[{'x_offset': 0.9310178067524415, 'y_offset': 0.4618678226377295, 'z_offset': 1.3912030911479931, 'patch_size': 0.4, 'side': 'right', 'stabilize_anchor': False}, {'x_offset': 1.275063235984533, 'y_offset': -0.6447119626221013, 'z_offset': 1.7702137602622958, 'patch_size': 0.4, 'side': 'left', 'stabilize_anchor': False}, {'x_offset': 0.22208386122187607, 'y_offset': 0.732341258283804, 'z_offset': 1.3398787637610268, 'patch_size': 0.4, 'side': 'left', 'stabilize_anchor': False}, {'x_offset': -0.5255369245625854, 'y_offset': -0.550152341884282, 'z_offset': 1.826116060610201, 'patch_size': 0.4, 'side': 'right', 'stabilize_anchor': False}]"
6,4,10,0.726092517375946,0.0,"[{'x_offset': 0.9310178067524415, 'y_offset': 0.4618678226377295, 'z_offset': 1.3912030911479931, 'patch_size': 0.4, 'side': 'right', 'stabilize_anchor': False}, {'x_offset': 1.275063235984533, 'y_offset': -0.6447119626221013, 'z_offset': 1.7702137602622958, 'patch_size': 0.4, 'side': 'left', 'stabilize_anchor': False}, {'x_offset': 0.22208386122187607, 'y_offset': 0.732341258283804, 'z_offset': 1.3398787637610268, 'patch_size': 0.4, 'side': 'left', 'stabilize_anchor': False}, {'x_offset': -0.5255369245625854, 'y_offset': -0.550152341884282, 'z_offset': 1.826116060610201, 'patch_size': 0.4, 'side': 'right', 'stabilize_anchor': False}]"
6,4,15,0.7224365472793579,0.0,"[{'x_offset': 0.9310178067524415, 'y_offset': 0.4618678226377295, 'z_offset': 1.3912030911479931, 'patch_size': 0.4, 'side': 'right', 'stabilize_anchor': False}, {'x_offset': 1.275063235984533, 'y_offset': -0.6447119626221013, 'z_offset': 1.7702137602622958, 'patch_size': 0.4, 'side': 'left', 'stabilize_anchor': False}, {'x_offset': 0.22208386122187607, 'y_offset': 0.732341258283804, 'z_offset': 1.3398787637610268, 'patch_size': 0.4, 'side': 'left', 'stabilize_anchor': False}, {'x_offset': -0.5255369245625854, 'y_offset': -0.550152341884282, 'z_offset': 1.826116060610201, 'patch_size': 0.4, 'side': 'right', 'stabilize_anchor': False}]"
6,4,20,0.4419236183166504,0.0,"[{'x_offset': 0.9310178067524415, 'y_offset': 0.4618678226377295, 'z_offset': 1.3912030911479931, 'patch_size': 0.4, 'side': 'right', 'stabilize_anchor': False}, {'x_offset': 1.275063235984533, 'y_offset': -0.6447119626221013, 'z_offset': 1.7702137602622958, 'patch_size': 0.4, 'side': 'left', 'stabilize_anchor': False}, {'x_offset': 0.22208386122187607, 'y_offset': 0.732341258283804, 'z_offset': 1.3398787637610268, 'patch_size': 0.4, 'side': 'left', 'stabilize_anchor': False}, {'x_offset': -0.5255369245625854, 'y_offset': -0.550152341884282, 'z_offset': 1.826116060610201, 'patch_size': 0.4, 'side': 'right', 'stabilize_anchor': False}]"
6,4,25,0.4504033923149109,0.0,"[{'x_offset': 0.9310178067524415, 'y_offset': 0.4618678226377295, 'z_offset': 1.3912030911479931, 'patch_size': 0.4, 'side': 'right', 'stabilize_anchor': False}, {'x_offset': 1.275063235984533, 'y_offset': -0.6447119626221013, 'z_offset': 1.7702137602622958, 'patch_size': 0.4, 'side': 'left', 'stabilize_anchor': False}, {'x_offset': 0.22208386122187607, 'y_offset': 0.732341258283804, 'z_offset': 1.3398787637610268, 'patch_size': 0.4, 'side': 'left', 'stabilize_anchor': False}, {'x_offset': -0.5255369245625854, 'y_offset': -0.550152341884282, 'z_offset': 1.826116060610201, 'patch_size': 0.4, 'side': 'right', 'stabilize_anchor': False}]"
6,4,30,0.43329012393951416,0.10000000149011612,"[{'x_offset': 0.9310178067524415, 'y_offset': 0.4618678226377295, 'z_offset': 1.3912030911479931, 'patch_size': 0.4, 'side': 'right', 'stabilize_anchor': False}, {'x_offset': 1.275063235984533, 'y_offset': -0.6447119626221013, 'z_offset': 1.7702137602622958, 'patch_size': 0.4, 'side': 'left', 'stabilize_anchor': False}, {'x_offset': 0.22208386122187607, 'y_offset': 0.732341258283804, 'z_offset': 1.3398787637610268, 'patch_size': 0.4, 'side': 'left', 'stabilize_anchor': False}, {'x_offset': -0.5255369245625854, 'y_offset': -0.550152341884282, 'z_offset': 1.826116060610201, 'patch_size': 0.4, 'side': 'right', 'stabilize_anchor': False}]"
6,5,5,0.6703183054924011,0.0,"[{'x_offset': 0.9310178067524415, 'y_offset': 0.4618678226377295, 'z_offset': 1.3912030911479931, 'patch_size': 0.4, 'side': 'right', 'stabilize_anchor': False}, {'x_offset': 1.275063235984533, 'y_offset': -0.6447119626221013, 'z_offset': 1.7702137602622958, 'patch_size': 0.4, 'side': 'left', 'stabilize_anchor': False}, {'x_offset': 0.22208386122187607, 'y_offset': 0.732341258283804, 'z_offset': 1.3398787637610268, 'patch_size': 0.4, 'side': 'left', 'stabilize_anchor': False}, {'x_offset': -0.5255369245625854, 'y_offset': -0.550152341884282, 'z_offset': 1.826116060610201, 'patch_size': 0.4, 'side': 'right', 'stabilize_anchor': False}, {'x_offset': 1.447912622928548, 'y_offset': -0.2, 'z_offset': 0.5545701746218763, 'patch_size': 0.4, 'side': 'left', 'stabilize_anchor': False}]"
6,5,10,0.6739147305488586,0.0,"[{'x_offset': 0.9310178067524415, 'y_offset': 0.4618678226377295, 'z_offset': 1.3912030911479931, 'patch_size': 0.4, 'side': 'right', 'stabilize_anchor': False}, {'x_offset': 1.275063235984533, 'y_offset': -0.6447119626221013, 'z_offset': 1.7702137602622958, 'patch_size': 0.4, 'side': 'left', 'stabilize_anchor': False}, {'x_offset': 0.22208386122187607, 'y_offset': 0.732341258283804, 'z_offset': 1.3398787637610268, 'patch_size': 0.4, 'side': 'left', 'stabilize_anchor': False}, {'x_offset': -0.5255369245625854, 'y_offset': -0.550152341884282, 'z_offset': 1.826116060610201, 'patch_size': 0.4, 'side': 'right', 'stabilize_anchor': False}, {'x_offset': 1.447912622928548, 'y_offset': -0.2, 'z_offset': 0.5545701746218763, 'patch_size': 0.4, 'side': 'left', 'stabilize_anchor': False}]"
6,5,15,0.5666112303733826,0.10000000149011612,"[{'x_offset': 0.9310178067524415, 'y_offset': 0.4618678226377295, 'z_offset': 1.3912030911479931, 'patch_size': 0.4, 'side': 'right', 'stabilize_anchor': False}, {'x_offset': 1.275063235984533, 'y_offset': -0.6447119626221013, 'z_offset': 1.7702137602622958, 'patch_size': 0.4, 'side': 'left', 'stabilize_anchor': False}, {'x_offset': 0.22208386122187607, 'y_offset': 0.732341258283804, 'z_offset': 1.3398787637610268, 'patch_size': 0.4, 'side': 'left', 'stabilize_anchor': False}, {'x_offset': -0.5255369245625854, 'y_offset': -0.550152341884282, 'z_offset': 1.826116060610201, 'patch_size': 0.4, 'side': 'right', 'stabilize_anchor': False}, {'x_offset': 1.447912622928548, 'y_offset': -0.2, 'z_offset': 0.5545701746218763, 'patch_size': 0.4, 'side': 'left', 'stabilize_anchor': False}]"
6,5,20,0.4038184583187103,0.0,"[{'x_offset': 0.9310178067524415, 'y_offset': 0.4618678226377295, 'z_offset': 1.3912030911479931, 'patch_size': 0.4, 'side': 'right', 'stabilize_anchor': False}, {'x_offset': 1.275063235984533, 'y_offset': -0.6447119626221013, 'z_offset': 1.7702137602622958, 'patch_size': 0.4, 'side': 'left', 'stabilize_anchor': False}, {'x_offset': 0.22208386122187607, 'y_offset': 0.732341258283804, 'z_offset': 1.3398787637610268, 'patch_size': 0.4, 'side': 'left', 'stabilize_anchor': False}, {'x_offset': -0.5255369245625854, 'y_offset': -0.550152341884282, 'z_offset': 1.826116060610201, 'patch_size': 0.4, 'side': 'right', 'stabilize_anchor': False}, {'x_offset': 1.447912622928548, 'y_offset': -0.2, 'z_offset': 0.5545701746218763, 'patch_size': 0.4, 'side': 'left', 'stabilize_anchor': False}]"
6,5,25,0.38234350085258484,0.0,"[{'x_offset': 0.9310178067524415, 'y_offset': 0.4618678226377295, 'z_offset': 1.3912030911479931, 'patch_size': 0.4, 'side': 'right', 'stabilize_anchor': False}, {'x_offset': 1.275063235984533, 'y_offset': -0.6447119626221013, 'z_offset': 1.7702137602622958, 'patch_size': 0.4, 'side': 'left', 'stabilize_anchor': False}, {'x_offset': 0.22208386122187607, 'y_offset': 0.732341258283804, 'z_offset': 1.3398787637610268, 'patch_size': 0.4, 'side': 'left', 'stabilize_anchor': False}, {'x_offset': -0.5255369245625854, 'y_offset': -0.550152341884282, 'z_offset': 1.826116060610201, 'patch_size': 0.4, 'side': 'right', 'stabilize_anchor': False}, {'x_offset': 1.447912622928548, 'y_offset': -0.2, 'z_offset': 0.5545701746218763, 'patch_size': 0.4, 'side': 'left', 'stabilize_anchor': False}]"
6,5,30,0.405997633934021,0.0,"[{'x_offset': 0.9310178067524415, 'y_offset': 0.4618678226377295, 'z_offset': 1.3912030911479931, 'patch_size': 0.4, 'side': 'right', 'stabilize_anchor': False}, {'x_offset': 1.275063235984533, 'y_offset': -0.6447119626221013, 'z_offset': 1.7702137602622958, 'patch_size': 0.4, 'side': 'left', 'stabilize_anchor': False}, {'x_offset': 0.22208386122187607, 'y_offset': 0.732341258283804, 'z_offset': 1.3398787637610268, 'patch_size': 0.4, 'side': 'left', 'stabilize_anchor': False}, {'x_offset': -0.5255369245625854, 'y_offset': -0.550152341884282, 'z_offset': 1.826116060610201, 'patch_size': 0.4, 'side': 'right', 'stabilize_anchor': False}, {'x_offset': 1.447912622928548, 'y_offset': -0.2, 'z_offset': 0.5545701746218763, 'patch_size': 0.4, 'side': 'left', 'stabilize_anchor': False}]"
7,1,5,0.7106963992118835,0.10000000149011612,"[{'x_offset': 0.670592061555312, 'y_offset': 0.7485120170798159, 'z_offset': 0.8408325780230349, 'patch_size': 0.4, 'side': 'left', 'stabilize_anchor': False}]"
7,1,10,0.68446946144104,0.10000000149011612,"[{'x_offset': 0.670592061555312, 'y_offset': 0.7485120170798159, 'z_offset': 0.8408325780230349, 'patch_size': 0.4, 'side': 'left', 'stabilize_anchor': False}]"
7,1,15,0.6039719581604004,0.10000000149011612,"[{'x_offset': 0.670592061555312, 'y_offset': 0.7485120170798159, 'z_offset': 0.8408325780230349, 'patch_size': 0.4, 'side': 'left', 'stabilize_anchor': False}]"
7,1,20,0.474090576171875,0.0,"[{'x_offset': 0.670592061555312, 'y_offset': 0.7485120170798159, 'z_offset': 0.8408325780230349, 'patch_size': 0.4, 'side': 'left', 'stabilize_anchor': False}]"
7,1,25,0.5748228430747986,0.10000000149011612,"[{'x_offset': 0.670592061555312, 'y_offset': 0.7485120170798159, 'z_offset': 0.8408325780230349, 'patch_size': 0.4, 'side': 'left', 'stabilize_anchor': False}]"
7,1,30,0.3747428357601166,0.0,"[{'x_offset': 0.670592061555312, 'y_offset': 0.7485120170798159, 'z_offset': 0.8408325780230349, 'patch_size': 0.4, 'side': 'left', 'stabilize_anchor': False}]"
7,2,5,0.7391194105148315,0.10000000149011612,"[{'x_offset': 0.670592061555312, 'y_offset': 0.7485120170798159, 'z_offset': 0.8408325780230349, 'patch_size': 0.4, 'side': 'left', 'stabilize_anchor': False}, {'x_offset': 1.0548880708910993, 'y_offset': 0.903877557464908, 'z_offset': 1.2306689131699275, 'patch_size': 0.4, 'side': 'right', 'stabilize_anchor': False}]"
7,2,10,0.6669454574584961,0.10000000149011612,"[{'x_offset': 0.670592061555312, 'y_offset': 0.7485120170798159, 'z_offset': 0.8408325780230349, 'patch_size': 0.4, 'side': 'left', 'stabilize_anchor': False}, {'x_offset': 1.0548880708910993, 'y_offset': 0.903877557464908, 'z_offset': 1.2306689131699275, 'patch_size': 0.4, 'side': 'right', 'stabilize_anchor': False}]"
7,2,15,0.6152426600456238,0.10000000149011612,"[{'x_offset': 0.670592061555312, 'y_offset': 0.7485120170798159, 'z_offset': 0.8408325780230349, 'patch_size': 0.4, 'side': 'left', 'stabilize_anchor': False}, {'x_offset': 1.0548880708910993, 'y_offset': 0.903877557464908, 'z_offset': 1.2306689131699275, 'patch_size': 0.4, 'side': 'right', 'stabilize_anchor': False}]"
7,2,20,0.0,0.0,"[{'x_offset': 0.670592061555312, 'y_offset': 0.7485120170798159, 'z_offset': 0.8408325780230349, 'patch_size': 0.4, 'side': 'left', 'stabilize_anchor': False}, {'x_offset': 1.0548880708910993, 'y_offset': 0.903877557464908, 'z_offset': 1.2306689131699275, 'patch_size': 0.4, 'side': 'right', 'stabilize_anchor': False}]"
7,2,25,0.5657945275306702,0.10000000149011612,"[{'x_offset': 0.670592061555312, 'y_offset': 0.7485120170798159, 'z_offset': 0.8408325780230349, 'patch_size': 0.4, 'side': 'left', 'stabilize_anchor': False}, {'x_offset': 1.0548880708910993, 'y_offset': 0.903877557464908, 'z_offset': 1.2306689131699275, 'patch_size': 0.4, 'side': 'right', 'stabilize_anchor': False}]"
7,2,30,0.0,0.0,"[{'x_offset': 0.670592061555312, 'y_offset': 0.7485120170798159, 'z_offset': 0.8408325780230349, 'patch_size': 0.4, 'side': 'left', 'stabilize_anchor': False}, {'x_offset': 1.0548880708910993, 'y_offset': 0.903877557464908, 'z_offset': 1.2306689131699275, 'patch_size': 0.4, 'side': 'right', 'stabilize_anchor': False}]"
7,3,5,0.7171244621276855,0.10000000149011612,"[{'x_offset': 0.670592061555312, 'y_offset': 0.7485120170798159, 'z_offset': 0.8408325780230349, 'patch_size': 0.4, 'side': 'left', 'stabilize_anchor': False}, {'x_offset': 1.0548880708910993, 'y_offset': 0.903877557464908, 'z_offset': 1.2306689131699275, 'patch_size': 0.4, 'side': 'right', 'stabilize_anchor': False}, {'x_offset': -0.27152989882474465, 'y_offset': -0.17252677831869867, 'z_offset': 1.6609057571481287, 'patch_size': 0.4, 'side': 'left', 'stabilize_anchor': False}]"
7,3,10,0.7218436598777771,0.10000000149011612,"[{'x_offset': 0.670592061555312, 'y_offset': 0.7485120170798159, 'z_offset': 0.8408325780230349, 'patch_size': 0.4, 'side': 'left', 'stabilize_anchor': False}, {'x_offset': 1.0548880708910993, 'y_offset': 0.903877557464908, 'z_offset': 1.2306689131699275, 'patch_size': 0.4, 'side': 'right', 'stabilize_anchor': False}, {'x_offset': -0.27152989882474465, 'y_offset': -0.17252677831869867, 'z_offset': 1.6609057571481287, 'patch_size': 0.4, 'side': 'left', 'stabilize_anchor': False}]"
7,3,15,0.5513662695884705,0.10000000149011612,"[{'x_offset': 0.670592061555312, 'y_offset': 0.7485120170798159, 'z_offset': 0.8408325780230349, 'patch_size': 0.4, 'side': 'left', 'stabilize_anchor': False}, {'x_offset': 1.0548880708910993, 'y_offset': 0.903877557464908, 'z_offset': 1.2306689131699275, 'patch_size': 0.4, 'side': 'right', 'stabilize_anchor': False}, {'x_offset': -0.27152989882474465, 'y_offset': -0.17252677831869867, 'z_offset': 1.6609057571481287, 'patch_size': 0.4, 'side': 'left', 'stabilize_anchor': False}]"
7,3,20,0.0,0.0,"[{'x_offset': 0.670592061555312, 'y_offset': 0.7485120170798159, 'z_offset': 0.8408325780230349, 'patch_size': 0.4, 'side': 'left', 'stabilize_anchor': False}, {'x_offset': 1.0548880708910993, 'y_offset': 0.903877557464908, 'z_offset': 1.2306689131699275, 'patch_size': 0.4, 'side': 'right', 'stabilize_anchor': False}, {'x_offset': -0.27152989882474465, 'y_offset': -0.17252677831869867, 'z_offset': 1.6609057571481287, 'patch_size': 0.4, 'side': 'left', 'stabilize_anchor': False}]"
7,3,25,0.3692893981933594,0.0,"[{'x_offset': 0.670592061555312, 'y_offset': 0.7485120170798159, 'z_offset': 0.8408325780230349, 'patch_size': 0.4, 'side': 'left', 'stabilize_anchor': False}, {'x_offset': 1.0548880708910993, 'y_offset': 0.903877557464908, 'z_offset': 1.2306689131699275, 'patch_size': 0.4, 'side': 'right', 'stabilize_anchor': False}, {'x_offset': -0.27152989882474465, 'y_offset': -0.17252677831869867, 'z_offset': 1.6609057571481287, 'patch_size': 0.4, 'side': 'left', 'stabilize_anchor': False}]"
7,3,30,0.0,0.0,"[{'x_offset': 0.670592061555312, 'y_offset': 0.7485120170798159, 'z_offset': 0.8408325780230349, 'patch_size': 0.4, 'side': 'left', 'stabilize_anchor': False}, {'x_offset': 1.0548880708910993, 'y_offset': 0.903877557464908, 'z_offset': 1.2306689131699275, 'patch_size': 0.4, 'side': 'right', 'stabilize_anchor': False}, {'x_offset': -0.27152989882474465, 'y_offset': -0.17252677831869867, 'z_offset': 1.6609057571481287, 'patch_size': 0.4, 'side': 'left', 'stabilize_anchor': False}]"
7,4,5,0.6708076596260071,0.10000000149011612,"[{'x_offset': 0.670592061555312, 'y_offset': 0.7485120170798159, 'z_offset': 0.8408325780230349, 'patch_size': 0.4, 'side': 'left', 'stabilize_anchor': False}, {'x_offset': 1.0548880708910993, 'y_offset': 0.903877557464908, 'z_offset': 1.2306689131699275, 'patch_size': 0.4, 'side': 'right', 'stabilize_anchor': False}, {'x_offset': -0.27152989882474465, 'y_offset': -0.17252677831869867, 'z_offset': 1.6609057571481287, 'patch_size': 0.4, 'side': 'left', 'stabilize_anchor': False}, {'x_offset': -0.6975950269382749, 'y_offset': -0.358423458575185, 'z_offset': 0.2399179053258078, 'patch_size': 0.4, 'side': 'right', 'stabilize_anchor': False}]"
7,4,10,0.6265531182289124,0.10000000149011612,"[{'x_offset': 0.670592061555312, 'y_offset': 0.7485120170798159, 'z_offset': 0.8408325780230349, 'patch_size': 0.4, 'side': 'left', 'stabilize_anchor': False}, {'x_offset': 1.0548880708910993, 'y_offset': 0.903877557464908, 'z_offset': 1.2306689131699275, 'patch_size': 0.4, 'side': 'right', 'stabilize_anchor': False}, {'x_offset': -0.27152989882474465, 'y_offset': -0.17252677831869867, 'z_offset': 1.6609057571481287, 'patch_size': 0.4, 'side': 'left', 'stabilize_anchor': False}, {'x_offset': -0.6975950269382749, 'y_offset': -0.358423458575185, 'z_offset': 0.2399179053258078, 'patch_size': 0.4, 'side': 'right', 'stabilize_anchor': False}]"
7,4,15,0.5835594534873962,0.10000000149011612,"[{'x_offset': 0.670592061555312, 'y_offset': 0.7485120170798159, 'z_offset': 0.8408325780230349, 'patch_size': 0.4, 'side': 'left', 'stabilize_anchor': False}, {'x_offset': 1.0548880708910993, 'y_offset': 0.903877557464908, 'z_offset': 1.2306689131699275, 'patch_size': 0.4, 'side': 'right', 'stabilize_anchor': False}, {'x_offset': -0.27152989882474465, 'y_offset': -0.17252677831869867, 'z_offset': 1.6609057571481287, 'patch_size': 0.4, 'side': 'left', 'stabilize_anchor': False}, {'x_offset': -0.6975950269382749, 'y_offset': -0.358423458575185, 'z_offset': 0.2399179053258078, 'patch_size': 0.4, 'side': 'right', 'stabilize_anchor': False}]"
7,4,20,0.35149556398391724,0.0,"[{'x_offset': 0.670592061555312, 'y_offset': 0.7485120170798159, 'z_offset': 0.8408325780230349, 'patch_size': 0.4, 'side': 'left', 'stabilize_anchor': False}, {'x_offset': 1.0548880708910993, 'y_offset': 0.903877557464908, 'z_offset': 1.2306689131699275, 'patch_size': 0.4, 'side': 'right', 'stabilize_anchor': False}, {'x_offset': -0.27152989882474465, 'y_offset': -0.17252677831869867, 'z_offset': 1.6609057571481287, 'patch_size': 0.4, 'side': 'left', 'stabilize_anchor': False}, {'x_offset': -0.6975950269382749, 'y_offset': -0.358423458575185, 'z_offset': 0.2399179053258078, 'patch_size': 0.4, 'side': 'right', 'stabilize_anchor': False}]"
7,4,25,0.40960612893104553,0.10000000149011612,"[{'x_offset': 0.670592061555312, 'y_offset': 0.7485120170798159, 'z_offset': 0.8408325780230349, 'patch_size': 0.4, 'side': 'left', 'stabilize_anchor': False}, {'x_offset': 1.0548880708910993, 'y_offset': 0.903877557464908, 'z_offset': 1.2306689131699275, 'patch_size': 0.4, 'side': 'right', 'stabilize_anchor': False}, {'x_offset': -0.27152989882474465, 'y_offset': -0.17252677831869867, 'z_offset': 1.6609057571481287, 'patch_size': 0.4, 'side': 'left', 'stabilize_anchor': False}, {'x_offset': -0.6975950269382749, 'y_offset': -0.358423458575185, 'z_offset': 0.2399179053258078, 'patch_size': 0.4, 'side': 'right', 'stabilize_anchor': False}]"
7,4,30,0.0,0.0,"[{'x_offset': 0.670592061555312, 'y_offset': 0.7485120170798159, 'z_offset': 0.8408325780230349, 'patch_size': 0.4, 'side': 'left', 'stabilize_anchor': False}, {'x_offset': 1.0548880708910993, 'y_offset': 0.903877557464908, 'z_offset': 1.2306689131699275, 'patch_size': 0.4, 'side': 'right', 'stabilize_anchor': False}, {'x_offset': -0.27152989882474465, 'y_offset': -0.17252677831869867, 'z_offset': 1.6609057571481287, 'patch_size': 0.4, 'side': 'left', 'stabilize_anchor': False}, {'x_offset': -0.6975950269382749, 'y_offset': -0.358423458575185, 'z_offset': 0.2399179053258078, 'patch_size': 0.4, 'side': 'right', 'stabilize_anchor': False}]"
7,5,5,0.6733505725860596,0.0,"[{'x_offset': 0.670592061555312, 'y_offset': 0.7485120170798159, 'z_offset': 0.8408325780230349, 'patch_size': 0.4, 'side': 'left', 'stabilize_anchor': False}, {'x_offset': 1.0548880708910993, 'y_offset': 0.903877557464908, 'z_offset': 1.2306689131699275, 'patch_size': 0.4, 'side': 'right', 'stabilize_anchor': False}, {'x_offset': -0.27152989882474465, 'y_offset': -0.17252677831869867, 'z_offset': 1.6609057571481287, 'patch_size': 0.4, 'side': 'left', 'stabilize_anchor': False}, {'x_offset': -0.6975950269382749, 'y_offset': -0.358423458575185, 'z_offset': 0.2399179053258078, 'patch_size': 0.4, 'side': 'right', 'stabilize_anchor': False}, {'x_offset': -0.23904796154510877, 'y_offset': 0.08142922451222767, 'z_offset': 0.7088992044845089, 'patch_size': 0.4, 'side': 'right', 'stabilize_anchor': False}]"
7,5,10,0.5928657650947571,0.0,"[{'x_offset': 0.670592061555312, 'y_offset': 0.7485120170798159, 'z_offset': 0.8408325780230349, 'patch_size': 0.4, 'side': 'left', 'stabilize_anchor': False}, {'x_offset': 1.0548880708910993, 'y_offset': 0.903877557464908, 'z_offset': 1.2306689131699275, 'patch_size': 0.4, 'side': 'right', 'stabilize_anchor': False}, {'x_offset': -0.27152989882474465, 'y_offset': -0.17252677831869867, 'z_offset': 1.6609057571481287, 'patch_size': 0.4, 'side': 'left', 'stabilize_anchor': False}, {'x_offset': -0.6975950269382749, 'y_offset': -0.358423458575185, 'z_offset': 0.2399179053258078, 'patch_size': 0.4, 'side': 'right', 'stabilize_anchor': False}, {'x_offset': -0.23904796154510877, 'y_offset': 0.08142922451222767, 'z_offset': 0.7088992044845089, 'patch_size': 0.4, 'side': 'right', 'stabilize_anchor': False}]"
7,5,15,0.5749229192733765,0.0,"[{'x_offset': 0.670592061555312, 'y_offset': 0.7485120170798159, 'z_offset': 0.8408325780230349, 'patch_size': 0.4, 'side': 'left', 'stabilize_anchor': False}, {'x_offset': 1.0548880708910993, 'y_offset': 0.903877557464908, 'z_offset': 1.2306689131699275, 'patch_size': 0.4, 'side': 'right', 'stabilize_anchor': False}, {'x_offset': -0.27152989882474465, 'y_offset': -0.17252677831869867, 'z_offset': 1.6609057571481287, 'patch_size': 0.4, 'side': 'left', 'stabilize_anchor': False}, {'x_offset': -0.6975950269382749, 'y_offset': -0.358423458575185, 'z_offset': 0.2399179053258078, 'patch_size': 0.4, 'side': 'right', 'stabilize_anchor': False}, {'x_offset': -0.23904796154510877, 'y_offset': 0.08142922451222767, 'z_offset': 0.7088992044845089, 'patch_size': 0.4, 'side': 'right', 'stabilize_anchor': False}]"
7,5,20,0.0,0.0,"[{'x_offset': 0.670592061555312, 'y_offset': 0.7485120170798159, 'z_offset': 0.8408325780230349, 'patch_size': 0.4, 'side': 'left', 'stabilize_anchor': False}, {'x_offset': 1.0548880708910993, 'y_offset': 0.903877557464908, 'z_offset': 1.2306689131699275, 'patch_size': 0.4, 'side': 'right', 'stabilize_anchor': False}, {'x_offset': -0.27152989882474465, 'y_offset': -0.17252677831869867, 'z_offset': 1.6609057571481287, 'patch_size': 0.4, 'side': 'left', 'stabilize_anchor': False}, {'x_offset': -0.6975950269382749, 'y_offset': -0.358423458575185, 'z_offset': 0.2399179053258078, 'patch_size': 0.4, 'side': 'right', 'stabilize_anchor': False}, {'x_offset': -0.23904796154510877, 'y_offset': 0.08142922451222767, 'z_offset': 0.7088992044845089, 'patch_size': 0.4, 'side': 'right', 'stabilize_anchor': False}]"
7,5,25,0.0,0.0,"[{'x_offset': 0.670592061555312, 'y_offset': 0.7485120170798159, 'z_offset': 0.8408325780230349, 'patch_size': 0.4, 'side': 'left', 'stabilize_anchor': False}, {'x_offset': 1.0548880708910993, 'y_offset': 0.903877557464908, 'z_offset': 1.2306689131699275, 'patch_size': 0.4, 'side': 'right', 'stabilize_anchor': False}, {'x_offset': -0.27152989882474465, 'y_offset': -0.17252677831869867, 'z_offset': 1.6609057571481287, 'patch_size': 0.4, 'side': 'left', 'stabilize_anchor': False}, {'x_offset': -0.6975950269382749, 'y_offset': -0.358423458575185, 'z_offset': 0.2399179053258078, 'patch_size': 0.4, 'side': 'right', 'stabilize_anchor': False}, {'x_offset': -0.23904796154510877, 'y_offset': 0.08142922451222767, 'z_offset': 0.7088992044845089, 'patch_size': 0.4, 'side': 'right', 'stabilize_anchor': False}]"
7,5,30,0.0,0.10000000149011612,"[{'x_offset': 0.670592061555312, 'y_offset': 0.7485120170798159, 'z_offset': 0.8408325780230349, 'patch_size': 0.4, 'side': 'left', 'stabilize_anchor': False}, {'x_offset': 1.0548880708910993, 'y_offset': 0.903877557464908, 'z_offset': 1.2306689131699275, 'patch_size': 0.4, 'side': 'right', 'stabilize_anchor': False}, {'x_offset': -0.27152989882474465, 'y_offset': -0.17252677831869867, 'z_offset': 1.6609057571481287, 'patch_size': 0.4, 'side': 'left', 'stabilize_anchor': False}, {'x_offset': -0.6975950269382749, 'y_offset': -0.358423458575185, 'z_offset': 0.2399179053258078, 'patch_size': 0.4, 'side': 'right', 'stabilize_anchor': False}, {'x_offset': -0.23904796154510877, 'y_offset': 0.08142922451222767, 'z_offset': 0.7088992044845089, 'patch_size': 0.4, 'side': 'right', 'stabilize_anchor': False}]"
8,1,5,0.6868143677711487,0.0,"[{'x_offset': 0.8285085202387759, 'y_offset': 0.48576965454669785, 'z_offset': 0.8674079383436686, 'patch_size': 0.4, 'side': 'right', 'stabilize_anchor': False}]"
8,1,10,0.7316129207611084,0.0,"[{'x_offset': 0.8285085202387759, 'y_offset': 0.48576965454669785, 'z_offset': 0.8674079383436686, 'patch_size': 0.4, 'side': 'right', 'stabilize_anchor': False}]"
8,1,15,0.5782064199447632,0.0,"[{'x_offset': 0.8285085202387759, 'y_offset': 0.48576965454669785, 'z_offset': 0.8674079383436686, 'patch_size': 0.4, 'side': 'right', 'stabilize_anchor': False}]"
8,1,20,0.40271174907684326,0.0,"[{'x_offset': 0.8285085202387759, 'y_offset': 0.48576965454669785, 'z_offset': 0.8674079383436686, 'patch_size': 0.4, 'side': 'right', 'stabilize_anchor': False}]"
8,1,25,0.5634011030197144,0.0,"[{'x_offset': 0.8285085202387759, 'y_offset': 0.48576965454669785, 'z_offset': 0.8674079383436686, 'patch_size': 0.4, 'side': 'right', 'stabilize_anchor': False}]"
8,1,30,0.0,0.0,"[{'x_offset': 0.8285085202387759, 'y_offset': 0.48576965454669785, 'z_offset': 0.8674079383436686, 'patch_size': 0.4, 'side': 'right', 'stabilize_anchor': False}]"
8,2,5,0.6738633513450623,0.0,"[{'x_offset': 0.8285085202387759, 'y_offset': 0.48576965454669785, 'z_offset': 0.8674079383436686, 'patch_size': 0.4, 'side': 'right', 'stabilize_anchor': False}, {'x_offset': -0.9360788615655843, 'y_offset': 0.8759189284198583, 'z_offset': 1.8395455470381885, 'patch_size': 0.4, 'side': 'left', 'stabilize_anchor': False}]"
8,2,10,0.7472791075706482,0.0,"[{'x_offset': 0.8285085202387759, 'y_offset': 0.48576965454669785, 'z_offset': 0.8674079383436686, 'patch_size': 0.4, 'side': 'right', 'stabilize_anchor': False}, {'x_offset': -0.9360788615655843, 'y_offset': 0.8759189284198583, 'z_offset': 1.8395455470381885, 'patch_size': 0.4, 'side': 'left', 'stabilize_anchor': False}]"
8,2,15,0.5682843327522278,0.0,"[{'x_offset': 0.8285085202387759, 'y_offset': 0.48576965454669785, 'z_offset': 0.8674079383436686, 'patch_size': 0.4, 'side': 'right', 'stabilize_anchor': False}, {'x_offset': -0.9360788615655843, 'y_offset': 0.8759189284198583, 'z_offset': 1.8395455470381885, 'patch_size': 0.4, 'side': 'left', 'stabilize_anchor': False}]"
8,2,20,0.0,0.0,"[{'x_offset': 0.8285085202387759, 'y_offset': 0.48576965454669785, 'z_offset': 0.8674079383436686, 'patch_size': 0.4, 'side': 'right', 'stabilize_anchor': False}, {'x_offset': -0.9360788615655843, 'y_offset': 0.8759189284198583, 'z_offset': 1.8395455470381885, 'patch_size': 0.4, 'side': 'left', 'stabilize_anchor': False}]"
8,2,25,0.46249791979789734,0.0,"[{'x_offset': 0.8285085202387759, 'y_offset': 0.48576965454669785, 'z_offset': 0.8674079383436686, 'patch_size': 0.4, 'side': 'right', 'stabilize_anchor': False}, {'x_offset': -0.9360788615655843, 'y_offset': 0.8759189284198583, 'z_offset': 1.8395455470381885, 'patch_size': 0.4, 'side': 'left', 'stabilize_anchor': False}]"
8,2,30,0.0,0.0,"[{'x_offset': 0.8285085202387759, 'y_offset': 0.48576965454669785, 'z_offset': 0.8674079383436686, 'patch_size': 0.4, 'side': 'right', 'stabilize_anchor': False}, {'x_offset': -0.9360788615655843, 'y_offset': 0.8759189284198583, 'z_offset': 1.8395455470381885, 'patch_size': 0.4, 'side': 'left', 'stabilize_anchor': False}]"
8,3,5,0.6938501596450806,0.0,"[{'x_offset': 0.8285085202387759, 'y_offset': 0.48576965454669785, 'z_offset': 0.8674079383436686, 'patch_size': 0.4, 'side': 'right', 'stabilize_anchor': False}, {'x_offset': -0.9360788615655843, 'y_offset': 0.8759189284198583, 'z_offset': 1.8395455470381885, 'patch_size': 0.4, 'side': 'left', 'stabilize_anchor': False}, {'x_offset': 0.9182819691498343, 'y_offset': 0.20882601568176518, 'z_offset': 0.9273495841269943, 'patch_size': 0.4, 'side': 'left', 'stabilize_anchor': False}]"
8,3,10,0.7245107889175415,0.0,"[{'x_offset': 0.8285085202387759, 'y_offset': 0.48576965454669785, 'z_offset': 0.8674079383436686, 'patch_size': 0.4, 'side': 'right', 'stabilize_anchor': False}, {'x_offset': -0.9360788615655843, 'y_offset': 0.8759189284198583, 'z_offset': 1.8395455470381885, 'patch_size': 0.4, 'side': 'left', 'stabilize_anchor': False}, {'x_offset': 0.9182819691498343, 'y_offset': 0.20882601568176518, 'z_offset': 0.9273495841269943, 'patch_size': 0.4, 'side': 'left', 'stabilize_anchor': False}]"
8,3,15,0.5322642922401428,0.0,"[{'x_offset': 0.8285085202387759, 'y_offset': 0.48576965454669785, 'z_offset': 0.8674079383436686, 'patch_size': 0.4, 'side': 'right', 'stabilize_anchor': False}, {'x_offset': -0.9360788615655843, 'y_offset': 0.8759189284198583, 'z_offset': 1.8395455470381885, 'patch_size': 0.4, 'side': 'left', 'stabilize_anchor': False}, {'x_offset': 0.9182819691498343, 'y_offset': 0.20882601568176518, 'z_offset': 0.9273495841269943, 'patch_size': 0.4, 'side': 'left', 'stabilize_anchor': False}]"
8,3,20,0.35060828924179077,0.0,"[{'x_offset': 0.8285085202387759, 'y_offset': 0.48576965454669785, 'z_offset': 0.8674079383436686, 'patch_size': 0.4, 'side': 'right', 'stabilize_anchor': False}, {'x_offset': -0.9360788615655843, 'y_offset': 0.8759189284198583, 'z_offset': 1.8395455470381885, 'patch_size': 0.4, 'side': 'left', 'stabilize_anchor': False}, {'x_offset': 0.9182819691498343, 'y_offset': 0.20882601568176518, 'z_offset': 0.9273495841269943, 'patch_size': 0.4, 'side': 'left', 'stabilize_anchor': False}]"
8,3,25,0.555788516998291,0.0,"[{'x_offset': 0.8285085202387759, 'y_offset': 0.48576965454669785, 'z_offset': 0.8674079383436686, 'patch_size': 0.4, 'side': 'right', 'stabilize_anchor': False}, {'x_offset': -0.9360788615655843, 'y_offset': 0.8759189284198583, 'z_offset': 1.8395455470381885, 'patch_size': 0.4, 'side': 'left', 'stabilize_anchor': False}, {'x_offset': 0.9182819691498343, 'y_offset': 0.20882601568176518, 'z_offset': 0.9273495841269943, 'patch_size': 0.4, 'side': 'left', 'stabilize_anchor': False}]"
8,3,30,0.35483211278915405,0.10000000149011612,"[{'x_offset': 0.8285085202387759, 'y_offset': 0.48576965454669785, 'z_offset': 0.8674079383436686, 'patch_size': 0.4, 'side': 'right', 'stabilize_anchor': False}, {'x_offset': -0.9360788615655843, 'y_offset': 0.8759189284198583, 'z_offset': 1.8395455470381885, 'patch_size': 0.4, 'side': 'left', 'stabilize_anchor': False}, {'x_offset': 0.9182819691498343, 'y_offset': 0.20882601568176518, 'z_offset': 0.9273495841269943, 'patch_size': 0.4, 'side': 'left', 'stabilize_anchor': False}]"
8,4,5,0.6837541460990906,0.0,"[{'x_offset': 0.8285085202387759, 'y_offset': 0.48576965454669785, 'z_offset': 0.8674079383436686, 'patch_size': 0.4, 'side': 'right', 'stabilize_anchor': False}, {'x_offset': -0.9360788615655843, 'y_offset': 0.8759189284198583, 'z_offset': 1.8395455470381885, 'patch_size': 0.4, 'side': 'left', 'stabilize_anchor': False}, {'x_offset': 0.9182819691498343, 'y_offset': 0.20882601568176518, 'z_offset': 0.9273495841269943, 'patch_size': 0.4, 'side': 'left', 'stabilize_anchor': False}, {'x_offset': -0.35673400255918386, 'y_offset': -0.24894920150777167, 'z_offset': 0.2702723920798846, 'patch_size': 0.4, 'side': 'right', 'stabilize_anchor': False}]"
8,4,10,0.6178296208381653,0.0,"[{'x_offset': 0.8285085202387759, 'y_offset': 0.48576965454669785, 'z_offset': 0.8674079383436686, 'patch_size': 0.4, 'side': 'right', 'stabilize_anchor': False}, {'x_offset': -0.9360788615655843, 'y_offset': 0.8759189284198583, 'z_offset': 1.8395455470381885, 'patch_size': 0.4, 'side': 'left', 'stabilize_anchor': False}, {'x_offset': 0.9182819691498343, 'y_offset': 0.20882601568176518, 'z_offset': 0.9273495841269943, 'patch_size': 0.4, 'side': 'left', 'stabilize_anchor': False}, {'x_offset': -0.35673400255918386, 'y_offset': -0.24894920150777167, 'z_offset': 0.2702723920798846, 'patch_size': 0.4, 'side': 'right', 'stabilize_anchor': False}]"
8,4,15,0.45521262288093567,0.0,"[{'x_offset': 0.8285085202387759, 'y_offset': 0.48576965454669785, 'z_offset': 0.8674079383436686, 'patch_size': 0.4, 'side': 'right', 'stabilize_anchor': False}, {'x_offset': -0.9360788615655843, 'y_offset': 0.8759189284198583, 'z_offset': 1.8395455470381885, 'patch_size': 0.4, 'side': 'left', 'stabilize_anchor': False}, {'x_offset': 0.9182819691498343, 'y_offset': 0.20882601568176518, 'z_offset': 0.9273495841269943, 'patch_size': 0.4, 'side': 'left', 'stabilize_anchor': False}, {'x_offset': -0.35673400255918386, 'y_offset': -0.24894920150777167, 'z_offset': 0.2702723920798846, 'patch_size': 0.4, 'side': 'right', 'stabilize_anchor': False}]"
8,4,20,0.0,0.10000000149011612,"[{'x_offset': 0.8285085202387759, 'y_offset': 0.48576965454669785, 'z_offset': 0.8674079383436686, 'patch_size': 0.4, 'side': 'right', 'stabilize_anchor': False}, {'x_offset': -0.9360788615655843, 'y_offset': 0.8759189284198583, 'z_offset': 1.8395455470381885, 'patch_size': 0.4, 'side': 'left', 'stabilize_anchor': False}, {'x_offset': 0.9182819691498343, 'y_offset': 0.20882601568176518, 'z_offset': 0.9273495841269943, 'patch_size': 0.4, 'side': 'left', 'stabilize_anchor': False}, {'x_offset': -0.35673400255918386, 'y_offset': -0.24894920150777167, 'z_offset': 0.2702723920798846, 'patch_size': 0.4, 'side': 'right', 'stabilize_anchor': False}]"
8,4,25,0.4450446665287018,0.0,"[{'x_offset': 0.8285085202387759, 'y_offset': 0.48576965454669785, 'z_offset': 0.8674079383436686, 'patch_size': 0.4, 'side': 'right', 'stabilize_anchor': False}, {'x_offset': -0.9360788615655843, 'y_offset': 0.8759189284198583, 'z_offset': 1.8395455470381885, 'patch_size': 0.4, 'side': 'left', 'stabilize_anchor': False}, {'x_offset': 0.9182819691498343, 'y_offset': 0.20882601568176518, 'z_offset': 0.9273495841269943, 'patch_size': 0.4, 'side': 'left', 'stabilize_anchor': False}, {'x_offset': -0.35673400255918386, 'y_offset': -0.24894920150777167, 'z_offset': 0.2702723920798846, 'patch_size': 0.4, 'side': 'right', 'stabilize_anchor': False}]"
8,4,30,0.0,0.10000000149011612,"[{'x_offset': 0.8285085202387759, 'y_offset': 0.48576965454669785, 'z_offset': 0.8674079383436686, 'patch_size': 0.4, 'side': 'right', 'stabilize_anchor': False}, {'x_offset': -0.9360788615655843, 'y_offset': 0.8759189284198583, 'z_offset': 1.8395455470381885, 'patch_size': 0.4, 'side': 'left', 'stabilize_anchor': False}, {'x_offset': 0.9182819691498343, 'y_offset': 0.20882601568176518, 'z_offset': 0.9273495841269943, 'patch_size': 0.4, 'side': 'left', 'stabilize_anchor': False}, {'x_offset': -0.35673400255918386, 'y_offset': -0.24894920150777167, 'z_offset': 0.2702723920798846, 'patch_size': 0.4, 'side': 'right', 'stabilize_anchor': False}]"
8,5,5,0.5923026204109192,0.0,"[{'x_offset': 0.8285085202387759, 'y_offset': 0.48576965454669785, 'z_offset': 0.8674079383436686, 'patch_size': 0.4, 'side': 'right', 'stabilize_anchor': False}, {'x_offset': -0.9360788615655843, 'y_offset': 0.8759189284198583, 'z_offset': 1.8395455470381885, 'patch_size': 0.4, 'side': 'left', 'stabilize_anchor': False}, {'x_offset': 0.9182819691498343, 'y_offset': 0.20882601568176518, 'z_offset': 0.9273495841269943, 'patch_size': 0.4, 'side': 'left', 'stabilize_anchor': False}, {'x_offset': -0.35673400255918386, 'y_offset': -0.24894920150777167, 'z_offset': 0.2702723920798846, 'patch_size': 0.4, 'side': 'right', 'stabilize_anchor': False}, {'x_offset': 0.8087527636641405, 'y_offset': -0.22628830092538554, 'z_offset': 2.251366099460091, 'patch_size': 0.4, 'side': 'left', 'stabilize_anchor': False}]"
8,5,10,0.6426026225090027,0.0,"[{'x_offset': 0.8285085202387759, 'y_offset': 0.48576965454669785, 'z_offset': 0.8674079383436686, 'patch_size': 0.4, 'side': 'right', 'stabilize_anchor': False}, {'x_offset': -0.9360788615655843, 'y_offset': 0.8759189284198583, 'z_offset': 1.8395455470381885, 'patch_size': 0.4, 'side': 'left', 'stabilize_anchor': False}, {'x_offset': 0.9182819691498343, 'y_offset': 0.20882601568176518, 'z_offset': 0.9273495841269943, 'patch_size': 0.4, 'side': 'left', 'stabilize_anchor': False}, {'x_offset': -0.35673400255918386, 'y_offset': -0.24894920150777167, 'z_offset': 0.2702723920798846, 'patch_size': 0.4, 'side': 'right', 'stabilize_anchor': False}, {'x_offset': 0.8087527636641405, 'y_offset': -0.22628830092538554, 'z_offset': 2.251366099460091, 'patch_size': 0.4, 'side': 'left', 'stabilize_anchor': False}]"
8,5,15,0.5079476833343506,0.0,"[{'x_offset': 0.8285085202387759, 'y_offset': 0.48576965454669785, 'z_offset': 0.8674079383436686, 'patch_size': 0.4, 'side': 'right', 'stabilize_anchor': False}, {'x_offset': -0.9360788615655843, 'y_offset': 0.8759189284198583, 'z_offset': 1.8395455470381885, 'patch_size': 0.4, 'side': 'left', 'stabilize_anchor': False}, {'x_offset': 0.9182819691498343, 'y_offset': 0.20882601568176518, 'z_offset': 0.9273495841269943, 'patch_size': 0.4, 'side': 'left', 'stabilize_anchor': False}, {'x_offset': -0.35673400255918386, 'y_offset': -0.24894920150777167, 'z_offset': 0.2702723920798846, 'patch_size': 0.4, 'side': 'right', 'stabilize_anchor': False}, {'x_offset': 0.8087527636641405, 'y_offset': -0.22628830092538554, 'z_offset': 2.251366099460091, 'patch_size': 0.4, 'side': 'left', 'stabilize_anchor': False}]"
8,5,20,0.0,0.0,"[{'x_offset': 0.8285085202387759, 'y_offset': 0.48576965454669785, 'z_offset': 0.8674079383436686, 'patch_size': 0.4, 'side': 'right', 'stabilize_anchor': False}, {'x_offset': -0.9360788615655843, 'y_offset': 0.8759189284198583, 'z_offset': 1.8395455470381885, 'patch_size': 0.4, 'side': 'left', 'stabilize_anchor': False}, {'x_offset': 0.9182819691498343, 'y_offset': 0.20882601568176518, 'z_offset': 0.9273495841269943, 'patch_size': 0.4, 'side': 'left', 'stabilize_anchor': False}, {'x_offset': -0.35673400255918386, 'y_offset': -0.24894920150777167, 'z_offset': 0.2702723920798846, 'patch_size': 0.4, 'side': 'right', 'stabilize_anchor': False}, {'x_offset': 0.8087527636641405, 'y_offset': -0.22628830092538554, 'z_offset': 2.251366099460091, 'patch_size': 0.4, 'side': 'left', 'stabilize_anchor': False}]"
8,5,25,0.0,0.0,"[{'x_offset': 0.8285085202387759, 'y_offset': 0.48576965454669785, 'z_offset': 0.8674079383436686, 'patch_size': 0.4, 'side': 'right', 'stabilize_anchor': False}, {'x_offset': -0.9360788615655843, 'y_offset': 0.8759189284198583, 'z_offset': 1.8395455470381885, 'patch_size': 0.4, 'side': 'left', 'stabilize_anchor': False}, {'x_offset': 0.9182819691498343, 'y_offset': 0.20882601568176518, 'z_offset': 0.9273495841269943, 'patch_size': 0.4, 'side': 'left', 'stabilize_anchor': False}, {'x_offset': -0.35673400255918386, 'y_offset': -0.24894920150777167, 'z_offset': 0.2702723920798846, 'patch_size': 0.4, 'side': 'right', 'stabilize_anchor': False}, {'x_offset': 0.8087527636641405, 'y_offset': -0.22628830092538554, 'z_offset': 2.251366099460091, 'patch_size': 0.4, 'side': 'left', 'stabilize_anchor': False}]"
8,5,30,0.0,0.10000000149011612,"[{'x_offset': 0.8285085202387759, 'y_offset': 0.48576965454669785, 'z_offset': 0.8674079383436686, 'patch_size': 0.4, 'side': 'right', 'stabilize_anchor': False}, {'x_offset': -0.9360788615655843, 'y_offset': 0.8759189284198583, 'z_offset': 1.8395455470381885, 'patch_size': 0.4, 'side': 'left', 'stabilize_anchor': False}, {'x_offset': 0.9182819691498343, 'y_offset': 0.20882601568176518, 'z_offset': 0.9273495841269943, 'patch_size': 0.4, 'side': 'left', 'stabilize_anchor': False}, {'x_offset': -0.35673400255918386, 'y_offset': -0.24894920150777167, 'z_offset': 0.2702723920798846, 'patch_size': 0.4, 'side': 'right', 'stabilize_anchor': False}, {'x_offset': 0.8087527636641405, 'y_offset': -0.22628830092538554, 'z_offset': 2.251366099460091, 'patch_size': 0.4, 'side': 'left', 'stabilize_anchor': False}]"
9,1,5,0.6585243344306946,0.10000000149011612,"[{'x_offset': 1.540075710577256, 'y_offset': 0.988498454433409, 'z_offset': 0.5497490613217135, 'patch_size': 0.4, 'side': 'right', 'stabilize_anchor': False}]"
9,1,10,0.7306067943572998,0.10000000149011612,"[{'x_offset': 1.540075710577256, 'y_offset': 0.988498454433409, 'z_offset': 0.5497490613217135, 'patch_size': 0.4, 'side': 'right', 'stabilize_anchor': False}]"
9,1,15,0.7125422954559326,0.10000000149011612,"[{'x_offset': 1.540075710577256, 'y_offset': 0.988498454433409, 'z_offset': 0.5497490613217135, 'patch_size': 0.4, 'side': 'right', 'stabilize_anchor': False}]"
9,1,20,0.5844045877456665,0.10000000149011612,"[{'x_offset': 1.540075710577256, 'y_offset': 0.988498454433409, 'z_offset': 0.5497490613217135, 'patch_size': 0.4, 'side': 'right', 'stabilize_anchor': False}]"
9,1,25,0.6086170673370361,0.10000000149011612,"[{'x_offset': 1.540075710577256, 'y_offset': 0.988498454433409, 'z_offset': 0.5497490613217135, 'patch_size': 0.4, 'side': 'right', 'stabilize_anchor': False}]"
9,1,30,0.573961079120636,0.10000000149011612,"[{'x_offset': 1.540075710577256, 'y_offset': 0.988498454433409, 'z_offset': 0.5497490613217135, 'patch_size': 0.4, 'side': 'right', 'stabilize_anchor': False}]"
9,2,5,0.7162830829620361,0.10000000149011612,"[{'x_offset': 1.540075710577256, 'y_offset': 0.988498454433409, 'z_offset': 0.5497490613217135, 'patch_size': 0.4, 'side': 'right', 'stabilize_anchor': False}, {'x_offset': 1.0210998286286257, 'y_offset': 0.6024848942785967, 'z_offset': 1.4143640212849018, 'patch_size': 0.4, 'side': 'left', 'stabilize_anchor': False}]"
9,2,10,0.6997964382171631,0.0,"[{'x_offset': 1.540075710577256, 'y_offset': 0.988498454433409, 'z_offset': 0.5497490613217135, 'patch_size': 0.4, 'side': 'right', 'stabilize_anchor': False}, {'x_offset': 1.0210998286286257, 'y_offset': 0.6024848942785967, 'z_offset': 1.4143640212849018, 'patch_size': 0.4, 'side': 'left', 'stabilize_anchor': False}]"
9,2,15,0.6855013966560364,0.10000000149011612,"[{'x_offset': 1.540075710577256, 'y_offset': 0.988498454433409, 'z_offset': 0.5497490613217135, 'patch_size': 0.4, 'side': 'right', 'stabilize_anchor': False}, {'x_offset': 1.0210998286286257, 'y_offset': 0.6024848942785967, 'z_offset': 1.4143640212849018, 'patch_size': 0.4, 'side': 'left', 'stabilize_anchor': False}]"
9,2,20,0.5754350423812866,0.10000000149011612,"[{'x_offset': 1.540075710577256, 'y_offset': 0.988498454433409, 'z_offset': 0.5497490613217135, 'patch_size': 0.4, 'side': 'right', 'stabilize_anchor': False}, {'x_offset': 1.0210998286286257, 'y_offset': 0.6024848942785967, 'z_offset': 1.4143640212849018, 'patch_size': 0.4, 'side': 'left', 'stabilize_anchor': False}]"
9,2,25,0.5154219269752502,0.10000000149011612,"[{'x_offset': 1.540075710577256, 'y_offset': 0.988498454433409, 'z_offset': 0.5497490613217135, 'patch_size': 0.4, 'side': 'right', 'stabilize_anchor': False}, {'x_offset': 1.0210998286286257, 'y_offset': 0.6024848942785967, 'z_offset': 1.4143640212849018, 'patch_size': 0.4, 'side': 'left', 'stabilize_anchor': False}]"
9,2,30,0.5391108393669128,0.10000000149011612,"[{'x_offset': 1.540075710577256, 'y_offset': 0.988498454433409, 'z_offset': 0.5497490613217135, 'patch_size': 0.4, 'side': 'right', 'stabilize_anchor': False}, {'x_offset': 1.0210998286286257, 'y_offset': 0.6024848942785967, 'z_offset': 1.4143640212849018, 'patch_size': 0.4, 'side': 'left', 'stabilize_anchor': False}]"
9,3,5,0.7860352993011475,0.10000000149011612,"[{'x_offset': 1.540075710577256, 'y_offset': 0.988498454433409, 'z_offset': 0.5497490613217135, 'patch_size': 0.4, 'side': 'right', 'stabilize_anchor': False}, {'x_offset': 1.0210998286286257, 'y_offset': 0.6024848942785967, 'z_offset': 1.4143640212849018, 'patch_size': 0.4, 'side': 'left', 'stabilize_anchor': False}, {'x_offset': 3.285432845496656, 'y_offset': -0.5367119830201368, 'z_offset': 2.273940722141937, 'patch_size': 0.4, 'side': 'left', 'stabilize_anchor': False}]"
9,3,10,0.678581178188324,0.10000000149011612,"[{'x_offset': 1.540075710577256, 'y_offset': 0.988498454433409, 'z_offset': 0.5497490613217135, 'patch_size': 0.4, 'side': 'right', 'stabilize_anchor': False}, {'x_offset': 1.0210998286286257, 'y_offset': 0.6024848942785967, 'z_offset': 1.4143640212849018, 'patch_size': 0.4, 'side': 'left', 'stabilize_anchor': False}, {'x_offset': 3.285432845496656, 'y_offset': -0.5367119830201368, 'z_offset': 2.273940722141937, 'patch_size': 0.4, 'side': 'left', 'stabilize_anchor': False}]"
9,3,15,0.6755309104919434,0.10000000149011612,"[{'x_offset': 1.540075710577256, 'y_offset': 0.988498454433409, 'z_offset': 0.5497490613217135, 'patch_size': 0.4, 'side': 'right', 'stabilize_anchor': False}, {'x_offset': 1.0210998286286257, 'y_offset': 0.6024848942785967, 'z_offset': 1.4143640212849018, 'patch_size': 0.4, 'side': 'left', 'stabilize_anchor': False}, {'x_offset': 3.285432845496656, 'y_offset': -0.5367119830201368, 'z_offset': 2.273940722141937, 'patch_size': 0.4, 'side': 'left', 'stabilize_anchor': False}]"
9,3,20,0.5255111455917358,0.10000000149011612,"[{'x_offset': 1.540075710577256, 'y_offset': 0.988498454433409, 'z_offset': 0.5497490613217135, 'patch_size': 0.4, 'side': 'right', 'stabilize_anchor': False}, {'x_offset': 1.0210998286286257, 'y_offset': 0.6024848942785967, 'z_offset': 1.4143640212849018, 'patch_size': 0.4, 'side': 'left', 'stabilize_anchor': False}, {'x_offset': 3.285432845496656, 'y_offset': -0.5367119830201368, 'z_offset': 2.273940722141937, 'patch_size': 0.4, 'side': 'left', 'stabilize_anchor': False}]"
9,3,25,0.4574941396713257,0.0,"[{'x_offset': 1.540075710577256, 'y_offset': 0.988498454433409, 'z_offset': 0.5497490613217135, 'patch_size': 0.4, 'side': 'right', 'stabilize_anchor': False}, {'x_offset': 1.0210998286286257, 'y_offset': 0.6024848942785967, 'z_offset': 1.4143640212849018, 'patch_size': 0.4, 'side': 'left', 'stabilize_anchor': False}, {'x_offset': 3.285432845496656, 'y_offset': -0.5367119830201368, 'z_offset': 2.273940722141937, 'patch_size': 0.4, 'side': 'left', 'stabilize_anchor': False}]"
9,3,30,0.41890525817871094,0.10000000149011612,"[{'x_offset': 1.540075710577256, 'y_offset': 0.988498454433409, 'z_offset': 0.5497490613217135, 'patch_size': 0.4, 'side': 'right', 'stabilize_anchor': False}, {'x_offset': 1.0210998286286257, 'y_offset': 0.6024848942785967, 'z_offset': 1.4143640212849018, 'patch_size': 0.4, 'side': 'left', 'stabilize_anchor': False}, {'x_offset': 3.285432845496656, 'y_offset': -0.5367119830201368, 'z_offset': 2.273940722141937, 'patch_size': 0.4, 'side': 'left', 'stabilize_anchor': False}]"
9,4,5,0.7575063109397888,0.0,"[{'x_offset': 1.540075710577256, 'y_offset': 0.988498454433409, 'z_offset': 0.5497490613217135, 'patch_size': 0.4, 'side': 'right', 'stabilize_anchor': False}, {'x_offset': 1.0210998286286257, 'y_offset': 0.6024848942785967, 'z_offset': 1.4143640212849018, 'patch_size': 0.4, 'side': 'left', 'stabilize_anchor': False}, {'x_offset': 3.285432845496656, 'y_offset': -0.5367119830201368, 'z_offset': 2.273940722141937, 'patch_size': 0.4, 'side': 'left', 'stabilize_anchor': False}, {'x_offset': 0.7875128696098082, 'y_offset': 0.4975064053761642, 'z_offset': 1.3547642012374397, 'patch_size': 0.4, 'side': 'right', 'stabilize_anchor': False}]"
9,4,10,0.6693479418754578,0.0,"[{'x_offset': 1.540075710577256, 'y_offset': 0.988498454433409, 'z_offset': 0.5497490613217135, 'patch_size': 0.4, 'side': 'right', 'stabilize_anchor': False}, {'x_offset': 1.0210998286286257, 'y_offset': 0.6024848942785967, 'z_offset': 1.4143640212849018, 'patch_size': 0.4, 'side': 'left', 'stabilize_anchor': False}, {'x_offset': 3.285432845496656, 'y_offset': -0.5367119830201368, 'z_offset': 2.273940722141937, 'patch_size': 0.4, 'side': 'left', 'stabilize_anchor': False}, {'x_offset': 0.7875128696098082, 'y_offset': 0.4975064053761642, 'z_offset': 1.3547642012374397, 'patch_size': 0.4, 'side': 'right', 'stabilize_anchor': False}]"
9,4,15,0.66441810131073,0.0,"[{'x_offset': 1.540075710577256, 'y_offset': 0.988498454433409, 'z_offset': 0.5497490613217135, 'patch_size': 0.4, 'side': 'right', 'stabilize_anchor': False}, {'x_offset': 1.0210998286286257, 'y_offset': 0.6024848942785967, 'z_offset': 1.4143640212849018, 'patch_size': 0.4, 'side': 'left', 'stabilize_anchor': False}, {'x_offset': 3.285432845496656, 'y_offset': -0.5367119830201368, 'z_offset': 2.273940722141937, 'patch_size': 0.4, 'side': 'left', 'stabilize_anchor': False}, {'x_offset': 0.7875128696098082, 'y_offset': 0.4975064053761642, 'z_offset': 1.3547642012374397, 'patch_size': 0.4, 'side': 'right', 'stabilize_anchor': False}]"
9,4,20,0.0,0.0,"[{'x_offset': 1.540075710577256, 'y_offset': 0.988498454433409, 'z_offset': 0.5497490613217135, 'patch_size': 0.4, 'side': 'right', 'stabilize_anchor': False}, {'x_offset': 1.0210998286286257, 'y_offset': 0.6024848942785967, 'z_offset': 1.4143640212849018, 'patch_size': 0.4, 'side': 'left', 'stabilize_anchor': False}, {'x_offset': 3.285432845496656, 'y_offset': -0.5367119830201368, 'z_offset': 2.273940722141937, 'patch_size': 0.4, 'side': 'left', 'stabilize_anchor': False}, {'x_offset': 0.7875128696098082, 'y_offset': 0.4975064053761642, 'z_offset': 1.3547642012374397, 'patch_size': 0.4, 'side': 'right', 'stabilize_anchor': False}]"
9,4,25,0.0,0.10000000149011612,"[{'x_offset': 1.540075710577256, 'y_offset': 0.988498454433409, 'z_offset': 0.5497490613217135, 'patch_size': 0.4, 'side': 'right', 'stabilize_anchor': False}, {'x_offset': 1.0210998286286257, 'y_offset': 0.6024848942785967, 'z_offset': 1.4143640212849018, 'patch_size': 0.4, 'side': 'left', 'stabilize_anchor': False}, {'x_offset': 3.285432845496656, 'y_offset': -0.5367119830201368, 'z_offset': 2.273940722141937, 'patch_size': 0.4, 'side': 'left', 'stabilize_anchor': False}, {'x_offset': 0.7875128696098082, 'y_offset': 0.4975064053761642, 'z_offset': 1.3547642012374397, 'patch_size': 0.4, 'side': 'right', 'stabilize_anchor': False}]"
9,4,30,0.39360901713371277,0.0,"[{'x_offset': 1.540075710577256, 'y_offset': 0.988498454433409, 'z_offset': 0.5497490613217135, 'patch_size': 0.4, 'side': 'right', 'stabilize_anchor': False}, {'x_offset': 1.0210998286286257, 'y_offset': 0.6024848942785967, 'z_offset': 1.4143640212849018, 'patch_size': 0.4, 'side': 'left', 'stabilize_anchor': False}, {'x_offset': 3.285432845496656, 'y_offset': -0.5367119830201368, 'z_offset': 2.273940722141937, 'patch_size': 0.4, 'side': 'left', 'stabilize_anchor': False}, {'x_offset': 0.7875128696098082, 'y_offset': 0.4975064053761642, 'z_offset': 1.3547642012374397, 'patch_size': 0.4, 'side': 'right', 'stabilize_anchor': False}]"
9,5,5,0.7588147521018982,0.10000000149011612,"[{'x_offset': 1.540075710577256, 'y_offset': 0.988498454433409, 'z_offset': 0.5497490613217135, 'patch_size': 0.4, 'side': 'right', 'stabilize_anchor': False}, {'x_offset': 1.0210998286286257, 'y_offset': 0.6024848942785967, 'z_offset': 1.4143640212849018, 'patch_size': 0.4, 'side': 'left', 'stabilize_anchor': False}, {'x_offset': 3.285432845496656, 'y_offset': -0.5367119830201368, 'z_offset': 2.273940722141937, 'patch_size': 0.4, 'side': 'left', 'stabilize_anchor': False}, {'x_offset': 0.7875128696098082, 'y_offset': 0.4975064053761642, 'z_offset': 1.3547642012374397, 'patch_size': 0.4, 'side': 'right', 'stabilize_anchor': False}, {'x_offset': -0.5111323738606796, 'y_offset': -0.19481286560162503, 'z_offset': 1.7547676632601883, 'patch_size': 0.4, 'side': 'right', 'stabilize_anchor': False}]"
9,5,10,0.6663404703140259,0.0,"[{'x_offset': 1.540075710577256, 'y_offset': 0.988498454433409, 'z_offset': 0.5497490613217135, 'patch_size': 0.4, 'side': 'right', 'stabilize_anchor': False}, {'x_offset': 1.0210998286286257, 'y_offset': 0.6024848942785967, 'z_offset': 1.4143640212849018, 'patch_size': 0.4, 'side': 'left', 'stabilize_anchor': False}, {'x_offset': 3.285432845496656, 'y_offset': -0.5367119830201368, 'z_offset': 2.273940722141937, 'patch_size': 0.4, 'side': 'left', 'stabilize_anchor': False}, {'x_offset': 0.7875128696098082, 'y_offset': 0.4975064053761642, 'z_offset': 1.3547642012374397, 'patch_size': 0.4, 'side': 'right', 'stabilize_anchor': False}, {'x_offset': -0.5111323738606796, 'y_offset': -0.19481286560162503, 'z_offset': 1.7547676632601883, 'patch_size': 0.4, 'side': 'right', 'stabilize_anchor': False}]"
9,5,15,0.6029518842697144,0.0,"[{'x_offset': 1.540075710577256, 'y_offset': 0.988498454433409, 'z_offset': 0.5497490613217135, 'patch_size': 0.4, 'side': 'right', 'stabilize_anchor': False}, {'x_offset': 1.0210998286286257, 'y_offset': 0.6024848942785967, 'z_offset': 1.4143640212849018, 'patch_size': 0.4, 'side': 'left', 'stabilize_anchor': False}, {'x_offset': 3.285432845496656, 'y_offset': -0.5367119830201368, 'z_offset': 2.273940722141937, 'patch_size': 0.4, 'side': 'left', 'stabilize_anchor': False}, {'x_offset': 0.7875128696098082, 'y_offset': 0.4975064053761642, 'z_offset': 1.3547642012374397, 'patch_size': 0.4, 'side': 'right', 'stabilize_anchor': False}, {'x_offset': -0.5111323738606796, 'y_offset': -0.19481286560162503, 'z_offset': 1.7547676632601883, 'patch_size': 0.4, 'side': 'right', 'stabilize_anchor': False}]"
9,5,20,0.0,0.0,"[{'x_offset': 1.540075710577256, 'y_offset': 0.988498454433409, 'z_offset': 0.5497490613217135, 'patch_size': 0.4, 'side': 'right', 'stabilize_anchor': False}, {'x_offset': 1.0210998286286257, 'y_offset': 0.6024848942785967, 'z_offset': 1.4143640212849018, 'patch_size': 0.4, 'side': 'left', 'stabilize_anchor': False}, {'x_offset': 3.285432845496656, 'y_offset': -0.5367119830201368, 'z_offset': 2.273940722141937, 'patch_size': 0.4, 'side': 'left', 'stabilize_anchor': False}, {'x_offset': 0.7875128696098082, 'y_offset': 0.4975064053761642, 'z_offset': 1.3547642012374397, 'patch_size': 0.4, 'side': 'right', 'stabilize_anchor': False}, {'x_offset': -0.5111323738606796, 'y_offset': -0.19481286560162503, 'z_offset': 1.7547676632601883, 'patch_size': 0.4, 'side': 'right', 'stabilize_anchor': False}]"
9,5,25,0.0,0.0,"[{'x_offset': 1.540075710577256, 'y_offset': 0.988498454433409, 'z_offset': 0.5497490613217135, 'patch_size': 0.4, 'side': 'right', 'stabilize_anchor': False}, {'x_offset': 1.0210998286286257, 'y_offset': 0.6024848942785967, 'z_offset': 1.4143640212849018, 'patch_size': 0.4, 'side': 'left', 'stabilize_anchor': False}, {'x_offset': 3.285432845496656, 'y_offset': -0.5367119830201368, 'z_offset': 2.273940722141937, 'patch_size': 0.4, 'side': 'left', 'stabilize_anchor': False}, {'x_offset': 0.7875128696098082, 'y_offset': 0.4975064053761642, 'z_offset': 1.3547642012374397, 'patch_size': 0.4, 'side': 'right', 'stabilize_anchor': False}, {'x_offset': -0.5111323738606796, 'y_offset': -0.19481286560162503, 'z_offset': 1.7547676632601883, 'patch_size': 0.4, 'side': 'right', 'stabilize_anchor': False}]"
9,5,30,0.0,0.0,"[{'x_offset': 1.540075710577256, 'y_offset': 0.988498454433409, 'z_offset': 0.5497490613217135, 'patch_size': 0.4, 'side': 'right', 'stabilize_anchor': False}, {'x_offset': 1.0210998286286257, 'y_offset': 0.6024848942785967, 'z_offset': 1.4143640212849018, 'patch_size': 0.4, 'side': 'left', 'stabilize_anchor': False}, {'x_offset': 3.285432845496656, 'y_offset': -0.5367119830201368, 'z_offset': 2.273940722141937, 'patch_size': 0.4, 'side': 'left', 'stabilize_anchor': False}, {'x_offset': 0.7875128696098082, 'y_offset': 0.4975064053761642, 'z_offset': 1.3547642012374397, 'patch_size': 0.4, 'side': 'right', 'stabilize_anchor': False}, {'x_offset': -0.5111323738606796, 'y_offset': -0.19481286560162503, 'z_offset': 1.7547676632601883, 'patch_size': 0.4, 'side': 'right', 'stabilize_anchor': False}]"
