set_id,num_patches,distance,center_score,fusion_score,patches
0,1,5,0.6580137610435486,0.10000000149011612,"[{'x_offset': 1.2867880192978216, 'y_offset': 0.8891612314167845, 'z_offset': 1.893938013308889, 'patch_size': 0.2, 'side': 'right', 'stabilize_anchor': False}]"
0,2,5,0.6866576671600342,0.0,"[{'x_offset': 1.2867880192978216, 'y_offset': 0.8891612314167845, 'z_offset': 1.893938013308889, 'patch_size': 0.2, 'side': 'right', 'stabilize_anchor': False}, {'x_offset': 0.795658197965524, 'y_offset': 0.3608610210337706, 'z_offset': 0.46313026805144253, 'patch_size': 0.2, 'side': 'right', 'stabilize_anchor': False}]"
0,3,5,0.7166050672531128,0.0,"[{'x_offset': 1.2867880192978216, 'y_offset': 0.8891612314167845, 'z_offset': 1.893938013308889, 'patch_size': 0.2, 'side': 'right', 'stabilize_anchor': False}, {'x_offset': 0.795658197965524, 'y_offset': 0.3608610210337706, 'z_offset': 0.46313026805144253, 'patch_size': 0.2, 'side': 'right', 'stabilize_anchor': False}, {'x_offset': 0.5187528412272484, 'y_offset': 0.5749952444184561, 'z_offset': 1.4213285838601908, 'patch_size': 0.2, 'side': 'left', 'stabilize_anchor': False}]"
0,4,5,0.713195264339447,0.0,"[{'x_offset': 1.2867880192978216, 'y_offset': 0.8891612314167845, 'z_offset': 1.893938013308889, 'patch_size': 0.2, 'side': 'right', 'stabilize_anchor': False}, {'x_offset': 0.795658197965524, 'y_offset': 0.3608610210337706, 'z_offset': 0.46313026805144253, 'patch_size': 0.2, 'side': 'right', 'stabilize_anchor': False}, {'x_offset': 0.5187528412272484, 'y_offset': 0.5749952444184561, 'z_offset': 1.4213285838601908, 'patch_size': 0.2, 'side': 'left', 'stabilize_anchor': False}, {'x_offset': 3.402648012776778, 'y_offset': 0.013909459206008501, 'z_offset': 2.0194970073978173, 'patch_size': 0.2, 'side': 'left', 'stabilize_anchor': False}]"
0,1,10,0.7131531238555908,0.10000000149011612,"[{'x_offset': 1.2867880192978216, 'y_offset': 0.8891612314167845, 'z_offset': 1.893938013308889, 'patch_size': 0.2, 'side': 'right', 'stabilize_anchor': False}]"
0,2,10,0.6950539946556091,0.0,"[{'x_offset': 1.2867880192978216, 'y_offset': 0.8891612314167845, 'z_offset': 1.893938013308889, 'patch_size': 0.2, 'side': 'right', 'stabilize_anchor': False}, {'x_offset': 0.795658197965524, 'y_offset': 0.3608610210337706, 'z_offset': 0.46313026805144253, 'patch_size': 0.2, 'side': 'right', 'stabilize_anchor': False}]"
0,3,10,0.6990752220153809,0.0,"[{'x_offset': 1.2867880192978216, 'y_offset': 0.8891612314167845, 'z_offset': 1.893938013308889, 'patch_size': 0.2, 'side': 'right', 'stabilize_anchor': False}, {'x_offset': 0.795658197965524, 'y_offset': 0.3608610210337706, 'z_offset': 0.46313026805144253, 'patch_size': 0.2, 'side': 'right', 'stabilize_anchor': False}, {'x_offset': 0.5187528412272484, 'y_offset': 0.5749952444184561, 'z_offset': 1.4213285838601908, 'patch_size': 0.2, 'side': 'left', 'stabilize_anchor': False}]"
0,4,10,0.7002765536308289,0.0,"[{'x_offset': 1.2867880192978216, 'y_offset': 0.8891612314167845, 'z_offset': 1.893938013308889, 'patch_size': 0.2, 'side': 'right', 'stabilize_anchor': False}, {'x_offset': 0.795658197965524, 'y_offset': 0.3608610210337706, 'z_offset': 0.46313026805144253, 'patch_size': 0.2, 'side': 'right', 'stabilize_anchor': False}, {'x_offset': 0.5187528412272484, 'y_offset': 0.5749952444184561, 'z_offset': 1.4213285838601908, 'patch_size': 0.2, 'side': 'left', 'stabilize_anchor': False}, {'x_offset': 3.402648012776778, 'y_offset': 0.013909459206008501, 'z_offset': 2.0194970073978173, 'patch_size': 0.2, 'side': 'left', 'stabilize_anchor': False}]"
0,1,15,0.6514029502868652,0.10000000149011612,"[{'x_offset': 1.2867880192978216, 'y_offset': 0.8891612314167845, 'z_offset': 1.893938013308889, 'patch_size': 0.2, 'side': 'right', 'stabilize_anchor': False}]"
0,2,15,0.653330385684967,0.0,"[{'x_offset': 1.2867880192978216, 'y_offset': 0.8891612314167845, 'z_offset': 1.893938013308889, 'patch_size': 0.2, 'side': 'right', 'stabilize_anchor': False}, {'x_offset': 0.795658197965524, 'y_offset': 0.3608610210337706, 'z_offset': 0.46313026805144253, 'patch_size': 0.2, 'side': 'right', 'stabilize_anchor': False}]"
0,3,15,0.6707956790924072,0.0,"[{'x_offset': 1.2867880192978216, 'y_offset': 0.8891612314167845, 'z_offset': 1.893938013308889, 'patch_size': 0.2, 'side': 'right', 'stabilize_anchor': False}, {'x_offset': 0.795658197965524, 'y_offset': 0.3608610210337706, 'z_offset': 0.46313026805144253, 'patch_size': 0.2, 'side': 'right', 'stabilize_anchor': False}, {'x_offset': 0.5187528412272484, 'y_offset': 0.5749952444184561, 'z_offset': 1.4213285838601908, 'patch_size': 0.2, 'side': 'left', 'stabilize_anchor': False}]"
0,4,15,0.6487143039703369,0.0,"[{'x_offset': 1.2867880192978216, 'y_offset': 0.8891612314167845, 'z_offset': 1.893938013308889, 'patch_size': 0.2, 'side': 'right', 'stabilize_anchor': False}, {'x_offset': 0.795658197965524, 'y_offset': 0.3608610210337706, 'z_offset': 0.46313026805144253, 'patch_size': 0.2, 'side': 'right', 'stabilize_anchor': False}, {'x_offset': 0.5187528412272484, 'y_offset': 0.5749952444184561, 'z_offset': 1.4213285838601908, 'patch_size': 0.2, 'side': 'left', 'stabilize_anchor': False}, {'x_offset': 3.402648012776778, 'y_offset': 0.013909459206008501, 'z_offset': 2.0194970073978173, 'patch_size': 0.2, 'side': 'left', 'stabilize_anchor': False}]"
0,1,20,0.5668414235115051,0.10000000149011612,"[{'x_offset': 1.2867880192978216, 'y_offset': 0.8891612314167845, 'z_offset': 1.893938013308889, 'patch_size': 0.2, 'side': 'right', 'stabilize_anchor': False}]"
0,2,20,0.5281141400337219,0.10000000149011612,"[{'x_offset': 1.2867880192978216, 'y_offset': 0.8891612314167845, 'z_offset': 1.893938013308889, 'patch_size': 0.2, 'side': 'right', 'stabilize_anchor': False}, {'x_offset': 0.795658197965524, 'y_offset': 0.3608610210337706, 'z_offset': 0.46313026805144253, 'patch_size': 0.2, 'side': 'right', 'stabilize_anchor': False}]"
0,3,20,0.39095550775527954,0.10000000149011612,"[{'x_offset': 1.2867880192978216, 'y_offset': 0.8891612314167845, 'z_offset': 1.893938013308889, 'patch_size': 0.2, 'side': 'right', 'stabilize_anchor': False}, {'x_offset': 0.795658197965524, 'y_offset': 0.3608610210337706, 'z_offset': 0.46313026805144253, 'patch_size': 0.2, 'side': 'right', 'stabilize_anchor': False}, {'x_offset': 0.5187528412272484, 'y_offset': 0.5749952444184561, 'z_offset': 1.4213285838601908, 'patch_size': 0.2, 'side': 'left', 'stabilize_anchor': False}]"
0,4,20,0.47397372126579285,0.10000000149011612,"[{'x_offset': 1.2867880192978216, 'y_offset': 0.8891612314167845, 'z_offset': 1.893938013308889, 'patch_size': 0.2, 'side': 'right', 'stabilize_anchor': False}, {'x_offset': 0.795658197965524, 'y_offset': 0.3608610210337706, 'z_offset': 0.46313026805144253, 'patch_size': 0.2, 'side': 'right', 'stabilize_anchor': False}, {'x_offset': 0.5187528412272484, 'y_offset': 0.5749952444184561, 'z_offset': 1.4213285838601908, 'patch_size': 0.2, 'side': 'left', 'stabilize_anchor': False}, {'x_offset': 3.402648012776778, 'y_offset': 0.013909459206008501, 'z_offset': 2.0194970073978173, 'patch_size': 0.2, 'side': 'left', 'stabilize_anchor': False}]"
0,1,25,0.6833428144454956,0.10000000149011612,"[{'x_offset': 1.2867880192978216, 'y_offset': 0.8891612314167845, 'z_offset': 1.893938013308889, 'patch_size': 0.2, 'side': 'right', 'stabilize_anchor': False}]"
0,2,25,0.642048180103302,0.10000000149011612,"[{'x_offset': 1.2867880192978216, 'y_offset': 0.8891612314167845, 'z_offset': 1.893938013308889, 'patch_size': 0.2, 'side': 'right', 'stabilize_anchor': False}, {'x_offset': 0.795658197965524, 'y_offset': 0.3608610210337706, 'z_offset': 0.46313026805144253, 'patch_size': 0.2, 'side': 'right', 'stabilize_anchor': False}]"
0,3,25,0.607904851436615,0.0,"[{'x_offset': 1.2867880192978216, 'y_offset': 0.8891612314167845, 'z_offset': 1.893938013308889, 'patch_size': 0.2, 'side': 'right', 'stabilize_anchor': False}, {'x_offset': 0.795658197965524, 'y_offset': 0.3608610210337706, 'z_offset': 0.46313026805144253, 'patch_size': 0.2, 'side': 'right', 'stabilize_anchor': False}, {'x_offset': 0.5187528412272484, 'y_offset': 0.5749952444184561, 'z_offset': 1.4213285838601908, 'patch_size': 0.2, 'side': 'left', 'stabilize_anchor': False}]"
0,4,25,0.5548650622367859,0.10000000149011612,"[{'x_offset': 1.2867880192978216, 'y_offset': 0.8891612314167845, 'z_offset': 1.893938013308889, 'patch_size': 0.2, 'side': 'right', 'stabilize_anchor': False}, {'x_offset': 0.795658197965524, 'y_offset': 0.3608610210337706, 'z_offset': 0.46313026805144253, 'patch_size': 0.2, 'side': 'right', 'stabilize_anchor': False}, {'x_offset': 0.5187528412272484, 'y_offset': 0.5749952444184561, 'z_offset': 1.4213285838601908, 'patch_size': 0.2, 'side': 'left', 'stabilize_anchor': False}, {'x_offset': 3.402648012776778, 'y_offset': 0.013909459206008501, 'z_offset': 2.0194970073978173, 'patch_size': 0.2, 'side': 'left', 'stabilize_anchor': False}]"
0,1,30,0.44494256377220154,0.0,"[{'x_offset': 1.2867880192978216, 'y_offset': 0.8891612314167845, 'z_offset': 1.893938013308889, 'patch_size': 0.2, 'side': 'right', 'stabilize_anchor': False}]"
0,2,30,0.355460524559021,0.0,"[{'x_offset': 1.2867880192978216, 'y_offset': 0.8891612314167845, 'z_offset': 1.893938013308889, 'patch_size': 0.2, 'side': 'right', 'stabilize_anchor': False}, {'x_offset': 0.795658197965524, 'y_offset': 0.3608610210337706, 'z_offset': 0.46313026805144253, 'patch_size': 0.2, 'side': 'right', 'stabilize_anchor': False}]"
0,3,30,0.0,0.0,"[{'x_offset': 1.2867880192978216, 'y_offset': 0.8891612314167845, 'z_offset': 1.893938013308889, 'patch_size': 0.2, 'side': 'right', 'stabilize_anchor': False}, {'x_offset': 0.795658197965524, 'y_offset': 0.3608610210337706, 'z_offset': 0.46313026805144253, 'patch_size': 0.2, 'side': 'right', 'stabilize_anchor': False}, {'x_offset': 0.5187528412272484, 'y_offset': 0.5749952444184561, 'z_offset': 1.4213285838601908, 'patch_size': 0.2, 'side': 'left', 'stabilize_anchor': False}]"
0,4,30,0.38112401962280273,0.10000000149011612,"[{'x_offset': 1.2867880192978216, 'y_offset': 0.8891612314167845, 'z_offset': 1.893938013308889, 'patch_size': 0.2, 'side': 'right', 'stabilize_anchor': False}, {'x_offset': 0.795658197965524, 'y_offset': 0.3608610210337706, 'z_offset': 0.46313026805144253, 'patch_size': 0.2, 'side': 'right', 'stabilize_anchor': False}, {'x_offset': 0.5187528412272484, 'y_offset': 0.5749952444184561, 'z_offset': 1.4213285838601908, 'patch_size': 0.2, 'side': 'left', 'stabilize_anchor': False}, {'x_offset': 3.402648012776778, 'y_offset': 0.013909459206008501, 'z_offset': 2.0194970073978173, 'patch_size': 0.2, 'side': 'left', 'stabilize_anchor': False}]"
1,1,5,0.6627219915390015,0.10000000149011612,"[{'x_offset': 1.152795191179452, 'y_offset': 0.7482069766822916, 'z_offset': 0.7444554981445928, 'patch_size': 0.2, 'side': 'left', 'stabilize_anchor': False}]"
1,2,5,0.7028757333755493,0.0,"[{'x_offset': 1.152795191179452, 'y_offset': 0.7482069766822916, 'z_offset': 0.7444554981445928, 'patch_size': 0.2, 'side': 'left', 'stabilize_anchor': False}, {'x_offset': 0.629796333600575, 'y_offset': 0.27929972585522755, 'z_offset': 1.1144263285715537, 'patch_size': 0.2, 'side': 'right', 'stabilize_anchor': False}]"
1,3,5,0.6830439567565918,0.0,"[{'x_offset': 1.152795191179452, 'y_offset': 0.7482069766822916, 'z_offset': 0.7444554981445928, 'patch_size': 0.2, 'side': 'left', 'stabilize_anchor': False}, {'x_offset': 0.629796333600575, 'y_offset': 0.27929972585522755, 'z_offset': 1.1144263285715537, 'patch_size': 0.2, 'side': 'right', 'stabilize_anchor': False}, {'x_offset': 1.7660186463264442, 'y_offset': -0.3734900264142933, 'z_offset': 1.4603103974586689, 'patch_size': 0.2, 'side': 'left', 'stabilize_anchor': False}]"
1,4,5,0.7360771894454956,0.0,"[{'x_offset': 1.152795191179452, 'y_offset': 0.7482069766822916, 'z_offset': 0.7444554981445928, 'patch_size': 0.2, 'side': 'left', 'stabilize_anchor': False}, {'x_offset': 0.629796333600575, 'y_offset': 0.27929972585522755, 'z_offset': 1.1144263285715537, 'patch_size': 0.2, 'side': 'right', 'stabilize_anchor': False}, {'x_offset': 1.7660186463264442, 'y_offset': -0.3734900264142933, 'z_offset': 1.4603103974586689, 'patch_size': 0.2, 'side': 'left', 'stabilize_anchor': False}, {'x_offset': 2.079975045509191, 'y_offset': 0.21654161389872206, 'z_offset': 2.033984207036356, 'patch_size': 0.2, 'side': 'left', 'stabilize_anchor': False}]"
1,5,5,0.7204395532608032,0.0,"[{'x_offset': 1.152795191179452, 'y_offset': 0.7482069766822916, 'z_offset': 0.7444554981445928, 'patch_size': 0.2, 'side': 'left', 'stabilize_anchor': False}, {'x_offset': 0.629796333600575, 'y_offset': 0.27929972585522755, 'z_offset': 1.1144263285715537, 'patch_size': 0.2, 'side': 'right', 'stabilize_anchor': False}, {'x_offset': 1.7660186463264442, 'y_offset': -0.3734900264142933, 'z_offset': 1.4603103974586689, 'patch_size': 0.2, 'side': 'left', 'stabilize_anchor': False}, {'x_offset': 2.079975045509191, 'y_offset': 0.21654161389872206, 'z_offset': 2.033984207036356, 'patch_size': 0.2, 'side': 'left', 'stabilize_anchor': False}, {'x_offset': 1.0391202832992517, 'y_offset': -0.5084569708635185, 'z_offset': 1.9876920058564855, 'patch_size': 0.2, 'side': 'right', 'stabilize_anchor': False}]"
1,1,10,0.7110763788223267,0.10000000149011612,"[{'x_offset': 1.152795191179452, 'y_offset': 0.7482069766822916, 'z_offset': 0.7444554981445928, 'patch_size': 0.2, 'side': 'left', 'stabilize_anchor': False}]"
1,2,10,0.690498411655426,0.0,"[{'x_offset': 1.152795191179452, 'y_offset': 0.7482069766822916, 'z_offset': 0.7444554981445928, 'patch_size': 0.2, 'side': 'left', 'stabilize_anchor': False}, {'x_offset': 0.629796333600575, 'y_offset': 0.27929972585522755, 'z_offset': 1.1144263285715537, 'patch_size': 0.2, 'side': 'right', 'stabilize_anchor': False}]"
1,3,10,0.7006778717041016,0.0,"[{'x_offset': 1.152795191179452, 'y_offset': 0.7482069766822916, 'z_offset': 0.7444554981445928, 'patch_size': 0.2, 'side': 'left', 'stabilize_anchor': False}, {'x_offset': 0.629796333600575, 'y_offset': 0.27929972585522755, 'z_offset': 1.1144263285715537, 'patch_size': 0.2, 'side': 'right', 'stabilize_anchor': False}, {'x_offset': 1.7660186463264442, 'y_offset': -0.3734900264142933, 'z_offset': 1.4603103974586689, 'patch_size': 0.2, 'side': 'left', 'stabilize_anchor': False}]"
1,4,10,0.7455570697784424,0.0,"[{'x_offset': 1.152795191179452, 'y_offset': 0.7482069766822916, 'z_offset': 0.7444554981445928, 'patch_size': 0.2, 'side': 'left', 'stabilize_anchor': False}, {'x_offset': 0.629796333600575, 'y_offset': 0.27929972585522755, 'z_offset': 1.1144263285715537, 'patch_size': 0.2, 'side': 'right', 'stabilize_anchor': False}, {'x_offset': 1.7660186463264442, 'y_offset': -0.3734900264142933, 'z_offset': 1.4603103974586689, 'patch_size': 0.2, 'side': 'left', 'stabilize_anchor': False}, {'x_offset': 2.079975045509191, 'y_offset': 0.21654161389872206, 'z_offset': 2.033984207036356, 'patch_size': 0.2, 'side': 'left', 'stabilize_anchor': False}]"
1,5,10,0.7240911722183228,0.0,"[{'x_offset': 1.152795191179452, 'y_offset': 0.7482069766822916, 'z_offset': 0.7444554981445928, 'patch_size': 0.2, 'side': 'left', 'stabilize_anchor': False}, {'x_offset': 0.629796333600575, 'y_offset': 0.27929972585522755, 'z_offset': 1.1144263285715537, 'patch_size': 0.2, 'side': 'right', 'stabilize_anchor': False}, {'x_offset': 1.7660186463264442, 'y_offset': -0.3734900264142933, 'z_offset': 1.4603103974586689, 'patch_size': 0.2, 'side': 'left', 'stabilize_anchor': False}, {'x_offset': 2.079975045509191, 'y_offset': 0.21654161389872206, 'z_offset': 2.033984207036356, 'patch_size': 0.2, 'side': 'left', 'stabilize_anchor': False}, {'x_offset': 1.0391202832992517, 'y_offset': -0.5084569708635185, 'z_offset': 1.9876920058564855, 'patch_size': 0.2, 'side': 'right', 'stabilize_anchor': False}]"
1,1,15,0.5571702122688293,0.10000000149011612,"[{'x_offset': 1.152795191179452, 'y_offset': 0.7482069766822916, 'z_offset': 0.7444554981445928, 'patch_size': 0.2, 'side': 'left', 'stabilize_anchor': False}]"
1,2,15,0.509342610836029,0.0,"[{'x_offset': 1.152795191179452, 'y_offset': 0.7482069766822916, 'z_offset': 0.7444554981445928, 'patch_size': 0.2, 'side': 'left', 'stabilize_anchor': False}, {'x_offset': 0.629796333600575, 'y_offset': 0.27929972585522755, 'z_offset': 1.1144263285715537, 'patch_size': 0.2, 'side': 'right', 'stabilize_anchor': False}]"
1,3,15,0.5544854998588562,0.0,"[{'x_offset': 1.152795191179452, 'y_offset': 0.7482069766822916, 'z_offset': 0.7444554981445928, 'patch_size': 0.2, 'side': 'left', 'stabilize_anchor': False}, {'x_offset': 0.629796333600575, 'y_offset': 0.27929972585522755, 'z_offset': 1.1144263285715537, 'patch_size': 0.2, 'side': 'right', 'stabilize_anchor': False}, {'x_offset': 1.7660186463264442, 'y_offset': -0.3734900264142933, 'z_offset': 1.4603103974586689, 'patch_size': 0.2, 'side': 'left', 'stabilize_anchor': False}]"
1,4,15,0.5150535702705383,0.0,"[{'x_offset': 1.152795191179452, 'y_offset': 0.7482069766822916, 'z_offset': 0.7444554981445928, 'patch_size': 0.2, 'side': 'left', 'stabilize_anchor': False}, {'x_offset': 0.629796333600575, 'y_offset': 0.27929972585522755, 'z_offset': 1.1144263285715537, 'patch_size': 0.2, 'side': 'right', 'stabilize_anchor': False}, {'x_offset': 1.7660186463264442, 'y_offset': -0.3734900264142933, 'z_offset': 1.4603103974586689, 'patch_size': 0.2, 'side': 'left', 'stabilize_anchor': False}, {'x_offset': 2.079975045509191, 'y_offset': 0.21654161389872206, 'z_offset': 2.033984207036356, 'patch_size': 0.2, 'side': 'left', 'stabilize_anchor': False}]"
1,5,15,0.5772494077682495,0.0,"[{'x_offset': 1.152795191179452, 'y_offset': 0.7482069766822916, 'z_offset': 0.7444554981445928, 'patch_size': 0.2, 'side': 'left', 'stabilize_anchor': False}, {'x_offset': 0.629796333600575, 'y_offset': 0.27929972585522755, 'z_offset': 1.1144263285715537, 'patch_size': 0.2, 'side': 'right', 'stabilize_anchor': False}, {'x_offset': 1.7660186463264442, 'y_offset': -0.3734900264142933, 'z_offset': 1.4603103974586689, 'patch_size': 0.2, 'side': 'left', 'stabilize_anchor': False}, {'x_offset': 2.079975045509191, 'y_offset': 0.21654161389872206, 'z_offset': 2.033984207036356, 'patch_size': 0.2, 'side': 'left', 'stabilize_anchor': False}, {'x_offset': 1.0391202832992517, 'y_offset': -0.5084569708635185, 'z_offset': 1.9876920058564855, 'patch_size': 0.2, 'side': 'right', 'stabilize_anchor': False}]"
1,1,20,0.4296056032180786,0.10000000149011612,"[{'x_offset': 1.152795191179452, 'y_offset': 0.7482069766822916, 'z_offset': 0.7444554981445928, 'patch_size': 0.2, 'side': 'left', 'stabilize_anchor': False}]"
1,2,20,0.3778352737426758,0.0,"[{'x_offset': 1.152795191179452, 'y_offset': 0.7482069766822916, 'z_offset': 0.7444554981445928, 'patch_size': 0.2, 'side': 'left', 'stabilize_anchor': False}, {'x_offset': 0.629796333600575, 'y_offset': 0.27929972585522755, 'z_offset': 1.1144263285715537, 'patch_size': 0.2, 'side': 'right', 'stabilize_anchor': False}]"
1,3,20,0.0,0.0,"[{'x_offset': 1.152795191179452, 'y_offset': 0.7482069766822916, 'z_offset': 0.7444554981445928, 'patch_size': 0.2, 'side': 'left', 'stabilize_anchor': False}, {'x_offset': 0.629796333600575, 'y_offset': 0.27929972585522755, 'z_offset': 1.1144263285715537, 'patch_size': 0.2, 'side': 'right', 'stabilize_anchor': False}, {'x_offset': 1.7660186463264442, 'y_offset': -0.3734900264142933, 'z_offset': 1.4603103974586689, 'patch_size': 0.2, 'side': 'left', 'stabilize_anchor': False}]"
1,4,20,0.38961705565452576,0.10000000149011612,"[{'x_offset': 1.152795191179452, 'y_offset': 0.7482069766822916, 'z_offset': 0.7444554981445928, 'patch_size': 0.2, 'side': 'left', 'stabilize_anchor': False}, {'x_offset': 0.629796333600575, 'y_offset': 0.27929972585522755, 'z_offset': 1.1144263285715537, 'patch_size': 0.2, 'side': 'right', 'stabilize_anchor': False}, {'x_offset': 1.7660186463264442, 'y_offset': -0.3734900264142933, 'z_offset': 1.4603103974586689, 'patch_size': 0.2, 'side': 'left', 'stabilize_anchor': False}, {'x_offset': 2.079975045509191, 'y_offset': 0.21654161389872206, 'z_offset': 2.033984207036356, 'patch_size': 0.2, 'side': 'left', 'stabilize_anchor': False}]"
1,5,20,0.4014979600906372,0.0,"[{'x_offset': 1.152795191179452, 'y_offset': 0.7482069766822916, 'z_offset': 0.7444554981445928, 'patch_size': 0.2, 'side': 'left', 'stabilize_anchor': False}, {'x_offset': 0.629796333600575, 'y_offset': 0.27929972585522755, 'z_offset': 1.1144263285715537, 'patch_size': 0.2, 'side': 'right', 'stabilize_anchor': False}, {'x_offset': 1.7660186463264442, 'y_offset': -0.3734900264142933, 'z_offset': 1.4603103974586689, 'patch_size': 0.2, 'side': 'left', 'stabilize_anchor': False}, {'x_offset': 2.079975045509191, 'y_offset': 0.21654161389872206, 'z_offset': 2.033984207036356, 'patch_size': 0.2, 'side': 'left', 'stabilize_anchor': False}, {'x_offset': 1.0391202832992517, 'y_offset': -0.5084569708635185, 'z_offset': 1.9876920058564855, 'patch_size': 0.2, 'side': 'right', 'stabilize_anchor': False}]"
1,1,25,0.6507103443145752,0.10000000149011612,"[{'x_offset': 1.152795191179452, 'y_offset': 0.7482069766822916, 'z_offset': 0.7444554981445928, 'patch_size': 0.2, 'side': 'left', 'stabilize_anchor': False}]"
1,2,25,0.5094990730285645,0.10000000149011612,"[{'x_offset': 1.152795191179452, 'y_offset': 0.7482069766822916, 'z_offset': 0.7444554981445928, 'patch_size': 0.2, 'side': 'left', 'stabilize_anchor': False}, {'x_offset': 0.629796333600575, 'y_offset': 0.27929972585522755, 'z_offset': 1.1144263285715537, 'patch_size': 0.2, 'side': 'right', 'stabilize_anchor': False}]"
1,3,25,0.7080987691879272,0.10000000149011612,"[{'x_offset': 1.152795191179452, 'y_offset': 0.7482069766822916, 'z_offset': 0.7444554981445928, 'patch_size': 0.2, 'side': 'left', 'stabilize_anchor': False}, {'x_offset': 0.629796333600575, 'y_offset': 0.27929972585522755, 'z_offset': 1.1144263285715537, 'patch_size': 0.2, 'side': 'right', 'stabilize_anchor': False}, {'x_offset': 1.7660186463264442, 'y_offset': -0.3734900264142933, 'z_offset': 1.4603103974586689, 'patch_size': 0.2, 'side': 'left', 'stabilize_anchor': False}]"
1,4,25,0.6072204113006592,0.10000000149011612,"[{'x_offset': 1.152795191179452, 'y_offset': 0.7482069766822916, 'z_offset': 0.7444554981445928, 'patch_size': 0.2, 'side': 'left', 'stabilize_anchor': False}, {'x_offset': 0.629796333600575, 'y_offset': 0.27929972585522755, 'z_offset': 1.1144263285715537, 'patch_size': 0.2, 'side': 'right', 'stabilize_anchor': False}, {'x_offset': 1.7660186463264442, 'y_offset': -0.3734900264142933, 'z_offset': 1.4603103974586689, 'patch_size': 0.2, 'side': 'left', 'stabilize_anchor': False}, {'x_offset': 2.079975045509191, 'y_offset': 0.21654161389872206, 'z_offset': 2.033984207036356, 'patch_size': 0.2, 'side': 'left', 'stabilize_anchor': False}]"
1,5,25,0.5694499611854553,0.10000000149011612,"[{'x_offset': 1.152795191179452, 'y_offset': 0.7482069766822916, 'z_offset': 0.7444554981445928, 'patch_size': 0.2, 'side': 'left', 'stabilize_anchor': False}, {'x_offset': 0.629796333600575, 'y_offset': 0.27929972585522755, 'z_offset': 1.1144263285715537, 'patch_size': 0.2, 'side': 'right', 'stabilize_anchor': False}, {'x_offset': 1.7660186463264442, 'y_offset': -0.3734900264142933, 'z_offset': 1.4603103974586689, 'patch_size': 0.2, 'side': 'left', 'stabilize_anchor': False}, {'x_offset': 2.079975045509191, 'y_offset': 0.21654161389872206, 'z_offset': 2.033984207036356, 'patch_size': 0.2, 'side': 'left', 'stabilize_anchor': False}, {'x_offset': 1.0391202832992517, 'y_offset': -0.5084569708635185, 'z_offset': 1.9876920058564855, 'patch_size': 0.2, 'side': 'right', 'stabilize_anchor': False}]"
1,1,30,0.38171401619911194,0.0,"[{'x_offset': 1.152795191179452, 'y_offset': 0.7482069766822916, 'z_offset': 0.7444554981445928, 'patch_size': 0.2, 'side': 'left', 'stabilize_anchor': False}]"
1,2,30,0.38439249992370605,0.10000000149011612,"[{'x_offset': 1.152795191179452, 'y_offset': 0.7482069766822916, 'z_offset': 0.7444554981445928, 'patch_size': 0.2, 'side': 'left', 'stabilize_anchor': False}, {'x_offset': 0.629796333600575, 'y_offset': 0.27929972585522755, 'z_offset': 1.1144263285715537, 'patch_size': 0.2, 'side': 'right', 'stabilize_anchor': False}]"
1,3,30,0.49072182178497314,0.0,"[{'x_offset': 1.152795191179452, 'y_offset': 0.7482069766822916, 'z_offset': 0.7444554981445928, 'patch_size': 0.2, 'side': 'left', 'stabilize_anchor': False}, {'x_offset': 0.629796333600575, 'y_offset': 0.27929972585522755, 'z_offset': 1.1144263285715537, 'patch_size': 0.2, 'side': 'right', 'stabilize_anchor': False}, {'x_offset': 1.7660186463264442, 'y_offset': -0.3734900264142933, 'z_offset': 1.4603103974586689, 'patch_size': 0.2, 'side': 'left', 'stabilize_anchor': False}]"
1,4,30,0.6096068024635315,0.0,"[{'x_offset': 1.152795191179452, 'y_offset': 0.7482069766822916, 'z_offset': 0.7444554981445928, 'patch_size': 0.2, 'side': 'left', 'stabilize_anchor': False}, {'x_offset': 0.629796333600575, 'y_offset': 0.27929972585522755, 'z_offset': 1.1144263285715537, 'patch_size': 0.2, 'side': 'right', 'stabilize_anchor': False}, {'x_offset': 1.7660186463264442, 'y_offset': -0.3734900264142933, 'z_offset': 1.4603103974586689, 'patch_size': 0.2, 'side': 'left', 'stabilize_anchor': False}, {'x_offset': 2.079975045509191, 'y_offset': 0.21654161389872206, 'z_offset': 2.033984207036356, 'patch_size': 0.2, 'side': 'left', 'stabilize_anchor': False}]"
1,5,30,0.6108844876289368,0.0,"[{'x_offset': 1.152795191179452, 'y_offset': 0.7482069766822916, 'z_offset': 0.7444554981445928, 'patch_size': 0.2, 'side': 'left', 'stabilize_anchor': False}, {'x_offset': 0.629796333600575, 'y_offset': 0.27929972585522755, 'z_offset': 1.1144263285715537, 'patch_size': 0.2, 'side': 'right', 'stabilize_anchor': False}, {'x_offset': 1.7660186463264442, 'y_offset': -0.3734900264142933, 'z_offset': 1.4603103974586689, 'patch_size': 0.2, 'side': 'left', 'stabilize_anchor': False}, {'x_offset': 2.079975045509191, 'y_offset': 0.21654161389872206, 'z_offset': 2.033984207036356, 'patch_size': 0.2, 'side': 'left', 'stabilize_anchor': False}, {'x_offset': 1.0391202832992517, 'y_offset': -0.5084569708635185, 'z_offset': 1.9876920058564855, 'patch_size': 0.2, 'side': 'right', 'stabilize_anchor': False}]"
2,1,5,0.6776244044303894,0.0,"[{'x_offset': 0.9009582399131331, 'y_offset': 0.46344845898851794, 'z_offset': 0.6915626180461147, 'patch_size': 0.2, 'side': 'right', 'stabilize_anchor': False}]"
2,2,5,0.7055389285087585,0.10000000149011612,"[{'x_offset': 0.9009582399131331, 'y_offset': 0.46344845898851794, 'z_offset': 0.6915626180461147, 'patch_size': 0.2, 'side': 'right', 'stabilize_anchor': False}, {'x_offset': 1.0316926092286813, 'y_offset': 0.8725444091321963, 'z_offset': 0.7964519565856313, 'patch_size': 0.2, 'side': 'left', 'stabilize_anchor': False}]"
2,3,5,0.7293946743011475,0.0,"[{'x_offset': 0.9009582399131331, 'y_offset': 0.46344845898851794, 'z_offset': 0.6915626180461147, 'patch_size': 0.2, 'side': 'right', 'stabilize_anchor': False}, {'x_offset': 1.0316926092286813, 'y_offset': 0.8725444091321963, 'z_offset': 0.7964519565856313, 'patch_size': 0.2, 'side': 'left', 'stabilize_anchor': False}, {'x_offset': -0.06816824687171175, 'y_offset': 0.18480139472976675, 'z_offset': 1.957590052895307, 'patch_size': 0.2, 'side': 'left', 'stabilize_anchor': False}]"
2,4,5,0.7052279710769653,0.10000000149011612,"[{'x_offset': 0.9009582399131331, 'y_offset': 0.46344845898851794, 'z_offset': 0.6915626180461147, 'patch_size': 0.2, 'side': 'right', 'stabilize_anchor': False}, {'x_offset': 1.0316926092286813, 'y_offset': 0.8725444091321963, 'z_offset': 0.7964519565856313, 'patch_size': 0.2, 'side': 'left', 'stabilize_anchor': False}, {'x_offset': -0.06816824687171175, 'y_offset': 0.18480139472976675, 'z_offset': 1.957590052895307, 'patch_size': 0.2, 'side': 'left', 'stabilize_anchor': False}, {'x_offset': 0.11790515550811032, 'y_offset': 0.9423842554136614, 'z_offset': 2.071042993877253, 'patch_size': 0.2, 'side': 'right', 'stabilize_anchor': False}]"
2,5,5,0.7308245897293091,0.0,"[{'x_offset': 0.9009582399131331, 'y_offset': 0.46344845898851794, 'z_offset': 0.6915626180461147, 'patch_size': 0.2, 'side': 'right', 'stabilize_anchor': False}, {'x_offset': 1.0316926092286813, 'y_offset': 0.8725444091321963, 'z_offset': 0.7964519565856313, 'patch_size': 0.2, 'side': 'left', 'stabilize_anchor': False}, {'x_offset': -0.06816824687171175, 'y_offset': 0.18480139472976675, 'z_offset': 1.957590052895307, 'patch_size': 0.2, 'side': 'left', 'stabilize_anchor': False}, {'x_offset': 0.11790515550811032, 'y_offset': 0.9423842554136614, 'z_offset': 2.071042993877253, 'patch_size': 0.2, 'side': 'right', 'stabilize_anchor': False}, {'x_offset': -0.08592546250718669, 'y_offset': -0.17459339714014055, 'z_offset': 0.24704157062094906, 'patch_size': 0.2, 'side': 'right', 'stabilize_anchor': False}]"
2,1,10,0.7055920958518982,0.0,"[{'x_offset': 0.9009582399131331, 'y_offset': 0.46344845898851794, 'z_offset': 0.6915626180461147, 'patch_size': 0.2, 'side': 'right', 'stabilize_anchor': False}]"
2,2,10,0.6878065466880798,0.0,"[{'x_offset': 0.9009582399131331, 'y_offset': 0.46344845898851794, 'z_offset': 0.6915626180461147, 'patch_size': 0.2, 'side': 'right', 'stabilize_anchor': False}, {'x_offset': 1.0316926092286813, 'y_offset': 0.8725444091321963, 'z_offset': 0.7964519565856313, 'patch_size': 0.2, 'side': 'left', 'stabilize_anchor': False}]"
2,3,10,0.6809707880020142,0.0,"[{'x_offset': 0.9009582399131331, 'y_offset': 0.46344845898851794, 'z_offset': 0.6915626180461147, 'patch_size': 0.2, 'side': 'right', 'stabilize_anchor': False}, {'x_offset': 1.0316926092286813, 'y_offset': 0.8725444091321963, 'z_offset': 0.7964519565856313, 'patch_size': 0.2, 'side': 'left', 'stabilize_anchor': False}, {'x_offset': -0.06816824687171175, 'y_offset': 0.18480139472976675, 'z_offset': 1.957590052895307, 'patch_size': 0.2, 'side': 'left', 'stabilize_anchor': False}]"
2,4,10,0.6919188499450684,0.0,"[{'x_offset': 0.9009582399131331, 'y_offset': 0.46344845898851794, 'z_offset': 0.6915626180461147, 'patch_size': 0.2, 'side': 'right', 'stabilize_anchor': False}, {'x_offset': 1.0316926092286813, 'y_offset': 0.8725444091321963, 'z_offset': 0.7964519565856313, 'patch_size': 0.2, 'side': 'left', 'stabilize_anchor': False}, {'x_offset': -0.06816824687171175, 'y_offset': 0.18480139472976675, 'z_offset': 1.957590052895307, 'patch_size': 0.2, 'side': 'left', 'stabilize_anchor': False}, {'x_offset': 0.11790515550811032, 'y_offset': 0.9423842554136614, 'z_offset': 2.071042993877253, 'patch_size': 0.2, 'side': 'right', 'stabilize_anchor': False}]"
2,5,10,0.6189236640930176,0.0,"[{'x_offset': 0.9009582399131331, 'y_offset': 0.46344845898851794, 'z_offset': 0.6915626180461147, 'patch_size': 0.2, 'side': 'right', 'stabilize_anchor': False}, {'x_offset': 1.0316926092286813, 'y_offset': 0.8725444091321963, 'z_offset': 0.7964519565856313, 'patch_size': 0.2, 'side': 'left', 'stabilize_anchor': False}, {'x_offset': -0.06816824687171175, 'y_offset': 0.18480139472976675, 'z_offset': 1.957590052895307, 'patch_size': 0.2, 'side': 'left', 'stabilize_anchor': False}, {'x_offset': 0.11790515550811032, 'y_offset': 0.9423842554136614, 'z_offset': 2.071042993877253, 'patch_size': 0.2, 'side': 'right', 'stabilize_anchor': False}, {'x_offset': -0.08592546250718669, 'y_offset': -0.17459339714014055, 'z_offset': 0.24704157062094906, 'patch_size': 0.2, 'side': 'right', 'stabilize_anchor': False}]"
2,1,15,0.6313584446907043,0.0,"[{'x_offset': 0.9009582399131331, 'y_offset': 0.46344845898851794, 'z_offset': 0.6915626180461147, 'patch_size': 0.2, 'side': 'right', 'stabilize_anchor': False}]"
2,2,15,0.670071542263031,0.10000000149011612,"[{'x_offset': 0.9009582399131331, 'y_offset': 0.46344845898851794, 'z_offset': 0.6915626180461147, 'patch_size': 0.2, 'side': 'right', 'stabilize_anchor': False}, {'x_offset': 1.0316926092286813, 'y_offset': 0.8725444091321963, 'z_offset': 0.7964519565856313, 'patch_size': 0.2, 'side': 'left', 'stabilize_anchor': False}]"
2,3,15,0.6307612061500549,0.0,"[{'x_offset': 0.9009582399131331, 'y_offset': 0.46344845898851794, 'z_offset': 0.6915626180461147, 'patch_size': 0.2, 'side': 'right', 'stabilize_anchor': False}, {'x_offset': 1.0316926092286813, 'y_offset': 0.8725444091321963, 'z_offset': 0.7964519565856313, 'patch_size': 0.2, 'side': 'left', 'stabilize_anchor': False}, {'x_offset': -0.06816824687171175, 'y_offset': 0.18480139472976675, 'z_offset': 1.957590052895307, 'patch_size': 0.2, 'side': 'left', 'stabilize_anchor': False}]"
2,4,15,0.5822588205337524,0.0,"[{'x_offset': 0.9009582399131331, 'y_offset': 0.46344845898851794, 'z_offset': 0.6915626180461147, 'patch_size': 0.2, 'side': 'right', 'stabilize_anchor': False}, {'x_offset': 1.0316926092286813, 'y_offset': 0.8725444091321963, 'z_offset': 0.7964519565856313, 'patch_size': 0.2, 'side': 'left', 'stabilize_anchor': False}, {'x_offset': -0.06816824687171175, 'y_offset': 0.18480139472976675, 'z_offset': 1.957590052895307, 'patch_size': 0.2, 'side': 'left', 'stabilize_anchor': False}, {'x_offset': 0.11790515550811032, 'y_offset': 0.9423842554136614, 'z_offset': 2.071042993877253, 'patch_size': 0.2, 'side': 'right', 'stabilize_anchor': False}]"
2,5,15,0.6355463266372681,0.0,"[{'x_offset': 0.9009582399131331, 'y_offset': 0.46344845898851794, 'z_offset': 0.6915626180461147, 'patch_size': 0.2, 'side': 'right', 'stabilize_anchor': False}, {'x_offset': 1.0316926092286813, 'y_offset': 0.8725444091321963, 'z_offset': 0.7964519565856313, 'patch_size': 0.2, 'side': 'left', 'stabilize_anchor': False}, {'x_offset': -0.06816824687171175, 'y_offset': 0.18480139472976675, 'z_offset': 1.957590052895307, 'patch_size': 0.2, 'side': 'left', 'stabilize_anchor': False}, {'x_offset': 0.11790515550811032, 'y_offset': 0.9423842554136614, 'z_offset': 2.071042993877253, 'patch_size': 0.2, 'side': 'right', 'stabilize_anchor': False}, {'x_offset': -0.08592546250718669, 'y_offset': -0.17459339714014055, 'z_offset': 0.24704157062094906, 'patch_size': 0.2, 'side': 'right', 'stabilize_anchor': False}]"
2,1,20,0.5952728986740112,0.0,"[{'x_offset': 0.9009582399131331, 'y_offset': 0.46344845898851794, 'z_offset': 0.6915626180461147, 'patch_size': 0.2, 'side': 'right', 'stabilize_anchor': False}]"
2,2,20,0.4311176538467407,0.10000000149011612,"[{'x_offset': 0.9009582399131331, 'y_offset': 0.46344845898851794, 'z_offset': 0.6915626180461147, 'patch_size': 0.2, 'side': 'right', 'stabilize_anchor': False}, {'x_offset': 1.0316926092286813, 'y_offset': 0.8725444091321963, 'z_offset': 0.7964519565856313, 'patch_size': 0.2, 'side': 'left', 'stabilize_anchor': False}]"
2,3,20,0.0,0.10000000149011612,"[{'x_offset': 0.9009582399131331, 'y_offset': 0.46344845898851794, 'z_offset': 0.6915626180461147, 'patch_size': 0.2, 'side': 'right', 'stabilize_anchor': False}, {'x_offset': 1.0316926092286813, 'y_offset': 0.8725444091321963, 'z_offset': 0.7964519565856313, 'patch_size': 0.2, 'side': 'left', 'stabilize_anchor': False}, {'x_offset': -0.06816824687171175, 'y_offset': 0.18480139472976675, 'z_offset': 1.957590052895307, 'patch_size': 0.2, 'side': 'left', 'stabilize_anchor': False}]"
2,4,20,0.0,0.0,"[{'x_offset': 0.9009582399131331, 'y_offset': 0.46344845898851794, 'z_offset': 0.6915626180461147, 'patch_size': 0.2, 'side': 'right', 'stabilize_anchor': False}, {'x_offset': 1.0316926092286813, 'y_offset': 0.8725444091321963, 'z_offset': 0.7964519565856313, 'patch_size': 0.2, 'side': 'left', 'stabilize_anchor': False}, {'x_offset': -0.06816824687171175, 'y_offset': 0.18480139472976675, 'z_offset': 1.957590052895307, 'patch_size': 0.2, 'side': 'left', 'stabilize_anchor': False}, {'x_offset': 0.11790515550811032, 'y_offset': 0.9423842554136614, 'z_offset': 2.071042993877253, 'patch_size': 0.2, 'side': 'right', 'stabilize_anchor': False}]"
2,5,20,0.41820472478866577,0.0,"[{'x_offset': 0.9009582399131331, 'y_offset': 0.46344845898851794, 'z_offset': 0.6915626180461147, 'patch_size': 0.2, 'side': 'right', 'stabilize_anchor': False}, {'x_offset': 1.0316926092286813, 'y_offset': 0.8725444091321963, 'z_offset': 0.7964519565856313, 'patch_size': 0.2, 'side': 'left', 'stabilize_anchor': False}, {'x_offset': -0.06816824687171175, 'y_offset': 0.18480139472976675, 'z_offset': 1.957590052895307, 'patch_size': 0.2, 'side': 'left', 'stabilize_anchor': False}, {'x_offset': 0.11790515550811032, 'y_offset': 0.9423842554136614, 'z_offset': 2.071042993877253, 'patch_size': 0.2, 'side': 'right', 'stabilize_anchor': False}, {'x_offset': -0.08592546250718669, 'y_offset': -0.17459339714014055, 'z_offset': 0.24704157062094906, 'patch_size': 0.2, 'side': 'right', 'stabilize_anchor': False}]"
2,1,25,0.6549832224845886,0.0,"[{'x_offset': 0.9009582399131331, 'y_offset': 0.46344845898851794, 'z_offset': 0.6915626180461147, 'patch_size': 0.2, 'side': 'right', 'stabilize_anchor': False}]"
2,2,25,0.6360743045806885,0.10000000149011612,"[{'x_offset': 0.9009582399131331, 'y_offset': 0.46344845898851794, 'z_offset': 0.6915626180461147, 'patch_size': 0.2, 'side': 'right', 'stabilize_anchor': False}, {'x_offset': 1.0316926092286813, 'y_offset': 0.8725444091321963, 'z_offset': 0.7964519565856313, 'patch_size': 0.2, 'side': 'left', 'stabilize_anchor': False}]"
2,3,25,0.47206562757492065,0.0,"[{'x_offset': 0.9009582399131331, 'y_offset': 0.46344845898851794, 'z_offset': 0.6915626180461147, 'patch_size': 0.2, 'side': 'right', 'stabilize_anchor': False}, {'x_offset': 1.0316926092286813, 'y_offset': 0.8725444091321963, 'z_offset': 0.7964519565856313, 'patch_size': 0.2, 'side': 'left', 'stabilize_anchor': False}, {'x_offset': -0.06816824687171175, 'y_offset': 0.18480139472976675, 'z_offset': 1.957590052895307, 'patch_size': 0.2, 'side': 'left', 'stabilize_anchor': False}]"
2,4,25,0.5233086347579956,0.0,"[{'x_offset': 0.9009582399131331, 'y_offset': 0.46344845898851794, 'z_offset': 0.6915626180461147, 'patch_size': 0.2, 'side': 'right', 'stabilize_anchor': False}, {'x_offset': 1.0316926092286813, 'y_offset': 0.8725444091321963, 'z_offset': 0.7964519565856313, 'patch_size': 0.2, 'side': 'left', 'stabilize_anchor': False}, {'x_offset': -0.06816824687171175, 'y_offset': 0.18480139472976675, 'z_offset': 1.957590052895307, 'patch_size': 0.2, 'side': 'left', 'stabilize_anchor': False}, {'x_offset': 0.11790515550811032, 'y_offset': 0.9423842554136614, 'z_offset': 2.071042993877253, 'patch_size': 0.2, 'side': 'right', 'stabilize_anchor': False}]"
2,5,25,0.5574855804443359,0.0,"[{'x_offset': 0.9009582399131331, 'y_offset': 0.46344845898851794, 'z_offset': 0.6915626180461147, 'patch_size': 0.2, 'side': 'right', 'stabilize_anchor': False}, {'x_offset': 1.0316926092286813, 'y_offset': 0.8725444091321963, 'z_offset': 0.7964519565856313, 'patch_size': 0.2, 'side': 'left', 'stabilize_anchor': False}, {'x_offset': -0.06816824687171175, 'y_offset': 0.18480139472976675, 'z_offset': 1.957590052895307, 'patch_size': 0.2, 'side': 'left', 'stabilize_anchor': False}, {'x_offset': 0.11790515550811032, 'y_offset': 0.9423842554136614, 'z_offset': 2.071042993877253, 'patch_size': 0.2, 'side': 'right', 'stabilize_anchor': False}, {'x_offset': -0.08592546250718669, 'y_offset': -0.17459339714014055, 'z_offset': 0.24704157062094906, 'patch_size': 0.2, 'side': 'right', 'stabilize_anchor': False}]"
2,1,30,0.3964064419269562,0.0,"[{'x_offset': 0.9009582399131331, 'y_offset': 0.46344845898851794, 'z_offset': 0.6915626180461147, 'patch_size': 0.2, 'side': 'right', 'stabilize_anchor': False}]"
2,2,30,0.0,0.0,"[{'x_offset': 0.9009582399131331, 'y_offset': 0.46344845898851794, 'z_offset': 0.6915626180461147, 'patch_size': 0.2, 'side': 'right', 'stabilize_anchor': False}, {'x_offset': 1.0316926092286813, 'y_offset': 0.8725444091321963, 'z_offset': 0.7964519565856313, 'patch_size': 0.2, 'side': 'left', 'stabilize_anchor': False}]"
2,3,30,0.0,0.0,"[{'x_offset': 0.9009582399131331, 'y_offset': 0.46344845898851794, 'z_offset': 0.6915626180461147, 'patch_size': 0.2, 'side': 'right', 'stabilize_anchor': False}, {'x_offset': 1.0316926092286813, 'y_offset': 0.8725444091321963, 'z_offset': 0.7964519565856313, 'patch_size': 0.2, 'side': 'left', 'stabilize_anchor': False}, {'x_offset': -0.06816824687171175, 'y_offset': 0.18480139472976675, 'z_offset': 1.957590052895307, 'patch_size': 0.2, 'side': 'left', 'stabilize_anchor': False}]"
2,4,30,0.0,0.0,"[{'x_offset': 0.9009582399131331, 'y_offset': 0.46344845898851794, 'z_offset': 0.6915626180461147, 'patch_size': 0.2, 'side': 'right', 'stabilize_anchor': False}, {'x_offset': 1.0316926092286813, 'y_offset': 0.8725444091321963, 'z_offset': 0.7964519565856313, 'patch_size': 0.2, 'side': 'left', 'stabilize_anchor': False}, {'x_offset': -0.06816824687171175, 'y_offset': 0.18480139472976675, 'z_offset': 1.957590052895307, 'patch_size': 0.2, 'side': 'left', 'stabilize_anchor': False}, {'x_offset': 0.11790515550811032, 'y_offset': 0.9423842554136614, 'z_offset': 2.071042993877253, 'patch_size': 0.2, 'side': 'right', 'stabilize_anchor': False}]"
2,5,30,0.0,0.0,"[{'x_offset': 0.9009582399131331, 'y_offset': 0.46344845898851794, 'z_offset': 0.6915626180461147, 'patch_size': 0.2, 'side': 'right', 'stabilize_anchor': False}, {'x_offset': 1.0316926092286813, 'y_offset': 0.8725444091321963, 'z_offset': 0.7964519565856313, 'patch_size': 0.2, 'side': 'left', 'stabilize_anchor': False}, {'x_offset': -0.06816824687171175, 'y_offset': 0.18480139472976675, 'z_offset': 1.957590052895307, 'patch_size': 0.2, 'side': 'left', 'stabilize_anchor': False}, {'x_offset': 0.11790515550811032, 'y_offset': 0.9423842554136614, 'z_offset': 2.071042993877253, 'patch_size': 0.2, 'side': 'right', 'stabilize_anchor': False}, {'x_offset': -0.08592546250718669, 'y_offset': -0.17459339714014055, 'z_offset': 0.24704157062094906, 'patch_size': 0.2, 'side': 'right', 'stabilize_anchor': False}]"
3,1,5,0.6874824166297913,0.10000000149011612,"[{'x_offset': 0.4488322526094515, 'y_offset': 0.8156291805709432, 'z_offset': 1.2790846023282847, 'patch_size': 0.2, 'side': 'right', 'stabilize_anchor': False}]"
3,2,5,0.7183857560157776,0.10000000149011612,"[{'x_offset': 0.4488322526094515, 'y_offset': 0.8156291805709432, 'z_offset': 1.2790846023282847, 'patch_size': 0.2, 'side': 'right', 'stabilize_anchor': False}, {'x_offset': 1.1127516010761473, 'y_offset': 0.2912778929545593, 'z_offset': 0.3461460510949342, 'patch_size': 0.2, 'side': 'left', 'stabilize_anchor': False}]"
3,3,5,0.6789323091506958,0.0,"[{'x_offset': 0.4488322526094515, 'y_offset': 0.8156291805709432, 'z_offset': 1.2790846023282847, 'patch_size': 0.2, 'side': 'right', 'stabilize_anchor': False}, {'x_offset': 1.1127516010761473, 'y_offset': 0.2912778929545593, 'z_offset': 0.3461460510949342, 'patch_size': 0.2, 'side': 'left', 'stabilize_anchor': False}, {'x_offset': -0.45862653467747394, 'y_offset': -0.026617053083119457, 'z_offset': 0.3733762844508388, 'patch_size': 0.2, 'side': 'right', 'stabilize_anchor': False}]"
3,4,5,0.6943385601043701,0.0,"[{'x_offset': 0.4488322526094515, 'y_offset': 0.8156291805709432, 'z_offset': 1.2790846023282847, 'patch_size': 0.2, 'side': 'right', 'stabilize_anchor': False}, {'x_offset': 1.1127516010761473, 'y_offset': 0.2912778929545593, 'z_offset': 0.3461460510949342, 'patch_size': 0.2, 'side': 'left', 'stabilize_anchor': False}, {'x_offset': -0.45862653467747394, 'y_offset': -0.026617053083119457, 'z_offset': 0.3733762844508388, 'patch_size': 0.2, 'side': 'right', 'stabilize_anchor': False}, {'x_offset': 0.104887651374586, 'y_offset': -0.2, 'z_offset': 1.064792267503957, 'patch_size': 0.2, 'side': 'left', 'stabilize_anchor': False}]"
3,5,5,0.6817827224731445,0.10000000149011612,"[{'x_offset': 0.4488322526094515, 'y_offset': 0.8156291805709432, 'z_offset': 1.2790846023282847, 'patch_size': 0.2, 'side': 'right', 'stabilize_anchor': False}, {'x_offset': 1.1127516010761473, 'y_offset': 0.2912778929545593, 'z_offset': 0.3461460510949342, 'patch_size': 0.2, 'side': 'left', 'stabilize_anchor': False}, {'x_offset': -0.45862653467747394, 'y_offset': -0.026617053083119457, 'z_offset': 0.3733762844508388, 'patch_size': 0.2, 'side': 'right', 'stabilize_anchor': False}, {'x_offset': 0.104887651374586, 'y_offset': -0.2, 'z_offset': 1.064792267503957, 'patch_size': 0.2, 'side': 'left', 'stabilize_anchor': False}, {'x_offset': 1.3975209126115988, 'y_offset': 0.8502934413394989, 'z_offset': 1.580924973894294, 'patch_size': 0.2, 'side': 'left', 'stabilize_anchor': False}]"
3,1,10,0.7570874094963074,0.10000000149011612,"[{'x_offset': 0.4488322526094515, 'y_offset': 0.8156291805709432, 'z_offset': 1.2790846023282847, 'patch_size': 0.2, 'side': 'right', 'stabilize_anchor': False}]"
3,2,10,0.7473368048667908,0.0,"[{'x_offset': 0.4488322526094515, 'y_offset': 0.8156291805709432, 'z_offset': 1.2790846023282847, 'patch_size': 0.2, 'side': 'right', 'stabilize_anchor': False}, {'x_offset': 1.1127516010761473, 'y_offset': 0.2912778929545593, 'z_offset': 0.3461460510949342, 'patch_size': 0.2, 'side': 'left', 'stabilize_anchor': False}]"
3,3,10,0.7271006107330322,0.0,"[{'x_offset': 0.4488322526094515, 'y_offset': 0.8156291805709432, 'z_offset': 1.2790846023282847, 'patch_size': 0.2, 'side': 'right', 'stabilize_anchor': False}, {'x_offset': 1.1127516010761473, 'y_offset': 0.2912778929545593, 'z_offset': 0.3461460510949342, 'patch_size': 0.2, 'side': 'left', 'stabilize_anchor': False}, {'x_offset': -0.45862653467747394, 'y_offset': -0.026617053083119457, 'z_offset': 0.3733762844508388, 'patch_size': 0.2, 'side': 'right', 'stabilize_anchor': False}]"
3,4,10,0.7601453065872192,0.0,"[{'x_offset': 0.4488322526094515, 'y_offset': 0.8156291805709432, 'z_offset': 1.2790846023282847, 'patch_size': 0.2, 'side': 'right', 'stabilize_anchor': False}, {'x_offset': 1.1127516010761473, 'y_offset': 0.2912778929545593, 'z_offset': 0.3461460510949342, 'patch_size': 0.2, 'side': 'left', 'stabilize_anchor': False}, {'x_offset': -0.45862653467747394, 'y_offset': -0.026617053083119457, 'z_offset': 0.3733762844508388, 'patch_size': 0.2, 'side': 'right', 'stabilize_anchor': False}, {'x_offset': 0.104887651374586, 'y_offset': -0.2, 'z_offset': 1.064792267503957, 'patch_size': 0.2, 'side': 'left', 'stabilize_anchor': False}]"
3,5,10,0.7302151322364807,0.0,"[{'x_offset': 0.4488322526094515, 'y_offset': 0.8156291805709432, 'z_offset': 1.2790846023282847, 'patch_size': 0.2, 'side': 'right', 'stabilize_anchor': False}, {'x_offset': 1.1127516010761473, 'y_offset': 0.2912778929545593, 'z_offset': 0.3461460510949342, 'patch_size': 0.2, 'side': 'left', 'stabilize_anchor': False}, {'x_offset': -0.45862653467747394, 'y_offset': -0.026617053083119457, 'z_offset': 0.3733762844508388, 'patch_size': 0.2, 'side': 'right', 'stabilize_anchor': False}, {'x_offset': 0.104887651374586, 'y_offset': -0.2, 'z_offset': 1.064792267503957, 'patch_size': 0.2, 'side': 'left', 'stabilize_anchor': False}, {'x_offset': 1.3975209126115988, 'y_offset': 0.8502934413394989, 'z_offset': 1.580924973894294, 'patch_size': 0.2, 'side': 'left', 'stabilize_anchor': False}]"
3,1,15,0.545994758605957,0.10000000149011612,"[{'x_offset': 0.4488322526094515, 'y_offset': 0.8156291805709432, 'z_offset': 1.2790846023282847, 'patch_size': 0.2, 'side': 'right', 'stabilize_anchor': False}]"
3,2,15,0.5219357013702393,0.0,"[{'x_offset': 0.4488322526094515, 'y_offset': 0.8156291805709432, 'z_offset': 1.2790846023282847, 'patch_size': 0.2, 'side': 'right', 'stabilize_anchor': False}, {'x_offset': 1.1127516010761473, 'y_offset': 0.2912778929545593, 'z_offset': 0.3461460510949342, 'patch_size': 0.2, 'side': 'left', 'stabilize_anchor': False}]"
3,3,15,0.5366297960281372,0.10000000149011612,"[{'x_offset': 0.4488322526094515, 'y_offset': 0.8156291805709432, 'z_offset': 1.2790846023282847, 'patch_size': 0.2, 'side': 'right', 'stabilize_anchor': False}, {'x_offset': 1.1127516010761473, 'y_offset': 0.2912778929545593, 'z_offset': 0.3461460510949342, 'patch_size': 0.2, 'side': 'left', 'stabilize_anchor': False}, {'x_offset': -0.45862653467747394, 'y_offset': -0.026617053083119457, 'z_offset': 0.3733762844508388, 'patch_size': 0.2, 'side': 'right', 'stabilize_anchor': False}]"
3,4,15,0.5275928974151611,0.0,"[{'x_offset': 0.4488322526094515, 'y_offset': 0.8156291805709432, 'z_offset': 1.2790846023282847, 'patch_size': 0.2, 'side': 'right', 'stabilize_anchor': False}, {'x_offset': 1.1127516010761473, 'y_offset': 0.2912778929545593, 'z_offset': 0.3461460510949342, 'patch_size': 0.2, 'side': 'left', 'stabilize_anchor': False}, {'x_offset': -0.45862653467747394, 'y_offset': -0.026617053083119457, 'z_offset': 0.3733762844508388, 'patch_size': 0.2, 'side': 'right', 'stabilize_anchor': False}, {'x_offset': 0.104887651374586, 'y_offset': -0.2, 'z_offset': 1.064792267503957, 'patch_size': 0.2, 'side': 'left', 'stabilize_anchor': False}]"
3,5,15,0.5661971569061279,0.0,"[{'x_offset': 0.4488322526094515, 'y_offset': 0.8156291805709432, 'z_offset': 1.2790846023282847, 'patch_size': 0.2, 'side': 'right', 'stabilize_anchor': False}, {'x_offset': 1.1127516010761473, 'y_offset': 0.2912778929545593, 'z_offset': 0.3461460510949342, 'patch_size': 0.2, 'side': 'left', 'stabilize_anchor': False}, {'x_offset': -0.45862653467747394, 'y_offset': -0.026617053083119457, 'z_offset': 0.3733762844508388, 'patch_size': 0.2, 'side': 'right', 'stabilize_anchor': False}, {'x_offset': 0.104887651374586, 'y_offset': -0.2, 'z_offset': 1.064792267503957, 'patch_size': 0.2, 'side': 'left', 'stabilize_anchor': False}, {'x_offset': 1.3975209126115988, 'y_offset': 0.8502934413394989, 'z_offset': 1.580924973894294, 'patch_size': 0.2, 'side': 'left', 'stabilize_anchor': False}]"
3,1,20,0.5285452008247375,0.10000000149011612,"[{'x_offset': 0.4488322526094515, 'y_offset': 0.8156291805709432, 'z_offset': 1.2790846023282847, 'patch_size': 0.2, 'side': 'right', 'stabilize_anchor': False}]"
3,2,20,0.506794273853302,0.10000000149011612,"[{'x_offset': 0.4488322526094515, 'y_offset': 0.8156291805709432, 'z_offset': 1.2790846023282847, 'patch_size': 0.2, 'side': 'right', 'stabilize_anchor': False}, {'x_offset': 1.1127516010761473, 'y_offset': 0.2912778929545593, 'z_offset': 0.3461460510949342, 'patch_size': 0.2, 'side': 'left', 'stabilize_anchor': False}]"
3,3,20,0.415360689163208,0.10000000149011612,"[{'x_offset': 0.4488322526094515, 'y_offset': 0.8156291805709432, 'z_offset': 1.2790846023282847, 'patch_size': 0.2, 'side': 'right', 'stabilize_anchor': False}, {'x_offset': 1.1127516010761473, 'y_offset': 0.2912778929545593, 'z_offset': 0.3461460510949342, 'patch_size': 0.2, 'side': 'left', 'stabilize_anchor': False}, {'x_offset': -0.45862653467747394, 'y_offset': -0.026617053083119457, 'z_offset': 0.3733762844508388, 'patch_size': 0.2, 'side': 'right', 'stabilize_anchor': False}]"
3,4,20,0.4395524859428406,0.10000000149011612,"[{'x_offset': 0.4488322526094515, 'y_offset': 0.8156291805709432, 'z_offset': 1.2790846023282847, 'patch_size': 0.2, 'side': 'right', 'stabilize_anchor': False}, {'x_offset': 1.1127516010761473, 'y_offset': 0.2912778929545593, 'z_offset': 0.3461460510949342, 'patch_size': 0.2, 'side': 'left', 'stabilize_anchor': False}, {'x_offset': -0.45862653467747394, 'y_offset': -0.026617053083119457, 'z_offset': 0.3733762844508388, 'patch_size': 0.2, 'side': 'right', 'stabilize_anchor': False}, {'x_offset': 0.104887651374586, 'y_offset': -0.2, 'z_offset': 1.064792267503957, 'patch_size': 0.2, 'side': 'left', 'stabilize_anchor': False}]"
3,5,20,0.40484631061553955,0.10000000149011612,"[{'x_offset': 0.4488322526094515, 'y_offset': 0.8156291805709432, 'z_offset': 1.2790846023282847, 'patch_size': 0.2, 'side': 'right', 'stabilize_anchor': False}, {'x_offset': 1.1127516010761473, 'y_offset': 0.2912778929545593, 'z_offset': 0.3461460510949342, 'patch_size': 0.2, 'side': 'left', 'stabilize_anchor': False}, {'x_offset': -0.45862653467747394, 'y_offset': -0.026617053083119457, 'z_offset': 0.3733762844508388, 'patch_size': 0.2, 'side': 'right', 'stabilize_anchor': False}, {'x_offset': 0.104887651374586, 'y_offset': -0.2, 'z_offset': 1.064792267503957, 'patch_size': 0.2, 'side': 'left', 'stabilize_anchor': False}, {'x_offset': 1.3975209126115988, 'y_offset': 0.8502934413394989, 'z_offset': 1.580924973894294, 'patch_size': 0.2, 'side': 'left', 'stabilize_anchor': False}]"
3,1,25,0.665066123008728,0.10000000149011612,"[{'x_offset': 0.4488322526094515, 'y_offset': 0.8156291805709432, 'z_offset': 1.2790846023282847, 'patch_size': 0.2, 'side': 'right', 'stabilize_anchor': False}]"
3,2,25,0.6141689419746399,0.10000000149011612,"[{'x_offset': 0.4488322526094515, 'y_offset': 0.8156291805709432, 'z_offset': 1.2790846023282847, 'patch_size': 0.2, 'side': 'right', 'stabilize_anchor': False}, {'x_offset': 1.1127516010761473, 'y_offset': 0.2912778929545593, 'z_offset': 0.3461460510949342, 'patch_size': 0.2, 'side': 'left', 'stabilize_anchor': False}]"
3,3,25,0.5162151455879211,0.10000000149011612,"[{'x_offset': 0.4488322526094515, 'y_offset': 0.8156291805709432, 'z_offset': 1.2790846023282847, 'patch_size': 0.2, 'side': 'right', 'stabilize_anchor': False}, {'x_offset': 1.1127516010761473, 'y_offset': 0.2912778929545593, 'z_offset': 0.3461460510949342, 'patch_size': 0.2, 'side': 'left', 'stabilize_anchor': False}, {'x_offset': -0.45862653467747394, 'y_offset': -0.026617053083119457, 'z_offset': 0.3733762844508388, 'patch_size': 0.2, 'side': 'right', 'stabilize_anchor': False}]"
3,4,25,0.7141720056533813,0.10000000149011612,"[{'x_offset': 0.4488322526094515, 'y_offset': 0.8156291805709432, 'z_offset': 1.2790846023282847, 'patch_size': 0.2, 'side': 'right', 'stabilize_anchor': False}, {'x_offset': 1.1127516010761473, 'y_offset': 0.2912778929545593, 'z_offset': 0.3461460510949342, 'patch_size': 0.2, 'side': 'left', 'stabilize_anchor': False}, {'x_offset': -0.45862653467747394, 'y_offset': -0.026617053083119457, 'z_offset': 0.3733762844508388, 'patch_size': 0.2, 'side': 'right', 'stabilize_anchor': False}, {'x_offset': 0.104887651374586, 'y_offset': -0.2, 'z_offset': 1.064792267503957, 'patch_size': 0.2, 'side': 'left', 'stabilize_anchor': False}]"
3,5,25,0.7122770547866821,0.10000000149011612,"[{'x_offset': 0.4488322526094515, 'y_offset': 0.8156291805709432, 'z_offset': 1.2790846023282847, 'patch_size': 0.2, 'side': 'right', 'stabilize_anchor': False}, {'x_offset': 1.1127516010761473, 'y_offset': 0.2912778929545593, 'z_offset': 0.3461460510949342, 'patch_size': 0.2, 'side': 'left', 'stabilize_anchor': False}, {'x_offset': -0.45862653467747394, 'y_offset': -0.026617053083119457, 'z_offset': 0.3733762844508388, 'patch_size': 0.2, 'side': 'right', 'stabilize_anchor': False}, {'x_offset': 0.104887651374586, 'y_offset': -0.2, 'z_offset': 1.064792267503957, 'patch_size': 0.2, 'side': 'left', 'stabilize_anchor': False}, {'x_offset': 1.3975209126115988, 'y_offset': 0.8502934413394989, 'z_offset': 1.580924973894294, 'patch_size': 0.2, 'side': 'left', 'stabilize_anchor': False}]"
3,1,30,0.4460994303226471,0.10000000149011612,"[{'x_offset': 0.4488322526094515, 'y_offset': 0.8156291805709432, 'z_offset': 1.2790846023282847, 'patch_size': 0.2, 'side': 'right', 'stabilize_anchor': False}]"
3,2,30,0.4015262722969055,0.10000000149011612,"[{'x_offset': 0.4488322526094515, 'y_offset': 0.8156291805709432, 'z_offset': 1.2790846023282847, 'patch_size': 0.2, 'side': 'right', 'stabilize_anchor': False}, {'x_offset': 1.1127516010761473, 'y_offset': 0.2912778929545593, 'z_offset': 0.3461460510949342, 'patch_size': 0.2, 'side': 'left', 'stabilize_anchor': False}]"
3,3,30,0.41669031977653503,0.10000000149011612,"[{'x_offset': 0.4488322526094515, 'y_offset': 0.8156291805709432, 'z_offset': 1.2790846023282847, 'patch_size': 0.2, 'side': 'right', 'stabilize_anchor': False}, {'x_offset': 1.1127516010761473, 'y_offset': 0.2912778929545593, 'z_offset': 0.3461460510949342, 'patch_size': 0.2, 'side': 'left', 'stabilize_anchor': False}, {'x_offset': -0.45862653467747394, 'y_offset': -0.026617053083119457, 'z_offset': 0.3733762844508388, 'patch_size': 0.2, 'side': 'right', 'stabilize_anchor': False}]"
3,4,30,0.38716375827789307,0.0,"[{'x_offset': 0.4488322526094515, 'y_offset': 0.8156291805709432, 'z_offset': 1.2790846023282847, 'patch_size': 0.2, 'side': 'right', 'stabilize_anchor': False}, {'x_offset': 1.1127516010761473, 'y_offset': 0.2912778929545593, 'z_offset': 0.3461460510949342, 'patch_size': 0.2, 'side': 'left', 'stabilize_anchor': False}, {'x_offset': -0.45862653467747394, 'y_offset': -0.026617053083119457, 'z_offset': 0.3733762844508388, 'patch_size': 0.2, 'side': 'right', 'stabilize_anchor': False}, {'x_offset': 0.104887651374586, 'y_offset': -0.2, 'z_offset': 1.064792267503957, 'patch_size': 0.2, 'side': 'left', 'stabilize_anchor': False}]"
3,5,30,0.3569052517414093,0.10000000149011612,"[{'x_offset': 0.4488322526094515, 'y_offset': 0.8156291805709432, 'z_offset': 1.2790846023282847, 'patch_size': 0.2, 'side': 'right', 'stabilize_anchor': False}, {'x_offset': 1.1127516010761473, 'y_offset': 0.2912778929545593, 'z_offset': 0.3461460510949342, 'patch_size': 0.2, 'side': 'left', 'stabilize_anchor': False}, {'x_offset': -0.45862653467747394, 'y_offset': -0.026617053083119457, 'z_offset': 0.3733762844508388, 'patch_size': 0.2, 'side': 'right', 'stabilize_anchor': False}, {'x_offset': 0.104887651374586, 'y_offset': -0.2, 'z_offset': 1.064792267503957, 'patch_size': 0.2, 'side': 'left', 'stabilize_anchor': False}, {'x_offset': 1.3975209126115988, 'y_offset': 0.8502934413394989, 'z_offset': 1.580924973894294, 'patch_size': 0.2, 'side': 'left', 'stabilize_anchor': False}]"
4,1,5,0.6749330759048462,0.0,"[{'x_offset': 0.40855333329081844, 'y_offset': -0.2, 'z_offset': 1.4019753158986148, 'patch_size': 0.2, 'side': 'left', 'stabilize_anchor': False}]"
4,2,5,0.7097578048706055,0.0,"[{'x_offset': 0.40855333329081844, 'y_offset': -0.2, 'z_offset': 1.4019753158986148, 'patch_size': 0.2, 'side': 'left', 'stabilize_anchor': False}, {'x_offset': 1.1859073124581325, 'y_offset': 0.42043408139598015, 'z_offset': 0.9907912939272681, 'patch_size': 0.2, 'side': 'right', 'stabilize_anchor': False}]"
4,3,5,0.6593025326728821,0.0,"[{'x_offset': 0.40855333329081844, 'y_offset': -0.2, 'z_offset': 1.4019753158986148, 'patch_size': 0.2, 'side': 'left', 'stabilize_anchor': False}, {'x_offset': 1.1859073124581325, 'y_offset': 0.42043408139598015, 'z_offset': 0.9907912939272681, 'patch_size': 0.2, 'side': 'right', 'stabilize_anchor': False}, {'x_offset': 1.9895832895201608, 'y_offset': 0.5156021616012647, 'z_offset': 0.285620454158541, 'patch_size': 0.2, 'side': 'left', 'stabilize_anchor': False}]"
4,4,5,0.7086842060089111,0.0,"[{'x_offset': 0.40855333329081844, 'y_offset': -0.2, 'z_offset': 1.4019753158986148, 'patch_size': 0.2, 'side': 'left', 'stabilize_anchor': False}, {'x_offset': 1.1859073124581325, 'y_offset': 0.42043408139598015, 'z_offset': 0.9907912939272681, 'patch_size': 0.2, 'side': 'right', 'stabilize_anchor': False}, {'x_offset': 1.9895832895201608, 'y_offset': 0.5156021616012647, 'z_offset': 0.285620454158541, 'patch_size': 0.2, 'side': 'left', 'stabilize_anchor': False}, {'x_offset': 1.6256493805321686, 'y_offset': -0.23390582924461423, 'z_offset': 1.4805338900393463, 'patch_size': 0.2, 'side': 'right', 'stabilize_anchor': False}]"
4,5,5,0.6125775575637817,0.0,"[{'x_offset': 0.40855333329081844, 'y_offset': -0.2, 'z_offset': 1.4019753158986148, 'patch_size': 0.2, 'side': 'left', 'stabilize_anchor': False}, {'x_offset': 1.1859073124581325, 'y_offset': 0.42043408139598015, 'z_offset': 0.9907912939272681, 'patch_size': 0.2, 'side': 'right', 'stabilize_anchor': False}, {'x_offset': 1.9895832895201608, 'y_offset': 0.5156021616012647, 'z_offset': 0.285620454158541, 'patch_size': 0.2, 'side': 'left', 'stabilize_anchor': False}, {'x_offset': 1.6256493805321686, 'y_offset': -0.23390582924461423, 'z_offset': 1.4805338900393463, 'patch_size': 0.2, 'side': 'right', 'stabilize_anchor': False}, {'x_offset': -0.27532027971784023, 'y_offset': -0.6675770844255765, 'z_offset': 0.6969154565336088, 'patch_size': 0.2, 'side': 'left', 'stabilize_anchor': False}]"
4,1,10,0.738426148891449,0.0,"[{'x_offset': 0.40855333329081844, 'y_offset': -0.2, 'z_offset': 1.4019753158986148, 'patch_size': 0.2, 'side': 'left', 'stabilize_anchor': False}]"
4,2,10,0.6707754731178284,0.0,"[{'x_offset': 0.40855333329081844, 'y_offset': -0.2, 'z_offset': 1.4019753158986148, 'patch_size': 0.2, 'side': 'left', 'stabilize_anchor': False}, {'x_offset': 1.1859073124581325, 'y_offset': 0.42043408139598015, 'z_offset': 0.9907912939272681, 'patch_size': 0.2, 'side': 'right', 'stabilize_anchor': False}]"
4,3,10,0.6345563530921936,0.0,"[{'x_offset': 0.40855333329081844, 'y_offset': -0.2, 'z_offset': 1.4019753158986148, 'patch_size': 0.2, 'side': 'left', 'stabilize_anchor': False}, {'x_offset': 1.1859073124581325, 'y_offset': 0.42043408139598015, 'z_offset': 0.9907912939272681, 'patch_size': 0.2, 'side': 'right', 'stabilize_anchor': False}, {'x_offset': 1.9895832895201608, 'y_offset': 0.5156021616012647, 'z_offset': 0.285620454158541, 'patch_size': 0.2, 'side': 'left', 'stabilize_anchor': False}]"
4,4,10,0.7087119221687317,0.0,"[{'x_offset': 0.40855333329081844, 'y_offset': -0.2, 'z_offset': 1.4019753158986148, 'patch_size': 0.2, 'side': 'left', 'stabilize_anchor': False}, {'x_offset': 1.1859073124581325, 'y_offset': 0.42043408139598015, 'z_offset': 0.9907912939272681, 'patch_size': 0.2, 'side': 'right', 'stabilize_anchor': False}, {'x_offset': 1.9895832895201608, 'y_offset': 0.5156021616012647, 'z_offset': 0.285620454158541, 'patch_size': 0.2, 'side': 'left', 'stabilize_anchor': False}, {'x_offset': 1.6256493805321686, 'y_offset': -0.23390582924461423, 'z_offset': 1.4805338900393463, 'patch_size': 0.2, 'side': 'right', 'stabilize_anchor': False}]"
4,5,10,0.6879447102546692,0.0,"[{'x_offset': 0.40855333329081844, 'y_offset': -0.2, 'z_offset': 1.4019753158986148, 'patch_size': 0.2, 'side': 'left', 'stabilize_anchor': False}, {'x_offset': 1.1859073124581325, 'y_offset': 0.42043408139598015, 'z_offset': 0.9907912939272681, 'patch_size': 0.2, 'side': 'right', 'stabilize_anchor': False}, {'x_offset': 1.9895832895201608, 'y_offset': 0.5156021616012647, 'z_offset': 0.285620454158541, 'patch_size': 0.2, 'side': 'left', 'stabilize_anchor': False}, {'x_offset': 1.6256493805321686, 'y_offset': -0.23390582924461423, 'z_offset': 1.4805338900393463, 'patch_size': 0.2, 'side': 'right', 'stabilize_anchor': False}, {'x_offset': -0.27532027971784023, 'y_offset': -0.6675770844255765, 'z_offset': 0.6969154565336088, 'patch_size': 0.2, 'side': 'left', 'stabilize_anchor': False}]"
4,1,15,0.5720094442367554,0.0,"[{'x_offset': 0.40855333329081844, 'y_offset': -0.2, 'z_offset': 1.4019753158986148, 'patch_size': 0.2, 'side': 'left', 'stabilize_anchor': False}]"
4,2,15,0.685382068157196,0.0,"[{'x_offset': 0.40855333329081844, 'y_offset': -0.2, 'z_offset': 1.4019753158986148, 'patch_size': 0.2, 'side': 'left', 'stabilize_anchor': False}, {'x_offset': 1.1859073124581325, 'y_offset': 0.42043408139598015, 'z_offset': 0.9907912939272681, 'patch_size': 0.2, 'side': 'right', 'stabilize_anchor': False}]"
4,3,15,0.6769312024116516,0.0,"[{'x_offset': 0.40855333329081844, 'y_offset': -0.2, 'z_offset': 1.4019753158986148, 'patch_size': 0.2, 'side': 'left', 'stabilize_anchor': False}, {'x_offset': 1.1859073124581325, 'y_offset': 0.42043408139598015, 'z_offset': 0.9907912939272681, 'patch_size': 0.2, 'side': 'right', 'stabilize_anchor': False}, {'x_offset': 1.9895832895201608, 'y_offset': 0.5156021616012647, 'z_offset': 0.285620454158541, 'patch_size': 0.2, 'side': 'left', 'stabilize_anchor': False}]"
4,4,15,0.6751596927642822,0.0,"[{'x_offset': 0.40855333329081844, 'y_offset': -0.2, 'z_offset': 1.4019753158986148, 'patch_size': 0.2, 'side': 'left', 'stabilize_anchor': False}, {'x_offset': 1.1859073124581325, 'y_offset': 0.42043408139598015, 'z_offset': 0.9907912939272681, 'patch_size': 0.2, 'side': 'right', 'stabilize_anchor': False}, {'x_offset': 1.9895832895201608, 'y_offset': 0.5156021616012647, 'z_offset': 0.285620454158541, 'patch_size': 0.2, 'side': 'left', 'stabilize_anchor': False}, {'x_offset': 1.6256493805321686, 'y_offset': -0.23390582924461423, 'z_offset': 1.4805338900393463, 'patch_size': 0.2, 'side': 'right', 'stabilize_anchor': False}]"
4,5,15,0.5841718316078186,0.0,"[{'x_offset': 0.40855333329081844, 'y_offset': -0.2, 'z_offset': 1.4019753158986148, 'patch_size': 0.2, 'side': 'left', 'stabilize_anchor': False}, {'x_offset': 1.1859073124581325, 'y_offset': 0.42043408139598015, 'z_offset': 0.9907912939272681, 'patch_size': 0.2, 'side': 'right', 'stabilize_anchor': False}, {'x_offset': 1.9895832895201608, 'y_offset': 0.5156021616012647, 'z_offset': 0.285620454158541, 'patch_size': 0.2, 'side': 'left', 'stabilize_anchor': False}, {'x_offset': 1.6256493805321686, 'y_offset': -0.23390582924461423, 'z_offset': 1.4805338900393463, 'patch_size': 0.2, 'side': 'right', 'stabilize_anchor': False}, {'x_offset': -0.27532027971784023, 'y_offset': -0.6675770844255765, 'z_offset': 0.6969154565336088, 'patch_size': 0.2, 'side': 'left', 'stabilize_anchor': False}]"
4,1,20,0.5402228236198425,0.10000000149011612,"[{'x_offset': 0.40855333329081844, 'y_offset': -0.2, 'z_offset': 1.4019753158986148, 'patch_size': 0.2, 'side': 'left', 'stabilize_anchor': False}]"
4,2,20,0.5832454562187195,0.0,"[{'x_offset': 0.40855333329081844, 'y_offset': -0.2, 'z_offset': 1.4019753158986148, 'patch_size': 0.2, 'side': 'left', 'stabilize_anchor': False}, {'x_offset': 1.1859073124581325, 'y_offset': 0.42043408139598015, 'z_offset': 0.9907912939272681, 'patch_size': 0.2, 'side': 'right', 'stabilize_anchor': False}]"
4,3,20,0.4959533214569092,0.0,"[{'x_offset': 0.40855333329081844, 'y_offset': -0.2, 'z_offset': 1.4019753158986148, 'patch_size': 0.2, 'side': 'left', 'stabilize_anchor': False}, {'x_offset': 1.1859073124581325, 'y_offset': 0.42043408139598015, 'z_offset': 0.9907912939272681, 'patch_size': 0.2, 'side': 'right', 'stabilize_anchor': False}, {'x_offset': 1.9895832895201608, 'y_offset': 0.5156021616012647, 'z_offset': 0.285620454158541, 'patch_size': 0.2, 'side': 'left', 'stabilize_anchor': False}]"
4,4,20,0.5285449624061584,0.0,"[{'x_offset': 0.40855333329081844, 'y_offset': -0.2, 'z_offset': 1.4019753158986148, 'patch_size': 0.2, 'side': 'left', 'stabilize_anchor': False}, {'x_offset': 1.1859073124581325, 'y_offset': 0.42043408139598015, 'z_offset': 0.9907912939272681, 'patch_size': 0.2, 'side': 'right', 'stabilize_anchor': False}, {'x_offset': 1.9895832895201608, 'y_offset': 0.5156021616012647, 'z_offset': 0.285620454158541, 'patch_size': 0.2, 'side': 'left', 'stabilize_anchor': False}, {'x_offset': 1.6256493805321686, 'y_offset': -0.23390582924461423, 'z_offset': 1.4805338900393463, 'patch_size': 0.2, 'side': 'right', 'stabilize_anchor': False}]"
4,5,20,0.49872902035713196,0.10000000149011612,"[{'x_offset': 0.40855333329081844, 'y_offset': -0.2, 'z_offset': 1.4019753158986148, 'patch_size': 0.2, 'side': 'left', 'stabilize_anchor': False}, {'x_offset': 1.1859073124581325, 'y_offset': 0.42043408139598015, 'z_offset': 0.9907912939272681, 'patch_size': 0.2, 'side': 'right', 'stabilize_anchor': False}, {'x_offset': 1.9895832895201608, 'y_offset': 0.5156021616012647, 'z_offset': 0.285620454158541, 'patch_size': 0.2, 'side': 'left', 'stabilize_anchor': False}, {'x_offset': 1.6256493805321686, 'y_offset': -0.23390582924461423, 'z_offset': 1.4805338900393463, 'patch_size': 0.2, 'side': 'right', 'stabilize_anchor': False}, {'x_offset': -0.27532027971784023, 'y_offset': -0.6675770844255765, 'z_offset': 0.6969154565336088, 'patch_size': 0.2, 'side': 'left', 'stabilize_anchor': False}]"
4,1,25,0.7006808519363403,0.0,"[{'x_offset': 0.40855333329081844, 'y_offset': -0.2, 'z_offset': 1.4019753158986148, 'patch_size': 0.2, 'side': 'left', 'stabilize_anchor': False}]"
4,2,25,0.6465533971786499,0.0,"[{'x_offset': 0.40855333329081844, 'y_offset': -0.2, 'z_offset': 1.4019753158986148, 'patch_size': 0.2, 'side': 'left', 'stabilize_anchor': False}, {'x_offset': 1.1859073124581325, 'y_offset': 0.42043408139598015, 'z_offset': 0.9907912939272681, 'patch_size': 0.2, 'side': 'right', 'stabilize_anchor': False}]"
4,3,25,0.6681134700775146,0.10000000149011612,"[{'x_offset': 0.40855333329081844, 'y_offset': -0.2, 'z_offset': 1.4019753158986148, 'patch_size': 0.2, 'side': 'left', 'stabilize_anchor': False}, {'x_offset': 1.1859073124581325, 'y_offset': 0.42043408139598015, 'z_offset': 0.9907912939272681, 'patch_size': 0.2, 'side': 'right', 'stabilize_anchor': False}, {'x_offset': 1.9895832895201608, 'y_offset': 0.5156021616012647, 'z_offset': 0.285620454158541, 'patch_size': 0.2, 'side': 'left', 'stabilize_anchor': False}]"
4,4,25,0.624759316444397,0.0,"[{'x_offset': 0.40855333329081844, 'y_offset': -0.2, 'z_offset': 1.4019753158986148, 'patch_size': 0.2, 'side': 'left', 'stabilize_anchor': False}, {'x_offset': 1.1859073124581325, 'y_offset': 0.42043408139598015, 'z_offset': 0.9907912939272681, 'patch_size': 0.2, 'side': 'right', 'stabilize_anchor': False}, {'x_offset': 1.9895832895201608, 'y_offset': 0.5156021616012647, 'z_offset': 0.285620454158541, 'patch_size': 0.2, 'side': 'left', 'stabilize_anchor': False}, {'x_offset': 1.6256493805321686, 'y_offset': -0.23390582924461423, 'z_offset': 1.4805338900393463, 'patch_size': 0.2, 'side': 'right', 'stabilize_anchor': False}]"
4,5,25,0.6025665402412415,0.0,"[{'x_offset': 0.40855333329081844, 'y_offset': -0.2, 'z_offset': 1.4019753158986148, 'patch_size': 0.2, 'side': 'left', 'stabilize_anchor': False}, {'x_offset': 1.1859073124581325, 'y_offset': 0.42043408139598015, 'z_offset': 0.9907912939272681, 'patch_size': 0.2, 'side': 'right', 'stabilize_anchor': False}, {'x_offset': 1.9895832895201608, 'y_offset': 0.5156021616012647, 'z_offset': 0.285620454158541, 'patch_size': 0.2, 'side': 'left', 'stabilize_anchor': False}, {'x_offset': 1.6256493805321686, 'y_offset': -0.23390582924461423, 'z_offset': 1.4805338900393463, 'patch_size': 0.2, 'side': 'right', 'stabilize_anchor': False}, {'x_offset': -0.27532027971784023, 'y_offset': -0.6675770844255765, 'z_offset': 0.6969154565336088, 'patch_size': 0.2, 'side': 'left', 'stabilize_anchor': False}]"
4,1,30,0.515962541103363,0.0,"[{'x_offset': 0.40855333329081844, 'y_offset': -0.2, 'z_offset': 1.4019753158986148, 'patch_size': 0.2, 'side': 'left', 'stabilize_anchor': False}]"
4,2,30,0.4649623930454254,0.0,"[{'x_offset': 0.40855333329081844, 'y_offset': -0.2, 'z_offset': 1.4019753158986148, 'patch_size': 0.2, 'side': 'left', 'stabilize_anchor': False}, {'x_offset': 1.1859073124581325, 'y_offset': 0.42043408139598015, 'z_offset': 0.9907912939272681, 'patch_size': 0.2, 'side': 'right', 'stabilize_anchor': False}]"
4,3,30,0.41501596570014954,0.0,"[{'x_offset': 0.40855333329081844, 'y_offset': -0.2, 'z_offset': 1.4019753158986148, 'patch_size': 0.2, 'side': 'left', 'stabilize_anchor': False}, {'x_offset': 1.1859073124581325, 'y_offset': 0.42043408139598015, 'z_offset': 0.9907912939272681, 'patch_size': 0.2, 'side': 'right', 'stabilize_anchor': False}, {'x_offset': 1.9895832895201608, 'y_offset': 0.5156021616012647, 'z_offset': 0.285620454158541, 'patch_size': 0.2, 'side': 'left', 'stabilize_anchor': False}]"
4,4,30,0.5553350448608398,0.0,"[{'x_offset': 0.40855333329081844, 'y_offset': -0.2, 'z_offset': 1.4019753158986148, 'patch_size': 0.2, 'side': 'left', 'stabilize_anchor': False}, {'x_offset': 1.1859073124581325, 'y_offset': 0.42043408139598015, 'z_offset': 0.9907912939272681, 'patch_size': 0.2, 'side': 'right', 'stabilize_anchor': False}, {'x_offset': 1.9895832895201608, 'y_offset': 0.5156021616012647, 'z_offset': 0.285620454158541, 'patch_size': 0.2, 'side': 'left', 'stabilize_anchor': False}, {'x_offset': 1.6256493805321686, 'y_offset': -0.23390582924461423, 'z_offset': 1.4805338900393463, 'patch_size': 0.2, 'side': 'right', 'stabilize_anchor': False}]"
4,5,30,0.563957929611206,0.10000000149011612,"[{'x_offset': 0.40855333329081844, 'y_offset': -0.2, 'z_offset': 1.4019753158986148, 'patch_size': 0.2, 'side': 'left', 'stabilize_anchor': False}, {'x_offset': 1.1859073124581325, 'y_offset': 0.42043408139598015, 'z_offset': 0.9907912939272681, 'patch_size': 0.2, 'side': 'right', 'stabilize_anchor': False}, {'x_offset': 1.9895832895201608, 'y_offset': 0.5156021616012647, 'z_offset': 0.285620454158541, 'patch_size': 0.2, 'side': 'left', 'stabilize_anchor': False}, {'x_offset': 1.6256493805321686, 'y_offset': -0.23390582924461423, 'z_offset': 1.4805338900393463, 'patch_size': 0.2, 'side': 'right', 'stabilize_anchor': False}, {'x_offset': -0.27532027971784023, 'y_offset': -0.6675770844255765, 'z_offset': 0.6969154565336088, 'patch_size': 0.2, 'side': 'left', 'stabilize_anchor': False}]"
5,1,5,0.6722724437713623,0.0,"[{'x_offset': 0.015631164182393853, 'y_offset': 0.2, 'z_offset': 0.4435408708862277, 'patch_size': 0.2, 'side': 'right', 'stabilize_anchor': False}]"
5,2,5,0.687173068523407,0.0,"[{'x_offset': 0.015631164182393853, 'y_offset': 0.2, 'z_offset': 0.4435408708862277, 'patch_size': 0.2, 'side': 'right', 'stabilize_anchor': False}, {'x_offset': 0.43012695028766235, 'y_offset': 0.5094288598757732, 'z_offset': 1.051720198335464, 'patch_size': 0.2, 'side': 'left', 'stabilize_anchor': False}]"
5,3,5,0.6835897564888,0.0,"[{'x_offset': 0.015631164182393853, 'y_offset': 0.2, 'z_offset': 0.4435408708862277, 'patch_size': 0.2, 'side': 'right', 'stabilize_anchor': False}, {'x_offset': 0.43012695028766235, 'y_offset': 0.5094288598757732, 'z_offset': 1.051720198335464, 'patch_size': 0.2, 'side': 'left', 'stabilize_anchor': False}, {'x_offset': 2.1148038424036057, 'y_offset': -0.48180902736616726, 'z_offset': 2.1881130506624262, 'patch_size': 0.2, 'side': 'left', 'stabilize_anchor': False}]"
5,4,5,0.6757394671440125,0.0,"[{'x_offset': 0.015631164182393853, 'y_offset': 0.2, 'z_offset': 0.4435408708862277, 'patch_size': 0.2, 'side': 'right', 'stabilize_anchor': False}, {'x_offset': 0.43012695028766235, 'y_offset': 0.5094288598757732, 'z_offset': 1.051720198335464, 'patch_size': 0.2, 'side': 'left', 'stabilize_anchor': False}, {'x_offset': 2.1148038424036057, 'y_offset': -0.48180902736616726, 'z_offset': 2.1881130506624262, 'patch_size': 0.2, 'side': 'left', 'stabilize_anchor': False}, {'x_offset': 1.1432689269056726, 'y_offset': 0.731201125961809, 'z_offset': 1.3311717797705342, 'patch_size': 0.2, 'side': 'right', 'stabilize_anchor': False}]"
5,5,5,0.664846658706665,0.0,"[{'x_offset': 0.015631164182393853, 'y_offset': 0.2, 'z_offset': 0.4435408708862277, 'patch_size': 0.2, 'side': 'right', 'stabilize_anchor': False}, {'x_offset': 0.43012695028766235, 'y_offset': 0.5094288598757732, 'z_offset': 1.051720198335464, 'patch_size': 0.2, 'side': 'left', 'stabilize_anchor': False}, {'x_offset': 2.1148038424036057, 'y_offset': -0.48180902736616726, 'z_offset': 2.1881130506624262, 'patch_size': 0.2, 'side': 'left', 'stabilize_anchor': False}, {'x_offset': 1.1432689269056726, 'y_offset': 0.731201125961809, 'z_offset': 1.3311717797705342, 'patch_size': 0.2, 'side': 'right', 'stabilize_anchor': False}, {'x_offset': 0.6675316498517168, 'y_offset': -0.44742822200424465, 'z_offset': 1.8122808476054861, 'patch_size': 0.2, 'side': 'right', 'stabilize_anchor': False}]"
5,1,10,0.7189998030662537,0.0,"[{'x_offset': 0.015631164182393853, 'y_offset': 0.2, 'z_offset': 0.4435408708862277, 'patch_size': 0.2, 'side': 'right', 'stabilize_anchor': False}]"
5,2,10,0.6904616951942444,0.0,"[{'x_offset': 0.015631164182393853, 'y_offset': 0.2, 'z_offset': 0.4435408708862277, 'patch_size': 0.2, 'side': 'right', 'stabilize_anchor': False}, {'x_offset': 0.43012695028766235, 'y_offset': 0.5094288598757732, 'z_offset': 1.051720198335464, 'patch_size': 0.2, 'side': 'left', 'stabilize_anchor': False}]"
5,3,10,0.739664614200592,0.0,"[{'x_offset': 0.015631164182393853, 'y_offset': 0.2, 'z_offset': 0.4435408708862277, 'patch_size': 0.2, 'side': 'right', 'stabilize_anchor': False}, {'x_offset': 0.43012695028766235, 'y_offset': 0.5094288598757732, 'z_offset': 1.051720198335464, 'patch_size': 0.2, 'side': 'left', 'stabilize_anchor': False}, {'x_offset': 2.1148038424036057, 'y_offset': -0.48180902736616726, 'z_offset': 2.1881130506624262, 'patch_size': 0.2, 'side': 'left', 'stabilize_anchor': False}]"
5,4,10,0.7158797979354858,0.0,"[{'x_offset': 0.015631164182393853, 'y_offset': 0.2, 'z_offset': 0.4435408708862277, 'patch_size': 0.2, 'side': 'right', 'stabilize_anchor': False}, {'x_offset': 0.43012695028766235, 'y_offset': 0.5094288598757732, 'z_offset': 1.051720198335464, 'patch_size': 0.2, 'side': 'left', 'stabilize_anchor': False}, {'x_offset': 2.1148038424036057, 'y_offset': -0.48180902736616726, 'z_offset': 2.1881130506624262, 'patch_size': 0.2, 'side': 'left', 'stabilize_anchor': False}, {'x_offset': 1.1432689269056726, 'y_offset': 0.731201125961809, 'z_offset': 1.3311717797705342, 'patch_size': 0.2, 'side': 'right', 'stabilize_anchor': False}]"
5,5,10,0.722201406955719,0.0,"[{'x_offset': 0.015631164182393853, 'y_offset': 0.2, 'z_offset': 0.4435408708862277, 'patch_size': 0.2, 'side': 'right', 'stabilize_anchor': False}, {'x_offset': 0.43012695028766235, 'y_offset': 0.5094288598757732, 'z_offset': 1.051720198335464, 'patch_size': 0.2, 'side': 'left', 'stabilize_anchor': False}, {'x_offset': 2.1148038424036057, 'y_offset': -0.48180902736616726, 'z_offset': 2.1881130506624262, 'patch_size': 0.2, 'side': 'left', 'stabilize_anchor': False}, {'x_offset': 1.1432689269056726, 'y_offset': 0.731201125961809, 'z_offset': 1.3311717797705342, 'patch_size': 0.2, 'side': 'right', 'stabilize_anchor': False}, {'x_offset': 0.6675316498517168, 'y_offset': -0.44742822200424465, 'z_offset': 1.8122808476054861, 'patch_size': 0.2, 'side': 'right', 'stabilize_anchor': False}]"
5,1,15,0.6033531427383423,0.0,"[{'x_offset': 0.015631164182393853, 'y_offset': 0.2, 'z_offset': 0.4435408708862277, 'patch_size': 0.2, 'side': 'right', 'stabilize_anchor': False}]"
5,2,15,0.6149938702583313,0.0,"[{'x_offset': 0.015631164182393853, 'y_offset': 0.2, 'z_offset': 0.4435408708862277, 'patch_size': 0.2, 'side': 'right', 'stabilize_anchor': False}, {'x_offset': 0.43012695028766235, 'y_offset': 0.5094288598757732, 'z_offset': 1.051720198335464, 'patch_size': 0.2, 'side': 'left', 'stabilize_anchor': False}]"
5,3,15,0.6244450211524963,0.0,"[{'x_offset': 0.015631164182393853, 'y_offset': 0.2, 'z_offset': 0.4435408708862277, 'patch_size': 0.2, 'side': 'right', 'stabilize_anchor': False}, {'x_offset': 0.43012695028766235, 'y_offset': 0.5094288598757732, 'z_offset': 1.051720198335464, 'patch_size': 0.2, 'side': 'left', 'stabilize_anchor': False}, {'x_offset': 2.1148038424036057, 'y_offset': -0.48180902736616726, 'z_offset': 2.1881130506624262, 'patch_size': 0.2, 'side': 'left', 'stabilize_anchor': False}]"
5,4,15,0.6383852362632751,0.0,"[{'x_offset': 0.015631164182393853, 'y_offset': 0.2, 'z_offset': 0.4435408708862277, 'patch_size': 0.2, 'side': 'right', 'stabilize_anchor': False}, {'x_offset': 0.43012695028766235, 'y_offset': 0.5094288598757732, 'z_offset': 1.051720198335464, 'patch_size': 0.2, 'side': 'left', 'stabilize_anchor': False}, {'x_offset': 2.1148038424036057, 'y_offset': -0.48180902736616726, 'z_offset': 2.1881130506624262, 'patch_size': 0.2, 'side': 'left', 'stabilize_anchor': False}, {'x_offset': 1.1432689269056726, 'y_offset': 0.731201125961809, 'z_offset': 1.3311717797705342, 'patch_size': 0.2, 'side': 'right', 'stabilize_anchor': False}]"
5,5,15,0.6324812173843384,0.0,"[{'x_offset': 0.015631164182393853, 'y_offset': 0.2, 'z_offset': 0.4435408708862277, 'patch_size': 0.2, 'side': 'right', 'stabilize_anchor': False}, {'x_offset': 0.43012695028766235, 'y_offset': 0.5094288598757732, 'z_offset': 1.051720198335464, 'patch_size': 0.2, 'side': 'left', 'stabilize_anchor': False}, {'x_offset': 2.1148038424036057, 'y_offset': -0.48180902736616726, 'z_offset': 2.1881130506624262, 'patch_size': 0.2, 'side': 'left', 'stabilize_anchor': False}, {'x_offset': 1.1432689269056726, 'y_offset': 0.731201125961809, 'z_offset': 1.3311717797705342, 'patch_size': 0.2, 'side': 'right', 'stabilize_anchor': False}, {'x_offset': 0.6675316498517168, 'y_offset': -0.44742822200424465, 'z_offset': 1.8122808476054861, 'patch_size': 0.2, 'side': 'right', 'stabilize_anchor': False}]"
5,1,20,0.5258405804634094,0.10000000149011612,"[{'x_offset': 0.015631164182393853, 'y_offset': 0.2, 'z_offset': 0.4435408708862277, 'patch_size': 0.2, 'side': 'right', 'stabilize_anchor': False}]"
5,2,20,0.0,0.0,"[{'x_offset': 0.015631164182393853, 'y_offset': 0.2, 'z_offset': 0.4435408708862277, 'patch_size': 0.2, 'side': 'right', 'stabilize_anchor': False}, {'x_offset': 0.43012695028766235, 'y_offset': 0.5094288598757732, 'z_offset': 1.051720198335464, 'patch_size': 0.2, 'side': 'left', 'stabilize_anchor': False}]"
5,3,20,0.5473695397377014,0.0,"[{'x_offset': 0.015631164182393853, 'y_offset': 0.2, 'z_offset': 0.4435408708862277, 'patch_size': 0.2, 'side': 'right', 'stabilize_anchor': False}, {'x_offset': 0.43012695028766235, 'y_offset': 0.5094288598757732, 'z_offset': 1.051720198335464, 'patch_size': 0.2, 'side': 'left', 'stabilize_anchor': False}, {'x_offset': 2.1148038424036057, 'y_offset': -0.48180902736616726, 'z_offset': 2.1881130506624262, 'patch_size': 0.2, 'side': 'left', 'stabilize_anchor': False}]"
5,4,20,0.4136701226234436,0.0,"[{'x_offset': 0.015631164182393853, 'y_offset': 0.2, 'z_offset': 0.4435408708862277, 'patch_size': 0.2, 'side': 'right', 'stabilize_anchor': False}, {'x_offset': 0.43012695028766235, 'y_offset': 0.5094288598757732, 'z_offset': 1.051720198335464, 'patch_size': 0.2, 'side': 'left', 'stabilize_anchor': False}, {'x_offset': 2.1148038424036057, 'y_offset': -0.48180902736616726, 'z_offset': 2.1881130506624262, 'patch_size': 0.2, 'side': 'left', 'stabilize_anchor': False}, {'x_offset': 1.1432689269056726, 'y_offset': 0.731201125961809, 'z_offset': 1.3311717797705342, 'patch_size': 0.2, 'side': 'right', 'stabilize_anchor': False}]"
5,5,20,0.4120880663394928,0.0,"[{'x_offset': 0.015631164182393853, 'y_offset': 0.2, 'z_offset': 0.4435408708862277, 'patch_size': 0.2, 'side': 'right', 'stabilize_anchor': False}, {'x_offset': 0.43012695028766235, 'y_offset': 0.5094288598757732, 'z_offset': 1.051720198335464, 'patch_size': 0.2, 'side': 'left', 'stabilize_anchor': False}, {'x_offset': 2.1148038424036057, 'y_offset': -0.48180902736616726, 'z_offset': 2.1881130506624262, 'patch_size': 0.2, 'side': 'left', 'stabilize_anchor': False}, {'x_offset': 1.1432689269056726, 'y_offset': 0.731201125961809, 'z_offset': 1.3311717797705342, 'patch_size': 0.2, 'side': 'right', 'stabilize_anchor': False}, {'x_offset': 0.6675316498517168, 'y_offset': -0.44742822200424465, 'z_offset': 1.8122808476054861, 'patch_size': 0.2, 'side': 'right', 'stabilize_anchor': False}]"
5,1,25,0.7332469820976257,0.10000000149011612,"[{'x_offset': 0.015631164182393853, 'y_offset': 0.2, 'z_offset': 0.4435408708862277, 'patch_size': 0.2, 'side': 'right', 'stabilize_anchor': False}]"
5,2,25,0.6145111918449402,0.10000000149011612,"[{'x_offset': 0.015631164182393853, 'y_offset': 0.2, 'z_offset': 0.4435408708862277, 'patch_size': 0.2, 'side': 'right', 'stabilize_anchor': False}, {'x_offset': 0.43012695028766235, 'y_offset': 0.5094288598757732, 'z_offset': 1.051720198335464, 'patch_size': 0.2, 'side': 'left', 'stabilize_anchor': False}]"
5,3,25,0.48225823044776917,0.10000000149011612,"[{'x_offset': 0.015631164182393853, 'y_offset': 0.2, 'z_offset': 0.4435408708862277, 'patch_size': 0.2, 'side': 'right', 'stabilize_anchor': False}, {'x_offset': 0.43012695028766235, 'y_offset': 0.5094288598757732, 'z_offset': 1.051720198335464, 'patch_size': 0.2, 'side': 'left', 'stabilize_anchor': False}, {'x_offset': 2.1148038424036057, 'y_offset': -0.48180902736616726, 'z_offset': 2.1881130506624262, 'patch_size': 0.2, 'side': 'left', 'stabilize_anchor': False}]"
5,4,25,0.5190233588218689,0.10000000149011612,"[{'x_offset': 0.015631164182393853, 'y_offset': 0.2, 'z_offset': 0.4435408708862277, 'patch_size': 0.2, 'side': 'right', 'stabilize_anchor': False}, {'x_offset': 0.43012695028766235, 'y_offset': 0.5094288598757732, 'z_offset': 1.051720198335464, 'patch_size': 0.2, 'side': 'left', 'stabilize_anchor': False}, {'x_offset': 2.1148038424036057, 'y_offset': -0.48180902736616726, 'z_offset': 2.1881130506624262, 'patch_size': 0.2, 'side': 'left', 'stabilize_anchor': False}, {'x_offset': 1.1432689269056726, 'y_offset': 0.731201125961809, 'z_offset': 1.3311717797705342, 'patch_size': 0.2, 'side': 'right', 'stabilize_anchor': False}]"
5,5,25,0.5137977004051208,0.10000000149011612,"[{'x_offset': 0.015631164182393853, 'y_offset': 0.2, 'z_offset': 0.4435408708862277, 'patch_size': 0.2, 'side': 'right', 'stabilize_anchor': False}, {'x_offset': 0.43012695028766235, 'y_offset': 0.5094288598757732, 'z_offset': 1.051720198335464, 'patch_size': 0.2, 'side': 'left', 'stabilize_anchor': False}, {'x_offset': 2.1148038424036057, 'y_offset': -0.48180902736616726, 'z_offset': 2.1881130506624262, 'patch_size': 0.2, 'side': 'left', 'stabilize_anchor': False}, {'x_offset': 1.1432689269056726, 'y_offset': 0.731201125961809, 'z_offset': 1.3311717797705342, 'patch_size': 0.2, 'side': 'right', 'stabilize_anchor': False}, {'x_offset': 0.6675316498517168, 'y_offset': -0.44742822200424465, 'z_offset': 1.8122808476054861, 'patch_size': 0.2, 'side': 'right', 'stabilize_anchor': False}]"
5,1,30,0.5344523191452026,0.10000000149011612,"[{'x_offset': 0.015631164182393853, 'y_offset': 0.2, 'z_offset': 0.4435408708862277, 'patch_size': 0.2, 'side': 'right', 'stabilize_anchor': False}]"
5,2,30,0.35349589586257935,0.0,"[{'x_offset': 0.015631164182393853, 'y_offset': 0.2, 'z_offset': 0.4435408708862277, 'patch_size': 0.2, 'side': 'right', 'stabilize_anchor': False}, {'x_offset': 0.43012695028766235, 'y_offset': 0.5094288598757732, 'z_offset': 1.051720198335464, 'patch_size': 0.2, 'side': 'left', 'stabilize_anchor': False}]"
5,3,30,0.5855631828308105,0.10000000149011612,"[{'x_offset': 0.015631164182393853, 'y_offset': 0.2, 'z_offset': 0.4435408708862277, 'patch_size': 0.2, 'side': 'right', 'stabilize_anchor': False}, {'x_offset': 0.43012695028766235, 'y_offset': 0.5094288598757732, 'z_offset': 1.051720198335464, 'patch_size': 0.2, 'side': 'left', 'stabilize_anchor': False}, {'x_offset': 2.1148038424036057, 'y_offset': -0.48180902736616726, 'z_offset': 2.1881130506624262, 'patch_size': 0.2, 'side': 'left', 'stabilize_anchor': False}]"
5,4,30,0.527868390083313,0.0,"[{'x_offset': 0.015631164182393853, 'y_offset': 0.2, 'z_offset': 0.4435408708862277, 'patch_size': 0.2, 'side': 'right', 'stabilize_anchor': False}, {'x_offset': 0.43012695028766235, 'y_offset': 0.5094288598757732, 'z_offset': 1.051720198335464, 'patch_size': 0.2, 'side': 'left', 'stabilize_anchor': False}, {'x_offset': 2.1148038424036057, 'y_offset': -0.48180902736616726, 'z_offset': 2.1881130506624262, 'patch_size': 0.2, 'side': 'left', 'stabilize_anchor': False}, {'x_offset': 1.1432689269056726, 'y_offset': 0.731201125961809, 'z_offset': 1.3311717797705342, 'patch_size': 0.2, 'side': 'right', 'stabilize_anchor': False}]"
5,5,30,0.6183928847312927,0.0,"[{'x_offset': 0.015631164182393853, 'y_offset': 0.2, 'z_offset': 0.4435408708862277, 'patch_size': 0.2, 'side': 'right', 'stabilize_anchor': False}, {'x_offset': 0.43012695028766235, 'y_offset': 0.5094288598757732, 'z_offset': 1.051720198335464, 'patch_size': 0.2, 'side': 'left', 'stabilize_anchor': False}, {'x_offset': 2.1148038424036057, 'y_offset': -0.48180902736616726, 'z_offset': 2.1881130506624262, 'patch_size': 0.2, 'side': 'left', 'stabilize_anchor': False}, {'x_offset': 1.1432689269056726, 'y_offset': 0.731201125961809, 'z_offset': 1.3311717797705342, 'patch_size': 0.2, 'side': 'right', 'stabilize_anchor': False}, {'x_offset': 0.6675316498517168, 'y_offset': -0.44742822200424465, 'z_offset': 1.8122808476054861, 'patch_size': 0.2, 'side': 'right', 'stabilize_anchor': False}]"
6,1,5,0.6690945625305176,0.0,"[{'x_offset': 0.9310178067524415, 'y_offset': 0.4618678226377295, 'z_offset': 1.3912030911479931, 'patch_size': 0.2, 'side': 'right', 'stabilize_anchor': False}]"
6,2,5,0.6535795331001282,0.0,"[{'x_offset': 0.9310178067524415, 'y_offset': 0.4618678226377295, 'z_offset': 1.3912030911479931, 'patch_size': 0.2, 'side': 'right', 'stabilize_anchor': False}, {'x_offset': 1.275063235984533, 'y_offset': -0.6447119626221013, 'z_offset': 1.7702137602622958, 'patch_size': 0.2, 'side': 'left', 'stabilize_anchor': False}]"
6,3,5,0.6756421327590942,0.10000000149011612,"[{'x_offset': 0.9310178067524415, 'y_offset': 0.4618678226377295, 'z_offset': 1.3912030911479931, 'patch_size': 0.2, 'side': 'right', 'stabilize_anchor': False}, {'x_offset': 1.275063235984533, 'y_offset': -0.6447119626221013, 'z_offset': 1.7702137602622958, 'patch_size': 0.2, 'side': 'left', 'stabilize_anchor': False}, {'x_offset': 0.22208386122187607, 'y_offset': 0.732341258283804, 'z_offset': 1.3398787637610268, 'patch_size': 0.2, 'side': 'left', 'stabilize_anchor': False}]"
6,4,5,0.6740530729293823,0.10000000149011612,"[{'x_offset': 0.9310178067524415, 'y_offset': 0.4618678226377295, 'z_offset': 1.3912030911479931, 'patch_size': 0.2, 'side': 'right', 'stabilize_anchor': False}, {'x_offset': 1.275063235984533, 'y_offset': -0.6447119626221013, 'z_offset': 1.7702137602622958, 'patch_size': 0.2, 'side': 'left', 'stabilize_anchor': False}, {'x_offset': 0.22208386122187607, 'y_offset': 0.732341258283804, 'z_offset': 1.3398787637610268, 'patch_size': 0.2, 'side': 'left', 'stabilize_anchor': False}, {'x_offset': -0.5255369245625854, 'y_offset': -0.550152341884282, 'z_offset': 1.826116060610201, 'patch_size': 0.2, 'side': 'right', 'stabilize_anchor': False}]"
6,5,5,0.7117931842803955,0.0,"[{'x_offset': 0.9310178067524415, 'y_offset': 0.4618678226377295, 'z_offset': 1.3912030911479931, 'patch_size': 0.2, 'side': 'right', 'stabilize_anchor': False}, {'x_offset': 1.275063235984533, 'y_offset': -0.6447119626221013, 'z_offset': 1.7702137602622958, 'patch_size': 0.2, 'side': 'left', 'stabilize_anchor': False}, {'x_offset': 0.22208386122187607, 'y_offset': 0.732341258283804, 'z_offset': 1.3398787637610268, 'patch_size': 0.2, 'side': 'left', 'stabilize_anchor': False}, {'x_offset': -0.5255369245625854, 'y_offset': -0.550152341884282, 'z_offset': 1.826116060610201, 'patch_size': 0.2, 'side': 'right', 'stabilize_anchor': False}, {'x_offset': 1.447912622928548, 'y_offset': -0.2, 'z_offset': 0.5545701746218763, 'patch_size': 0.2, 'side': 'left', 'stabilize_anchor': False}]"
6,1,10,0.6720795631408691,0.0,"[{'x_offset': 0.9310178067524415, 'y_offset': 0.4618678226377295, 'z_offset': 1.3912030911479931, 'patch_size': 0.2, 'side': 'right', 'stabilize_anchor': False}]"
6,2,10,0.7548270225524902,0.0,"[{'x_offset': 0.9310178067524415, 'y_offset': 0.4618678226377295, 'z_offset': 1.3912030911479931, 'patch_size': 0.2, 'side': 'right', 'stabilize_anchor': False}, {'x_offset': 1.275063235984533, 'y_offset': -0.6447119626221013, 'z_offset': 1.7702137602622958, 'patch_size': 0.2, 'side': 'left', 'stabilize_anchor': False}]"
6,3,10,0.7609795928001404,0.0,"[{'x_offset': 0.9310178067524415, 'y_offset': 0.4618678226377295, 'z_offset': 1.3912030911479931, 'patch_size': 0.2, 'side': 'right', 'stabilize_anchor': False}, {'x_offset': 1.275063235984533, 'y_offset': -0.6447119626221013, 'z_offset': 1.7702137602622958, 'patch_size': 0.2, 'side': 'left', 'stabilize_anchor': False}, {'x_offset': 0.22208386122187607, 'y_offset': 0.732341258283804, 'z_offset': 1.3398787637610268, 'patch_size': 0.2, 'side': 'left', 'stabilize_anchor': False}]"
6,4,10,0.6974911689758301,0.0,"[{'x_offset': 0.9310178067524415, 'y_offset': 0.4618678226377295, 'z_offset': 1.3912030911479931, 'patch_size': 0.2, 'side': 'right', 'stabilize_anchor': False}, {'x_offset': 1.275063235984533, 'y_offset': -0.6447119626221013, 'z_offset': 1.7702137602622958, 'patch_size': 0.2, 'side': 'left', 'stabilize_anchor': False}, {'x_offset': 0.22208386122187607, 'y_offset': 0.732341258283804, 'z_offset': 1.3398787637610268, 'patch_size': 0.2, 'side': 'left', 'stabilize_anchor': False}, {'x_offset': -0.5255369245625854, 'y_offset': -0.550152341884282, 'z_offset': 1.826116060610201, 'patch_size': 0.2, 'side': 'right', 'stabilize_anchor': False}]"
6,5,10,0.7417963743209839,0.0,"[{'x_offset': 0.9310178067524415, 'y_offset': 0.4618678226377295, 'z_offset': 1.3912030911479931, 'patch_size': 0.2, 'side': 'right', 'stabilize_anchor': False}, {'x_offset': 1.275063235984533, 'y_offset': -0.6447119626221013, 'z_offset': 1.7702137602622958, 'patch_size': 0.2, 'side': 'left', 'stabilize_anchor': False}, {'x_offset': 0.22208386122187607, 'y_offset': 0.732341258283804, 'z_offset': 1.3398787637610268, 'patch_size': 0.2, 'side': 'left', 'stabilize_anchor': False}, {'x_offset': -0.5255369245625854, 'y_offset': -0.550152341884282, 'z_offset': 1.826116060610201, 'patch_size': 0.2, 'side': 'right', 'stabilize_anchor': False}, {'x_offset': 1.447912622928548, 'y_offset': -0.2, 'z_offset': 0.5545701746218763, 'patch_size': 0.2, 'side': 'left', 'stabilize_anchor': False}]"
6,1,15,0.5944246649742126,0.0,"[{'x_offset': 0.9310178067524415, 'y_offset': 0.4618678226377295, 'z_offset': 1.3912030911479931, 'patch_size': 0.2, 'side': 'right', 'stabilize_anchor': False}]"
6,2,15,0.594973623752594,0.0,"[{'x_offset': 0.9310178067524415, 'y_offset': 0.4618678226377295, 'z_offset': 1.3912030911479931, 'patch_size': 0.2, 'side': 'right', 'stabilize_anchor': False}, {'x_offset': 1.275063235984533, 'y_offset': -0.6447119626221013, 'z_offset': 1.7702137602622958, 'patch_size': 0.2, 'side': 'left', 'stabilize_anchor': False}]"
6,3,15,0.7280909419059753,0.0,"[{'x_offset': 0.9310178067524415, 'y_offset': 0.4618678226377295, 'z_offset': 1.3912030911479931, 'patch_size': 0.2, 'side': 'right', 'stabilize_anchor': False}, {'x_offset': 1.275063235984533, 'y_offset': -0.6447119626221013, 'z_offset': 1.7702137602622958, 'patch_size': 0.2, 'side': 'left', 'stabilize_anchor': False}, {'x_offset': 0.22208386122187607, 'y_offset': 0.732341258283804, 'z_offset': 1.3398787637610268, 'patch_size': 0.2, 'side': 'left', 'stabilize_anchor': False}]"
6,4,15,0.7016352415084839,0.0,"[{'x_offset': 0.9310178067524415, 'y_offset': 0.4618678226377295, 'z_offset': 1.3912030911479931, 'patch_size': 0.2, 'side': 'right', 'stabilize_anchor': False}, {'x_offset': 1.275063235984533, 'y_offset': -0.6447119626221013, 'z_offset': 1.7702137602622958, 'patch_size': 0.2, 'side': 'left', 'stabilize_anchor': False}, {'x_offset': 0.22208386122187607, 'y_offset': 0.732341258283804, 'z_offset': 1.3398787637610268, 'patch_size': 0.2, 'side': 'left', 'stabilize_anchor': False}, {'x_offset': -0.5255369245625854, 'y_offset': -0.550152341884282, 'z_offset': 1.826116060610201, 'patch_size': 0.2, 'side': 'right', 'stabilize_anchor': False}]"
6,5,15,0.6996764540672302,0.0,"[{'x_offset': 0.9310178067524415, 'y_offset': 0.4618678226377295, 'z_offset': 1.3912030911479931, 'patch_size': 0.2, 'side': 'right', 'stabilize_anchor': False}, {'x_offset': 1.275063235984533, 'y_offset': -0.6447119626221013, 'z_offset': 1.7702137602622958, 'patch_size': 0.2, 'side': 'left', 'stabilize_anchor': False}, {'x_offset': 0.22208386122187607, 'y_offset': 0.732341258283804, 'z_offset': 1.3398787637610268, 'patch_size': 0.2, 'side': 'left', 'stabilize_anchor': False}, {'x_offset': -0.5255369245625854, 'y_offset': -0.550152341884282, 'z_offset': 1.826116060610201, 'patch_size': 0.2, 'side': 'right', 'stabilize_anchor': False}, {'x_offset': 1.447912622928548, 'y_offset': -0.2, 'z_offset': 0.5545701746218763, 'patch_size': 0.2, 'side': 'left', 'stabilize_anchor': False}]"
6,1,20,0.5772392153739929,0.10000000149011612,"[{'x_offset': 0.9310178067524415, 'y_offset': 0.4618678226377295, 'z_offset': 1.3912030911479931, 'patch_size': 0.2, 'side': 'right', 'stabilize_anchor': False}]"
6,2,20,0.6124548316001892,0.10000000149011612,"[{'x_offset': 0.9310178067524415, 'y_offset': 0.4618678226377295, 'z_offset': 1.3912030911479931, 'patch_size': 0.2, 'side': 'right', 'stabilize_anchor': False}, {'x_offset': 1.275063235984533, 'y_offset': -0.6447119626221013, 'z_offset': 1.7702137602622958, 'patch_size': 0.2, 'side': 'left', 'stabilize_anchor': False}]"
6,3,20,0.583541214466095,0.0,"[{'x_offset': 0.9310178067524415, 'y_offset': 0.4618678226377295, 'z_offset': 1.3912030911479931, 'patch_size': 0.2, 'side': 'right', 'stabilize_anchor': False}, {'x_offset': 1.275063235984533, 'y_offset': -0.6447119626221013, 'z_offset': 1.7702137602622958, 'patch_size': 0.2, 'side': 'left', 'stabilize_anchor': False}, {'x_offset': 0.22208386122187607, 'y_offset': 0.732341258283804, 'z_offset': 1.3398787637610268, 'patch_size': 0.2, 'side': 'left', 'stabilize_anchor': False}]"
6,4,20,0.5530402660369873,0.0,"[{'x_offset': 0.9310178067524415, 'y_offset': 0.4618678226377295, 'z_offset': 1.3912030911479931, 'patch_size': 0.2, 'side': 'right', 'stabilize_anchor': False}, {'x_offset': 1.275063235984533, 'y_offset': -0.6447119626221013, 'z_offset': 1.7702137602622958, 'patch_size': 0.2, 'side': 'left', 'stabilize_anchor': False}, {'x_offset': 0.22208386122187607, 'y_offset': 0.732341258283804, 'z_offset': 1.3398787637610268, 'patch_size': 0.2, 'side': 'left', 'stabilize_anchor': False}, {'x_offset': -0.5255369245625854, 'y_offset': -0.550152341884282, 'z_offset': 1.826116060610201, 'patch_size': 0.2, 'side': 'right', 'stabilize_anchor': False}]"
6,5,20,0.6166663765907288,0.10000000149011612,"[{'x_offset': 0.9310178067524415, 'y_offset': 0.4618678226377295, 'z_offset': 1.3912030911479931, 'patch_size': 0.2, 'side': 'right', 'stabilize_anchor': False}, {'x_offset': 1.275063235984533, 'y_offset': -0.6447119626221013, 'z_offset': 1.7702137602622958, 'patch_size': 0.2, 'side': 'left', 'stabilize_anchor': False}, {'x_offset': 0.22208386122187607, 'y_offset': 0.732341258283804, 'z_offset': 1.3398787637610268, 'patch_size': 0.2, 'side': 'left', 'stabilize_anchor': False}, {'x_offset': -0.5255369245625854, 'y_offset': -0.550152341884282, 'z_offset': 1.826116060610201, 'patch_size': 0.2, 'side': 'right', 'stabilize_anchor': False}, {'x_offset': 1.447912622928548, 'y_offset': -0.2, 'z_offset': 0.5545701746218763, 'patch_size': 0.2, 'side': 'left', 'stabilize_anchor': False}]"
6,1,25,0.6027553081512451,0.10000000149011612,"[{'x_offset': 0.9310178067524415, 'y_offset': 0.4618678226377295, 'z_offset': 1.3912030911479931, 'patch_size': 0.2, 'side': 'right', 'stabilize_anchor': False}]"
6,2,25,0.6631976366043091,0.10000000149011612,"[{'x_offset': 0.9310178067524415, 'y_offset': 0.4618678226377295, 'z_offset': 1.3912030911479931, 'patch_size': 0.2, 'side': 'right', 'stabilize_anchor': False}, {'x_offset': 1.275063235984533, 'y_offset': -0.6447119626221013, 'z_offset': 1.7702137602622958, 'patch_size': 0.2, 'side': 'left', 'stabilize_anchor': False}]"
6,3,25,0.49378836154937744,0.10000000149011612,"[{'x_offset': 0.9310178067524415, 'y_offset': 0.4618678226377295, 'z_offset': 1.3912030911479931, 'patch_size': 0.2, 'side': 'right', 'stabilize_anchor': False}, {'x_offset': 1.275063235984533, 'y_offset': -0.6447119626221013, 'z_offset': 1.7702137602622958, 'patch_size': 0.2, 'side': 'left', 'stabilize_anchor': False}, {'x_offset': 0.22208386122187607, 'y_offset': 0.732341258283804, 'z_offset': 1.3398787637610268, 'patch_size': 0.2, 'side': 'left', 'stabilize_anchor': False}]"
6,4,25,0.4210420548915863,0.10000000149011612,"[{'x_offset': 0.9310178067524415, 'y_offset': 0.4618678226377295, 'z_offset': 1.3912030911479931, 'patch_size': 0.2, 'side': 'right', 'stabilize_anchor': False}, {'x_offset': 1.275063235984533, 'y_offset': -0.6447119626221013, 'z_offset': 1.7702137602622958, 'patch_size': 0.2, 'side': 'left', 'stabilize_anchor': False}, {'x_offset': 0.22208386122187607, 'y_offset': 0.732341258283804, 'z_offset': 1.3398787637610268, 'patch_size': 0.2, 'side': 'left', 'stabilize_anchor': False}, {'x_offset': -0.5255369245625854, 'y_offset': -0.550152341884282, 'z_offset': 1.826116060610201, 'patch_size': 0.2, 'side': 'right', 'stabilize_anchor': False}]"
6,5,25,0.6875595450401306,0.10000000149011612,"[{'x_offset': 0.9310178067524415, 'y_offset': 0.4618678226377295, 'z_offset': 1.3912030911479931, 'patch_size': 0.2, 'side': 'right', 'stabilize_anchor': False}, {'x_offset': 1.275063235984533, 'y_offset': -0.6447119626221013, 'z_offset': 1.7702137602622958, 'patch_size': 0.2, 'side': 'left', 'stabilize_anchor': False}, {'x_offset': 0.22208386122187607, 'y_offset': 0.732341258283804, 'z_offset': 1.3398787637610268, 'patch_size': 0.2, 'side': 'left', 'stabilize_anchor': False}, {'x_offset': -0.5255369245625854, 'y_offset': -0.550152341884282, 'z_offset': 1.826116060610201, 'patch_size': 0.2, 'side': 'right', 'stabilize_anchor': False}, {'x_offset': 1.447912622928548, 'y_offset': -0.2, 'z_offset': 0.5545701746218763, 'patch_size': 0.2, 'side': 'left', 'stabilize_anchor': False}]"
6,1,30,0.376873254776001,0.0,"[{'x_offset': 0.9310178067524415, 'y_offset': 0.4618678226377295, 'z_offset': 1.3912030911479931, 'patch_size': 0.2, 'side': 'right', 'stabilize_anchor': False}]"
6,2,30,0.4720742404460907,0.0,"[{'x_offset': 0.9310178067524415, 'y_offset': 0.4618678226377295, 'z_offset': 1.3912030911479931, 'patch_size': 0.2, 'side': 'right', 'stabilize_anchor': False}, {'x_offset': 1.275063235984533, 'y_offset': -0.6447119626221013, 'z_offset': 1.7702137602622958, 'patch_size': 0.2, 'side': 'left', 'stabilize_anchor': False}]"
6,3,30,0.0,0.0,"[{'x_offset': 0.9310178067524415, 'y_offset': 0.4618678226377295, 'z_offset': 1.3912030911479931, 'patch_size': 0.2, 'side': 'right', 'stabilize_anchor': False}, {'x_offset': 1.275063235984533, 'y_offset': -0.6447119626221013, 'z_offset': 1.7702137602622958, 'patch_size': 0.2, 'side': 'left', 'stabilize_anchor': False}, {'x_offset': 0.22208386122187607, 'y_offset': 0.732341258283804, 'z_offset': 1.3398787637610268, 'patch_size': 0.2, 'side': 'left', 'stabilize_anchor': False}]"
6,4,30,0.3983483612537384,0.10000000149011612,"[{'x_offset': 0.9310178067524415, 'y_offset': 0.4618678226377295, 'z_offset': 1.3912030911479931, 'patch_size': 0.2, 'side': 'right', 'stabilize_anchor': False}, {'x_offset': 1.275063235984533, 'y_offset': -0.6447119626221013, 'z_offset': 1.7702137602622958, 'patch_size': 0.2, 'side': 'left', 'stabilize_anchor': False}, {'x_offset': 0.22208386122187607, 'y_offset': 0.732341258283804, 'z_offset': 1.3398787637610268, 'patch_size': 0.2, 'side': 'left', 'stabilize_anchor': False}, {'x_offset': -0.5255369245625854, 'y_offset': -0.550152341884282, 'z_offset': 1.826116060610201, 'patch_size': 0.2, 'side': 'right', 'stabilize_anchor': False}]"
6,5,30,0.35620489716529846,0.0,"[{'x_offset': 0.9310178067524415, 'y_offset': 0.4618678226377295, 'z_offset': 1.3912030911479931, 'patch_size': 0.2, 'side': 'right', 'stabilize_anchor': False}, {'x_offset': 1.275063235984533, 'y_offset': -0.6447119626221013, 'z_offset': 1.7702137602622958, 'patch_size': 0.2, 'side': 'left', 'stabilize_anchor': False}, {'x_offset': 0.22208386122187607, 'y_offset': 0.732341258283804, 'z_offset': 1.3398787637610268, 'patch_size': 0.2, 'side': 'left', 'stabilize_anchor': False}, {'x_offset': -0.5255369245625854, 'y_offset': -0.550152341884282, 'z_offset': 1.826116060610201, 'patch_size': 0.2, 'side': 'right', 'stabilize_anchor': False}, {'x_offset': 1.447912622928548, 'y_offset': -0.2, 'z_offset': 0.5545701746218763, 'patch_size': 0.2, 'side': 'left', 'stabilize_anchor': False}]"
7,1,5,0.7027553915977478,0.10000000149011612,"[{'x_offset': 0.670592061555312, 'y_offset': 0.7485120170798159, 'z_offset': 0.8408325780230349, 'patch_size': 0.2, 'side': 'left', 'stabilize_anchor': False}]"
7,2,5,0.6788020730018616,0.10000000149011612,"[{'x_offset': 0.670592061555312, 'y_offset': 0.7485120170798159, 'z_offset': 0.8408325780230349, 'patch_size': 0.2, 'side': 'left', 'stabilize_anchor': False}, {'x_offset': 1.0548880708910993, 'y_offset': 0.903877557464908, 'z_offset': 1.2306689131699275, 'patch_size': 0.2, 'side': 'right', 'stabilize_anchor': False}]"
7,3,5,0.6818874478340149,0.10000000149011612,"[{'x_offset': 0.670592061555312, 'y_offset': 0.7485120170798159, 'z_offset': 0.8408325780230349, 'patch_size': 0.2, 'side': 'left', 'stabilize_anchor': False}, {'x_offset': 1.0548880708910993, 'y_offset': 0.903877557464908, 'z_offset': 1.2306689131699275, 'patch_size': 0.2, 'side': 'right', 'stabilize_anchor': False}, {'x_offset': -0.27152989882474465, 'y_offset': -0.17252677831869867, 'z_offset': 1.6609057571481287, 'patch_size': 0.2, 'side': 'left', 'stabilize_anchor': False}]"
7,4,5,0.6498621106147766,0.10000000149011612,"[{'x_offset': 0.670592061555312, 'y_offset': 0.7485120170798159, 'z_offset': 0.8408325780230349, 'patch_size': 0.2, 'side': 'left', 'stabilize_anchor': False}, {'x_offset': 1.0548880708910993, 'y_offset': 0.903877557464908, 'z_offset': 1.2306689131699275, 'patch_size': 0.2, 'side': 'right', 'stabilize_anchor': False}, {'x_offset': -0.27152989882474465, 'y_offset': -0.17252677831869867, 'z_offset': 1.6609057571481287, 'patch_size': 0.2, 'side': 'left', 'stabilize_anchor': False}, {'x_offset': -0.6975950269382749, 'y_offset': -0.358423458575185, 'z_offset': 0.2399179053258078, 'patch_size': 0.2, 'side': 'right', 'stabilize_anchor': False}]"
7,5,5,0.6428043246269226,0.0,"[{'x_offset': 0.670592061555312, 'y_offset': 0.7485120170798159, 'z_offset': 0.8408325780230349, 'patch_size': 0.2, 'side': 'left', 'stabilize_anchor': False}, {'x_offset': 1.0548880708910993, 'y_offset': 0.903877557464908, 'z_offset': 1.2306689131699275, 'patch_size': 0.2, 'side': 'right', 'stabilize_anchor': False}, {'x_offset': -0.27152989882474465, 'y_offset': -0.17252677831869867, 'z_offset': 1.6609057571481287, 'patch_size': 0.2, 'side': 'left', 'stabilize_anchor': False}, {'x_offset': -0.6975950269382749, 'y_offset': -0.358423458575185, 'z_offset': 0.2399179053258078, 'patch_size': 0.2, 'side': 'right', 'stabilize_anchor': False}, {'x_offset': -0.23904796154510877, 'y_offset': 0.08142922451222767, 'z_offset': 0.7088992044845089, 'patch_size': 0.2, 'side': 'right', 'stabilize_anchor': False}]"
7,1,10,0.7302406430244446,0.10000000149011612,"[{'x_offset': 0.670592061555312, 'y_offset': 0.7485120170798159, 'z_offset': 0.8408325780230349, 'patch_size': 0.2, 'side': 'left', 'stabilize_anchor': False}]"
7,2,10,0.7061827182769775,0.10000000149011612,"[{'x_offset': 0.670592061555312, 'y_offset': 0.7485120170798159, 'z_offset': 0.8408325780230349, 'patch_size': 0.2, 'side': 'left', 'stabilize_anchor': False}, {'x_offset': 1.0548880708910993, 'y_offset': 0.903877557464908, 'z_offset': 1.2306689131699275, 'patch_size': 0.2, 'side': 'right', 'stabilize_anchor': False}]"
7,3,10,0.7275383472442627,0.10000000149011612,"[{'x_offset': 0.670592061555312, 'y_offset': 0.7485120170798159, 'z_offset': 0.8408325780230349, 'patch_size': 0.2, 'side': 'left', 'stabilize_anchor': False}, {'x_offset': 1.0548880708910993, 'y_offset': 0.903877557464908, 'z_offset': 1.2306689131699275, 'patch_size': 0.2, 'side': 'right', 'stabilize_anchor': False}, {'x_offset': -0.27152989882474465, 'y_offset': -0.17252677831869867, 'z_offset': 1.6609057571481287, 'patch_size': 0.2, 'side': 'left', 'stabilize_anchor': False}]"
7,4,10,0.717930257320404,0.10000000149011612,"[{'x_offset': 0.670592061555312, 'y_offset': 0.7485120170798159, 'z_offset': 0.8408325780230349, 'patch_size': 0.2, 'side': 'left', 'stabilize_anchor': False}, {'x_offset': 1.0548880708910993, 'y_offset': 0.903877557464908, 'z_offset': 1.2306689131699275, 'patch_size': 0.2, 'side': 'right', 'stabilize_anchor': False}, {'x_offset': -0.27152989882474465, 'y_offset': -0.17252677831869867, 'z_offset': 1.6609057571481287, 'patch_size': 0.2, 'side': 'left', 'stabilize_anchor': False}, {'x_offset': -0.6975950269382749, 'y_offset': -0.358423458575185, 'z_offset': 0.2399179053258078, 'patch_size': 0.2, 'side': 'right', 'stabilize_anchor': False}]"
7,5,10,0.6702117919921875,0.0,"[{'x_offset': 0.670592061555312, 'y_offset': 0.7485120170798159, 'z_offset': 0.8408325780230349, 'patch_size': 0.2, 'side': 'left', 'stabilize_anchor': False}, {'x_offset': 1.0548880708910993, 'y_offset': 0.903877557464908, 'z_offset': 1.2306689131699275, 'patch_size': 0.2, 'side': 'right', 'stabilize_anchor': False}, {'x_offset': -0.27152989882474465, 'y_offset': -0.17252677831869867, 'z_offset': 1.6609057571481287, 'patch_size': 0.2, 'side': 'left', 'stabilize_anchor': False}, {'x_offset': -0.6975950269382749, 'y_offset': -0.358423458575185, 'z_offset': 0.2399179053258078, 'patch_size': 0.2, 'side': 'right', 'stabilize_anchor': False}, {'x_offset': -0.23904796154510877, 'y_offset': 0.08142922451222767, 'z_offset': 0.7088992044845089, 'patch_size': 0.2, 'side': 'right', 'stabilize_anchor': False}]"
7,1,15,0.6093230843544006,0.10000000149011612,"[{'x_offset': 0.670592061555312, 'y_offset': 0.7485120170798159, 'z_offset': 0.8408325780230349, 'patch_size': 0.2, 'side': 'left', 'stabilize_anchor': False}]"
7,2,15,0.552597165107727,0.10000000149011612,"[{'x_offset': 0.670592061555312, 'y_offset': 0.7485120170798159, 'z_offset': 0.8408325780230349, 'patch_size': 0.2, 'side': 'left', 'stabilize_anchor': False}, {'x_offset': 1.0548880708910993, 'y_offset': 0.903877557464908, 'z_offset': 1.2306689131699275, 'patch_size': 0.2, 'side': 'right', 'stabilize_anchor': False}]"
7,3,15,0.5482373833656311,0.10000000149011612,"[{'x_offset': 0.670592061555312, 'y_offset': 0.7485120170798159, 'z_offset': 0.8408325780230349, 'patch_size': 0.2, 'side': 'left', 'stabilize_anchor': False}, {'x_offset': 1.0548880708910993, 'y_offset': 0.903877557464908, 'z_offset': 1.2306689131699275, 'patch_size': 0.2, 'side': 'right', 'stabilize_anchor': False}, {'x_offset': -0.27152989882474465, 'y_offset': -0.17252677831869867, 'z_offset': 1.6609057571481287, 'patch_size': 0.2, 'side': 'left', 'stabilize_anchor': False}]"
7,4,15,0.5794560313224792,0.10000000149011612,"[{'x_offset': 0.670592061555312, 'y_offset': 0.7485120170798159, 'z_offset': 0.8408325780230349, 'patch_size': 0.2, 'side': 'left', 'stabilize_anchor': False}, {'x_offset': 1.0548880708910993, 'y_offset': 0.903877557464908, 'z_offset': 1.2306689131699275, 'patch_size': 0.2, 'side': 'right', 'stabilize_anchor': False}, {'x_offset': -0.27152989882474465, 'y_offset': -0.17252677831869867, 'z_offset': 1.6609057571481287, 'patch_size': 0.2, 'side': 'left', 'stabilize_anchor': False}, {'x_offset': -0.6975950269382749, 'y_offset': -0.358423458575185, 'z_offset': 0.2399179053258078, 'patch_size': 0.2, 'side': 'right', 'stabilize_anchor': False}]"
7,5,15,0.5350293517112732,0.10000000149011612,"[{'x_offset': 0.670592061555312, 'y_offset': 0.7485120170798159, 'z_offset': 0.8408325780230349, 'patch_size': 0.2, 'side': 'left', 'stabilize_anchor': False}, {'x_offset': 1.0548880708910993, 'y_offset': 0.903877557464908, 'z_offset': 1.2306689131699275, 'patch_size': 0.2, 'side': 'right', 'stabilize_anchor': False}, {'x_offset': -0.27152989882474465, 'y_offset': -0.17252677831869867, 'z_offset': 1.6609057571481287, 'patch_size': 0.2, 'side': 'left', 'stabilize_anchor': False}, {'x_offset': -0.6975950269382749, 'y_offset': -0.358423458575185, 'z_offset': 0.2399179053258078, 'patch_size': 0.2, 'side': 'right', 'stabilize_anchor': False}, {'x_offset': -0.23904796154510877, 'y_offset': 0.08142922451222767, 'z_offset': 0.7088992044845089, 'patch_size': 0.2, 'side': 'right', 'stabilize_anchor': False}]"
7,1,20,0.3944224417209625,0.10000000149011612,"[{'x_offset': 0.670592061555312, 'y_offset': 0.7485120170798159, 'z_offset': 0.8408325780230349, 'patch_size': 0.2, 'side': 'left', 'stabilize_anchor': False}]"
7,2,20,0.41100114583969116,0.10000000149011612,"[{'x_offset': 0.670592061555312, 'y_offset': 0.7485120170798159, 'z_offset': 0.8408325780230349, 'patch_size': 0.2, 'side': 'left', 'stabilize_anchor': False}, {'x_offset': 1.0548880708910993, 'y_offset': 0.903877557464908, 'z_offset': 1.2306689131699275, 'patch_size': 0.2, 'side': 'right', 'stabilize_anchor': False}]"
7,3,20,0.374590128660202,0.10000000149011612,"[{'x_offset': 0.670592061555312, 'y_offset': 0.7485120170798159, 'z_offset': 0.8408325780230349, 'patch_size': 0.2, 'side': 'left', 'stabilize_anchor': False}, {'x_offset': 1.0548880708910993, 'y_offset': 0.903877557464908, 'z_offset': 1.2306689131699275, 'patch_size': 0.2, 'side': 'right', 'stabilize_anchor': False}, {'x_offset': -0.27152989882474465, 'y_offset': -0.17252677831869867, 'z_offset': 1.6609057571481287, 'patch_size': 0.2, 'side': 'left', 'stabilize_anchor': False}]"
7,4,20,0.38205164670944214,0.10000000149011612,"[{'x_offset': 0.670592061555312, 'y_offset': 0.7485120170798159, 'z_offset': 0.8408325780230349, 'patch_size': 0.2, 'side': 'left', 'stabilize_anchor': False}, {'x_offset': 1.0548880708910993, 'y_offset': 0.903877557464908, 'z_offset': 1.2306689131699275, 'patch_size': 0.2, 'side': 'right', 'stabilize_anchor': False}, {'x_offset': -0.27152989882474465, 'y_offset': -0.17252677831869867, 'z_offset': 1.6609057571481287, 'patch_size': 0.2, 'side': 'left', 'stabilize_anchor': False}, {'x_offset': -0.6975950269382749, 'y_offset': -0.358423458575185, 'z_offset': 0.2399179053258078, 'patch_size': 0.2, 'side': 'right', 'stabilize_anchor': False}]"
7,5,20,0.0,0.10000000149011612,"[{'x_offset': 0.670592061555312, 'y_offset': 0.7485120170798159, 'z_offset': 0.8408325780230349, 'patch_size': 0.2, 'side': 'left', 'stabilize_anchor': False}, {'x_offset': 1.0548880708910993, 'y_offset': 0.903877557464908, 'z_offset': 1.2306689131699275, 'patch_size': 0.2, 'side': 'right', 'stabilize_anchor': False}, {'x_offset': -0.27152989882474465, 'y_offset': -0.17252677831869867, 'z_offset': 1.6609057571481287, 'patch_size': 0.2, 'side': 'left', 'stabilize_anchor': False}, {'x_offset': -0.6975950269382749, 'y_offset': -0.358423458575185, 'z_offset': 0.2399179053258078, 'patch_size': 0.2, 'side': 'right', 'stabilize_anchor': False}, {'x_offset': -0.23904796154510877, 'y_offset': 0.08142922451222767, 'z_offset': 0.7088992044845089, 'patch_size': 0.2, 'side': 'right', 'stabilize_anchor': False}]"
7,1,25,0.6097889542579651,0.0,"[{'x_offset': 0.670592061555312, 'y_offset': 0.7485120170798159, 'z_offset': 0.8408325780230349, 'patch_size': 0.2, 'side': 'left', 'stabilize_anchor': False}]"
7,2,25,0.48128798604011536,0.10000000149011612,"[{'x_offset': 0.670592061555312, 'y_offset': 0.7485120170798159, 'z_offset': 0.8408325780230349, 'patch_size': 0.2, 'side': 'left', 'stabilize_anchor': False}, {'x_offset': 1.0548880708910993, 'y_offset': 0.903877557464908, 'z_offset': 1.2306689131699275, 'patch_size': 0.2, 'side': 'right', 'stabilize_anchor': False}]"
7,3,25,0.6389946341514587,0.10000000149011612,"[{'x_offset': 0.670592061555312, 'y_offset': 0.7485120170798159, 'z_offset': 0.8408325780230349, 'patch_size': 0.2, 'side': 'left', 'stabilize_anchor': False}, {'x_offset': 1.0548880708910993, 'y_offset': 0.903877557464908, 'z_offset': 1.2306689131699275, 'patch_size': 0.2, 'side': 'right', 'stabilize_anchor': False}, {'x_offset': -0.27152989882474465, 'y_offset': -0.17252677831869867, 'z_offset': 1.6609057571481287, 'patch_size': 0.2, 'side': 'left', 'stabilize_anchor': False}]"
7,4,25,0.43677157163619995,0.10000000149011612,"[{'x_offset': 0.670592061555312, 'y_offset': 0.7485120170798159, 'z_offset': 0.8408325780230349, 'patch_size': 0.2, 'side': 'left', 'stabilize_anchor': False}, {'x_offset': 1.0548880708910993, 'y_offset': 0.903877557464908, 'z_offset': 1.2306689131699275, 'patch_size': 0.2, 'side': 'right', 'stabilize_anchor': False}, {'x_offset': -0.27152989882474465, 'y_offset': -0.17252677831869867, 'z_offset': 1.6609057571481287, 'patch_size': 0.2, 'side': 'left', 'stabilize_anchor': False}, {'x_offset': -0.6975950269382749, 'y_offset': -0.358423458575185, 'z_offset': 0.2399179053258078, 'patch_size': 0.2, 'side': 'right', 'stabilize_anchor': False}]"
7,5,25,0.5289480090141296,0.10000000149011612,"[{'x_offset': 0.670592061555312, 'y_offset': 0.7485120170798159, 'z_offset': 0.8408325780230349, 'patch_size': 0.2, 'side': 'left', 'stabilize_anchor': False}, {'x_offset': 1.0548880708910993, 'y_offset': 0.903877557464908, 'z_offset': 1.2306689131699275, 'patch_size': 0.2, 'side': 'right', 'stabilize_anchor': False}, {'x_offset': -0.27152989882474465, 'y_offset': -0.17252677831869867, 'z_offset': 1.6609057571481287, 'patch_size': 0.2, 'side': 'left', 'stabilize_anchor': False}, {'x_offset': -0.6975950269382749, 'y_offset': -0.358423458575185, 'z_offset': 0.2399179053258078, 'patch_size': 0.2, 'side': 'right', 'stabilize_anchor': False}, {'x_offset': -0.23904796154510877, 'y_offset': 0.08142922451222767, 'z_offset': 0.7088992044845089, 'patch_size': 0.2, 'side': 'right', 'stabilize_anchor': False}]"
7,1,30,0.35745054483413696,0.10000000149011612,"[{'x_offset': 0.670592061555312, 'y_offset': 0.7485120170798159, 'z_offset': 0.8408325780230349, 'patch_size': 0.2, 'side': 'left', 'stabilize_anchor': False}]"
7,2,30,0.0,0.0,"[{'x_offset': 0.670592061555312, 'y_offset': 0.7485120170798159, 'z_offset': 0.8408325780230349, 'patch_size': 0.2, 'side': 'left', 'stabilize_anchor': False}, {'x_offset': 1.0548880708910993, 'y_offset': 0.903877557464908, 'z_offset': 1.2306689131699275, 'patch_size': 0.2, 'side': 'right', 'stabilize_anchor': False}]"
7,3,30,0.4543735980987549,0.0,"[{'x_offset': 0.670592061555312, 'y_offset': 0.7485120170798159, 'z_offset': 0.8408325780230349, 'patch_size': 0.2, 'side': 'left', 'stabilize_anchor': False}, {'x_offset': 1.0548880708910993, 'y_offset': 0.903877557464908, 'z_offset': 1.2306689131699275, 'patch_size': 0.2, 'side': 'right', 'stabilize_anchor': False}, {'x_offset': -0.27152989882474465, 'y_offset': -0.17252677831869867, 'z_offset': 1.6609057571481287, 'patch_size': 0.2, 'side': 'left', 'stabilize_anchor': False}]"
7,4,30,0.36960357427597046,0.0,"[{'x_offset': 0.670592061555312, 'y_offset': 0.7485120170798159, 'z_offset': 0.8408325780230349, 'patch_size': 0.2, 'side': 'left', 'stabilize_anchor': False}, {'x_offset': 1.0548880708910993, 'y_offset': 0.903877557464908, 'z_offset': 1.2306689131699275, 'patch_size': 0.2, 'side': 'right', 'stabilize_anchor': False}, {'x_offset': -0.27152989882474465, 'y_offset': -0.17252677831869867, 'z_offset': 1.6609057571481287, 'patch_size': 0.2, 'side': 'left', 'stabilize_anchor': False}, {'x_offset': -0.6975950269382749, 'y_offset': -0.358423458575185, 'z_offset': 0.2399179053258078, 'patch_size': 0.2, 'side': 'right', 'stabilize_anchor': False}]"
7,5,30,0.4008687436580658,0.0,"[{'x_offset': 0.670592061555312, 'y_offset': 0.7485120170798159, 'z_offset': 0.8408325780230349, 'patch_size': 0.2, 'side': 'left', 'stabilize_anchor': False}, {'x_offset': 1.0548880708910993, 'y_offset': 0.903877557464908, 'z_offset': 1.2306689131699275, 'patch_size': 0.2, 'side': 'right', 'stabilize_anchor': False}, {'x_offset': -0.27152989882474465, 'y_offset': -0.17252677831869867, 'z_offset': 1.6609057571481287, 'patch_size': 0.2, 'side': 'left', 'stabilize_anchor': False}, {'x_offset': -0.6975950269382749, 'y_offset': -0.358423458575185, 'z_offset': 0.2399179053258078, 'patch_size': 0.2, 'side': 'right', 'stabilize_anchor': False}, {'x_offset': -0.23904796154510877, 'y_offset': 0.08142922451222767, 'z_offset': 0.7088992044845089, 'patch_size': 0.2, 'side': 'right', 'stabilize_anchor': False}]"
8,1,5,0.688389003276825,0.10000000149011612,"[{'x_offset': 0.8285085202387759, 'y_offset': 0.48576965454669785, 'z_offset': 0.8674079383436686, 'patch_size': 0.2, 'side': 'right', 'stabilize_anchor': False}]"
8,2,5,0.7101680040359497,0.10000000149011612,"[{'x_offset': 0.8285085202387759, 'y_offset': 0.48576965454669785, 'z_offset': 0.8674079383436686, 'patch_size': 0.2, 'side': 'right', 'stabilize_anchor': False}, {'x_offset': -0.9360788615655843, 'y_offset': 0.8759189284198583, 'z_offset': 1.8395455470381885, 'patch_size': 0.2, 'side': 'left', 'stabilize_anchor': False}]"
8,3,5,0.7308861017227173,0.0,"[{'x_offset': 0.8285085202387759, 'y_offset': 0.48576965454669785, 'z_offset': 0.8674079383436686, 'patch_size': 0.2, 'side': 'right', 'stabilize_anchor': False}, {'x_offset': -0.9360788615655843, 'y_offset': 0.8759189284198583, 'z_offset': 1.8395455470381885, 'patch_size': 0.2, 'side': 'left', 'stabilize_anchor': False}, {'x_offset': 0.9182819691498343, 'y_offset': 0.20882601568176518, 'z_offset': 0.9273495841269943, 'patch_size': 0.2, 'side': 'left', 'stabilize_anchor': False}]"
8,4,5,0.6849344968795776,0.0,"[{'x_offset': 0.8285085202387759, 'y_offset': 0.48576965454669785, 'z_offset': 0.8674079383436686, 'patch_size': 0.2, 'side': 'right', 'stabilize_anchor': False}, {'x_offset': -0.9360788615655843, 'y_offset': 0.8759189284198583, 'z_offset': 1.8395455470381885, 'patch_size': 0.2, 'side': 'left', 'stabilize_anchor': False}, {'x_offset': 0.9182819691498343, 'y_offset': 0.20882601568176518, 'z_offset': 0.9273495841269943, 'patch_size': 0.2, 'side': 'left', 'stabilize_anchor': False}, {'x_offset': -0.35673400255918386, 'y_offset': -0.24894920150777167, 'z_offset': 0.2702723920798846, 'patch_size': 0.2, 'side': 'right', 'stabilize_anchor': False}]"
8,5,5,0.6827857494354248,0.0,"[{'x_offset': 0.8285085202387759, 'y_offset': 0.48576965454669785, 'z_offset': 0.8674079383436686, 'patch_size': 0.2, 'side': 'right', 'stabilize_anchor': False}, {'x_offset': -0.9360788615655843, 'y_offset': 0.8759189284198583, 'z_offset': 1.8395455470381885, 'patch_size': 0.2, 'side': 'left', 'stabilize_anchor': False}, {'x_offset': 0.9182819691498343, 'y_offset': 0.20882601568176518, 'z_offset': 0.9273495841269943, 'patch_size': 0.2, 'side': 'left', 'stabilize_anchor': False}, {'x_offset': -0.35673400255918386, 'y_offset': -0.24894920150777167, 'z_offset': 0.2702723920798846, 'patch_size': 0.2, 'side': 'right', 'stabilize_anchor': False}, {'x_offset': 0.8087527636641405, 'y_offset': -0.22628830092538554, 'z_offset': 2.251366099460091, 'patch_size': 0.2, 'side': 'left', 'stabilize_anchor': False}]"
8,1,10,0.7294892072677612,0.0,"[{'x_offset': 0.8285085202387759, 'y_offset': 0.48576965454669785, 'z_offset': 0.8674079383436686, 'patch_size': 0.2, 'side': 'right', 'stabilize_anchor': False}]"
8,2,10,0.7268494367599487,0.0,"[{'x_offset': 0.8285085202387759, 'y_offset': 0.48576965454669785, 'z_offset': 0.8674079383436686, 'patch_size': 0.2, 'side': 'right', 'stabilize_anchor': False}, {'x_offset': -0.9360788615655843, 'y_offset': 0.8759189284198583, 'z_offset': 1.8395455470381885, 'patch_size': 0.2, 'side': 'left', 'stabilize_anchor': False}]"
8,3,10,0.74632728099823,0.0,"[{'x_offset': 0.8285085202387759, 'y_offset': 0.48576965454669785, 'z_offset': 0.8674079383436686, 'patch_size': 0.2, 'side': 'right', 'stabilize_anchor': False}, {'x_offset': -0.9360788615655843, 'y_offset': 0.8759189284198583, 'z_offset': 1.8395455470381885, 'patch_size': 0.2, 'side': 'left', 'stabilize_anchor': False}, {'x_offset': 0.9182819691498343, 'y_offset': 0.20882601568176518, 'z_offset': 0.9273495841269943, 'patch_size': 0.2, 'side': 'left', 'stabilize_anchor': False}]"
8,4,10,0.6741251945495605,0.0,"[{'x_offset': 0.8285085202387759, 'y_offset': 0.48576965454669785, 'z_offset': 0.8674079383436686, 'patch_size': 0.2, 'side': 'right', 'stabilize_anchor': False}, {'x_offset': -0.9360788615655843, 'y_offset': 0.8759189284198583, 'z_offset': 1.8395455470381885, 'patch_size': 0.2, 'side': 'left', 'stabilize_anchor': False}, {'x_offset': 0.9182819691498343, 'y_offset': 0.20882601568176518, 'z_offset': 0.9273495841269943, 'patch_size': 0.2, 'side': 'left', 'stabilize_anchor': False}, {'x_offset': -0.35673400255918386, 'y_offset': -0.24894920150777167, 'z_offset': 0.2702723920798846, 'patch_size': 0.2, 'side': 'right', 'stabilize_anchor': False}]"
8,5,10,0.6874587535858154,0.0,"[{'x_offset': 0.8285085202387759, 'y_offset': 0.48576965454669785, 'z_offset': 0.8674079383436686, 'patch_size': 0.2, 'side': 'right', 'stabilize_anchor': False}, {'x_offset': -0.9360788615655843, 'y_offset': 0.8759189284198583, 'z_offset': 1.8395455470381885, 'patch_size': 0.2, 'side': 'left', 'stabilize_anchor': False}, {'x_offset': 0.9182819691498343, 'y_offset': 0.20882601568176518, 'z_offset': 0.9273495841269943, 'patch_size': 0.2, 'side': 'left', 'stabilize_anchor': False}, {'x_offset': -0.35673400255918386, 'y_offset': -0.24894920150777167, 'z_offset': 0.2702723920798846, 'patch_size': 0.2, 'side': 'right', 'stabilize_anchor': False}, {'x_offset': 0.8087527636641405, 'y_offset': -0.22628830092538554, 'z_offset': 2.251366099460091, 'patch_size': 0.2, 'side': 'left', 'stabilize_anchor': False}]"
8,1,15,0.6021092534065247,0.0,"[{'x_offset': 0.8285085202387759, 'y_offset': 0.48576965454669785, 'z_offset': 0.8674079383436686, 'patch_size': 0.2, 'side': 'right', 'stabilize_anchor': False}]"
8,2,15,0.5993832945823669,0.0,"[{'x_offset': 0.8285085202387759, 'y_offset': 0.48576965454669785, 'z_offset': 0.8674079383436686, 'patch_size': 0.2, 'side': 'right', 'stabilize_anchor': False}, {'x_offset': -0.9360788615655843, 'y_offset': 0.8759189284198583, 'z_offset': 1.8395455470381885, 'patch_size': 0.2, 'side': 'left', 'stabilize_anchor': False}]"
8,3,15,0.5770061612129211,0.0,"[{'x_offset': 0.8285085202387759, 'y_offset': 0.48576965454669785, 'z_offset': 0.8674079383436686, 'patch_size': 0.2, 'side': 'right', 'stabilize_anchor': False}, {'x_offset': -0.9360788615655843, 'y_offset': 0.8759189284198583, 'z_offset': 1.8395455470381885, 'patch_size': 0.2, 'side': 'left', 'stabilize_anchor': False}, {'x_offset': 0.9182819691498343, 'y_offset': 0.20882601568176518, 'z_offset': 0.9273495841269943, 'patch_size': 0.2, 'side': 'left', 'stabilize_anchor': False}]"
8,4,15,0.5276401042938232,0.0,"[{'x_offset': 0.8285085202387759, 'y_offset': 0.48576965454669785, 'z_offset': 0.8674079383436686, 'patch_size': 0.2, 'side': 'right', 'stabilize_anchor': False}, {'x_offset': -0.9360788615655843, 'y_offset': 0.8759189284198583, 'z_offset': 1.8395455470381885, 'patch_size': 0.2, 'side': 'left', 'stabilize_anchor': False}, {'x_offset': 0.9182819691498343, 'y_offset': 0.20882601568176518, 'z_offset': 0.9273495841269943, 'patch_size': 0.2, 'side': 'left', 'stabilize_anchor': False}, {'x_offset': -0.35673400255918386, 'y_offset': -0.24894920150777167, 'z_offset': 0.2702723920798846, 'patch_size': 0.2, 'side': 'right', 'stabilize_anchor': False}]"
8,5,15,0.5904854536056519,0.0,"[{'x_offset': 0.8285085202387759, 'y_offset': 0.48576965454669785, 'z_offset': 0.8674079383436686, 'patch_size': 0.2, 'side': 'right', 'stabilize_anchor': False}, {'x_offset': -0.9360788615655843, 'y_offset': 0.8759189284198583, 'z_offset': 1.8395455470381885, 'patch_size': 0.2, 'side': 'left', 'stabilize_anchor': False}, {'x_offset': 0.9182819691498343, 'y_offset': 0.20882601568176518, 'z_offset': 0.9273495841269943, 'patch_size': 0.2, 'side': 'left', 'stabilize_anchor': False}, {'x_offset': -0.35673400255918386, 'y_offset': -0.24894920150777167, 'z_offset': 0.2702723920798846, 'patch_size': 0.2, 'side': 'right', 'stabilize_anchor': False}, {'x_offset': 0.8087527636641405, 'y_offset': -0.22628830092538554, 'z_offset': 2.251366099460091, 'patch_size': 0.2, 'side': 'left', 'stabilize_anchor': False}]"
8,1,20,0.4267432391643524,0.10000000149011612,"[{'x_offset': 0.8285085202387759, 'y_offset': 0.48576965454669785, 'z_offset': 0.8674079383436686, 'patch_size': 0.2, 'side': 'right', 'stabilize_anchor': False}]"
8,2,20,0.4810846149921417,0.0,"[{'x_offset': 0.8285085202387759, 'y_offset': 0.48576965454669785, 'z_offset': 0.8674079383436686, 'patch_size': 0.2, 'side': 'right', 'stabilize_anchor': False}, {'x_offset': -0.9360788615655843, 'y_offset': 0.8759189284198583, 'z_offset': 1.8395455470381885, 'patch_size': 0.2, 'side': 'left', 'stabilize_anchor': False}]"
8,3,20,0.45639026165008545,0.0,"[{'x_offset': 0.8285085202387759, 'y_offset': 0.48576965454669785, 'z_offset': 0.8674079383436686, 'patch_size': 0.2, 'side': 'right', 'stabilize_anchor': False}, {'x_offset': -0.9360788615655843, 'y_offset': 0.8759189284198583, 'z_offset': 1.8395455470381885, 'patch_size': 0.2, 'side': 'left', 'stabilize_anchor': False}, {'x_offset': 0.9182819691498343, 'y_offset': 0.20882601568176518, 'z_offset': 0.9273495841269943, 'patch_size': 0.2, 'side': 'left', 'stabilize_anchor': False}]"
8,4,20,0.4559084475040436,0.10000000149011612,"[{'x_offset': 0.8285085202387759, 'y_offset': 0.48576965454669785, 'z_offset': 0.8674079383436686, 'patch_size': 0.2, 'side': 'right', 'stabilize_anchor': False}, {'x_offset': -0.9360788615655843, 'y_offset': 0.8759189284198583, 'z_offset': 1.8395455470381885, 'patch_size': 0.2, 'side': 'left', 'stabilize_anchor': False}, {'x_offset': 0.9182819691498343, 'y_offset': 0.20882601568176518, 'z_offset': 0.9273495841269943, 'patch_size': 0.2, 'side': 'left', 'stabilize_anchor': False}, {'x_offset': -0.35673400255918386, 'y_offset': -0.24894920150777167, 'z_offset': 0.2702723920798846, 'patch_size': 0.2, 'side': 'right', 'stabilize_anchor': False}]"
8,5,20,0.4569920301437378,0.10000000149011612,"[{'x_offset': 0.8285085202387759, 'y_offset': 0.48576965454669785, 'z_offset': 0.8674079383436686, 'patch_size': 0.2, 'side': 'right', 'stabilize_anchor': False}, {'x_offset': -0.9360788615655843, 'y_offset': 0.8759189284198583, 'z_offset': 1.8395455470381885, 'patch_size': 0.2, 'side': 'left', 'stabilize_anchor': False}, {'x_offset': 0.9182819691498343, 'y_offset': 0.20882601568176518, 'z_offset': 0.9273495841269943, 'patch_size': 0.2, 'side': 'left', 'stabilize_anchor': False}, {'x_offset': -0.35673400255918386, 'y_offset': -0.24894920150777167, 'z_offset': 0.2702723920798846, 'patch_size': 0.2, 'side': 'right', 'stabilize_anchor': False}, {'x_offset': 0.8087527636641405, 'y_offset': -0.22628830092538554, 'z_offset': 2.251366099460091, 'patch_size': 0.2, 'side': 'left', 'stabilize_anchor': False}]"
8,1,25,0.6056361198425293,0.0,"[{'x_offset': 0.8285085202387759, 'y_offset': 0.48576965454669785, 'z_offset': 0.8674079383436686, 'patch_size': 0.2, 'side': 'right', 'stabilize_anchor': False}]"
8,2,25,0.6498969793319702,0.0,"[{'x_offset': 0.8285085202387759, 'y_offset': 0.48576965454669785, 'z_offset': 0.8674079383436686, 'patch_size': 0.2, 'side': 'right', 'stabilize_anchor': False}, {'x_offset': -0.9360788615655843, 'y_offset': 0.8759189284198583, 'z_offset': 1.8395455470381885, 'patch_size': 0.2, 'side': 'left', 'stabilize_anchor': False}]"
8,3,25,0.5438075065612793,0.10000000149011612,"[{'x_offset': 0.8285085202387759, 'y_offset': 0.48576965454669785, 'z_offset': 0.8674079383436686, 'patch_size': 0.2, 'side': 'right', 'stabilize_anchor': False}, {'x_offset': -0.9360788615655843, 'y_offset': 0.8759189284198583, 'z_offset': 1.8395455470381885, 'patch_size': 0.2, 'side': 'left', 'stabilize_anchor': False}, {'x_offset': 0.9182819691498343, 'y_offset': 0.20882601568176518, 'z_offset': 0.9273495841269943, 'patch_size': 0.2, 'side': 'left', 'stabilize_anchor': False}]"
8,4,25,0.4499957859516144,0.0,"[{'x_offset': 0.8285085202387759, 'y_offset': 0.48576965454669785, 'z_offset': 0.8674079383436686, 'patch_size': 0.2, 'side': 'right', 'stabilize_anchor': False}, {'x_offset': -0.9360788615655843, 'y_offset': 0.8759189284198583, 'z_offset': 1.8395455470381885, 'patch_size': 0.2, 'side': 'left', 'stabilize_anchor': False}, {'x_offset': 0.9182819691498343, 'y_offset': 0.20882601568176518, 'z_offset': 0.9273495841269943, 'patch_size': 0.2, 'side': 'left', 'stabilize_anchor': False}, {'x_offset': -0.35673400255918386, 'y_offset': -0.24894920150777167, 'z_offset': 0.2702723920798846, 'patch_size': 0.2, 'side': 'right', 'stabilize_anchor': False}]"
8,5,25,0.5365033149719238,0.0,"[{'x_offset': 0.8285085202387759, 'y_offset': 0.48576965454669785, 'z_offset': 0.8674079383436686, 'patch_size': 0.2, 'side': 'right', 'stabilize_anchor': False}, {'x_offset': -0.9360788615655843, 'y_offset': 0.8759189284198583, 'z_offset': 1.8395455470381885, 'patch_size': 0.2, 'side': 'left', 'stabilize_anchor': False}, {'x_offset': 0.9182819691498343, 'y_offset': 0.20882601568176518, 'z_offset': 0.9273495841269943, 'patch_size': 0.2, 'side': 'left', 'stabilize_anchor': False}, {'x_offset': -0.35673400255918386, 'y_offset': -0.24894920150777167, 'z_offset': 0.2702723920798846, 'patch_size': 0.2, 'side': 'right', 'stabilize_anchor': False}, {'x_offset': 0.8087527636641405, 'y_offset': -0.22628830092538554, 'z_offset': 2.251366099460091, 'patch_size': 0.2, 'side': 'left', 'stabilize_anchor': False}]"
8,1,30,0.3787306547164917,0.0,"[{'x_offset': 0.8285085202387759, 'y_offset': 0.48576965454669785, 'z_offset': 0.8674079383436686, 'patch_size': 0.2, 'side': 'right', 'stabilize_anchor': False}]"
8,2,30,0.0,0.10000000149011612,"[{'x_offset': 0.8285085202387759, 'y_offset': 0.48576965454669785, 'z_offset': 0.8674079383436686, 'patch_size': 0.2, 'side': 'right', 'stabilize_anchor': False}, {'x_offset': -0.9360788615655843, 'y_offset': 0.8759189284198583, 'z_offset': 1.8395455470381885, 'patch_size': 0.2, 'side': 'left', 'stabilize_anchor': False}]"
8,3,30,0.49071550369262695,0.10000000149011612,"[{'x_offset': 0.8285085202387759, 'y_offset': 0.48576965454669785, 'z_offset': 0.8674079383436686, 'patch_size': 0.2, 'side': 'right', 'stabilize_anchor': False}, {'x_offset': -0.9360788615655843, 'y_offset': 0.8759189284198583, 'z_offset': 1.8395455470381885, 'patch_size': 0.2, 'side': 'left', 'stabilize_anchor': False}, {'x_offset': 0.9182819691498343, 'y_offset': 0.20882601568176518, 'z_offset': 0.9273495841269943, 'patch_size': 0.2, 'side': 'left', 'stabilize_anchor': False}]"
8,4,30,0.4707958698272705,0.10000000149011612,"[{'x_offset': 0.8285085202387759, 'y_offset': 0.48576965454669785, 'z_offset': 0.8674079383436686, 'patch_size': 0.2, 'side': 'right', 'stabilize_anchor': False}, {'x_offset': -0.9360788615655843, 'y_offset': 0.8759189284198583, 'z_offset': 1.8395455470381885, 'patch_size': 0.2, 'side': 'left', 'stabilize_anchor': False}, {'x_offset': 0.9182819691498343, 'y_offset': 0.20882601568176518, 'z_offset': 0.9273495841269943, 'patch_size': 0.2, 'side': 'left', 'stabilize_anchor': False}, {'x_offset': -0.35673400255918386, 'y_offset': -0.24894920150777167, 'z_offset': 0.2702723920798846, 'patch_size': 0.2, 'side': 'right', 'stabilize_anchor': False}]"
8,5,30,0.37733060121536255,0.0,"[{'x_offset': 0.8285085202387759, 'y_offset': 0.48576965454669785, 'z_offset': 0.8674079383436686, 'patch_size': 0.2, 'side': 'right', 'stabilize_anchor': False}, {'x_offset': -0.9360788615655843, 'y_offset': 0.8759189284198583, 'z_offset': 1.8395455470381885, 'patch_size': 0.2, 'side': 'left', 'stabilize_anchor': False}, {'x_offset': 0.9182819691498343, 'y_offset': 0.20882601568176518, 'z_offset': 0.9273495841269943, 'patch_size': 0.2, 'side': 'left', 'stabilize_anchor': False}, {'x_offset': -0.35673400255918386, 'y_offset': -0.24894920150777167, 'z_offset': 0.2702723920798846, 'patch_size': 0.2, 'side': 'right', 'stabilize_anchor': False}, {'x_offset': 0.8087527636641405, 'y_offset': -0.22628830092538554, 'z_offset': 2.251366099460091, 'patch_size': 0.2, 'side': 'left', 'stabilize_anchor': False}]"
9,1,5,0.6532243490219116,0.10000000149011612,"[{'x_offset': 1.540075710577256, 'y_offset': 0.988498454433409, 'z_offset': 0.5497490613217135, 'patch_size': 0.2, 'side': 'right', 'stabilize_anchor': False}]"
9,2,5,0.7140491008758545,0.10000000149011612,"[{'x_offset': 1.540075710577256, 'y_offset': 0.988498454433409, 'z_offset': 0.5497490613217135, 'patch_size': 0.2, 'side': 'right', 'stabilize_anchor': False}, {'x_offset': 1.0210998286286257, 'y_offset': 0.6024848942785967, 'z_offset': 1.4143640212849018, 'patch_size': 0.2, 'side': 'left', 'stabilize_anchor': False}]"
9,3,5,0.723796546459198,0.10000000149011612,"[{'x_offset': 1.540075710577256, 'y_offset': 0.988498454433409, 'z_offset': 0.5497490613217135, 'patch_size': 0.2, 'side': 'right', 'stabilize_anchor': False}, {'x_offset': 1.0210998286286257, 'y_offset': 0.6024848942785967, 'z_offset': 1.4143640212849018, 'patch_size': 0.2, 'side': 'left', 'stabilize_anchor': False}, {'x_offset': 3.285432845496656, 'y_offset': -0.5367119830201368, 'z_offset': 2.273940722141937, 'patch_size': 0.2, 'side': 'left', 'stabilize_anchor': False}]"
9,4,5,0.7130833864212036,0.10000000149011612,"[{'x_offset': 1.540075710577256, 'y_offset': 0.988498454433409, 'z_offset': 0.5497490613217135, 'patch_size': 0.2, 'side': 'right', 'stabilize_anchor': False}, {'x_offset': 1.0210998286286257, 'y_offset': 0.6024848942785967, 'z_offset': 1.4143640212849018, 'patch_size': 0.2, 'side': 'left', 'stabilize_anchor': False}, {'x_offset': 3.285432845496656, 'y_offset': -0.5367119830201368, 'z_offset': 2.273940722141937, 'patch_size': 0.2, 'side': 'left', 'stabilize_anchor': False}, {'x_offset': 0.7875128696098082, 'y_offset': 0.4975064053761642, 'z_offset': 1.3547642012374397, 'patch_size': 0.2, 'side': 'right', 'stabilize_anchor': False}]"
9,5,5,0.7316207885742188,0.10000000149011612,"[{'x_offset': 1.540075710577256, 'y_offset': 0.988498454433409, 'z_offset': 0.5497490613217135, 'patch_size': 0.2, 'side': 'right', 'stabilize_anchor': False}, {'x_offset': 1.0210998286286257, 'y_offset': 0.6024848942785967, 'z_offset': 1.4143640212849018, 'patch_size': 0.2, 'side': 'left', 'stabilize_anchor': False}, {'x_offset': 3.285432845496656, 'y_offset': -0.5367119830201368, 'z_offset': 2.273940722141937, 'patch_size': 0.2, 'side': 'left', 'stabilize_anchor': False}, {'x_offset': 0.7875128696098082, 'y_offset': 0.4975064053761642, 'z_offset': 1.3547642012374397, 'patch_size': 0.2, 'side': 'right', 'stabilize_anchor': False}, {'x_offset': -0.5111323738606796, 'y_offset': -0.19481286560162503, 'z_offset': 1.7547676632601883, 'patch_size': 0.2, 'side': 'right', 'stabilize_anchor': False}]"
9,1,10,0.7150004506111145,0.10000000149011612,"[{'x_offset': 1.540075710577256, 'y_offset': 0.988498454433409, 'z_offset': 0.5497490613217135, 'patch_size': 0.2, 'side': 'right', 'stabilize_anchor': False}]"
9,2,10,0.6891837120056152,0.10000000149011612,"[{'x_offset': 1.540075710577256, 'y_offset': 0.988498454433409, 'z_offset': 0.5497490613217135, 'patch_size': 0.2, 'side': 'right', 'stabilize_anchor': False}, {'x_offset': 1.0210998286286257, 'y_offset': 0.6024848942785967, 'z_offset': 1.4143640212849018, 'patch_size': 0.2, 'side': 'left', 'stabilize_anchor': False}]"
9,3,10,0.6921811103820801,0.10000000149011612,"[{'x_offset': 1.540075710577256, 'y_offset': 0.988498454433409, 'z_offset': 0.5497490613217135, 'patch_size': 0.2, 'side': 'right', 'stabilize_anchor': False}, {'x_offset': 1.0210998286286257, 'y_offset': 0.6024848942785967, 'z_offset': 1.4143640212849018, 'patch_size': 0.2, 'side': 'left', 'stabilize_anchor': False}, {'x_offset': 3.285432845496656, 'y_offset': -0.5367119830201368, 'z_offset': 2.273940722141937, 'patch_size': 0.2, 'side': 'left', 'stabilize_anchor': False}]"
9,4,10,0.6727584004402161,0.0,"[{'x_offset': 1.540075710577256, 'y_offset': 0.988498454433409, 'z_offset': 0.5497490613217135, 'patch_size': 0.2, 'side': 'right', 'stabilize_anchor': False}, {'x_offset': 1.0210998286286257, 'y_offset': 0.6024848942785967, 'z_offset': 1.4143640212849018, 'patch_size': 0.2, 'side': 'left', 'stabilize_anchor': False}, {'x_offset': 3.285432845496656, 'y_offset': -0.5367119830201368, 'z_offset': 2.273940722141937, 'patch_size': 0.2, 'side': 'left', 'stabilize_anchor': False}, {'x_offset': 0.7875128696098082, 'y_offset': 0.4975064053761642, 'z_offset': 1.3547642012374397, 'patch_size': 0.2, 'side': 'right', 'stabilize_anchor': False}]"
9,5,10,0.668150007724762,0.0,"[{'x_offset': 1.540075710577256, 'y_offset': 0.988498454433409, 'z_offset': 0.5497490613217135, 'patch_size': 0.2, 'side': 'right', 'stabilize_anchor': False}, {'x_offset': 1.0210998286286257, 'y_offset': 0.6024848942785967, 'z_offset': 1.4143640212849018, 'patch_size': 0.2, 'side': 'left', 'stabilize_anchor': False}, {'x_offset': 3.285432845496656, 'y_offset': -0.5367119830201368, 'z_offset': 2.273940722141937, 'patch_size': 0.2, 'side': 'left', 'stabilize_anchor': False}, {'x_offset': 0.7875128696098082, 'y_offset': 0.4975064053761642, 'z_offset': 1.3547642012374397, 'patch_size': 0.2, 'side': 'right', 'stabilize_anchor': False}, {'x_offset': -0.5111323738606796, 'y_offset': -0.19481286560162503, 'z_offset': 1.7547676632601883, 'patch_size': 0.2, 'side': 'right', 'stabilize_anchor': False}]"
9,1,15,0.6874781250953674,0.10000000149011612,"[{'x_offset': 1.540075710577256, 'y_offset': 0.988498454433409, 'z_offset': 0.5497490613217135, 'patch_size': 0.2, 'side': 'right', 'stabilize_anchor': False}]"
9,2,15,0.673542857170105,0.10000000149011612,"[{'x_offset': 1.540075710577256, 'y_offset': 0.988498454433409, 'z_offset': 0.5497490613217135, 'patch_size': 0.2, 'side': 'right', 'stabilize_anchor': False}, {'x_offset': 1.0210998286286257, 'y_offset': 0.6024848942785967, 'z_offset': 1.4143640212849018, 'patch_size': 0.2, 'side': 'left', 'stabilize_anchor': False}]"
9,3,15,0.7001469731330872,0.10000000149011612,"[{'x_offset': 1.540075710577256, 'y_offset': 0.988498454433409, 'z_offset': 0.5497490613217135, 'patch_size': 0.2, 'side': 'right', 'stabilize_anchor': False}, {'x_offset': 1.0210998286286257, 'y_offset': 0.6024848942785967, 'z_offset': 1.4143640212849018, 'patch_size': 0.2, 'side': 'left', 'stabilize_anchor': False}, {'x_offset': 3.285432845496656, 'y_offset': -0.5367119830201368, 'z_offset': 2.273940722141937, 'patch_size': 0.2, 'side': 'left', 'stabilize_anchor': False}]"
9,4,15,0.7249829173088074,0.0,"[{'x_offset': 1.540075710577256, 'y_offset': 0.988498454433409, 'z_offset': 0.5497490613217135, 'patch_size': 0.2, 'side': 'right', 'stabilize_anchor': False}, {'x_offset': 1.0210998286286257, 'y_offset': 0.6024848942785967, 'z_offset': 1.4143640212849018, 'patch_size': 0.2, 'side': 'left', 'stabilize_anchor': False}, {'x_offset': 3.285432845496656, 'y_offset': -0.5367119830201368, 'z_offset': 2.273940722141937, 'patch_size': 0.2, 'side': 'left', 'stabilize_anchor': False}, {'x_offset': 0.7875128696098082, 'y_offset': 0.4975064053761642, 'z_offset': 1.3547642012374397, 'patch_size': 0.2, 'side': 'right', 'stabilize_anchor': False}]"
9,5,15,0.7005018591880798,0.0,"[{'x_offset': 1.540075710577256, 'y_offset': 0.988498454433409, 'z_offset': 0.5497490613217135, 'patch_size': 0.2, 'side': 'right', 'stabilize_anchor': False}, {'x_offset': 1.0210998286286257, 'y_offset': 0.6024848942785967, 'z_offset': 1.4143640212849018, 'patch_size': 0.2, 'side': 'left', 'stabilize_anchor': False}, {'x_offset': 3.285432845496656, 'y_offset': -0.5367119830201368, 'z_offset': 2.273940722141937, 'patch_size': 0.2, 'side': 'left', 'stabilize_anchor': False}, {'x_offset': 0.7875128696098082, 'y_offset': 0.4975064053761642, 'z_offset': 1.3547642012374397, 'patch_size': 0.2, 'side': 'right', 'stabilize_anchor': False}, {'x_offset': -0.5111323738606796, 'y_offset': -0.19481286560162503, 'z_offset': 1.7547676632601883, 'patch_size': 0.2, 'side': 'right', 'stabilize_anchor': False}]"
9,1,20,0.6388428807258606,0.10000000149011612,"[{'x_offset': 1.540075710577256, 'y_offset': 0.988498454433409, 'z_offset': 0.5497490613217135, 'patch_size': 0.2, 'side': 'right', 'stabilize_anchor': False}]"
9,2,20,0.48987239599227905,0.10000000149011612,"[{'x_offset': 1.540075710577256, 'y_offset': 0.988498454433409, 'z_offset': 0.5497490613217135, 'patch_size': 0.2, 'side': 'right', 'stabilize_anchor': False}, {'x_offset': 1.0210998286286257, 'y_offset': 0.6024848942785967, 'z_offset': 1.4143640212849018, 'patch_size': 0.2, 'side': 'left', 'stabilize_anchor': False}]"
9,3,20,0.5408045053482056,0.10000000149011612,"[{'x_offset': 1.540075710577256, 'y_offset': 0.988498454433409, 'z_offset': 0.5497490613217135, 'patch_size': 0.2, 'side': 'right', 'stabilize_anchor': False}, {'x_offset': 1.0210998286286257, 'y_offset': 0.6024848942785967, 'z_offset': 1.4143640212849018, 'patch_size': 0.2, 'side': 'left', 'stabilize_anchor': False}, {'x_offset': 3.285432845496656, 'y_offset': -0.5367119830201368, 'z_offset': 2.273940722141937, 'patch_size': 0.2, 'side': 'left', 'stabilize_anchor': False}]"
9,4,20,0.5156540274620056,0.10000000149011612,"[{'x_offset': 1.540075710577256, 'y_offset': 0.988498454433409, 'z_offset': 0.5497490613217135, 'patch_size': 0.2, 'side': 'right', 'stabilize_anchor': False}, {'x_offset': 1.0210998286286257, 'y_offset': 0.6024848942785967, 'z_offset': 1.4143640212849018, 'patch_size': 0.2, 'side': 'left', 'stabilize_anchor': False}, {'x_offset': 3.285432845496656, 'y_offset': -0.5367119830201368, 'z_offset': 2.273940722141937, 'patch_size': 0.2, 'side': 'left', 'stabilize_anchor': False}, {'x_offset': 0.7875128696098082, 'y_offset': 0.4975064053761642, 'z_offset': 1.3547642012374397, 'patch_size': 0.2, 'side': 'right', 'stabilize_anchor': False}]"
9,5,20,0.546073317527771,0.10000000149011612,"[{'x_offset': 1.540075710577256, 'y_offset': 0.988498454433409, 'z_offset': 0.5497490613217135, 'patch_size': 0.2, 'side': 'right', 'stabilize_anchor': False}, {'x_offset': 1.0210998286286257, 'y_offset': 0.6024848942785967, 'z_offset': 1.4143640212849018, 'patch_size': 0.2, 'side': 'left', 'stabilize_anchor': False}, {'x_offset': 3.285432845496656, 'y_offset': -0.5367119830201368, 'z_offset': 2.273940722141937, 'patch_size': 0.2, 'side': 'left', 'stabilize_anchor': False}, {'x_offset': 0.7875128696098082, 'y_offset': 0.4975064053761642, 'z_offset': 1.3547642012374397, 'patch_size': 0.2, 'side': 'right', 'stabilize_anchor': False}, {'x_offset': -0.5111323738606796, 'y_offset': -0.19481286560162503, 'z_offset': 1.7547676632601883, 'patch_size': 0.2, 'side': 'right', 'stabilize_anchor': False}]"
9,1,25,0.6392321586608887,0.10000000149011612,"[{'x_offset': 1.540075710577256, 'y_offset': 0.988498454433409, 'z_offset': 0.5497490613217135, 'patch_size': 0.2, 'side': 'right', 'stabilize_anchor': False}]"
9,2,25,0.5749582648277283,0.10000000149011612,"[{'x_offset': 1.540075710577256, 'y_offset': 0.988498454433409, 'z_offset': 0.5497490613217135, 'patch_size': 0.2, 'side': 'right', 'stabilize_anchor': False}, {'x_offset': 1.0210998286286257, 'y_offset': 0.6024848942785967, 'z_offset': 1.4143640212849018, 'patch_size': 0.2, 'side': 'left', 'stabilize_anchor': False}]"
9,3,25,0.6075535416603088,0.10000000149011612,"[{'x_offset': 1.540075710577256, 'y_offset': 0.988498454433409, 'z_offset': 0.5497490613217135, 'patch_size': 0.2, 'side': 'right', 'stabilize_anchor': False}, {'x_offset': 1.0210998286286257, 'y_offset': 0.6024848942785967, 'z_offset': 1.4143640212849018, 'patch_size': 0.2, 'side': 'left', 'stabilize_anchor': False}, {'x_offset': 3.285432845496656, 'y_offset': -0.5367119830201368, 'z_offset': 2.273940722141937, 'patch_size': 0.2, 'side': 'left', 'stabilize_anchor': False}]"
9,4,25,0.558865487575531,0.10000000149011612,"[{'x_offset': 1.540075710577256, 'y_offset': 0.988498454433409, 'z_offset': 0.5497490613217135, 'patch_size': 0.2, 'side': 'right', 'stabilize_anchor': False}, {'x_offset': 1.0210998286286257, 'y_offset': 0.6024848942785967, 'z_offset': 1.4143640212849018, 'patch_size': 0.2, 'side': 'left', 'stabilize_anchor': False}, {'x_offset': 3.285432845496656, 'y_offset': -0.5367119830201368, 'z_offset': 2.273940722141937, 'patch_size': 0.2, 'side': 'left', 'stabilize_anchor': False}, {'x_offset': 0.7875128696098082, 'y_offset': 0.4975064053761642, 'z_offset': 1.3547642012374397, 'patch_size': 0.2, 'side': 'right', 'stabilize_anchor': False}]"
9,5,25,0.549733579158783,0.0,"[{'x_offset': 1.540075710577256, 'y_offset': 0.988498454433409, 'z_offset': 0.5497490613217135, 'patch_size': 0.2, 'side': 'right', 'stabilize_anchor': False}, {'x_offset': 1.0210998286286257, 'y_offset': 0.6024848942785967, 'z_offset': 1.4143640212849018, 'patch_size': 0.2, 'side': 'left', 'stabilize_anchor': False}, {'x_offset': 3.285432845496656, 'y_offset': -0.5367119830201368, 'z_offset': 2.273940722141937, 'patch_size': 0.2, 'side': 'left', 'stabilize_anchor': False}, {'x_offset': 0.7875128696098082, 'y_offset': 0.4975064053761642, 'z_offset': 1.3547642012374397, 'patch_size': 0.2, 'side': 'right', 'stabilize_anchor': False}, {'x_offset': -0.5111323738606796, 'y_offset': -0.19481286560162503, 'z_offset': 1.7547676632601883, 'patch_size': 0.2, 'side': 'right', 'stabilize_anchor': False}]"
9,1,30,0.3893207311630249,0.10000000149011612,"[{'x_offset': 1.540075710577256, 'y_offset': 0.988498454433409, 'z_offset': 0.5497490613217135, 'patch_size': 0.2, 'side': 'right', 'stabilize_anchor': False}]"
9,2,30,0.37300214171409607,0.10000000149011612,"[{'x_offset': 1.540075710577256, 'y_offset': 0.988498454433409, 'z_offset': 0.5497490613217135, 'patch_size': 0.2, 'side': 'right', 'stabilize_anchor': False}, {'x_offset': 1.0210998286286257, 'y_offset': 0.6024848942785967, 'z_offset': 1.4143640212849018, 'patch_size': 0.2, 'side': 'left', 'stabilize_anchor': False}]"
9,3,30,0.4532487392425537,0.0,"[{'x_offset': 1.540075710577256, 'y_offset': 0.988498454433409, 'z_offset': 0.5497490613217135, 'patch_size': 0.2, 'side': 'right', 'stabilize_anchor': False}, {'x_offset': 1.0210998286286257, 'y_offset': 0.6024848942785967, 'z_offset': 1.4143640212849018, 'patch_size': 0.2, 'side': 'left', 'stabilize_anchor': False}, {'x_offset': 3.285432845496656, 'y_offset': -0.5367119830201368, 'z_offset': 2.273940722141937, 'patch_size': 0.2, 'side': 'left', 'stabilize_anchor': False}]"
9,4,30,0.38717588782310486,0.0,"[{'x_offset': 1.540075710577256, 'y_offset': 0.988498454433409, 'z_offset': 0.5497490613217135, 'patch_size': 0.2, 'side': 'right', 'stabilize_anchor': False}, {'x_offset': 1.0210998286286257, 'y_offset': 0.6024848942785967, 'z_offset': 1.4143640212849018, 'patch_size': 0.2, 'side': 'left', 'stabilize_anchor': False}, {'x_offset': 3.285432845496656, 'y_offset': -0.5367119830201368, 'z_offset': 2.273940722141937, 'patch_size': 0.2, 'side': 'left', 'stabilize_anchor': False}, {'x_offset': 0.7875128696098082, 'y_offset': 0.4975064053761642, 'z_offset': 1.3547642012374397, 'patch_size': 0.2, 'side': 'right', 'stabilize_anchor': False}]"
9,5,30,0.3606049120426178,0.0,"[{'x_offset': 1.540075710577256, 'y_offset': 0.988498454433409, 'z_offset': 0.5497490613217135, 'patch_size': 0.2, 'side': 'right', 'stabilize_anchor': False}, {'x_offset': 1.0210998286286257, 'y_offset': 0.6024848942785967, 'z_offset': 1.4143640212849018, 'patch_size': 0.2, 'side': 'left', 'stabilize_anchor': False}, {'x_offset': 3.285432845496656, 'y_offset': -0.5367119830201368, 'z_offset': 2.273940722141937, 'patch_size': 0.2, 'side': 'left', 'stabilize_anchor': False}, {'x_offset': 0.7875128696098082, 'y_offset': 0.4975064053761642, 'z_offset': 1.3547642012374397, 'patch_size': 0.2, 'side': 'right', 'stabilize_anchor': False}, {'x_offset': -0.5111323738606796, 'y_offset': -0.19481286560162503, 'z_offset': 1.7547676632601883, 'patch_size': 0.2, 'side': 'right', 'stabilize_anchor': False}]"
