set_id,distance,point_rank,point_idx,w_score_center,w_score_fusion,x_offset,y_offset,z_offset,side
0,5,0,39,2.0897604677008306,2.1051709197224806,2.2933851135410652,0.8415940561223156,0.801928660059161,left
0,5,1,48,2.0860863862242534,2.1051709197224806,1.8028708424366582,0.26454339753886014,1.2209490762181587,right
0,5,2,2,2.085210304509898,2.1051709197224806,1.9284371760255157,0.8605324907810203,0.8367185564737077,left
0,5,3,25,2.0816874016102345,2.1051709197224806,1.479944830699441,0.04161397461289562,0.9255946522699446,left
0,5,4,14,2.075018047799243,2.1051709197224806,0.14339967987743596,-0.3445939492227897,1.598273364421138,left
0,5,5,8,2.0737622683685046,2.1051709197224806,3.1185300950117663,0.7059088134946507,2.297819050531398,left
0,5,6,27,2.072157606771934,2.1051709197224806,2.5676765021536454,0.5493658495261289,0.3929653901502884,right
0,5,7,46,2.0701451010573053,2.1051709197224806,2.4546568346339694,-0.2600974382917487,1.581350741725867,left
0,5,8,38,2.07011173928872,2.1051709197224806,1.2867880192978216,0.8891612314167845,1.893938013308889,right
0,5,9,4,2.0698647540791777,2.1051709197224806,-0.02874481168660925,-0.015149922571029095,2.2406581285081875,left
0,5,10,24,2.068692786171432,2.1051709197224806,3.1472716033886767,-0.3532918193827234,2.1838541987211304,left
0,5,11,21,2.067902863323387,2.1051709197224806,-0.5143988584799011,-0.257696507478818,1.1991011113465528,left
0,5,12,47,2.0673610054998104,2.1051709197224806,2.710824578906374,0.612224733889936,1.5188451421817182,right
0,5,13,32,2.06645487914543,2.1051709197224806,2.8299224243261634,-0.668117820772018,1.517785846330822,left
0,5,14,5,2.0652435142215926,2.1051709197224806,0.31014176962703344,-0.12181469926675881,1.7153140153670494,left
0,5,15,15,2.064803468572567,2.1051709197224806,-0.4269486685022058,-0.6743726210979296,1.713343083609538,right
0,5,16,20,2.0638463147317427,2.1051709197224806,-0.8684221672003253,0.7737837239076517,0.03310868424210214,left
0,5,17,11,2.063129454066072,2.1051709197224806,0.5187528412272484,0.5749952444184561,1.4213285838601908,left
0,5,18,36,2.0624403914616254,2.1051709197224806,-0.08725589170746251,0.9595818856969724,0.5191817953015864,left
0,5,19,43,2.0623864626864172,2.1051709197224806,2.8658709526378026,0.14711167240270318,2.2086485754648226,right
0,5,20,10,2.062258792652814,2.1051709197224806,1.2484496085859256,-0.4793012693176042,1.523312451737624,left
0,5,21,17,2.0619252707202884,2.1051709197224806,-0.04049737496344652,0.46840197874160094,1.4704360169406057,left
0,5,22,45,2.061680969529027,2.1051709197224806,0.795658197965524,0.3608610210337706,0.46313026805144253,right
0,5,23,37,2.0604742020704476,2.1051709197224806,-0.6593336480032554,0.9119172699572109,0.24939110634573103,left
0,5,24,30,2.060265371321968,2.1051709197224806,2.3357184040373635,0.8221358097734335,1.8434666594518667,right
0,5,25,9,2.0595569223327788,2.1051709197224806,0.023904929868625358,-0.5106581106580748,1.8399002565610532,left
0,5,26,40,2.0590252675982956,2.1051709197224806,-0.5231820284006069,0.9659058148016808,0.437635766125366,right
0,5,27,0,2.058941656873759,2.1051709197224806,1.7333321827312744,0.008729833133371612,1.5499156256372868,right
0,5,28,28,2.0579518794028933,2.1051709197224806,-0.16718101008647424,-0.622036539005686,1.9766442092796024,right
0,5,29,1,2.057313751768117,2.1051709197224806,3.085910948500077,0.007842289011644743,1.479115065467432,left
0,5,30,12,2.0570667159783733,2.1051709197224806,1.4292628591352976,0.15186182848523233,1.4399026350771353,right
0,5,31,3,2.0568224086080185,2.1051709197224806,1.6792844730731282,0.03792180556300717,1.6637328890792553,right
0,5,32,29,2.0560879963190954,2.1051709197224806,-0.25173228677722004,0.6831912874415336,2.011984941585523,left
0,5,33,13,2.0559928840824266,2.1051709197224806,-0.6479221659130066,-0.020747728150375067,1.5187866081968981,right
0,5,34,19,2.054048220103363,2.1051709197224806,3.3062420767216176,0.4081844132114596,1.4377094846041243,left
0,5,35,33,2.0536559650461736,2.1051709197224806,3.402648012776778,0.013909459206008501,2.0194970073978173,left
0,5,36,31,2.052447168935295,2.1051709197224806,1.0796010727714713,0.24837687564832212,1.103171769410358,left
0,5,37,16,2.0521093679224247,2.1051709197224806,-0.9419118139254042,0.1917313347088977,1.5164586541186942,left
0,5,38,23,2.0509135153855946,2.1051709197224806,0.410569226614387,-0.30672979700867,1.4495489071975132,left
0,5,39,6,2.0504281701504388,2.1051709197224806,-0.8802956111454748,-0.1135382974050404,1.4317322112593238,left
0,5,40,35,2.049403343664382,2.1051709197224806,0.5512721938484559,-0.3553954151985904,2.0656362645243185,right
0,5,41,41,2.0474053430141907,2.1051709197224806,-0.29166357053640146,0.4211077522055686,1.7781998967737325,left
0,5,42,26,2.0470842325401617,2.1051709197224806,-0.6602861250291971,-0.48640082314777666,2.177790334438201,right
0,5,43,42,2.045108637211582,2.1051709197224806,1.6849194933925,0.62037450356926,1.2732787411503939,left
0,5,44,44,2.044922069180179,2.1051709197224806,1.433455092579278,-0.09121993686632124,2.1796840495812284,left
0,5,45,7,2.0446897742932957,2.1051709197224806,1.7507358539129805,0.6402135541162219,0.6413543218277976,left
0,5,46,22,2.040380016860259,2.1051709197224806,2.8021243360745185,-0.5239445678893728,1.868212904658798,left
0,5,47,49,2.035467744557699,2.1051709197224806,3.2882023407509138,0.9711436455723166,0.588165885244709,left
0,5,48,34,2.034890894625938,2.1051709197224806,3.392203507705438,0.9304411125095384,2.1602459638183875,right
0,5,49,18,2.029701128316109,2.1051709197224806,-0.631540576361583,0.5187072778201027,2.1284318107238236,right
0,10,0,48,2.133742330642855,2.1051709197224806,1.8028708424366582,0.26454339753886014,1.2209490762181587,right
0,10,1,27,2.130944594722925,2.1051709197224806,2.5676765021536454,0.5493658495261289,0.3929653901502884,right
0,10,2,47,2.125727047031417,2.1051709197224806,2.710824578906374,0.612224733889936,1.5188451421817182,right
0,10,3,9,2.1250454218635877,2.1051709197224806,0.023904929868625358,-0.5106581106580748,1.8399002565610532,left
0,10,4,6,2.122207510234162,2.1051709197224806,-0.8802956111454748,-0.1135382974050404,1.4317322112593238,left
0,10,5,12,2.121916306403925,2.1051709197224806,1.4292628591352976,0.15186182848523233,1.4399026350771353,right
0,10,6,0,2.1210212553648047,2.1051709197224806,1.7333321827312744,0.008729833133371612,1.5499156256372868,right
0,10,7,36,2.1203123403577484,2.1051709197224806,-0.08725589170746251,0.9595818856969724,0.5191817953015864,left
0,10,8,39,2.12029221795444,2.1051709197224806,2.2933851135410652,0.8415940561223156,0.801928660059161,left
0,10,9,35,2.119273320107652,2.1051709197224806,0.5512721938484559,-0.3553954151985904,2.0656362645243185,right
0,10,10,8,2.1192339617153704,2.1051709197224806,3.1185300950117663,0.7059088134946507,2.297819050531398,left
0,10,11,21,2.118723905850585,2.1051709197224806,-0.5143988584799011,-0.257696507478818,1.1991011113465528,left
0,10,12,32,2.118633545938878,2.1051709197224806,2.8299224243261634,-0.668117820772018,1.517785846330822,left
0,10,13,13,2.1177260002027607,2.1051709197224806,-0.6479221659130066,-0.020747728150375067,1.5187866081968981,right
0,10,14,15,2.1169912469932504,2.1051709197224806,-0.4269486685022058,-0.6743726210979296,1.713343083609538,right
0,10,15,11,2.116228948097988,2.1051709197224806,0.5187528412272484,0.5749952444184561,1.4213285838601908,left
0,10,16,22,2.116098087161723,2.1051709197224806,2.8021243360745185,-0.5239445678893728,1.868212904658798,left
0,10,17,46,2.116035746512434,2.1051709197224806,2.4546568346339694,-0.2600974382917487,1.581350741725867,left
0,10,18,7,2.1158246565939445,2.1051709197224806,1.7507358539129805,0.6402135541162219,0.6413543218277976,left
0,10,19,20,2.115188045438316,2.1051709197224806,-0.8684221672003253,0.7737837239076517,0.03310868424210214,left
0,10,20,19,2.1145047660876433,2.1051709197224806,3.3062420767216176,0.4081844132114596,1.4377094846041243,left
0,10,21,17,2.1138720614918727,2.1051709197224806,-0.04049737496344652,0.46840197874160094,1.4704360169406057,left
0,10,22,2,2.113748441025042,2.1051709197224806,1.9284371760255157,0.8605324907810203,0.8367185564737077,left
0,10,23,37,2.1132757813755725,2.1051709197224806,-0.6593336480032554,0.9119172699572109,0.24939110634573103,left
0,10,24,33,2.1132549424849514,2.1051709197224806,3.402648012776778,0.013909459206008501,2.0194970073978173,left
0,10,25,38,2.1129738410532295,2.1051709197224806,1.2867880192978216,0.8891612314167845,1.893938013308889,right
0,10,26,29,2.111941030708854,2.1051709197224806,-0.25173228677722004,0.6831912874415336,2.011984941585523,left
0,10,27,1,2.11164002923353,2.1051709197224806,3.085910948500077,0.007842289011644743,1.479115065467432,left
0,10,28,4,2.1115543306826106,2.1051709197224806,-0.02874481168660925,-0.015149922571029095,2.2406581285081875,left
0,10,29,42,2.1105657556861495,2.1051709197224806,1.6849194933925,0.62037450356926,1.2732787411503939,left
0,10,30,40,2.1100411729130237,2.1051709197224806,-0.5231820284006069,0.9659058148016808,0.437635766125366,right
0,10,31,45,2.110026525843554,2.1051709197224806,0.795658197965524,0.3608610210337706,0.46313026805144253,right
0,10,32,24,2.10919183423946,2.1051709197224806,3.1472716033886767,-0.3532918193827234,2.1838541987211304,left
0,10,33,16,2.1077616932835705,2.1051709197224806,-0.9419118139254042,0.1917313347088977,1.5164586541186942,left
0,10,34,28,2.107476082371483,2.1051709197224806,-0.16718101008647424,-0.622036539005686,1.9766442092796024,right
0,10,35,34,2.104763732420553,2.1051709197224806,3.392203507705438,0.9304411125095384,2.1602459638183875,right
0,10,36,3,2.1039915013038417,2.1051709197224806,1.6792844730731282,0.03792180556300717,1.6637328890792553,right
0,10,37,23,2.1033127168676358,2.1051709197224806,0.410569226614387,-0.30672979700867,1.4495489071975132,left
0,10,38,41,2.1032908465950375,2.1051709197224806,-0.29166357053640146,0.4211077522055686,1.7781998967737325,left
0,10,39,30,2.1025401562845554,2.1051709197224806,2.3357184040373635,0.8221358097734335,1.8434666594518667,right
0,10,40,26,2.1022225181601053,2.1051709197224806,-0.6602861250291971,-0.48640082314777666,2.177790334438201,right
0,10,41,43,2.1004307809897664,2.1051709197224806,2.8658709526378026,0.14711167240270318,2.2086485754648226,right
0,10,42,5,2.0999705823356174,2.1051709197224806,0.31014176962703344,-0.12181469926675881,1.7153140153670494,left
0,10,43,25,2.099731401212755,2.1051709197224806,1.479944830699441,0.04161397461289562,0.9255946522699446,left
0,10,44,14,2.0978747601117815,2.1051709197224806,0.14339967987743596,-0.3445939492227897,1.598273364421138,left
0,10,45,44,2.0961525294820467,2.1051709197224806,1.433455092579278,-0.09121993686632124,2.1796840495812284,left
0,10,46,10,2.0917539895915604,2.1051709197224806,1.2484496085859256,-0.4793012693176042,1.523312451737624,left
0,10,47,18,2.0903989267228003,2.1051709197224806,-0.631540576361583,0.5187072778201027,2.1284318107238236,right
0,10,48,49,2.081280265915052,2.1051709197224806,3.2882023407509138,0.9711436455723166,0.588165885244709,left
0,10,49,31,2.0806322361991576,2.1051709197224806,1.0796010727714713,0.24837687564832212,1.103171769410358,left
0,15,0,38,2.2437016578340665,2.1051709197224806,1.2867880192978216,0.8891612314167845,1.893938013308889,right
0,15,1,18,2.2340340473478184,2.1051709197224806,-0.631540576361583,0.5187072778201027,2.1284318107238236,right
0,15,2,21,2.2295757116822505,2.1051709197224806,-0.5143988584799011,-0.257696507478818,1.1991011113465528,left
0,15,3,31,2.224756885426797,2.1051709197224806,1.0796010727714713,0.24837687564832212,1.103171769410358,left
0,15,4,45,2.206118219033602,2.1051709197224806,0.795658197965524,0.3608610210337706,0.46313026805144253,right
0,15,5,49,2.1799953472032683,2.1051709197224806,3.2882023407509138,0.9711436455723166,0.588165885244709,left
0,15,6,42,2.1793844270767595,2.1051709197224806,1.6849194933925,0.62037450356926,1.2732787411503939,left
0,15,7,30,2.1781207119391333,2.1051709197224806,2.3357184040373635,0.8221358097734335,1.8434666594518667,right
0,15,8,1,2.16853263074325,2.1051709197224806,3.085910948500077,0.007842289011644743,1.479115065467432,left
0,15,9,41,2.1667690351523117,2.1051709197224806,-0.29166357053640146,0.4211077522055686,1.7781998967737325,left
0,15,10,9,2.161701772494603,2.1051709197224806,0.023904929868625358,-0.5106581106580748,1.8399002565610532,left
0,15,11,2,2.154416714508729,2.1051709197224806,1.9284371760255157,0.8605324907810203,0.8367185564737077,left
0,15,12,34,2.1540148402877923,2.1051709197224806,3.392203507705438,0.9304411125095384,2.1602459638183875,right
0,15,13,7,2.1527431140412925,2.1051709197224806,1.7507358539129805,0.6402135541162219,0.6413543218277976,left
0,15,14,23,2.1404940042127687,2.1051709197224806,0.410569226614387,-0.30672979700867,1.4495489071975132,left
0,15,15,15,2.1401166201925426,2.1051709197224806,-0.4269486685022058,-0.6743726210979296,1.713343083609538,right
0,15,16,28,2.136529310510027,2.1051709197224806,-0.16718101008647424,-0.622036539005686,1.9766442092796024,right
0,15,17,43,2.1355186701141875,2.1051709197224806,2.8658709526378026,0.14711167240270318,2.2086485754648226,right
0,15,18,5,2.1332944349277243,2.1051709197224806,0.31014176962703344,-0.12181469926675881,1.7153140153670494,left
0,15,19,13,2.1282225123349465,2.1051709197224806,-0.6479221659130066,-0.020747728150375067,1.5187866081968981,right
0,15,20,8,2.127164316056022,2.1051709197224806,3.1185300950117663,0.7059088134946507,2.297819050531398,left
0,15,21,35,2.12575918080306,2.1051709197224806,0.5512721938484559,-0.3553954151985904,2.0656362645243185,right
0,15,22,29,2.12311705111663,2.1051709197224806,-0.25173228677722004,0.6831912874415336,2.011984941585523,left
0,15,23,12,2.122928316339064,2.1051709197224806,1.4292628591352976,0.15186182848523233,1.4399026350771353,right
0,15,24,14,2.1179192419157307,2.1051709197224806,0.14339967987743596,-0.3445939492227897,1.598273364421138,left
0,15,25,46,2.1157920803886583,2.1051709197224806,2.4546568346339694,-0.2600974382917487,1.581350741725867,left
0,15,26,4,2.11530433996505,2.1051709197224806,-0.02874481168660925,-0.015149922571029095,2.2406581285081875,left
0,15,27,32,2.113216549083109,2.1051709197224806,2.8299224243261634,-0.668117820772018,1.517785846330822,left
0,15,28,26,2.104956247512,2.1051709197224806,-0.6602861250291971,-0.48640082314777666,2.177790334438201,right
0,15,29,33,2.1020615578295923,2.1051709197224806,3.402648012776778,0.013909459206008501,2.0194970073978173,left
0,15,30,10,2.0999531056715575,2.1051709197224806,1.2484496085859256,-0.4793012693176042,1.523312451737624,left
0,15,31,16,2.0976009135871276,2.1051709197224806,-0.9419118139254042,0.1917313347088977,1.5164586541186942,left
0,15,32,37,2.0958318681605212,2.1051709197224806,-0.6593336480032554,0.9119172699572109,0.24939110634573103,left
0,15,33,6,2.0917925003229048,2.1051709197224806,-0.8802956111454748,-0.1135382974050404,1.4317322112593238,left
0,15,34,40,2.087097268191081,2.1051709197224806,-0.5231820284006069,0.9659058148016808,0.437635766125366,right
0,15,35,24,2.0840558742249335,2.1051709197224806,3.1472716033886767,-0.3532918193827234,2.1838541987211304,left
0,15,36,39,2.0839998009615384,2.1051709197224806,2.2933851135410652,0.8415940561223156,0.801928660059161,left
0,15,37,19,2.083941106076518,2.1051709197224806,3.3062420767216176,0.4081844132114596,1.4377094846041243,left
0,15,38,25,2.081068197363631,2.1051709197224806,1.479944830699441,0.04161397461289562,0.9255946522699446,left
0,15,39,44,2.0714214605637777,2.1051709197224806,1.433455092579278,-0.09121993686632124,2.1796840495812284,left
0,15,40,11,2.0703986825558056,2.1051709197224806,0.5187528412272484,0.5749952444184561,1.4213285838601908,left
0,15,41,20,2.0698303313567967,2.1051709197224806,-0.8684221672003253,0.7737837239076517,0.03310868424210214,left
0,15,42,22,2.052867558752301,2.1051709197224806,2.8021243360745185,-0.5239445678893728,1.868212904658798,left
0,15,43,0,2.0499004481033687,2.1051709197224806,1.7333321827312744,0.008729833133371612,1.5499156256372868,right
0,15,44,17,2.026814856495549,2.1051709197224806,-0.04049737496344652,0.46840197874160094,1.4704360169406057,left
0,15,45,47,2.0188159782174138,2.1051709197224806,2.710824578906374,0.612224733889936,1.5188451421817182,right
0,15,46,36,2.0114963943031263,2.1051709197224806,-0.08725589170746251,0.9595818856969724,0.5191817953015864,left
0,15,47,3,2.00496267930448,2.1051709197224806,1.6792844730731282,0.03792180556300717,1.6637328890792553,right
0,15,48,48,2.004550966482642,2.1051709197224806,1.8028708424366582,0.26454339753886014,1.2209490762181587,right
0,15,49,27,1.9493511843678548,2.1051709197224806,2.5676765021536454,0.5493658495261289,0.3929653901502884,right
0,20,0,20,2.874840589345767,2.1051709197224806,-0.8684221672003253,0.7737837239076517,0.03310868424210214,left
0,20,1,30,2.8738403327565325,2.1051709197224806,2.3357184040373635,0.8221358097734335,1.8434666594518667,right
0,20,2,41,2.872649414621338,2.1051709197224806,-0.29166357053640146,0.4211077522055686,1.7781998967737325,left
0,20,3,34,2.866298695746398,2.1051709197224806,3.392203507705438,0.9304411125095384,2.1602459638183875,right
0,20,4,14,2.864596440961575,2.1051709197224806,0.14339967987743596,-0.3445939492227897,1.598273364421138,left
0,20,5,4,2.848534738432506,2.1051709197224806,-0.02874481168660925,-0.015149922571029095,2.2406581285081875,left
0,20,6,44,2.8462860431231567,2.1051709197224806,1.433455092579278,-0.09121993686632124,2.1796840495812284,left
0,20,7,38,2.846227009395437,2.1051709197224806,1.2867880192978216,0.8891612314167845,1.893938013308889,right
0,20,8,24,2.8437331463691917,2.1051709197224806,3.1472716033886767,-0.3532918193827234,2.1838541987211304,left
0,20,9,21,2.8295572703689533,2.1051709197224806,-0.5143988584799011,-0.257696507478818,1.1991011113465528,left
0,20,10,43,2.825869285731566,2.1051709197224806,2.8658709526378026,0.14711167240270318,2.2086485754648226,right
0,20,11,18,2.8240156011774777,2.1051709197224806,-0.631540576361583,0.5187072778201027,2.1284318107238236,right
0,20,12,5,2.8217680973362524,2.1051709197224806,0.31014176962703344,-0.12181469926675881,1.7153140153670494,left
0,20,13,45,2.818963693929961,2.1051709197224806,0.795658197965524,0.3608610210337706,0.46313026805144253,right
0,20,14,8,2.816746479170619,2.1051709197224806,3.1185300950117663,0.7059088134946507,2.297819050531398,left
0,20,15,46,2.8112524341851053,2.1051709197224806,2.4546568346339694,-0.2600974382917487,1.581350741725867,left
0,20,16,9,2.8075342863740653,2.1051709197224806,0.023904929868625358,-0.5106581106580748,1.8399002565610532,left
0,20,17,26,2.8075342863740653,2.1051709197224806,-0.6602861250291971,-0.48640082314777666,2.177790334438201,right
0,20,18,22,2.8062962697013365,2.1051709197224806,2.8021243360745185,-0.5239445678893728,1.868212904658798,left
0,20,19,25,2.8062962697013365,2.1051709197224806,1.479944830699441,0.04161397461289562,0.9255946522699446,left
0,20,20,35,2.806227790891359,2.1051709197224806,0.5512721938484559,-0.3553954151985904,2.0656362645243185,right
0,20,21,36,2.7967170707858346,2.1051709197224806,-0.08725589170746251,0.9595818856969724,0.5191817953015864,left
0,20,22,0,2.780982939021135,2.1051709197224806,1.7333321827312744,0.008729833133371612,1.5499156256372868,right
0,20,23,1,2.780982939021135,2.1051709197224806,3.085910948500077,0.007842289011644743,1.479115065467432,left
0,20,24,2,2.780982939021135,2.1051709197224806,1.9284371760255157,0.8605324907810203,0.8367185564737077,left
0,20,25,3,2.780982939021135,2.1051709197224806,1.6792844730731282,0.03792180556300717,1.6637328890792553,right
0,20,26,6,2.780982939021135,2.1051709197224806,-0.8802956111454748,-0.1135382974050404,1.4317322112593238,left
0,20,27,7,2.780982939021135,2.1051709197224806,1.7507358539129805,0.6402135541162219,0.6413543218277976,left
0,20,28,10,2.780982939021135,2.1051709197224806,1.2484496085859256,-0.4793012693176042,1.523312451737624,left
0,20,29,11,2.780982939021135,2.1051709197224806,0.5187528412272484,0.5749952444184561,1.4213285838601908,left
0,20,30,12,2.780982939021135,2.1051709197224806,1.4292628591352976,0.15186182848523233,1.4399026350771353,right
0,20,31,13,2.780982939021135,2.1051709197224806,-0.6479221659130066,-0.020747728150375067,1.5187866081968981,right
0,20,32,15,2.780982939021135,2.1051709197224806,-0.4269486685022058,-0.6743726210979296,1.713343083609538,right
0,20,33,16,2.780982939021135,2.1051709197224806,-0.9419118139254042,0.1917313347088977,1.5164586541186942,left
0,20,34,17,2.780982939021135,2.1051709197224806,-0.04049737496344652,0.46840197874160094,1.4704360169406057,left
0,20,35,19,2.780982939021135,2.1051709197224806,3.3062420767216176,0.4081844132114596,1.4377094846041243,left
0,20,36,23,2.780982939021135,2.1051709197224806,0.410569226614387,-0.30672979700867,1.4495489071975132,left
0,20,37,27,2.780982939021135,2.1051709197224806,2.5676765021536454,0.5493658495261289,0.3929653901502884,right
0,20,38,28,2.780982939021135,2.1051709197224806,-0.16718101008647424,-0.622036539005686,1.9766442092796024,right
0,20,39,29,2.780982939021135,2.1051709197224806,-0.25173228677722004,0.6831912874415336,2.011984941585523,left
0,20,40,31,2.780982939021135,2.1051709197224806,1.0796010727714713,0.24837687564832212,1.103171769410358,left
0,20,41,32,2.780982939021135,2.1051709197224806,2.8299224243261634,-0.668117820772018,1.517785846330822,left
0,20,42,33,2.780982939021135,2.1051709197224806,3.402648012776778,0.013909459206008501,2.0194970073978173,left
0,20,43,37,2.780982939021135,2.1051709197224806,-0.6593336480032554,0.9119172699572109,0.24939110634573103,left
0,20,44,39,2.780982939021135,2.1051709197224806,2.2933851135410652,0.8415940561223156,0.801928660059161,left
0,20,45,40,2.780982939021135,2.1051709197224806,-0.5231820284006069,0.9659058148016808,0.437635766125366,right
0,20,46,42,2.780982939021135,2.1051709197224806,1.6849194933925,0.62037450356926,1.2732787411503939,left
0,20,47,47,2.780982939021135,2.1051709197224806,2.710824578906374,0.612224733889936,1.5188451421817182,right
0,20,48,48,2.780982939021135,2.1051709197224806,1.8028708424366582,0.26454339753886014,1.2209490762181587,right
0,20,49,49,2.780982939021135,2.1051709197224806,3.2882023407509138,0.9711436455723166,0.588165885244709,left
0,25,0,38,3.279937817926891,2.1051709197224806,1.2867880192978216,0.8891612314167845,1.893938013308889,right
0,25,1,12,3.1799937767246655,2.1051709197224806,1.4292628591352976,0.15186182848523233,1.4399026350771353,right
0,25,2,37,3.1701500600262476,2.1051709197224806,-0.6593336480032554,0.9119172699572109,0.24939110634573103,left
0,25,3,32,3.166735008398404,2.1051709197224806,2.8299224243261634,-0.668117820772018,1.517785846330822,left
0,25,4,30,3.1465234162436824,2.1051709197224806,2.3357184040373635,0.8221358097734335,1.8434666594518667,right
0,25,5,5,3.133260588727156,2.1051709197224806,0.31014176962703344,-0.12181469926675881,1.7153140153670494,left
0,25,6,13,3.128840253806384,2.1051709197224806,-0.6479221659130066,-0.020747728150375067,1.5187866081968981,right
0,25,7,48,3.1271622583644154,2.1051709197224806,1.8028708424366582,0.26454339753886014,1.2209490762181587,right
0,25,8,36,3.125058682231299,2.1051709197224806,-0.08725589170746251,0.9595818856969724,0.5191817953015864,left
0,25,9,40,3.12155555860336,2.1051709197224806,-0.5231820284006069,0.9659058148016808,0.437635766125366,right
0,25,10,7,3.118096842937712,2.1051709197224806,1.7507358539129805,0.6402135541162219,0.6413543218277976,left
0,25,11,35,3.1174849129478086,2.1051709197224806,0.5512721938484559,-0.3553954151985904,2.0656362645243185,right
0,25,12,19,3.1133598677281995,2.1051709197224806,3.3062420767216176,0.4081844132114596,1.4377094846041243,left
0,25,13,22,3.106492150860104,2.1051709197224806,2.8021243360745185,-0.5239445678893728,1.868212904658798,left
0,25,14,39,3.102990039175141,2.1051709197224806,2.2933851135410652,0.8415940561223156,0.801928660059161,left
0,25,15,10,3.1015856576519427,2.1051709197224806,1.2484496085859256,-0.4793012693176042,1.523312451737624,left
0,25,16,21,3.0985323345128903,2.1051709197224806,-0.5143988584799011,-0.257696507478818,1.1991011113465528,left
0,25,17,42,3.0980486929694244,2.1051709197224806,1.6849194933925,0.62037450356926,1.2732787411503939,left
0,25,18,15,3.09515556962881,2.1051709197224806,-0.4269486685022058,-0.6743726210979296,1.713343083609538,right
0,25,19,4,3.092829512085019,2.1051709197224806,-0.02874481168660925,-0.015149922571029095,2.2406581285081875,left
0,25,20,29,3.0926362979758872,2.1051709197224806,-0.25173228677722004,0.6831912874415336,2.011984941585523,left
0,25,21,20,3.091424053048697,2.1051709197224806,-0.8684221672003253,0.7737837239076517,0.03310868424210214,left
0,25,22,34,3.091424053048697,2.1051709197224806,3.392203507705438,0.9304411125095384,2.1602459638183875,right
0,25,23,2,3.090733000948485,2.1051709197224806,1.9284371760255157,0.8605324907810203,0.8367185564737077,left
0,25,24,26,3.089288901270756,2.1051709197224806,-0.6602861250291971,-0.48640082314777666,2.177790334438201,right
0,25,25,33,3.0843212428794264,2.1051709197224806,3.402648012776778,0.013909459206008501,2.0194970073978173,left
0,25,26,6,3.0841659811582085,2.1051709197224806,-0.8802956111454748,-0.1135382974050404,1.4317322112593238,left
0,25,27,1,3.083778557971896,2.1051709197224806,3.085910948500077,0.007842289011644743,1.479115065467432,left
0,25,28,44,3.078178760511452,2.1051709197224806,1.433455092579278,-0.09121993686632124,2.1796840495812284,left
0,25,29,46,3.074851626944228,2.1051709197224806,2.4546568346339694,-0.2600974382917487,1.581350741725867,left
0,25,30,24,3.073978912416119,2.1051709197224806,3.1472716033886767,-0.3532918193827234,2.1838541987211304,left
0,25,31,47,3.0721851872642314,2.1051709197224806,2.710824578906374,0.612224733889936,1.5188451421817182,right
0,25,32,25,3.0701209740742263,2.1051709197224806,1.479944830699441,0.04161397461289562,0.9255946522699446,left
0,25,33,0,3.0445799757487886,2.1051709197224806,1.7333321827312744,0.008729833133371612,1.5499156256372868,right
0,25,34,3,3.0445799757487886,2.1051709197224806,1.6792844730731282,0.03792180556300717,1.6637328890792553,right
0,25,35,8,3.0445799757487886,2.1051709197224806,3.1185300950117663,0.7059088134946507,2.297819050531398,left
0,25,36,9,3.0445799757487886,2.1051709197224806,0.023904929868625358,-0.5106581106580748,1.8399002565610532,left
0,25,37,11,3.0445799757487886,2.1051709197224806,0.5187528412272484,0.5749952444184561,1.4213285838601908,left
0,25,38,14,3.0445799757487886,2.1051709197224806,0.14339967987743596,-0.3445939492227897,1.598273364421138,left
0,25,39,16,3.0445799757487886,2.1051709197224806,-0.9419118139254042,0.1917313347088977,1.5164586541186942,left
0,25,40,17,3.0445799757487886,2.1051709197224806,-0.04049737496344652,0.46840197874160094,1.4704360169406057,left
0,25,41,18,3.0445799757487886,2.1051709197224806,-0.631540576361583,0.5187072778201027,2.1284318107238236,right
0,25,42,23,3.0445799757487886,2.1051709197224806,0.410569226614387,-0.30672979700867,1.4495489071975132,left
0,25,43,27,3.0445799757487886,2.1051709197224806,2.5676765021536454,0.5493658495261289,0.3929653901502884,right
0,25,44,28,3.0445799757487886,2.1051709197224806,-0.16718101008647424,-0.622036539005686,1.9766442092796024,right
0,25,45,31,3.0445799757487886,2.1051709197224806,1.0796010727714713,0.24837687564832212,1.103171769410358,left
0,25,46,41,3.0445799757487886,2.1051709197224806,-0.29166357053640146,0.4211077522055686,1.7781998967737325,left
0,25,47,43,3.0445799757487886,2.1051709197224806,2.8658709526378026,0.14711167240270318,2.2086485754648226,right
0,25,48,45,3.0445799757487886,2.1051709197224806,0.795658197965524,0.3608610210337706,0.46313026805144253,right
0,25,49,49,3.0445799757487886,2.1051709197224806,3.2882023407509138,0.9711436455723166,0.588165885244709,left
0,30,0,43,2.128790080749703,2.1051709197224806,2.8658709526378026,0.14711167240270318,2.2086485754648226,right
0,30,1,38,2.1212953560660717,2.1051709197224806,1.2867880192978216,0.8891612314167845,1.893938013308889,right
0,30,2,45,2.0783737881480544,2.1051709197224806,0.795658197965524,0.3608610210337706,0.46313026805144253,right
0,30,3,30,2.0674739665115656,2.126205103666977,2.3357184040373635,0.8221358097734335,1.8434666594518667,right
0,30,4,40,2.0631391021545507,2.109553041377584,-0.5231820284006069,0.9659058148016808,0.437635766125366,right
0,30,5,10,2.0621403163669596,2.1121823143706457,1.2484496085859256,-0.4793012693176042,1.523312451737624,left
0,30,6,34,2.057314739165073,2.1051709197224806,3.392203507705438,0.9304411125095384,2.1602459638183875,right
0,30,7,1,2.0525469683671598,2.1139351630326875,3.085910948500077,0.007842289011644743,1.479115065467432,left
0,30,8,11,2.048627343613712,2.113260990470364,0.5187528412272484,0.5749952444184561,1.4213285838601908,left
0,30,9,44,2.0354754510398294,2.1051709197224806,1.433455092579278,-0.09121993686632124,2.1796840495812284,left
0,30,10,13,2.0298269612017434,2.128542235216365,-0.6479221659130066,-0.020747728150375067,1.5187866081968981,right
0,30,11,7,2.022489915619637,2.1051709197224806,1.7507358539129805,0.6402135541162219,0.6413543218277976,left
0,30,12,24,2.0142489806909807,2.1248904671704456,3.1472716033886767,-0.3532918193827234,2.1838541987211304,left
0,30,13,12,2.0094932824694194,2.1226994063428943,1.4292628591352976,0.15186182848523233,1.4399026350771353,right
0,30,14,18,2.0091885571302313,2.1156880116947288,-0.631540576361583,0.5187072778201027,2.1284318107238236,right
0,30,15,35,2.00193036223594,2.123730493791154,0.5512721938484559,-0.3553954151985904,2.0656362645243185,right
0,30,16,19,2.001800537486828,2.120195336825692,3.3062420767216176,0.4081844132114596,1.4377094846041243,left
0,30,17,2,1.9953099638808052,2.1051709197224806,1.9284371760255157,0.8605324907810203,0.8367185564737077,left
0,30,18,49,1.9929952479726163,2.124292905126568,3.2882023407509138,0.9711436455723166,0.588165885244709,left
0,30,19,15,1.9928290591957865,2.1156880116947288,-0.4269486685022058,-0.6743726210979296,1.713343083609538,right
0,30,20,46,1.9924035826194526,2.123730493791154,2.4546568346339694,-0.2600974382917487,1.581350741725867,left
0,30,21,42,1.9920509229394923,2.1156880116947288,1.6849194933925,0.62037450356926,1.2732787411503939,left
0,30,22,14,1.9895407128676288,2.1147319124245243,0.14339967987743596,-0.3445939492227897,1.598273364421138,left
0,30,23,8,1.9876710310041585,2.1139351630326875,3.1185300950117663,0.7059088134946507,2.297819050531398,left
0,30,24,3,1.9849461195331113,2.1139351630326875,1.6792844730731282,0.03792180556300717,1.6637328890792553,right
0,30,25,26,1.9814767978691163,2.1117441022051358,-0.6602861250291971,-0.48640082314777666,2.177790334438201,right
0,30,26,9,1.9814727020470144,2.1117441022051358,0.023904929868625358,-0.5106581106580748,1.8399002565610532,left
0,30,27,21,1.9806500981247421,2.1162415428511627,-0.5143988584799011,-0.257696507478818,1.1991011113465528,left
0,30,28,39,1.9778568065685473,2.1051709197224806,2.2933851135410652,0.8415940561223156,0.801928660059161,left
0,30,29,20,1.9762277670810702,2.126205103666977,-0.8684221672003253,0.7737837239076517,0.03310868424210214,left
0,30,30,4,1.9759177814847604,2.121776854415504,-0.02874481168660925,-0.015149922571029095,2.2406581285081875,left
0,30,31,37,1.972723769232428,2.111013748595952,-0.6593336480032554,0.9119172699572109,0.24939110634573103,left
0,30,32,22,1.9724367828352949,2.1113574444120387,2.8021243360745185,-0.5239445678893728,1.868212904658798,left
0,30,33,28,1.9694148983838309,2.110706231286822,-0.16718101008647424,-0.622036539005686,1.9766442092796024,right
0,30,34,0,1.9673532561320517,2.1175439691015963,1.7333321827312744,0.008729833133371612,1.5499156256372868,right
0,30,35,5,1.9631073259810692,2.1051709197224806,0.31014176962703344,-0.12181469926675881,1.7153140153670494,left
0,30,36,47,1.9626340004259824,2.116856577469423,2.710824578906374,0.612224733889936,1.5188451421817182,right
0,30,37,29,1.961550467936434,2.1314636496531008,-0.25173228677722004,0.6831912874415336,2.011984941585523,left
0,30,38,33,1.9542674082830112,2.116856577469423,3.402648012776778,0.013909459206008501,2.0194970073978173,left
0,30,39,6,1.9541457560575266,2.113260990470364,-0.8802956111454748,-0.1135382974050404,1.4317322112593238,left
0,30,40,48,1.953526733077052,2.113260990470364,1.8028708424366582,0.26454339753886014,1.2209490762181587,right
0,30,41,41,1.9520037977911207,2.124292905126568,-0.29166357053640146,0.4211077522055686,1.7781998967737325,left
0,30,42,27,1.9438344416384914,2.120195336825692,2.5676765021536454,0.5493658495261289,0.3929653901502884,right
0,30,43,17,1.9411820754524596,2.117543969101596,-0.04049737496344652,0.46840197874160094,1.4704360169406057,left
0,30,44,36,1.9343794636361515,2.1207517967184035,-0.08725589170746251,0.9595818856969724,0.5191817953015864,left
0,30,45,25,1.9339257910674945,2.1051709197224806,1.479944830699441,0.04161397461289562,0.9255946522699446,left
0,30,46,32,1.9303748613571348,2.120195336825692,2.8299224243261634,-0.668117820772018,1.517785846330822,left
0,30,47,16,1.926692794881526,2.1162415428511627,-0.9419118139254042,0.1917313347088977,1.5164586541186942,left
0,30,48,23,1.9161567794432959,2.1209465576808526,0.410569226614387,-0.30672979700867,1.4495489071975132,left
0,30,49,31,1.8728719259215851,2.116856577469423,1.0796010727714713,0.24837687564832212,1.103171769410358,left
1,5,0,40,2.006537115351174,2.1051709197224806,2.4790105947974825,0.14616166879331882,1.325079801821844,right
1,5,1,26,2.0045970136283198,2.1051709197224806,2.8789777100824336,0.4910818400263661,0.7764491055038095,right
1,5,2,5,2.003510092790338,2.1051709197224806,1.7660186463264442,-0.3734900264142933,1.4603103974586689,left
1,5,3,28,2.0030206044815593,2.1051709197224806,2.8700925703966678,-0.5217396845717389,1.6151206077875948,left
1,5,4,35,1.9976855065487324,2.1051709197224806,2.2271652082905344,0.6557300652659364,2.2201738096230597,left
1,5,5,11,1.9976603754803333,2.1051709197224806,3.858220698375181,0.3164073918340977,0.3974194343788645,right
1,5,6,0,1.9971895893489897,2.1051709197224806,3.4060685947640597,-0.26602359713503837,2.089724647386965,right
1,5,7,44,1.996398229066672,2.1051709197224806,-0.0126515890852682,0.00686764072087398,1.8273241515044858,right
1,5,8,39,1.9963569587559644,2.1051709197224806,0.46201562970891596,0.22328951693605814,1.8414174404841797,left
1,5,9,31,1.996350722259777,2.1051709197224806,3.195045564584383,0.4809790052310494,0.14215409623181222,right
1,5,10,33,1.9952563593377421,2.1051709197224806,-0.6853400322096439,-0.6533260693325067,0.033594189299879694,left
1,5,11,22,1.9948985517440496,2.1051709197224806,1.0376294419440715,0.6087385309676461,0.7959138989802085,right
1,5,12,34,1.9945395043544787,2.1051709197224806,-0.9089411996208354,-0.29320835388028843,1.4356491272542813,left
1,5,13,7,1.994025189572708,2.1051709197224806,1.0391202832992517,-0.5084569708635185,1.9876920058564855,right
1,5,14,4,1.9915440919351837,2.1051709197224806,-0.3756553760368022,-0.571713684623064,1.5248389883277969,left
1,5,15,37,1.9912000408706794,2.1051709197224806,0.629796333600575,0.27929972585522755,1.1144263285715537,right
1,5,16,14,1.9910405627415653,2.1051709197224806,-0.8576176878156802,0.5809884502872666,1.6329467234764625,left
1,5,17,3,1.990073172551437,2.1051709197224806,1.5379873012130867,0.4415991752261643,1.5783492398212469,left
1,5,18,36,1.9891136551246356,2.1051709197224806,2.8004091266991518,0.2851016178058954,2.2973783451469205,right
1,5,19,29,1.9890839573772405,2.1051709197224806,1.1916950541326714,0.2091780561201313,1.6920070517473516,right
1,5,20,13,1.9876928863954073,2.1051709197224806,2.2300005046813114,-0.4407141260919684,1.444675064862009,left
1,5,21,8,1.9874568929086451,2.1051709197224806,2.0372999961194806,0.7623836135571669,0.9165056525020348,right
1,5,22,23,1.9870501282958415,2.1051709197224806,3.3800908323284187,0.5840486794910948,1.1663537774875332,right
1,5,23,45,1.9864882940432405,2.1051709197224806,3.828339540661556,0.5305525020679269,1.8728585258322026,right
1,5,24,6,1.9858435247631259,2.1051709197224806,3.1722876670917355,0.25602654516589607,2.185629847198891,right
1,5,25,41,1.9856428555275496,2.1051709197224806,1.6640776315658639,-0.36145874554046037,2.193693912442454,left
1,5,26,24,1.985517103666946,2.1051709197224806,-0.5447750320488262,0.24051299148481664,2.094035276882418,left
1,5,27,1,1.985423008693978,2.1051709197224806,-0.8133896831246054,0.6179199179318127,1.1601976255973152,right
1,5,28,19,1.984753778279559,2.1051709197224806,-0.4324054065868945,0.10050024157556992,1.4077003496045282,right
1,5,29,49,1.9845557381349628,2.1051709197224806,0.9125394537631946,-0.3597176180728964,1.6775321879979963,right
1,5,30,27,1.9844863789752254,2.1051709197224806,-0.9366923575620592,0.15312750577730272,0.32304851619842595,left
1,5,31,42,1.9844544869421967,2.1051709197224806,1.152795191179452,0.7482069766822916,0.7444554981445928,left
1,5,32,9,1.983984311573689,2.1051709197224806,2.4454827573105047,-0.3986675714574057,1.6396537160519387,right
1,5,33,12,1.9837978828722282,2.1051709197224806,0.6974099516812586,0.6742777988573794,1.22150841126303,right
1,5,34,17,1.9815134454256325,2.1051709197224806,0.6630485846471066,-0.1937578771926851,1.922253531634258,left
1,5,35,46,1.9814561375648472,2.1051709197224806,1.1086563332683812,0.7834861611886432,2.006210833024533,right
1,5,36,15,1.9813564911365824,2.1051709197224806,-0.8770968586213448,0.2906925228253271,0.20633146462406918,left
1,5,37,16,1.9798881496222966,2.1051709197224806,1.9198954938207429,0.1873798633399817,1.5209852054052804,left
1,5,38,48,1.979854293894646,2.1051709197224806,-0.8182709296621812,-0.603408367456413,0.23404101690599133,left
1,5,39,20,1.9793193520578838,2.1051709197224806,-0.9064452859149771,-0.19088502200378177,0.9802379798499415,right
1,5,40,10,1.979106677452974,2.1051709197224806,-0.5879500190523553,0.7515177813744938,0.05944248284825292,left
1,5,41,38,1.9781885826801715,2.1051709197224806,2.283517896518328,0.7462213660988828,0.5289446266889787,left
1,5,42,18,1.9773162432146503,2.1051709197224806,2.092501992700623,-0.4934176524215206,1.8319886286318736,right
1,5,43,25,1.9770253354682776,2.1051709197224806,2.079975045509191,0.21654161389872206,2.033984207036356,left
1,5,44,21,1.976753557620122,2.1051709197224806,3.568282092312944,0.09583971453031581,0.08110351887879158,left
1,5,45,47,1.9759846335727658,2.1051709197224806,2.3758900873605624,0.010369675383135712,1.4700649235166205,left
1,5,46,32,1.9757490016906587,2.1051709197224806,1.6641090290711986,0.36580571745906165,0.10224835432344458,left
1,5,47,30,1.9723159792144775,2.1051709197224806,3.1696130020342146,0.9261680457022461,0.34986935306008016,left
1,5,48,43,1.971024041161574,2.1051709197224806,1.2019647873143744,-0.3245829219412008,1.649555725086597,left
1,5,49,2,1.964840339828982,2.1051709197224806,2.8466698240339188,-0.033137888851473285,1.8224725514535751,right
1,10,0,32,1.9981547438827165,2.1051709197224806,1.6641090290711986,0.36580571745906165,0.10224835432344458,left
1,10,1,20,1.9975117557226738,2.1051709197224806,-0.9064452859149771,-0.19088502200378177,0.9802379798499415,right
1,10,2,43,1.9974010550418493,2.1051709197224806,1.2019647873143744,-0.3245829219412008,1.649555725086597,left
1,10,3,47,1.994327131908506,2.1051709197224806,2.3758900873605624,0.010369675383135712,1.4700649235166205,left
1,10,4,27,1.9939800365597176,2.1051709197224806,-0.9366923575620592,0.15312750577730272,0.32304851619842595,left
1,10,5,38,1.9936296321379126,2.1051709197224806,2.283517896518328,0.7462213660988828,0.5289446266889787,left
1,10,6,8,1.9924406854529302,2.1051709197224806,2.0372999961194806,0.7623836135571669,0.9165056525020348,right
1,10,7,3,1.9910893551831057,2.1051709197224806,1.5379873012130867,0.4415991752261643,1.5783492398212469,left
1,10,8,39,1.9902870132458559,2.1051709197224806,0.46201562970891596,0.22328951693605814,1.8414174404841797,left
1,10,9,21,1.9900639246467446,2.1051709197224806,3.568282092312944,0.09583971453031581,0.08110351887879158,left
1,10,10,10,1.9896971410540636,2.1051709197224806,-0.5879500190523553,0.7515177813744938,0.05944248284825292,left
1,10,11,30,1.9894899768775212,2.1051709197224806,3.1696130020342146,0.9261680457022461,0.34986935306008016,left
1,10,12,18,1.989399045845988,2.1051709197224806,2.092501992700623,-0.4934176524215206,1.8319886286318736,right
1,10,13,1,1.988923356121858,2.1051709197224806,-0.8133896831246054,0.6179199179318127,1.1601976255973152,right
1,10,14,24,1.9886757942454427,2.1051709197224806,-0.5447750320488262,0.24051299148481664,2.094035276882418,left
1,10,15,46,1.9884257910137868,2.1051709197224806,1.1086563332683812,0.7834861611886432,2.006210833024533,right
1,10,16,2,1.9882123946676094,2.1051709197224806,2.8466698240339188,-0.033137888851473285,1.8224725514535751,right
1,10,17,4,1.987548117907382,2.1051709197224806,-0.3756553760368022,-0.571713684623064,1.5248389883277969,left
1,10,18,15,1.9867695004425248,2.1051709197224806,-0.8770968586213448,0.2906925228253271,0.20633146462406918,left
1,10,19,13,1.9867539330004091,2.1051709197224806,2.2300005046813114,-0.4407141260919684,1.444675064862009,left
1,10,20,34,1.9862795438061833,2.1051709197224806,-0.9089411996208354,-0.29320835388028843,1.4356491272542813,left
1,10,21,14,1.9860882035851004,2.1051709197224806,-0.8576176878156802,0.5809884502872666,1.6329467234764625,left
1,10,22,5,1.9854282889781931,2.1051709197224806,1.7660186463264442,-0.3734900264142933,1.4603103974586689,left
1,10,23,19,1.985347117368468,2.1051709197224806,-0.4324054065868945,0.10050024157556992,1.4077003496045282,right
1,10,24,6,1.9849405963067803,2.1051709197224806,3.1722876670917355,0.25602654516589607,2.185629847198891,right
1,10,25,25,1.984607792048865,2.1051709197224806,2.079975045509191,0.21654161389872206,2.033984207036356,left
1,10,26,12,1.9845062169293408,2.1051709197224806,0.6974099516812586,0.6742777988573794,1.22150841126303,right
1,10,27,44,1.984249401113766,2.1051709197224806,-0.0126515890852682,0.00686764072087398,1.8273241515044858,right
1,10,28,17,1.983791855510279,2.1051709197224806,0.6630485846471066,-0.1937578771926851,1.922253531634258,left
1,10,29,33,1.9837408348697285,2.1051709197224806,-0.6853400322096439,-0.6533260693325067,0.033594189299879694,left
1,10,30,48,1.981762923963434,2.1051709197224806,-0.8182709296621812,-0.603408367456413,0.23404101690599133,left
1,10,31,37,1.9815799528491327,2.1051709197224806,0.629796333600575,0.27929972585522755,1.1144263285715537,right
1,10,32,16,1.9810922295887696,2.1051709197224806,1.9198954938207429,0.1873798633399817,1.5209852054052804,left
1,10,33,9,1.9808512448598075,2.1051709197224806,2.4454827573105047,-0.3986675714574057,1.6396537160519387,right
1,10,34,45,1.9801262022463109,2.1051709197224806,3.828339540661556,0.5305525020679269,1.8728585258322026,right
1,10,35,36,1.9791141531473389,2.1051709197224806,2.8004091266991518,0.2851016178058954,2.2973783451469205,right
1,10,36,22,1.977784524480715,2.1051709197224806,1.0376294419440715,0.6087385309676461,0.7959138989802085,right
1,10,37,35,1.9770856543211237,2.1051709197224806,2.2271652082905344,0.6557300652659364,2.2201738096230597,left
1,10,38,41,1.9769843567254763,2.1051709197224806,1.6640776315658639,-0.36145874554046037,2.193693912442454,left
1,10,39,0,1.9760606016725588,2.1051709197224806,3.4060685947640597,-0.26602359713503837,2.089724647386965,right
1,10,40,11,1.973827365542803,2.1051709197224806,3.858220698375181,0.3164073918340977,0.3974194343788645,right
1,10,41,28,1.9724766018379554,2.1051709197224806,2.8700925703966678,-0.5217396845717389,1.6151206077875948,left
1,10,42,29,1.9711288241262088,2.1051709197224806,1.1916950541326714,0.2091780561201313,1.6920070517473516,right
1,10,43,7,1.9696499529763998,2.1051709197224806,1.0391202832992517,-0.5084569708635185,1.9876920058564855,right
1,10,44,42,1.967482960075107,2.1051709197224806,1.152795191179452,0.7482069766822916,0.7444554981445928,left
1,10,45,40,1.9646061714712775,2.1051709197224806,2.4790105947974825,0.14616166879331882,1.325079801821844,right
1,10,46,49,1.964359402915563,2.1051709197224806,0.9125394537631946,-0.3597176180728964,1.6775321879979963,right
1,10,47,23,1.963125033984845,2.1051709197224806,3.3800908323284187,0.5840486794910948,1.1663537774875332,right
1,10,48,31,1.9536880872576443,2.1051709197224806,3.195045564584383,0.4809790052310494,0.14215409623181222,right
1,10,49,26,1.953150681426627,2.1051709197224806,2.8789777100824336,0.4910818400263661,0.7764491055038095,right
1,15,0,37,2.008292035177689,2.1051709197224806,0.629796333600575,0.27929972585522755,1.1144263285715537,right
1,15,1,22,2.002293327858688,2.1051709197224806,1.0376294419440715,0.6087385309676461,0.7959138989802085,right
1,15,2,2,1.9916127824007153,2.1051709197224806,2.8466698240339188,-0.033137888851473285,1.8224725514535751,right
1,15,3,4,1.9883769560205642,2.1051709197224806,-0.3756553760368022,-0.571713684623064,1.5248389883277969,left
1,15,4,8,1.986411087811858,2.1051709197224806,2.0372999961194806,0.7623836135571669,0.9165056525020348,right
1,15,5,43,1.9838916931257264,2.1051709197224806,1.2019647873143744,-0.3245829219412008,1.649555725086597,left
1,15,6,35,1.9824453392832437,2.1051709197224806,2.2271652082905344,0.6557300652659364,2.2201738096230597,left
1,15,7,32,1.9775188713383698,2.1051709197224806,1.6641090290711986,0.36580571745906165,0.10224835432344458,left
1,15,8,1,1.9753350937309309,2.1051709197224806,-0.8133896831246054,0.6179199179318127,1.1601976255973152,right
1,15,9,21,1.9716306607686551,2.1051709197224806,3.568282092312944,0.09583971453031581,0.08110351887879158,left
1,15,10,42,1.9714422080875407,2.1051709197224806,1.152795191179452,0.7482069766822916,0.7444554981445928,left
1,15,11,33,1.9686180602888683,2.1051709197224806,-0.6853400322096439,-0.6533260693325067,0.033594189299879694,left
1,15,12,24,1.9623716860866827,2.1051709197224806,-0.5447750320488262,0.24051299148481664,2.094035276882418,left
1,15,13,48,1.9589776505847973,2.1051709197224806,-0.8182709296621812,-0.603408367456413,0.23404101690599133,left
1,15,14,47,1.958071953453863,2.1051709197224806,2.3758900873605624,0.010369675383135712,1.4700649235166205,left
1,15,15,17,1.9532371484713218,2.1051709197224806,0.6630485846471066,-0.1937578771926851,1.922253531634258,left
1,15,16,34,1.9528849436677387,2.1051709197224806,-0.9089411996208354,-0.29320835388028843,1.4356491272542813,left
1,15,17,30,1.952634557686877,2.1051709197224806,3.1696130020342146,0.9261680457022461,0.34986935306008016,left
1,15,18,3,1.9523878245715869,2.1051709197224806,1.5379873012130867,0.4415991752261643,1.5783492398212469,left
1,15,19,12,1.9510713634718677,2.1051709197224806,0.6974099516812586,0.6742777988573794,1.22150841126303,right
1,15,20,15,1.9479096610464195,2.1051709197224806,-0.8770968586213448,0.2906925228253271,0.20633146462406918,left
1,15,21,6,1.944722253797585,2.1051709197224806,3.1722876670917355,0.25602654516589607,2.185629847198891,right
1,15,22,49,1.9418847508112365,2.1051709197224806,0.9125394537631946,-0.3597176180728964,1.6775321879979963,right
1,15,23,10,1.9411283105897235,2.1051709197224806,-0.5879500190523553,0.7515177813744938,0.05944248284825292,left
1,15,24,25,1.940446419566594,2.1051709197224806,2.079975045509191,0.21654161389872206,2.033984207036356,left
1,15,25,13,1.94019737005837,2.1051709197224806,2.2300005046813114,-0.4407141260919684,1.444675064862009,left
1,15,26,9,1.9401168039816798,2.1051709197224806,2.4454827573105047,-0.3986675714574057,1.6396537160519387,right
1,15,27,20,1.939652530847683,2.1051709197224806,-0.9064452859149771,-0.19088502200378177,0.9802379798499415,right
1,15,28,18,1.9393381486009562,2.1051709197224806,2.092501992700623,-0.4934176524215206,1.8319886286318736,right
1,15,29,28,1.9392445640050358,2.1051709197224806,2.8700925703966678,-0.5217396845717389,1.6151206077875948,left
1,15,30,38,1.9383599499225124,2.1051709197224806,2.283517896518328,0.7462213660988828,0.5289446266889787,left
1,15,31,5,1.937152609318199,2.1051709197224806,1.7660186463264442,-0.3734900264142933,1.4603103974586689,left
1,15,32,0,1.9368989586839822,2.1051709197224806,3.4060685947640597,-0.26602359713503837,2.089724647386965,right
1,15,33,7,1.9367400439416742,2.1051709197224806,1.0391202832992517,-0.5084569708635185,1.9876920058564855,right
1,15,34,44,1.9308722040209898,2.1051709197224806,-0.0126515890852682,0.00686764072087398,1.8273241515044858,right
1,15,35,36,1.9272271781496004,2.1051709197224806,2.8004091266991518,0.2851016178058954,2.2973783451469205,right
1,15,36,46,1.9249663445435192,2.1051709197224806,1.1086563332683812,0.7834861611886432,2.006210833024533,right
1,15,37,31,1.9241377984456414,2.1051709197224806,3.195045564584383,0.4809790052310494,0.14215409623181222,right
1,15,38,27,1.9217863940533957,2.1051709197224806,-0.9366923575620592,0.15312750577730272,0.32304851619842595,left
1,15,39,45,1.9209210730566313,2.1051709197224806,3.828339540661556,0.5305525020679269,1.8728585258322026,right
1,15,40,39,1.918082597097898,2.1051709197224806,0.46201562970891596,0.22328951693605814,1.8414174404841797,left
1,15,41,41,1.9143960017982629,2.1051709197224806,1.6640776315658639,-0.36145874554046037,2.193693912442454,left
1,15,42,14,1.9137133533226671,2.1051709197224806,-0.8576176878156802,0.5809884502872666,1.6329467234764625,left
1,15,43,40,1.9024343037461406,2.1051709197224806,2.4790105947974825,0.14616166879331882,1.325079801821844,right
1,15,44,29,1.9001361895790565,2.1051709197224806,1.1916950541326714,0.2091780561201313,1.6920070517473516,right
1,15,45,16,1.899055049561706,2.1051709197224806,1.9198954938207429,0.1873798633399817,1.5209852054052804,left
1,15,46,19,1.8967158632206884,2.1051709197224806,-0.4324054065868945,0.10050024157556992,1.4077003496045282,right
1,15,47,11,1.875025276125652,2.1051709197224806,3.858220698375181,0.3164073918340977,0.3974194343788645,right
1,15,48,26,1.8741736601354635,2.1051709197224806,2.8789777100824336,0.4910818400263661,0.7764491055038095,right
1,15,49,23,1.75946351276572,2.1051709197224806,3.3800908323284187,0.5840486794910948,1.1663537774875332,right
1,20,0,37,2.342416795860412,2.116856577469423,0.629796333600575,0.27929972585522755,1.1144263285715537,right
1,20,1,2,2.3169280114156443,2.113260990470364,2.8466698240339188,-0.033137888851473285,1.8224725514535751,right
1,20,2,8,2.3117024436313183,2.1051709197224806,2.0372999961194806,0.7623836135571669,0.9165056525020348,right
1,20,3,42,2.3083387529310233,2.1051709197224806,1.152795191179452,0.7482069766822916,0.7444554981445928,left
1,20,4,31,2.3034497347421397,2.1051709197224806,3.195045564584383,0.4809790052310494,0.14215409623181222,right
1,20,5,25,2.297535850276127,2.1113574444120387,2.079975045509191,0.21654161389872206,2.033984207036356,left
1,20,6,29,2.2871303886769034,2.1051709197224806,1.1916950541326714,0.2091780561201313,1.6920070517473516,right
1,20,7,1,2.2827281374764716,2.1051709197224806,-0.8133896831246054,0.6179199179318127,1.1601976255973152,right
1,20,8,18,2.2795659582533214,2.1051709197224806,2.092501992700623,-0.4934176524215206,1.8319886286318736,right
1,20,9,39,2.253440745494743,2.1051709197224806,0.46201562970891596,0.22328951693605814,1.8414174404841797,left
1,20,10,4,2.246491706524699,2.110706231286822,-0.3756553760368022,-0.571713684623064,1.5248389883277969,left
1,20,11,12,2.2415735701090784,2.1226994063428943,0.6974099516812586,0.6742777988573794,1.22150841126303,right
1,20,12,43,2.2391468628898847,2.1147319124245243,1.2019647873143744,-0.3245829219412008,1.649555725086597,left
1,20,13,13,2.2258434239762477,2.111013748595952,2.2300005046813114,-0.4407141260919684,1.444675064862009,left
1,20,14,48,2.215129246874735,2.113260990470364,-0.8182709296621812,-0.603408367456413,0.23404101690599133,left
1,20,15,0,2.214594546456414,2.1113574444120387,3.4060685947640597,-0.26602359713503837,2.089724647386965,right
1,20,16,35,2.213380937795143,2.1051709197224806,2.2271652082905344,0.6557300652659364,2.2201738096230597,left
1,20,17,30,2.209009662535959,2.1051709197224806,3.1696130020342146,0.9261680457022461,0.34986935306008016,left
1,20,18,22,2.208041805071894,2.123730493791154,1.0376294419440715,0.6087385309676461,0.7959138989802085,right
1,20,19,5,2.2057714680973453,2.1051709197224806,1.7660186463264442,-0.3734900264142933,1.4603103974586689,left
1,20,20,21,2.2047180649106304,2.1051709197224806,3.568282092312944,0.09583971453031581,0.08110351887879158,left
1,20,21,6,2.2022498289250576,2.1051709197224806,3.1722876670917355,0.25602654516589607,2.185629847198891,right
1,20,22,47,2.1953629469576974,2.1051709197224806,2.3758900873605624,0.010369675383135712,1.4700649235166205,left
1,20,23,41,2.1945400504714314,2.1051709197224806,1.6640776315658639,-0.36145874554046037,2.193693912442454,left
1,20,24,16,2.1945211469486443,2.1051709197224806,1.9198954938207429,0.1873798633399817,1.5209852054052804,left
1,20,25,20,2.1942621266334816,2.126205103666977,-0.9064452859149771,-0.19088502200378177,0.9802379798499415,right
1,20,26,38,2.192758868231041,2.1051709197224806,2.283517896518328,0.7462213660988828,0.5289446266889787,left
1,20,27,40,2.1922921683855585,2.1051709197224806,2.4790105947974825,0.14616166879331882,1.325079801821844,right
1,20,28,36,2.1876973028901157,2.112961358220442,2.8004091266991518,0.2851016178058954,2.2973783451469205,right
1,20,29,7,2.183128608462425,2.1051709197224806,1.0391202832992517,-0.5084569708635185,1.9876920058564855,right
1,20,30,14,2.181556542092697,2.1051709197224806,-0.8576176878156802,0.5809884502872666,1.6329467234764625,left
1,20,31,24,2.1792164003347976,2.1117441022051358,-0.5447750320488262,0.24051299148481664,2.094035276882418,left
1,20,32,9,2.178342406131896,2.1051709197224806,2.4454827573105047,-0.3986675714574057,1.6396537160519387,right
1,20,33,49,2.176598223896506,2.1051709197224806,0.9125394537631946,-0.3597176180728964,1.6775321879979963,right
1,20,34,32,2.174461964221654,2.1051709197224806,1.6641090290711986,0.36580571745906165,0.10224835432344458,left
1,20,35,3,2.171672070848934,2.1139351630326875,1.5379873012130867,0.4415991752261643,1.5783492398212469,left
1,20,36,26,2.168101343062693,2.1051709197224806,2.8789777100824336,0.4910818400263661,0.7764491055038095,right
1,20,37,28,2.1644714914436096,2.110706231286822,2.8700925703966678,-0.5217396845717389,1.6151206077875948,left
1,20,38,33,2.152066223453083,2.1051709197224806,-0.6853400322096439,-0.6533260693325067,0.033594189299879694,left
1,20,39,45,2.1520224094555687,2.1051709197224806,3.828339540661556,0.5305525020679269,1.8728585258322026,right
1,20,40,15,2.1491077916397545,2.1051709197224806,-0.8770968586213448,0.2906925228253271,0.20633146462406918,left
1,20,41,17,2.1488533970982773,2.1051709197224806,0.6630485846471066,-0.1937578771926851,1.922253531634258,left
1,20,42,27,2.1463500008417418,2.112683128274086,-0.9366923575620592,0.15312750577730272,0.32304851619842595,left
1,20,43,46,2.1439194270210935,2.1051709197224806,1.1086563332683812,0.7834861611886432,2.006210833024533,right
1,20,44,34,2.12847865807118,2.1051709197224806,-0.9089411996208354,-0.29320835388028843,1.4356491272542813,left
1,20,45,19,2.114669935312619,2.120195336825692,-0.4324054065868945,0.10050024157556992,1.4077003496045282,right
1,20,46,23,2.1087837274352252,2.1051709197224806,3.3800908323284187,0.5840486794910948,1.1663537774875332,right
1,20,47,11,2.1050826443601416,2.1051709197224806,3.858220698375181,0.3164073918340977,0.3974194343788645,right
1,20,48,44,2.099974374118338,2.1051709197224806,-0.0126515890852682,0.00686764072087398,1.8273241515044858,right
1,20,49,10,2.0922824118139496,2.1121823143706457,-0.5879500190523553,0.7515177813744938,0.05944248284825292,left
1,25,0,8,3.2886091151068833,2.1051709197224806,2.0372999961194806,0.7623836135571669,0.9165056525020348,right
1,25,1,46,3.187541799181086,2.1051709197224806,1.1086563332683812,0.7834861611886432,2.006210833024533,right
1,25,2,1,3.158501392708165,2.1051709197224806,-0.8133896831246054,0.6179199179318127,1.1601976255973152,right
1,25,3,37,3.1574213607744364,2.122699406342894,0.629796333600575,0.27929972585522755,1.1144263285715537,right
1,25,4,31,3.1401642782771866,2.1051709197224806,3.195045564584383,0.4809790052310494,0.14215409623181222,right
1,25,5,41,3.1313099859840747,2.1051709197224806,1.6640776315658639,-0.36145874554046037,2.193693912442454,left
1,25,6,35,3.1311264199779494,2.1051709197224806,2.2271652082905344,0.6557300652659364,2.2201738096230597,left
1,25,7,9,3.130337514247782,2.1051709197224806,2.4454827573105047,-0.3986675714574057,1.6396537160519387,right
1,25,8,22,3.1259842686110892,2.1113574444120387,1.0376294419440715,0.6087385309676461,0.7959138989802085,right
1,25,9,12,3.124102545809296,2.1139351630326875,0.6974099516812586,0.6742777988573794,1.22150841126303,right
1,25,10,15,3.121631541037572,2.1051709197224806,-0.8770968586213448,0.2906925228253271,0.20633146462406918,left
1,25,11,48,3.1114609997200517,2.113260990470364,-0.8182709296621812,-0.603408367456413,0.23404101690599133,left
1,25,12,24,3.1048311673543303,2.1117441022051358,-0.5447750320488262,0.24051299148481664,2.094035276882418,left
1,25,13,0,3.1005849051751397,2.1051709197224806,3.4060685947640597,-0.26602359713503837,2.089724647386965,right
1,25,14,26,3.0987410219758607,2.1051709197224806,2.8789777100824336,0.4910818400263661,0.7764491055038095,right
1,25,15,47,3.0977966537500836,2.1051709197224806,2.3758900873605624,0.010369675383135712,1.4700649235166205,left
1,25,16,17,3.0966540150724517,2.1051709197224806,0.6630485846471066,-0.1937578771926851,1.922253531634258,left
1,25,17,20,3.0958215286807937,2.1051709197224806,-0.9064452859149771,-0.19088502200378177,0.9802379798499415,right
1,25,18,30,3.0915926886327076,2.1051709197224806,3.1696130020342146,0.9261680457022461,0.34986935306008016,left
1,25,19,21,3.0901560769933694,2.1051709197224806,3.568282092312944,0.09583971453031581,0.08110351887879158,left
1,25,20,14,3.0847267560458884,2.1051709197224806,-0.8576176878156802,0.5809884502872666,1.6329467234764625,left
1,25,21,45,3.0832466914685943,2.1051709197224806,3.828339540661556,0.5305525020679269,1.8728585258322026,right
1,25,22,39,3.0820960261318806,2.1051709197224806,0.46201562970891596,0.22328951693605814,1.8414174404841797,left
1,25,23,11,3.081670711062266,2.1051709197224806,3.858220698375181,0.3164073918340977,0.3974194343788645,right
1,25,24,27,3.079021372825589,2.1051709197224806,-0.9366923575620592,0.15312750577730272,0.32304851619842595,left
1,25,25,38,3.079021372825589,2.112683128274086,2.283517896518328,0.7462213660988828,0.5289446266889787,left
1,25,26,13,3.0779275760893148,2.1051709197224806,2.2300005046813114,-0.4407141260919684,1.444675064862009,left
1,25,27,25,3.076785588075402,2.1051709197224806,2.079975045509191,0.21654161389872206,2.033984207036356,left
1,25,28,28,3.0733955236199693,2.1051709197224806,2.8700925703966678,-0.5217396845717389,1.6151206077875948,left
1,25,29,4,3.068654709440575,2.1051709197224806,-0.3756553760368022,-0.571713684623064,1.5248389883277969,left
1,25,30,42,3.0660034529660107,2.1051709197224806,1.152795191179452,0.7482069766822916,0.7444554981445928,left
1,25,31,36,3.060572167541794,2.1051709197224806,2.8004091266991518,0.2851016178058954,2.2973783451469205,right
1,25,32,2,3.0445799757487886,2.121351061218247,2.8466698240339188,-0.033137888851473285,1.8224725514535751,right
1,25,33,3,3.0445799757487886,2.1051709197224806,1.5379873012130867,0.4415991752261643,1.5783492398212469,left
1,25,34,5,3.0445799757487886,2.1226994063428943,1.7660186463264442,-0.3734900264142933,1.4603103974586689,left
1,25,35,6,3.0445799757487886,2.1051709197224806,3.1722876670917355,0.25602654516589607,2.185629847198891,right
1,25,36,7,3.0445799757487886,2.1051709197224806,1.0391202832992517,-0.5084569708635185,1.9876920058564855,right
1,25,37,10,3.0445799757487886,2.1051709197224806,-0.5879500190523553,0.7515177813744938,0.05944248284825292,left
1,25,38,16,3.0445799757487886,2.1051709197224806,1.9198954938207429,0.1873798633399817,1.5209852054052804,left
1,25,39,18,3.0445799757487886,2.1051709197224806,2.092501992700623,-0.4934176524215206,1.8319886286318736,right
1,25,40,19,3.0445799757487886,2.1051709197224806,-0.4324054065868945,0.10050024157556992,1.4077003496045282,right
1,25,41,23,3.0445799757487886,2.1051709197224806,3.3800908323284187,0.5840486794910948,1.1663537774875332,right
1,25,42,29,3.0445799757487886,2.1051709197224806,1.1916950541326714,0.2091780561201313,1.6920070517473516,right
1,25,43,32,3.0445799757487886,2.120195336825692,1.6641090290711986,0.36580571745906165,0.10224835432344458,left
1,25,44,33,3.0445799757487886,2.1051709197224806,-0.6853400322096439,-0.6533260693325067,0.033594189299879694,left
1,25,45,34,3.0445799757487886,2.1051709197224806,-0.9089411996208354,-0.29320835388028843,1.4356491272542813,left
1,25,46,40,3.0445799757487886,2.109553041377584,2.4790105947974825,0.14616166879331882,1.325079801821844,right
1,25,47,43,3.0445799757487886,2.1147319124245243,1.2019647873143744,-0.3245829219412008,1.649555725086597,left
1,25,48,44,3.0445799757487886,2.1051709197224806,-0.0126515890852682,0.00686764072087398,1.8273241515044858,right
1,25,49,49,3.0445799757487886,2.1051709197224806,0.9125394537631946,-0.3597176180728964,1.6775321879979963,right
1,30,0,35,3.1591559041424433,2.1113574444120387,2.2271652082905344,0.6557300652659364,2.2201738096230597,left
1,30,1,1,3.1082320267720878,2.1139351630326875,-0.8133896831246054,0.6179199179318127,1.1601976255973152,right
1,30,2,42,3.1055388902473697,2.1209465576808526,1.152795191179452,0.7482069766822916,0.7444554981445928,left
1,30,3,14,3.090100332619664,2.1147319124245243,-0.8576176878156802,0.5809884502872666,1.6329467234764625,left
1,30,4,47,3.0753286207534223,2.122699406342894,2.3758900873605624,0.010369675383135712,1.4700649235166205,left
1,30,5,37,3.0731115087544625,2.116856577469423,0.629796333600575,0.27929972585522755,1.1144263285715537,right
1,30,6,43,3.0645822427570293,2.1051709197224806,1.2019647873143744,-0.3245829219412008,1.649555725086597,left
1,30,7,32,3.056078087884514,2.120195336825692,1.6641090290711986,0.36580571745906165,0.10224835432344458,left
1,30,8,2,3.0455111525687917,2.12944113196613,2.8466698240339188,-0.033137888851473285,1.8224725514535751,right
1,30,9,10,3.0431589359474103,2.1121823143706457,-0.5879500190523553,0.7515177813744938,0.05944248284825292,left
1,30,10,38,3.04003136122758,2.127707545377298,2.283517896518328,0.7462213660988828,0.5289446266889787,left
1,30,11,25,3.037336407328647,2.129917018480711,2.079975045509191,0.21654161389872206,2.033984207036356,left
1,30,12,3,3.0359539285678645,2.1226994063428943,1.5379873012130867,0.4415991752261643,1.5783492398212469,left
1,30,13,44,3.0310804185483073,2.1051709197224806,-0.0126515890852682,0.00686764072087398,1.8273241515044858,right
1,30,14,13,3.0222263270243146,2.116856577469423,2.2300005046813114,-0.4407141260919684,1.444675064862009,left
1,30,15,41,3.0212589928817972,2.1051709197224806,1.6640776315658639,-0.36145874554046037,2.193693912442454,left
1,30,16,9,3.0008484667238706,2.1117441022051358,2.4454827573105047,-0.3986675714574057,1.6396537160519387,right
1,30,17,33,2.999732811236654,2.116856577469423,-0.6853400322096439,-0.6533260693325067,0.033594189299879694,left
1,30,18,22,2.996589424964685,2.1113574444120387,1.0376294419440715,0.6087385309676461,0.7959138989802085,right
1,30,19,26,2.9923780981657373,2.1051709197224806,2.8789777100824336,0.4910818400263661,0.7764491055038095,right
1,30,20,30,2.9923483177909125,2.1209465576808526,3.1696130020342146,0.9261680457022461,0.34986935306008016,left
1,30,21,46,2.977182922267157,2.123730493791154,1.1086563332683812,0.7834861611886432,2.006210833024533,right
1,30,22,39,2.9740049213799113,2.1248904671704456,0.46201562970891596,0.22328951693605814,1.8414174404841797,left
1,30,23,16,2.9670791921630517,2.1051709197224806,1.9198954938207429,0.1873798633399817,1.5209852054052804,left
1,30,24,0,2.9632643153816804,2.123730493791154,3.4060685947640597,-0.26602359713503837,2.089724647386965,right
1,30,25,8,2.9556030863401626,2.1051709197224806,2.0372999961194806,0.7623836135571669,0.9165056525020348,right
1,30,26,12,2.955542129153688,2.1139351630326875,0.6974099516812586,0.6742777988573794,1.22150841126303,right
1,30,27,7,2.9547520906991736,2.1051709197224806,1.0391202832992517,-0.5084569708635185,1.9876920058564855,right
1,30,28,23,2.95108021754669,2.1209465576808526,3.3800908323284187,0.5840486794910948,1.1663537774875332,right
1,30,29,17,2.946089230135105,2.117543969101596,0.6630485846471066,-0.1937578771926851,1.922253531634258,left
1,30,30,6,2.9450089749212376,2.121351061218247,3.1722876670917355,0.25602654516589607,2.185629847198891,right
1,30,31,20,2.9440631986531187,2.1156880116947288,-0.9064452859149771,-0.19088502200378177,0.9802379798499415,right
1,30,32,18,2.9416048104975747,2.1156880116947288,2.092501992700623,-0.4934176524215206,1.8319886286318736,right
1,30,33,34,2.941351299656957,2.126205103666977,-0.9089411996208354,-0.29320835388028843,1.4356491272542813,left
1,30,34,24,2.9379171168441394,2.118317284687791,-0.5447750320488262,0.24051299148481664,2.094035276882418,left
1,30,35,15,2.9366747002777496,2.1209465576808526,-0.8770968586213448,0.2906925228253271,0.20633146462406918,left
1,30,36,48,2.9314767450594195,2.12944113196613,-0.8182709296621812,-0.603408367456413,0.23404101690599133,left
1,30,37,21,2.930728903236832,2.1162415428511627,3.568282092312944,0.09583971453031581,0.08110351887879158,left
1,30,38,40,2.9270446194678534,2.1270815279979978,2.4790105947974825,0.14616166879331882,1.325079801821844,right
1,30,39,28,2.9218742731583944,2.1162415428511627,2.8700925703966678,-0.5217396845717389,1.6151206077875948,left
1,30,40,19,2.9145646839099557,2.1051709197224806,-0.4324054065868945,0.10050024157556992,1.4077003496045282,right
1,30,41,31,2.913659148949656,2.128542235216365,3.195045564584383,0.4809790052310494,0.14215409623181222,right
1,30,42,49,2.9109216844046406,2.124292905126568,0.9125394537631946,-0.3597176180728964,1.6775321879979963,right
1,30,43,29,2.9059565786369754,2.1226994063428943,1.1916950541326714,0.2091780561201313,1.6920070517473516,right
1,30,44,4,2.892685830088765,2.110706231286822,-0.3756553760368022,-0.571713684623064,1.5248389883277969,left
1,30,45,11,2.8892884918878554,2.113260990470364,3.858220698375181,0.3164073918340977,0.3974194343788645,right
1,30,46,27,2.873782275231208,2.112683128274086,-0.9366923575620592,0.15312750577730272,0.32304851619842595,left
1,30,47,5,2.8675743206132926,2.1051709197224806,1.7660186463264442,-0.3734900264142933,1.4603103974586689,left
1,30,48,36,2.8502077229462657,2.1207517967184035,2.8004091266991518,0.2851016178058954,2.2973783451469205,right
1,30,49,45,2.8171976822909848,2.1051709197224806,3.828339540661556,0.5305525020679269,1.8728585258322026,right
2,5,0,39,2.074637092099622,2.1051709197224806,0.9009582399131331,0.46344845898851794,0.6915626180461147,right
2,5,1,48,2.0653013137915277,2.1051709197224806,1.1682683994629155,0.7202844018804493,0.7592473666236854,right
2,5,2,31,2.0631696604006073,2.1051709197224806,1.8778660669839384,0.18462464434068326,1.4499236356097922,right
2,5,3,14,2.0628955847865873,2.1051709197224806,0.6601046126801196,0.028586177268228985,1.5151064883578185,left
2,5,4,38,2.0621080823240243,2.1051709197224806,-0.08592546250718669,-0.17459339714014055,0.24704157062094906,right
2,5,5,26,2.0593758828741624,2.1051709197224806,-0.06816824687171175,0.18480139472976675,1.957590052895307,left
2,5,6,40,2.0584715655260415,2.1051709197224806,1.0316926092286813,0.8725444091321963,0.7964519565856313,left
2,5,7,23,2.055877507284436,2.1051709197224806,0.7269992855172378,0.4179054104209481,0.41437031438257005,right
2,5,8,1,2.0556772518127664,2.1051709197224806,2.260142746753902,0.03186998500373717,1.568208707172756,right
2,5,9,0,2.054526809017416,2.1051709197224806,-0.8265615237303922,0.9678977995829101,1.1036616532904575,left
2,5,10,47,2.0534540621372583,2.1051709197224806,-0.5358294663557219,0.07055748848843446,0.7206681757197134,right
2,5,11,44,2.0513635190661303,2.1051709197224806,0.5581741477346216,0.12000489781751578,1.6092507322007095,right
2,5,12,36,2.0511536158353243,2.1051709197224806,-0.326304135099005,0.3468693625297192,1.3796981119277332,left
2,5,13,11,2.0509643962649764,2.1051709197224806,0.5004508060280808,0.06825826920685518,0.8856729232413594,left
2,5,14,3,2.050908372479709,2.1051709197224806,-0.7495097274309861,-0.540244979780818,0.679612136729763,left
2,5,15,33,2.0501289602587,2.1051709197224806,0.5203534034338273,-0.17287623447944367,2.2305398558387792,left
2,5,16,13,2.049866190263636,2.1051709197224806,-0.6581197417826276,0.9332967731619022,0.8172190375980151,left
2,5,17,8,2.049319069370669,2.1051709197224806,1.8217616411820585,0.8575406451007506,0.7257087980458983,right
2,5,18,45,2.048680795114139,2.1051709197224806,0.8498839726118472,0.5482765153878404,1.4916106041655648,left
2,5,19,27,2.046677509986874,2.1051709197224806,3.806458246706817,0.0285269666948883,2.233079863014337,left
2,5,20,46,2.0453928755562876,2.1051709197224806,1.4278689003853526,0.5293635579362945,2.2146730263651944,left
2,5,21,15,2.0452942546577932,2.1051709197224806,3.3519254259478286,-0.6771415973203793,2.127310630929175,right
2,5,22,37,2.045042479794054,2.1051709197224806,0.05186303418840832,0.09998167838929561,2.0011584629570884,left
2,5,23,25,2.044327926055527,2.1051709197224806,3.5406354768416053,0.17008005893166445,0.18022412109463437,left
2,5,24,2,2.044317157073438,2.1051709197224806,-0.38308741587813133,0.23073429512359456,0.9973463276197972,left
2,5,25,42,2.043811641423493,2.1051709197224806,0.8833043419914253,0.8148156570913736,1.3039933337066845,right
2,5,26,21,2.0437775574910066,2.1051709197224806,1.6158664688479263,0.6982931336011833,1.8831836306736465,left
2,5,27,5,2.04228920736033,2.1051709197224806,1.8997782555360785,0.5797528086888726,1.6435552965809357,left
2,5,28,17,2.0422620041825272,2.1051709197224806,3.0326743892760426,-0.16171390132178975,1.9749677352961017,right
2,5,29,6,2.042082332803574,2.1051709197224806,3.355575133393982,0.11481506965709865,0.18144059671200038,left
2,5,30,4,2.0417582104809853,2.1051709197224806,2.8915203842275172,0.8868086414269782,1.9500762488076506,right
2,5,31,12,2.041338948922693,2.1051709197224806,-0.3639811407845319,0.2880192507573236,0.5329275888241137,left
2,5,32,34,2.0408386520692705,2.1051709197224806,1.0784152710206287,-0.5699488557614815,2.1010737510080757,left
2,5,33,29,2.040734850293723,2.1051709197224806,0.11834205020784161,0.45986168752723566,1.906442413963297,right
2,5,34,16,2.0392180804459707,2.1051709197224806,2.5027586431573363,0.62908504211532,2.1899592651969138,right
2,5,35,43,2.038750415745267,2.1051709197224806,1.6219338141605144,0.9202787552848126,1.4451162186542614,left
2,5,36,49,2.0386329274432224,2.1051709197224806,3.7203085546322834,0.710787910734435,1.1950458923829705,left
2,5,37,28,2.0386107429731153,2.1051709197224806,1.2135222787405322,0.6230625560644449,0.44424546692905914,left
2,5,38,35,2.037930581003825,2.1051709197224806,0.3146363818176898,0.9905528867522992,1.6468666285975484,left
2,5,39,30,2.0378384822860633,2.1051709197224806,0.11790515550811032,0.9423842554136614,2.071042993877253,right
2,5,40,22,2.036743156278492,2.1051709197224806,-0.5444026171173224,-0.22511638310254217,1.612132261275384,right
2,5,41,9,2.0367092059954794,2.1051709197224806,3.1831874817557955,-0.32937005901209776,2.156952346903054,right
2,5,42,10,2.0353022426668663,2.1051709197224806,2.3364432014143497,0.8646937793780791,1.6338200645316965,left
2,5,43,24,2.0348989439727587,2.1051709197224806,1.9059810705927935,-0.1122742650792099,2.2491814048990326,left
2,5,44,32,2.034745453538152,2.1051709197224806,1.854308356079664,0.24526019163954282,0.688851051604811,left
2,5,45,7,2.0338817128264903,2.1051709197224806,0.6125185276312226,-0.3903841337913273,2.2232848860070664,left
2,5,46,41,2.0337540765543816,2.1051709197224806,-0.6821394350699469,-0.38237255812577425,2.2710335979583327,left
2,5,47,18,2.0333398763716217,2.1051709197224806,2.559335567340218,0.010206859220911024,1.95676334713672,right
2,5,48,19,2.032739385949095,2.1051709197224806,1.0946564824412546,-0.2528554029645846,1.93098049997083,left
2,5,49,20,2.0234969158889813,2.1051709197224806,2.7567863568729667,-0.1277139373893511,2.166237295214769,left
2,10,0,38,2.0628757250111485,2.1051709197224806,-0.08592546250718669,-0.17459339714014055,0.24704157062094906,right
2,10,1,8,2.059957533780545,2.1051709197224806,1.8217616411820585,0.8575406451007506,0.7257087980458983,right
2,10,2,10,2.0588122727087086,2.1051709197224806,2.3364432014143497,0.8646937793780791,1.6338200645316965,left
2,10,3,13,2.057724220494338,2.1051709197224806,-0.6581197417826276,0.9332967731619022,0.8172190375980151,left
2,10,4,39,2.057693945446535,2.1051709197224806,0.9009582399131331,0.46344845898851794,0.6915626180461147,right
2,10,5,43,2.0565759356869457,2.1051709197224806,1.6219338141605144,0.9202787552848126,1.4451162186542614,left
2,10,6,24,2.055798004394278,2.1051709197224806,1.9059810705927935,-0.1122742650792099,2.2491814048990326,left
2,10,7,44,2.0548022239793307,2.1051709197224806,0.5581741477346216,0.12000489781751578,1.6092507322007095,right
2,10,8,5,2.053914980783719,2.1051709197224806,1.8997782555360785,0.5797528086888726,1.6435552965809357,left
2,10,9,46,2.0521004394675884,2.1051709197224806,1.4278689003853526,0.5293635579362945,2.2146730263651944,left
2,10,10,15,2.0503271801983147,2.1051709197224806,3.3519254259478286,-0.6771415973203793,2.127310630929175,right
2,10,11,11,2.05022075893732,2.1051709197224806,0.5004508060280808,0.06825826920685518,0.8856729232413594,left
2,10,12,17,2.0497569458085554,2.1051709197224806,3.0326743892760426,-0.16171390132178975,1.9749677352961017,right
2,10,13,2,2.0492374729416936,2.1051709197224806,-0.38308741587813133,0.23073429512359456,0.9973463276197972,left
2,10,14,21,2.0489757179996277,2.1051709197224806,1.6158664688479263,0.6982931336011833,1.8831836306736465,left
2,10,15,48,2.0474532389573854,2.1051709197224806,1.1682683994629155,0.7202844018804493,0.7592473666236854,right
2,10,16,3,2.0473557811859964,2.1051709197224806,-0.7495097274309861,-0.540244979780818,0.679612136729763,left
2,10,17,27,2.0469694037638275,2.1051709197224806,3.806458246706817,0.0285269666948883,2.233079863014337,left
2,10,18,22,2.0466235188313346,2.1051709197224806,-0.5444026171173224,-0.22511638310254217,1.612132261275384,right
2,10,19,31,2.046210465842615,2.1051709197224806,1.8778660669839384,0.18462464434068326,1.4499236356097922,right
2,10,20,1,2.046169971249228,2.1051709197224806,2.260142746753902,0.03186998500373717,1.568208707172756,right
2,10,21,37,2.0459859579420736,2.1051709197224806,0.05186303418840832,0.09998167838929561,2.0011584629570884,left
2,10,22,30,2.0458961980013752,2.1051709197224806,0.11790515550811032,0.9423842554136614,2.071042993877253,right
2,10,23,12,2.0456496556059722,2.1051709197224806,-0.3639811407845319,0.2880192507573236,0.5329275888241137,left
2,10,24,6,2.045264332197471,2.1051709197224806,3.355575133393982,0.11481506965709865,0.18144059671200038,left
2,10,25,4,2.04495130061325,2.1051709197224806,2.8915203842275172,0.8868086414269782,1.9500762488076506,right
2,10,26,26,2.044777786946266,2.1051709197224806,-0.06816824687171175,0.18480139472976675,1.957590052895307,left
2,10,27,40,2.044756282112751,2.1051709197224806,1.0316926092286813,0.8725444091321963,0.7964519565856313,left
2,10,28,0,2.0446811315386517,2.1051709197224806,-0.8265615237303922,0.9678977995829101,1.1036616532904575,left
2,10,29,33,2.043185989502048,2.1051709197224806,0.5203534034338273,-0.17287623447944367,2.2305398558387792,left
2,10,30,34,2.042847661208919,2.1051709197224806,1.0784152710206287,-0.5699488557614815,2.1010737510080757,left
2,10,31,14,2.042702955689519,2.1051709197224806,0.6601046126801196,0.028586177268228985,1.5151064883578185,left
2,10,32,47,2.0423747305822055,2.1051709197224806,-0.5358294663557219,0.07055748848843446,0.7206681757197134,right
2,10,33,9,2.0419439265555215,2.1051709197224806,3.1831874817557955,-0.32937005901209776,2.156952346903054,right
2,10,34,45,2.041192266799471,2.1051709197224806,0.8498839726118472,0.5482765153878404,1.4916106041655648,left
2,10,35,23,2.0405227339636394,2.1051709197224806,0.7269992855172378,0.4179054104209481,0.41437031438257005,right
2,10,36,41,2.0395167938083656,2.1051709197224806,-0.6821394350699469,-0.38237255812577425,2.2710335979583327,left
2,10,37,49,2.0389513330271005,2.1051709197224806,3.7203085546322834,0.710787910734435,1.1950458923829705,left
2,10,38,36,2.038386959595111,2.1051709197224806,-0.326304135099005,0.3468693625297192,1.3796981119277332,left
2,10,39,35,2.037822747275932,2.1051709197224806,0.3146363818176898,0.9905528867522992,1.6468666285975484,left
2,10,40,7,2.037532182696048,2.1051709197224806,0.6125185276312226,-0.3903841337913273,2.2232848860070664,left
2,10,41,29,2.035502605010436,2.1051709197224806,0.11834205020784161,0.45986168752723566,1.906442413963297,right
2,10,42,16,2.0350797542172048,2.1051709197224806,2.5027586431573363,0.62908504211532,2.1899592651969138,right
2,10,43,28,2.033871275775832,2.1051709197224806,1.2135222787405322,0.6230625560644449,0.44424546692905914,left
2,10,44,19,2.033186105330052,2.1051709197224806,1.0946564824412546,-0.2528554029645846,1.93098049997083,left
2,10,45,25,2.032906938545038,2.1051709197224806,3.5406354768416053,0.17008005893166445,0.18022412109463437,left
2,10,46,18,2.0263709353039623,2.1051709197224806,2.559335567340218,0.010206859220911024,1.95676334713672,right
2,10,47,42,2.025572317511118,2.1051709197224806,0.8833043419914253,0.8148156570913736,1.3039933337066845,right
2,10,48,32,2.023998599066899,2.1051709197224806,1.854308356079664,0.24526019163954282,0.688851051604811,left
2,10,49,20,2.018206566897815,2.1051709197224806,2.7567863568729667,-0.1277139373893511,2.166237295214769,left
2,15,0,19,2.9200648281883943,2.1051709197224806,1.0946564824412546,-0.2528554029645846,1.93098049997083,left
2,15,1,44,2.9195494526517356,2.1051709197224806,0.5581741477346216,0.12000489781751578,1.6092507322007095,right
2,15,2,41,2.914542675537886,2.1051709197224806,-0.6821394350699469,-0.38237255812577425,2.2710335979583327,left
2,15,3,34,2.9143317596926477,2.1051709197224806,1.0784152710206287,-0.5699488557614815,2.1010737510080757,left
2,15,4,3,2.907001773297907,2.1051709197224806,-0.7495097274309861,-0.540244979780818,0.679612136729763,left
2,15,5,47,2.8884396873307194,2.1051709197224806,-0.5358294663557219,0.07055748848843446,0.7206681757197134,right
2,15,6,45,2.881557964530755,2.1051709197224806,0.8498839726118472,0.5482765153878404,1.4916106041655648,left
2,15,7,39,2.8798017654408103,2.1051709197224806,0.9009582399131331,0.46344845898851794,0.6915626180461147,right
2,15,8,42,2.874390277130111,2.1051709197224806,0.8833043419914253,0.8148156570913736,1.3039933337066845,right
2,15,9,29,2.8706177445160184,2.1051709197224806,0.11834205020784161,0.45986168752723566,1.906442413963297,right
2,15,10,14,2.870158111625323,2.1051709197224806,0.6601046126801196,0.028586177268228985,1.5151064883578185,left
2,15,11,49,2.8643602995490003,2.1051709197224806,3.7203085546322834,0.710787910734435,1.1950458923829705,left
2,15,12,40,2.863293296012748,2.1051709197224806,1.0316926092286813,0.8725444091321963,0.7964519565856313,left
2,15,13,22,2.8607424371763175,2.1051709197224806,-0.5444026171173224,-0.22511638310254217,1.612132261275384,right
2,15,14,16,2.8579684351795196,2.1051709197224806,2.5027586431573363,0.62908504211532,2.1899592651969138,right
2,15,15,7,2.856173191066473,2.1051709197224806,0.6125185276312226,-0.3903841337913273,2.2232848860070664,left
2,15,16,37,2.851531424450511,2.1051709197224806,0.05186303418840832,0.09998167838929561,2.0011584629570884,left
2,15,17,32,2.84720309791141,2.1051709197224806,1.854308356079664,0.24526019163954282,0.688851051604811,left
2,15,18,46,2.8466984705489606,2.1051709197224806,1.4278689003853526,0.5293635579362945,2.2146730263651944,left
2,15,19,6,2.846654736864278,2.1051709197224806,3.355575133393982,0.11481506965709865,0.18144059671200038,left
2,15,20,26,2.8407244373556613,2.1051709197224806,-0.06816824687171175,0.18480139472976675,1.957590052895307,left
2,15,21,23,2.834140703479156,2.1051709197224806,0.7269992855172378,0.4179054104209481,0.41437031438257005,right
2,15,22,13,2.8332845385197913,2.1051709197224806,-0.6581197417826276,0.9332967731619022,0.8172190375980151,left
2,15,23,17,2.8329246341740664,2.1051709197224806,3.0326743892760426,-0.16171390132178975,1.9749677352961017,right
2,15,24,18,2.8310857147636206,2.1051709197224806,2.559335567340218,0.010206859220911024,1.95676334713672,right
2,15,25,0,2.830563056758644,2.1051709197224806,-0.8265615237303922,0.9678977995829101,1.1036616532904575,left
2,15,26,28,2.8285455196650426,2.1051709197224806,1.2135222787405322,0.6230625560644449,0.44424546692905914,left
2,15,27,35,2.8284780193237866,2.1051709197224806,0.3146363818176898,0.9905528867522992,1.6468666285975484,left
2,15,28,21,2.8252810125140018,2.1051709197224806,1.6158664688479263,0.6982931336011833,1.8831836306736465,left
2,15,29,4,2.8231866494560487,2.1051709197224806,2.8915203842275172,0.8868086414269782,1.9500762488076506,right
2,15,30,2,2.8230503274864036,2.1051709197224806,-0.38308741587813133,0.23073429512359456,0.9973463276197972,left
2,15,31,8,2.8140245925800182,2.1051709197224806,1.8217616411820585,0.8575406451007506,0.7257087980458983,right
2,15,32,36,2.8139349242382248,2.1051709197224806,-0.326304135099005,0.3468693625297192,1.3796981119277332,left
2,15,33,12,2.813616176696014,2.1051709197224806,-0.3639811407845319,0.2880192507573236,0.5329275888241137,left
2,15,34,10,2.8117081079547583,2.1051709197224806,2.3364432014143497,0.8646937793780791,1.6338200645316965,left
2,15,35,48,2.811663730295386,2.1051709197224806,1.1682683994629155,0.7202844018804493,0.7592473666236854,right
2,15,36,30,2.807505395076139,2.1051709197224806,0.11790515550811032,0.9423842554136614,2.071042993877253,right
2,15,37,33,2.8056743420079933,2.1051709197224806,0.5203534034338273,-0.17287623447944367,2.2305398558387792,left
2,15,38,24,2.8048711912434223,2.1051709197224806,1.9059810705927935,-0.1122742650792099,2.2491814048990326,left
2,15,39,1,2.7786362348856475,2.1051709197224806,2.260142746753902,0.03186998500373717,1.568208707172756,right
2,15,40,5,2.7786362348856475,2.1051709197224806,1.8997782555360785,0.5797528086888726,1.6435552965809357,left
2,15,41,9,2.7786362348856475,2.1051709197224806,3.1831874817557955,-0.32937005901209776,2.156952346903054,right
2,15,42,11,2.7786362348856475,2.1051709197224806,0.5004508060280808,0.06825826920685518,0.8856729232413594,left
2,15,43,15,2.7786362348856475,2.1051709197224806,3.3519254259478286,-0.6771415973203793,2.127310630929175,right
2,15,44,20,2.7786362348856475,2.1051709197224806,2.7567863568729667,-0.1277139373893511,2.166237295214769,left
2,15,45,25,2.7786362348856475,2.1051709197224806,3.5406354768416053,0.17008005893166445,0.18022412109463437,left
2,15,46,27,2.7786362348856475,2.1051709197224806,3.806458246706817,0.0285269666948883,2.233079863014337,left
2,15,47,31,2.7786362348856475,2.1051709197224806,1.8778660669839384,0.18462464434068326,1.4499236356097922,right
2,15,48,38,2.7786362348856475,2.1051709197224806,-0.08592546250718669,-0.17459339714014055,0.24704157062094906,right
2,15,49,43,2.7786362348856475,2.1051709197224806,1.6219338141605144,0.9202787552848126,1.4451162186542614,left
2,20,0,0,2.780982939021135,2.1051709197224806,-0.8265615237303922,0.9678977995829101,1.1036616532904575,left
2,20,1,1,2.780982939021135,2.1051709197224806,2.260142746753902,0.03186998500373717,1.568208707172756,right
2,20,2,2,2.780982939021135,2.1051709197224806,-0.38308741587813133,0.23073429512359456,0.9973463276197972,left
2,20,3,3,2.780982939021135,2.1051709197224806,-0.7495097274309861,-0.540244979780818,0.679612136729763,left
2,20,4,4,2.780982939021135,2.1051709197224806,2.8915203842275172,0.8868086414269782,1.9500762488076506,right
2,20,5,5,2.780982939021135,2.1051709197224806,1.8997782555360785,0.5797528086888726,1.6435552965809357,left
2,20,6,6,2.780982939021135,2.1051709197224806,3.355575133393982,0.11481506965709865,0.18144059671200038,left
2,20,7,7,2.780982939021135,2.1051709197224806,0.6125185276312226,-0.3903841337913273,2.2232848860070664,left
2,20,8,8,2.780982939021135,2.1051709197224806,1.8217616411820585,0.8575406451007506,0.7257087980458983,right
2,20,9,9,2.780982939021135,2.1051709197224806,3.1831874817557955,-0.32937005901209776,2.156952346903054,right
2,20,10,10,2.780982939021135,2.1051709197224806,2.3364432014143497,0.8646937793780791,1.6338200645316965,left
2,20,11,11,2.780982939021135,2.113260990470364,0.5004508060280808,0.06825826920685518,0.8856729232413594,left
2,20,12,12,2.780982939021135,2.1139351630326875,-0.3639811407845319,0.2880192507573236,0.5329275888241137,left
2,20,13,13,2.780982939021135,2.1051709197224806,-0.6581197417826276,0.9332967731619022,0.8172190375980151,left
2,20,14,14,2.780982939021135,2.1051709197224806,0.6601046126801196,0.028586177268228985,1.5151064883578185,left
2,20,15,15,2.780982939021135,2.110429465708605,3.3519254259478286,-0.6771415973203793,2.127310630929175,right
2,20,16,16,2.780982939021135,2.1051709197224806,2.5027586431573363,0.62908504211532,2.1899592651969138,right
2,20,17,17,2.780982939021135,2.1051709197224806,3.0326743892760426,-0.16171390132178975,1.9749677352961017,right
2,20,18,18,2.780982939021135,2.1051709197224806,2.559335567340218,0.010206859220911024,1.95676334713672,right
2,20,19,19,2.780982939021135,2.1051709197224806,1.0946564824412546,-0.2528554029645846,1.93098049997083,left
2,20,20,20,2.780982939021135,2.1051709197224806,2.7567863568729667,-0.1277139373893511,2.166237295214769,left
2,20,21,21,2.780982939021135,2.1051709197224806,1.6158664688479263,0.6982931336011833,1.8831836306736465,left
2,20,22,22,2.780982939021135,2.1051709197224806,-0.5444026171173224,-0.22511638310254217,1.612132261275384,right
2,20,23,23,2.780982939021135,2.1051709197224806,0.7269992855172378,0.4179054104209481,0.41437031438257005,right
2,20,24,24,2.780982939021135,2.1051709197224806,1.9059810705927935,-0.1122742650792099,2.2491814048990326,left
2,20,25,25,2.780982939021135,2.1051709197224806,3.5406354768416053,0.17008005893166445,0.18022412109463437,left
2,20,26,26,2.780982939021135,2.1051709197224806,-0.06816824687171175,0.18480139472976675,1.957590052895307,left
2,20,27,27,2.780982939021135,2.1051709197224806,3.806458246706817,0.0285269666948883,2.233079863014337,left
2,20,28,28,2.780982939021135,2.1051709197224806,1.2135222787405322,0.6230625560644449,0.44424546692905914,left
2,20,29,29,2.780982939021135,2.1139351630326875,0.11834205020784161,0.45986168752723566,1.906442413963297,right
2,20,30,30,2.780982939021135,2.1051709197224806,0.11790515550811032,0.9423842554136614,2.071042993877253,right
2,20,31,31,2.780982939021135,2.1051709197224806,1.8778660669839384,0.18462464434068326,1.4499236356097922,right
2,20,32,32,2.780982939021135,2.1051709197224806,1.854308356079664,0.24526019163954282,0.688851051604811,left
2,20,33,33,2.780982939021135,2.1051709197224806,0.5203534034338273,-0.17287623447944367,2.2305398558387792,left
2,20,34,34,2.780982939021135,2.1051709197224806,1.0784152710206287,-0.5699488557614815,2.1010737510080757,left
2,20,35,35,2.780982939021135,2.1051709197224806,0.3146363818176898,0.9905528867522992,1.6468666285975484,left
2,20,36,36,2.780982939021135,2.112961358220442,-0.326304135099005,0.3468693625297192,1.3796981119277332,left
2,20,37,37,2.780982939021135,2.1051709197224806,0.05186303418840832,0.09998167838929561,2.0011584629570884,left
2,20,38,38,2.780982939021135,2.120195336825692,-0.08592546250718669,-0.17459339714014055,0.24704157062094906,right
2,20,39,39,2.780982939021135,2.1051709197224806,0.9009582399131331,0.46344845898851794,0.6915626180461147,right
2,20,40,40,2.780982939021135,2.1051709197224806,1.0316926092286813,0.8725444091321963,0.7964519565856313,left
2,20,41,41,2.780982939021135,2.1051709197224806,-0.6821394350699469,-0.38237255812577425,2.2710335979583327,left
2,20,42,42,2.780982939021135,2.1051709197224806,0.8833043419914253,0.8148156570913736,1.3039933337066845,right
2,20,43,43,2.780982939021135,2.1147319124245243,1.6219338141605144,0.9202787552848126,1.4451162186542614,left
2,20,44,44,2.780982939021135,2.1051709197224806,0.5581741477346216,0.12000489781751578,1.6092507322007095,right
2,20,45,45,2.780982939021135,2.1051709197224806,0.8498839726118472,0.5482765153878404,1.4916106041655648,left
2,20,46,46,2.780982939021135,2.1051709197224806,1.4278689003853526,0.5293635579362945,2.2146730263651944,left
2,20,47,47,2.780982939021135,2.1051709197224806,-0.5358294663557219,0.07055748848843446,0.7206681757197134,right
2,20,48,48,2.780982939021135,2.113260990470364,1.1682683994629155,0.7202844018804493,0.7592473666236854,right
2,20,49,49,2.780982939021135,2.1051709197224806,3.7203085546322834,0.710787910734435,1.1950458923829705,left
2,25,0,0,3.0445799757487886,2.1113574444120387,-0.8265615237303922,0.9678977995829101,1.1036616532904575,left
2,25,1,1,3.0445799757487886,2.1139351630326875,2.260142746753902,0.03186998500373717,1.568208707172756,right
2,25,2,2,3.0445799757487886,2.1051709197224806,-0.38308741587813133,0.23073429512359456,0.9973463276197972,left
2,25,3,3,3.0445799757487886,2.1139351630326875,-0.7495097274309861,-0.540244979780818,0.679612136729763,left
2,25,4,4,3.0445799757487886,2.1051709197224806,2.8915203842275172,0.8868086414269782,1.9500762488076506,right
2,25,5,5,3.0445799757487886,2.1051709197224806,1.8997782555360785,0.5797528086888726,1.6435552965809357,left
2,25,6,6,3.0445799757487886,2.121351061218247,3.355575133393982,0.11481506965709865,0.18144059671200038,left
2,25,7,7,3.0445799757487886,2.120195336825692,0.6125185276312226,-0.3903841337913273,2.2232848860070664,left
2,25,8,8,3.0445799757487886,2.1051709197224806,1.8217616411820585,0.8575406451007506,0.7257087980458983,right
2,25,9,9,3.0445799757487886,2.1051709197224806,3.1831874817557955,-0.32937005901209776,2.156952346903054,right
2,25,10,10,3.0445799757487886,2.1051709197224806,2.3364432014143497,0.8646937793780791,1.6338200645316965,left
2,25,11,11,3.0445799757487886,2.113260990470364,0.5004508060280808,0.06825826920685518,0.8856729232413594,left
2,25,12,12,3.0445799757487886,2.1051709197224806,-0.3639811407845319,0.2880192507573236,0.5329275888241137,left
2,25,13,13,3.0445799757487886,2.116856577469423,-0.6581197417826276,0.9332967731619022,0.8172190375980151,left
2,25,14,14,3.0445799757487886,2.1147319124245243,0.6601046126801196,0.028586177268228985,1.5151064883578185,left
2,25,15,15,3.0445799757487886,2.110429465708605,3.3519254259478286,-0.6771415973203793,2.127310630929175,right
2,25,16,16,3.0445799757487886,2.1051709197224806,2.5027586431573363,0.62908504211532,2.1899592651969138,right
2,25,17,17,3.0445799757487886,2.1113574444120387,3.0326743892760426,-0.16171390132178975,1.9749677352961017,right
2,25,18,18,3.0445799757487886,2.1156880116947288,2.559335567340218,0.010206859220911024,1.95676334713672,right
2,25,19,19,3.0445799757487886,2.120195336825692,1.0946564824412546,-0.2528554029645846,1.93098049997083,left
2,25,20,20,3.0445799757487886,2.1156880116947288,2.7567863568729667,-0.1277139373893511,2.166237295214769,left
2,25,21,21,3.0445799757487886,2.1051709197224806,1.6158664688479263,0.6982931336011833,1.8831836306736465,left
2,25,22,22,3.0445799757487886,2.117543969101596,-0.5444026171173224,-0.22511638310254217,1.612132261275384,right
2,25,23,23,3.0445799757487886,2.126205103666977,0.7269992855172378,0.4179054104209481,0.41437031438257005,right
2,25,24,24,3.0445799757487886,2.118317284687791,1.9059810705927935,-0.1122742650792099,2.2491814048990326,left
2,25,25,25,3.0445799757487886,2.1113574444120387,3.5406354768416053,0.17008005893166445,0.18022412109463437,left
2,25,26,26,3.0445799757487886,2.118317284687791,-0.06816824687171175,0.18480139472976675,1.957590052895307,left
2,25,27,27,3.0445799757487886,2.112683128274086,3.806458246706817,0.0285269666948883,2.233079863014337,left
2,25,28,28,3.0445799757487886,2.110706231286822,1.2135222787405322,0.6230625560644449,0.44424546692905914,left
2,25,29,29,3.0445799757487886,2.1226994063428943,0.11834205020784161,0.45986168752723566,1.906442413963297,right
2,25,30,30,3.0445799757487886,2.1156880116947288,0.11790515550811032,0.9423842554136614,2.071042993877253,right
2,25,31,31,3.0445799757487886,2.116856577469423,1.8778660669839384,0.18462464434068326,1.4499236356097922,right
2,25,32,32,3.0445799757487886,2.120195336825692,1.854308356079664,0.24526019163954282,0.688851051604811,left
2,25,33,33,3.0445799757487886,2.116856577469423,0.5203534034338273,-0.17287623447944367,2.2305398558387792,left
2,25,34,34,3.0445799757487886,2.1051709197224806,1.0784152710206287,-0.5699488557614815,2.1010737510080757,left
2,25,35,35,3.0445799757487886,2.1113574444120387,0.3146363818176898,0.9905528867522992,1.6468666285975484,left
2,25,36,36,3.0445799757487886,2.1090661389714613,-0.326304135099005,0.3468693625297192,1.3796981119277332,left
2,25,37,37,3.0445799757487886,2.1051709197224806,0.05186303418840832,0.09998167838929561,2.0011584629570884,left
2,25,38,38,3.0445799757487886,2.1051709197224806,-0.08592546250718669,-0.17459339714014055,0.24704157062094906,right
2,25,39,39,3.0445799757487886,2.118317284687791,0.9009582399131331,0.46344845898851794,0.6915626180461147,right
2,25,40,40,3.0445799757487886,2.1139351630326875,1.0316926092286813,0.8725444091321963,0.7964519565856313,left
2,25,41,41,3.0445799757487886,2.1147319124245243,-0.6821394350699469,-0.38237255812577425,2.2710335979583327,left
2,25,42,42,3.0445799757487886,2.1156880116947288,0.8833043419914253,0.8148156570913736,1.3039933337066845,right
2,25,43,43,3.0445799757487886,2.1051709197224806,1.6219338141605144,0.9202787552848126,1.4451162186542614,left
2,25,44,44,3.0445799757487886,2.1051709197224806,0.5581741477346216,0.12000489781751578,1.6092507322007095,right
2,25,45,45,3.0445799757487886,2.121351061218247,0.8498839726118472,0.5482765153878404,1.4916106041655648,left
2,25,46,46,3.0445799757487886,2.123730493791154,1.4278689003853526,0.5293635579362945,2.2146730263651944,left
2,25,47,47,3.0445799757487886,2.111013748595952,-0.5358294663557219,0.07055748848843446,0.7206681757197134,right
2,25,48,48,3.0445799757487886,2.113260990470364,1.1682683994629155,0.7202844018804493,0.7592473666236854,right
2,25,49,49,3.0445799757487886,2.124292905126568,3.7203085546322834,0.710787910734435,1.1950458923829705,left
2,30,0,31,2.89504146921958,2.1051709197224806,1.8778660669839384,0.18462464434068326,1.4499236356097922,right
2,30,1,32,2.89433237978605,2.1051709197224806,1.854308356079664,0.24526019163954282,0.688851051604811,left
2,30,2,27,2.8904437552848794,2.1051709197224806,3.806458246706817,0.0285269666948883,2.233079863014337,left
2,30,3,45,2.861759338441603,2.1051709197224806,0.8498839726118472,0.5482765153878404,1.4916106041655648,left
2,30,4,5,2.8612331866649163,2.1051709197224806,1.8997782555360785,0.5797528086888726,1.6435552965809357,left
2,30,5,4,2.8500195960758923,2.1051709197224806,2.8915203842275172,0.8868086414269782,1.9500762488076506,right
2,30,6,19,2.8449595420706633,2.112683128274086,1.0946564824412546,-0.2528554029645846,1.93098049997083,left
2,30,7,40,2.8429526523404736,2.1139351630326875,1.0316926092286813,0.8725444091321963,0.7964519565856313,left
2,30,8,49,2.8347048299299793,2.1051709197224806,3.7203085546322834,0.710787910734435,1.1950458923829705,left
2,30,9,26,2.833611887022362,2.1117441022051358,-0.06816824687171175,0.18480139472976675,1.957590052895307,left
2,30,10,41,2.83193729061648,2.1147319124245243,-0.6821394350699469,-0.38237255812577425,2.2710335979583327,left
2,30,11,12,2.8286296622737046,2.1051709197224806,-0.3639811407845319,0.2880192507573236,0.5329275888241137,left
2,30,12,3,2.8236206781327797,2.1226994063428943,-0.7495097274309861,-0.540244979780818,0.679612136729763,left
2,30,13,23,2.8232759227967374,2.1209465576808526,0.7269992855172378,0.4179054104209481,0.41437031438257005,right
2,30,14,37,2.8210485472676705,2.1051709197224806,0.05186303418840832,0.09998167838929561,2.0011584629570884,left
2,30,15,13,2.81960291530501,2.116856577469423,-0.6581197417826276,0.9332967731619022,0.8172190375980151,left
2,30,16,6,2.818941221949261,2.113260990470364,3.355575133393982,0.11481506965709865,0.18144059671200038,left
2,30,17,29,2.817238045066979,2.1051709197224806,0.11834205020784161,0.45986168752723566,1.906442413963297,right
2,30,18,44,2.814599917191965,2.127707545377298,0.5581741477346216,0.12000489781751578,1.6092507322007095,right
2,30,19,39,2.8120701057232704,2.1248904671704456,0.9009582399131331,0.46344845898851794,0.6915626180461147,right
2,30,20,25,2.8093521471102165,2.1113574444120387,3.5406354768416053,0.17008005893166445,0.18022412109463437,left
2,30,21,33,2.805836768444657,2.111013748595952,0.5203534034338273,-0.17287623447944367,2.2305398558387792,left
2,30,22,21,2.8025939631283583,2.110706231286822,1.6158664688479263,0.6982931336011833,1.8831836306736465,left
2,30,23,24,2.8017696430335093,2.118317284687791,1.9059810705927935,-0.1122742650792099,2.2491814048990326,left
2,30,24,22,2.8014799196475155,2.117543969101596,-0.5444026171173224,-0.22511638310254217,1.612132261275384,right
2,30,25,0,2.7993989152214187,2.1051709197224806,-0.8265615237303922,0.9678977995829101,1.1036616532904575,left
2,30,26,16,2.7980935730705867,2.1051709197224806,2.5027586431573363,0.62908504211532,2.1899592651969138,right
2,30,27,36,2.7975439237055895,2.1207517967184035,-0.326304135099005,0.3468693625297192,1.3796981119277332,left
2,30,28,20,2.7950099326174707,2.1051709197224806,2.7567863568729667,-0.1277139373893511,2.166237295214769,left
2,30,29,48,2.7815024253462015,2.1051709197224806,1.1682683994629155,0.7202844018804493,0.7592473666236854,right
2,30,30,10,2.779583796962109,2.133216498315142,2.3364432014143497,0.8646937793780791,1.6338200645316965,left
2,30,31,11,2.7793908536447507,2.1051709197224806,0.5004508060280808,0.06825826920685518,0.8856729232413594,left
2,30,32,38,2.778640617485319,2.1051709197224806,-0.08592546250718669,-0.17459339714014055,0.24704157062094906,right
2,30,33,17,2.771371078927915,2.117543969101596,3.0326743892760426,-0.16171390132178975,1.9749677352961017,right
2,30,34,28,2.7708709914217486,2.110706231286822,1.2135222787405322,0.6230625560644449,0.44424546692905914,left
2,30,35,47,2.7690603684980752,2.116856577469423,-0.5358294663557219,0.07055748848843446,0.7206681757197134,right
2,30,36,1,2.7453068110982,2.1139351630326875,2.260142746753902,0.03186998500373717,1.568208707172756,right
2,30,37,2,2.7453068110982,2.121351061218247,-0.38308741587813133,0.23073429512359456,0.9973463276197972,left
2,30,38,7,2.7453068110982,2.1051709197224806,0.6125185276312226,-0.3903841337913273,2.2232848860070664,left
2,30,39,8,2.7453068110982,2.1051709197224806,1.8217616411820585,0.8575406451007506,0.7257087980458983,right
2,30,40,9,2.7453068110982,2.118317284687791,3.1831874817557955,-0.32937005901209776,2.156952346903054,right
2,30,41,14,2.7453068110982,2.1147319124245243,0.6601046126801196,0.028586177268228985,1.5151064883578185,left
2,30,42,15,2.7453068110982,2.1156880116947288,3.3519254259478286,-0.6771415973203793,2.127310630929175,right
2,30,43,18,2.7453068110982,2.1051709197224806,2.559335567340218,0.010206859220911024,1.95676334713672,right
2,30,44,30,2.7453068110982,2.110429465708605,0.11790515550811032,0.9423842554136614,2.071042993877253,right
2,30,45,34,2.7453068110982,2.1367221956392246,1.0784152710206287,-0.5699488557614815,2.1010737510080757,left
2,30,46,35,2.7453068110982,2.1051709197224806,0.3146363818176898,0.9905528867522992,1.6468666285975484,left
2,30,47,42,2.7453068110982,2.1156880116947288,0.8833043419914253,0.8148156570913736,1.3039933337066845,right
2,30,48,43,2.7453068110982,2.1051709197224806,1.6219338141605144,0.9202787552848126,1.4451162186542614,left
2,30,49,46,2.7453068110982,2.117543969101596,1.4278689003853526,0.5293635579362945,2.2146730263651944,left
3,5,0,32,2.0543090983156027,2.1051709197224806,3.8287622016452385,0.10700668544642356,1.1389125197186865,right
3,5,1,22,2.049607764421336,2.1051709197224806,-0.5200185380029828,0.9702300672348194,0.7227723669932605,left
3,5,2,23,2.046490423837934,2.1051709197224806,2.6446069795932305,0.30459919521617973,0.9008330611418095,right
3,5,3,31,2.045563323327486,2.1051709197224806,0.5210629460898506,0.29459630440977913,0.6427309091598329,right
3,5,4,47,2.045094010008869,2.1051709197224806,3.9179171604650618,0.34609947881213254,1.7684766443463078,right
3,5,5,42,2.0449584897154125,2.1051709197224806,0.6834270779037968,0.7430185022699336,0.3524973967936878,right
3,5,6,4,2.0439336068109943,2.1051709197224806,1.5122988022753163,0.17379077322676173,0.953747489087238,right
3,5,7,41,2.043157080425866,2.1051709197224806,0.104887651374586,0.14092611356248164,1.064792267503957,left
3,5,8,29,2.0387289701183153,2.1051709197224806,3.1752218984217055,0.5150569717679139,1.4793006977910088,left
3,5,9,45,2.037920876346615,2.1051709197224806,0.47076890920145464,-0.17254843857858126,1.9482990152634343,left
3,5,10,24,2.037529823655999,2.1051709197224806,-0.1797693918888218,-0.360412515059813,1.4937269531380772,right
3,5,11,1,2.035594873829773,2.1051709197224806,3.230851668278639,0.5373728084415395,2.136261005402862,left
3,5,12,36,2.0349097153453584,2.1051709197224806,-0.2637093423329486,-0.39676540655100867,1.6327001361015683,left
3,5,13,12,2.0336059979931926,2.1051709197224806,3.9996533302195374,-0.10234421691527162,1.7056748134803266,left
3,5,14,18,2.032922326602416,2.1051709197224806,0.4488322526094515,0.8156291805709432,1.2790846023282847,right
3,5,15,26,2.0329199117148593,2.1051709197224806,3.574271886933837,0.45054676498568647,0.22041685117285784,right
3,5,16,21,2.029145532909739,2.1051709197224806,-0.17094912052728695,0.6644263195357607,0.941100560179668,right
3,5,17,37,2.028574481752628,2.1051709197224806,2.8673844897043286,0.15431788440826888,2.0601050988871497,left
3,5,18,16,2.027672317142742,2.1051709197224806,0.043181110738929274,0.27103744452593903,0.2697467448466308,left
3,5,19,3,2.0267338187036508,2.1051709197224806,2.647962613189609,0.8844939665749034,2.10967302789528,left
3,5,20,15,2.026237079011059,2.1051709197224806,0.0793972196359487,0.456989528772235,0.6193407374217643,right
3,5,21,48,2.025851085468852,2.1051709197224806,1.518744302225548,-0.24424601395785994,2.2555504234250483,right
3,5,22,14,2.025520123152863,2.1051709197224806,-0.45862653467747394,-0.026617053083119457,0.3733762844508388,right
3,5,23,9,2.024752653756137,2.1051709197224806,0.4115395605621588,0.8027129694626072,0.25518240499427075,left
3,5,24,33,2.024184229840793,2.1051709197224806,0.05849501665690404,-0.628558294658482,2.1738505689652987,right
3,5,25,0,2.0241399107033207,2.1051709197224806,2.4760019744576223,-0.18510890576507888,1.6936764349852453,left
3,5,26,34,2.02381931239218,2.1051709197224806,1.3133761490372873,0.6745696500053953,2.1127589910275164,left
3,5,27,27,2.023718622519826,2.1051709197224806,1.7526851913243293,-0.2762785685206228,1.7921279509849903,left
3,5,28,49,2.0229707580851377,2.1051709197224806,-0.207395406488309,0.0035437620580696105,2.1473631450976205,right
3,5,29,6,2.0228566045851397,2.1051709197224806,1.7969692677458626,0.16878764402333457,1.2362048826908505,right
3,5,30,44,2.022821795204938,2.1051709197224806,1.4149362884072678,0.48819085838769616,2.1671625421741227,left
3,5,31,8,2.021984609326859,2.1051709197224806,2.3338490884512066,0.19621941993696335,1.7784631718764783,left
3,5,32,13,2.020929052760456,2.1051709197224806,1.3975209126115988,0.8502934413394989,1.580924973894294,left
3,5,33,35,2.0203026751114708,2.1051709197224806,2.137927282883379,0.28667932180911504,1.4890028341155876,left
3,5,34,20,2.0184954696580615,2.1051709197224806,0.2188378232824455,0.09683757256585446,1.005648776076711,right
3,5,35,17,2.0183947032126253,2.1051709197224806,-0.05568733367560996,-0.6480653313143543,1.6560688029811117,left
3,5,36,40,2.017466607202306,2.1051709197224806,1.3614803555341437,0.7770253843096413,0.29618165575305505,left
3,5,37,25,2.0161330621260483,2.1051709197224806,2.882871844686451,-0.5279815797424883,1.5050103084535018,right
3,5,38,10,2.015152631812482,2.1051709197224806,3.2028977991651715,0.13326257206950198,0.1583478733049049,right
3,5,39,39,2.0150758062561804,2.1051709197224806,1.638919225991208,0.07503938899679541,1.2973810080470158,left
3,5,40,5,2.014532848443355,2.1051709197224806,0.7356519569622093,0.021112609823031758,2.065427787551377,left
3,5,41,38,2.0127510998541105,2.1051709197224806,2.247182518104701,0.8026331902216739,1.1333234547985178,right
3,5,42,7,2.0124121209357364,2.1051709197224806,1.213256213766555,-0.046149886437467535,1.9543646950421678,left
3,5,43,30,2.010741220724519,2.1051709197224806,3.7575967067140716,0.7791804075626605,1.335872642604303,right
3,5,44,46,2.0103154167191413,2.1051709197224806,1.5931036389854816,0.7493735047775427,0.4861804263706386,right
3,5,45,28,2.0101960541704016,2.1051709197224806,1.6118872444995271,0.3979245529044886,1.8261466470105179,left
3,5,46,19,2.0094432377471074,2.1051709197224806,-0.8832326356201528,0.6006312356072916,1.954211171247621,right
3,5,47,11,2.0056721861399005,2.1051709197224806,3.806057667367333,0.15778790626029937,1.0312828096232902,left
3,5,48,2,2.005330554218787,2.1051709197224806,1.5094287655143273,0.5797294160230555,0.6472904343393212,right
3,5,49,43,1.9989011520729174,2.1051709197224806,1.1127516010761473,0.2912778929545593,0.3461460510949342,left
3,10,0,38,2.165148559713292,2.1051709197224806,2.247182518104701,0.8026331902216739,1.1333234547985178,right
3,10,1,11,2.1614531308028244,2.1051709197224806,3.806057667367333,0.15778790626029937,1.0312828096232902,left
3,10,2,29,2.158727083632419,2.1051709197224806,3.1752218984217055,0.5150569717679139,1.4793006977910088,left
3,10,3,18,2.156223402640415,2.1051709197224806,0.4488322526094515,0.8156291805709432,1.2790846023282847,right
3,10,4,43,2.156214511838349,2.1051709197224806,1.1127516010761473,0.2912778929545593,0.3461460510949342,left
3,10,5,31,2.1540319486481936,2.1051709197224806,0.5210629460898506,0.29459630440977913,0.6427309091598329,right
3,10,6,15,2.1538689288399357,2.1051709197224806,0.0793972196359487,0.456989528772235,0.6193407374217643,right
3,10,7,41,2.1501879405258455,2.1051709197224806,0.104887651374586,0.14092611356248164,1.064792267503957,left
3,10,8,23,2.149154561758204,2.1051709197224806,2.6446069795932305,0.30459919521617973,0.9008330611418095,right
3,10,9,16,2.1487153063962214,2.1051709197224806,0.043181110738929274,0.27103744452593903,0.2697467448466308,left
3,10,10,7,2.1480459597131443,2.1051709197224806,1.213256213766555,-0.046149886437467535,1.9543646950421678,left
3,10,11,36,2.1474369666230197,2.1051709197224806,-0.2637093423329486,-0.39676540655100867,1.6327001361015683,left
3,10,12,0,2.1473474271901507,2.1051709197224806,2.4760019744576223,-0.18510890576507888,1.6936764349852453,left
3,10,13,2,2.1465952091493294,2.1051709197224806,1.5094287655143273,0.5797294160230555,0.6472904343393212,right
3,10,14,12,2.1464757181059015,2.1051709197224806,3.9996533302195374,-0.10234421691527162,1.7056748134803266,left
3,10,15,1,2.1447687181831836,2.1051709197224806,3.230851668278639,0.5373728084415395,2.136261005402862,left
3,10,16,42,2.144339766249777,2.1051709197224806,0.6834270779037968,0.7430185022699336,0.3524973967936878,right
3,10,17,40,2.1442234094676946,2.1051709197224806,1.3614803555341437,0.7770253843096413,0.29618165575305505,left
3,10,18,20,2.143790383411582,2.1051709197224806,0.2188378232824455,0.09683757256585446,1.005648776076711,right
3,10,19,33,2.14334519282339,2.1051709197224806,0.05849501665690404,-0.628558294658482,2.1738505689652987,right
3,10,20,48,2.142594311198824,2.1051709197224806,1.518744302225548,-0.24424601395785994,2.2555504234250483,right
3,10,21,22,2.142309973153508,2.1051709197224806,-0.5200185380029828,0.9702300672348194,0.7227723669932605,left
3,10,22,49,2.1415071342260634,2.1051709197224806,-0.207395406488309,0.0035437620580696105,2.1473631450976205,right
3,10,23,35,2.141378831876567,2.1051709197224806,2.137927282883379,0.28667932180911504,1.4890028341155876,left
3,10,24,46,2.1400391374217995,2.1051709197224806,1.5931036389854816,0.7493735047775427,0.4861804263706386,right
3,10,25,28,2.13849180767257,2.1051709197224806,1.6118872444995271,0.3979245529044886,1.8261466470105179,left
3,10,26,4,2.1382548286115903,2.1051709197224806,1.5122988022753163,0.17379077322676173,0.953747489087238,right
3,10,27,45,2.1382468497755482,2.1051709197224806,0.47076890920145464,-0.17254843857858126,1.9482990152634343,left
3,10,28,26,2.1378546272905177,2.1051709197224806,3.574271886933837,0.45054676498568647,0.22041685117285784,right
3,10,29,5,2.1363312036155033,2.1051709197224806,0.7356519569622093,0.021112609823031758,2.065427787551377,left
3,10,30,30,2.1362136590374963,2.1051709197224806,3.7575967067140716,0.7791804075626605,1.335872642604303,right
3,10,31,24,2.1361663232194656,2.1051709197224806,-0.1797693918888218,-0.360412515059813,1.4937269531380772,right
3,10,32,3,2.136165297864695,2.1051709197224806,2.647962613189609,0.8844939665749034,2.10967302789528,left
3,10,33,9,2.1361577712083726,2.1051709197224806,0.4115395605621588,0.8027129694626072,0.25518240499427075,left
3,10,34,19,2.1359229080209046,2.1051709197224806,-0.8832326356201528,0.6006312356072916,1.954211171247621,right
3,10,35,32,2.1351870426563275,2.1051709197224806,3.8287622016452385,0.10700668544642356,1.1389125197186865,right
3,10,36,27,2.1346862008572915,2.1051709197224806,1.7526851913243293,-0.2762785685206228,1.7921279509849903,left
3,10,37,47,2.1339460877875736,2.1051709197224806,3.9179171604650618,0.34609947881213254,1.7684766443463078,right
3,10,38,21,2.1335321372729634,2.1051709197224806,-0.17094912052728695,0.6644263195357607,0.941100560179668,right
3,10,39,14,2.133364684939083,2.1051709197224806,-0.45862653467747394,-0.026617053083119457,0.3733762844508388,right
3,10,40,44,2.1333577944945636,2.1051709197224806,1.4149362884072678,0.48819085838769616,2.1671625421741227,left
3,10,41,17,2.132957157814551,2.1051709197224806,-0.05568733367560996,-0.6480653313143543,1.6560688029811117,left
3,10,42,8,2.132635186655121,2.1051709197224806,2.3338490884512066,0.19621941993696335,1.7784631718764783,left
3,10,43,37,2.130871804974679,2.1051709197224806,2.8673844897043286,0.15431788440826888,2.0601050988871497,left
3,10,44,25,2.129670192410156,2.1051709197224806,2.882871844686451,-0.5279815797424883,1.5050103084535018,right
3,10,45,34,2.1293418359852128,2.1051709197224806,1.3133761490372873,0.6745696500053953,2.1127589910275164,left
3,10,46,39,2.1285537439969766,2.1051709197224806,1.638919225991208,0.07503938899679541,1.2973810080470158,left
3,10,47,13,2.128463500626638,2.1051709197224806,1.3975209126115988,0.8502934413394989,1.580924973894294,left
3,10,48,6,2.1284196241278606,2.1051709197224806,1.7969692677458626,0.16878764402333457,1.2362048826908505,right
3,10,49,10,2.1221354477423153,2.1051709197224806,3.2028977991651715,0.13326257206950198,0.1583478733049049,right
3,15,0,38,3.3562312192774826,2.1051709197224806,2.247182518104701,0.8026331902216739,1.1333234547985178,right
3,15,1,3,3.3242353219987164,2.1051709197224806,2.647962613189609,0.8844939665749034,2.10967302789528,left
3,15,2,18,3.311949169481289,2.1051709197224806,0.4488322526094515,0.8156291805709432,1.2790846023282847,right
3,15,3,31,3.221808860998708,2.1051709197224806,0.5210629460898506,0.29459630440977913,0.6427309091598329,right
3,15,4,22,3.1814826893635697,2.1051709197224806,-0.5200185380029828,0.9702300672348194,0.7227723669932605,left
3,15,5,24,3.177464949102144,2.1051709197224806,-0.1797693918888218,-0.360412515059813,1.4937269531380772,right
3,15,6,34,3.17737941818731,2.1051709197224806,1.3133761490372873,0.6745696500053953,2.1127589910275164,left
3,15,7,4,3.172125387759574,2.1051709197224806,1.5122988022753163,0.17379077322676173,0.953747489087238,right
3,15,8,5,3.1694635370585384,2.1051709197224806,0.7356519569622093,0.021112609823031758,2.065427787551377,left
3,15,9,29,3.1681485017988473,2.1051709197224806,3.1752218984217055,0.5150569717679139,1.4793006977910088,left
3,15,10,20,3.158370012569322,2.1051709197224806,0.2188378232824455,0.09683757256585446,1.005648776076711,right
3,15,11,2,3.157220178083196,2.1051709197224806,1.5094287655143273,0.5797294160230555,0.6472904343393212,right
3,15,12,27,3.1533308666495383,2.1051709197224806,1.7526851913243293,-0.2762785685206228,1.7921279509849903,left
3,15,13,49,3.1506549654836875,2.1051709197224806,-0.207395406488309,0.0035437620580696105,2.1473631450976205,right
3,15,14,43,3.144519440788459,2.1051709197224806,1.1127516010761473,0.2912778929545593,0.3461460510949342,left
3,15,15,14,3.1408123307490436,2.1051709197224806,-0.45862653467747394,-0.026617053083119457,0.3733762844508388,right
3,15,16,1,3.133949802991478,2.1051709197224806,3.230851668278639,0.5373728084415395,2.136261005402862,left
3,15,17,35,3.130821449256781,2.1051709197224806,2.137927282883379,0.28667932180911504,1.4890028341155876,left
3,15,18,36,3.1293107400325013,2.1051709197224806,-0.2637093423329486,-0.39676540655100867,1.6327001361015683,left
3,15,19,46,3.1287648424083017,2.1051709197224806,1.5931036389854816,0.7493735047775427,0.4861804263706386,right
3,15,20,44,3.092759591130398,2.1051709197224806,1.4149362884072678,0.48819085838769616,2.1671625421741227,left
3,15,21,10,3.092083350279764,2.1051709197224806,3.2028977991651715,0.13326257206950198,0.1583478733049049,right
3,15,22,8,3.089389087635107,2.1051709197224806,2.3338490884512066,0.19621941993696335,1.7784631718764783,left
3,15,23,19,3.0880925382787017,2.1051709197224806,-0.8832326356201528,0.6006312356072916,1.954211171247621,right
3,15,24,45,3.0788854765677924,2.1051709197224806,0.47076890920145464,-0.17254843857858126,1.9482990152634343,left
3,15,25,41,3.0620509191513148,2.1051709197224806,0.104887651374586,0.14092611356248164,1.064792267503957,left
3,15,26,23,3.058411993236511,2.1051709197224806,2.6446069795932305,0.30459919521617973,0.9008330611418095,right
3,15,27,25,3.0544591521202165,2.1051709197224806,2.882871844686451,-0.5279815797424883,1.5050103084535018,right
3,15,28,33,3.054195045902846,2.1051709197224806,0.05849501665690404,-0.628558294658482,2.1738505689652987,right
3,15,29,0,3.044890013679523,2.1051709197224806,2.4760019744576223,-0.18510890576507888,1.6936764349852453,left
3,15,30,42,3.043323730230304,2.1051709197224806,0.6834270779037968,0.7430185022699336,0.3524973967936878,right
3,15,31,12,3.0429910080866476,2.1051709197224806,3.9996533302195374,-0.10234421691527162,1.7056748134803266,left
3,15,32,16,3.0324992427825386,2.1051709197224806,0.043181110738929274,0.27103744452593903,0.2697467448466308,left
3,15,33,39,3.029872949489361,2.1051709197224806,1.638919225991208,0.07503938899679541,1.2973810080470158,left
3,15,34,17,3.0282629458265307,2.1051709197224806,-0.05568733367560996,-0.6480653313143543,1.6560688029811117,left
3,15,35,37,3.0199215044675976,2.1051709197224806,2.8673844897043286,0.15431788440826888,2.0601050988871497,left
3,15,36,32,3.0153283950197705,2.1051709197224806,3.8287622016452385,0.10700668544642356,1.1389125197186865,right
3,15,37,30,3.013543419686554,2.1051709197224806,3.7575967067140716,0.7791804075626605,1.335872642604303,right
3,15,38,40,3.0119029297113133,2.1051709197224806,1.3614803555341437,0.7770253843096413,0.29618165575305505,left
3,15,39,6,3.0079592055634023,2.1051709197224806,1.7969692677458626,0.16878764402333457,1.2362048826908505,right
3,15,40,47,3.0012892187946383,2.1051709197224806,3.9179171604650618,0.34609947881213254,1.7684766443463078,right
3,15,41,28,2.9930882094503914,2.1051709197224806,1.6118872444995271,0.3979245529044886,1.8261466470105179,left
3,15,42,15,2.9920068799802975,2.1051709197224806,0.0793972196359487,0.456989528772235,0.6193407374217643,right
3,15,43,11,2.983289678079255,2.1051709197224806,3.806057667367333,0.15778790626029937,1.0312828096232902,left
3,15,44,13,2.972500718636388,2.1051709197224806,1.3975209126115988,0.8502934413394989,1.580924973894294,left
3,15,45,21,2.9713817631588455,2.1051709197224806,-0.17094912052728695,0.6644263195357607,0.941100560179668,right
3,15,46,48,2.9549793579870673,2.1051709197224806,1.518744302225548,-0.24424601395785994,2.2555504234250483,right
3,15,47,26,2.9073625565854693,2.1051709197224806,3.574271886933837,0.45054676498568647,0.22041685117285784,right
3,15,48,7,2.847540125563001,2.1051709197224806,1.213256213766555,-0.046149886437467535,1.9543646950421678,left
3,15,49,9,2.841321310942231,2.1051709197224806,0.4115395605621588,0.8027129694626072,0.25518240499427075,left
3,20,0,1,3.313212614150139,2.1051709197224806,3.230851668278639,0.5373728084415395,2.136261005402862,left
3,20,1,18,3.269068166841235,2.1051709197224806,0.4488322526094515,0.8156291805709432,1.2790846023282847,right
3,20,2,29,3.256468124153869,2.1051709197224806,3.1752218984217055,0.5150569717679139,1.4793006977910088,left
3,20,3,22,3.2489500470500863,2.1051709197224806,-0.5200185380029828,0.9702300672348194,0.7227723669932605,left
3,20,4,13,3.238268688147956,2.1051709197224806,1.3975209126115988,0.8502934413394989,1.580924973894294,left
3,20,5,31,3.2337840579840846,2.1051709197224806,0.5210629460898506,0.29459630440977913,0.6427309091598329,right
3,20,6,44,3.23272454684491,2.1051709197224806,1.4149362884072678,0.48819085838769616,2.1671625421741227,left
3,20,7,2,3.2326625967453566,2.1051709197224806,1.5094287655143273,0.5797294160230555,0.6472904343393212,right
3,20,8,3,3.2142655543186214,2.1051709197224806,2.647962613189609,0.8844939665749034,2.10967302789528,left
3,20,9,5,3.2124239026864574,2.1051709197224806,0.7356519569622093,0.021112609823031758,2.065427787551377,left
3,20,10,38,3.1978657034371416,2.1051709197224806,2.247182518104701,0.8026331902216739,1.1333234547985178,right
3,20,11,16,3.1885886198391913,2.1051709197224806,0.043181110738929274,0.27103744452593903,0.2697467448466308,left
3,20,12,37,3.187087466389538,2.1051709197224806,2.8673844897043286,0.15431788440826888,2.0601050988871497,left
3,20,13,46,3.185383991742362,2.1051709197224806,1.5931036389854816,0.7493735047775427,0.4861804263706386,right
3,20,14,24,3.178811497739612,2.1051709197224806,-0.1797693918888218,-0.360412515059813,1.4937269531380772,right
3,20,15,25,3.1628723180489207,2.1051709197224806,2.882871844686451,-0.5279815797424883,1.5050103084535018,right
3,20,16,21,3.160088920409181,2.1051709197224806,-0.17094912052728695,0.6644263195357607,0.941100560179668,right
3,20,17,42,3.159614470189443,2.1051709197224806,0.6834270779037968,0.7430185022699336,0.3524973967936878,right
3,20,18,9,3.147953887259265,2.1051709197224806,0.4115395605621588,0.8027129694626072,0.25518240499427075,left
3,20,19,0,3.1419280897767545,2.1051709197224806,2.4760019744576223,-0.18510890576507888,1.6936764349852453,left
3,20,20,39,3.1389369259474584,2.1051709197224806,1.638919225991208,0.07503938899679541,1.2973810080470158,left
3,20,21,49,3.137551040619056,2.1051709197224806,-0.207395406488309,0.0035437620580696105,2.1473631450976205,right
3,20,22,32,3.133657814361446,2.1051709197224806,3.8287622016452385,0.10700668544642356,1.1389125197186865,right
3,20,23,36,3.119260199883053,2.1051709197224806,-0.2637093423329486,-0.39676540655100867,1.6327001361015683,left
3,20,24,7,3.1142019352236763,2.1051709197224806,1.213256213766555,-0.046149886437467535,1.9543646950421678,left
3,20,25,19,3.1137416814031162,2.1051709197224806,-0.8832326356201528,0.6006312356072916,1.954211171247621,right
3,20,26,41,3.106928367866268,2.1051709197224806,0.104887651374586,0.14092611356248164,1.064792267503957,left
3,20,27,34,3.106149200835836,2.1051709197224806,1.3133761490372873,0.6745696500053953,2.1127589910275164,left
3,20,28,20,3.102138561054784,2.1051709197224806,0.2188378232824455,0.09683757256585446,1.005648776076711,right
3,20,29,27,3.1001064175113084,2.1051709197224806,1.7526851913243293,-0.2762785685206228,1.7921279509849903,left
3,20,30,47,3.094769350097099,2.1051709197224806,3.9179171604650618,0.34609947881213254,1.7684766443463078,right
3,20,31,33,3.088387307144206,2.1051709197224806,0.05849501665690404,-0.628558294658482,2.1738505689652987,right
3,20,32,26,3.0846099350628426,2.1051709197224806,3.574271886933837,0.45054676498568647,0.22041685117285784,right
3,20,33,15,3.0836426436429596,2.1051709197224806,0.0793972196359487,0.456989528772235,0.6193407374217643,right
3,20,34,8,3.082811278071543,2.1051709197224806,2.3338490884512066,0.19621941993696335,1.7784631718764783,left
3,20,35,30,3.078478546614417,2.1051709197224806,3.7575967067140716,0.7791804075626605,1.335872642604303,right
3,20,36,40,3.0779029886086664,2.1051709197224806,1.3614803555341437,0.7770253843096413,0.29618165575305505,left
3,20,37,48,3.076682237606951,2.1051709197224806,1.518744302225548,-0.24424601395785994,2.2555504234250483,right
3,20,38,6,3.0724075433227425,2.1051709197224806,1.7969692677458626,0.16878764402333457,1.2362048826908505,right
3,20,39,23,3.066637155525496,2.1051709197224806,2.6446069795932305,0.30459919521617973,0.9008330611418095,right
3,20,40,10,3.063034065742178,2.1051709197224806,3.2028977991651715,0.13326257206950198,0.1583478733049049,right
3,20,41,28,3.0571497620308667,2.1051709197224806,1.6118872444995271,0.3979245529044886,1.8261466470105179,left
3,20,42,4,3.0518833306527218,2.1051709197224806,1.5122988022753163,0.17379077322676173,0.953747489087238,right
3,20,43,35,3.0469984180070897,2.1051709197224806,2.137927282883379,0.28667932180911504,1.4890028341155876,left
3,20,44,43,3.043979864811872,2.1051709197224806,1.1127516010761473,0.2912778929545593,0.3461460510949342,left
3,20,45,45,3.036335424417758,2.1051709197224806,0.47076890920145464,-0.17254843857858126,1.9482990152634343,left
3,20,46,12,3.0105786309460383,2.1051709197224806,3.9996533302195374,-0.10234421691527162,1.7056748134803266,left
3,20,47,17,3.0019674488289354,2.1051709197224806,-0.05568733367560996,-0.6480653313143543,1.6560688029811117,left
3,20,48,11,2.970375823341687,2.1051709197224806,3.806057667367333,0.15778790626029937,1.0312828096232902,left
3,20,49,14,2.9613214680827156,2.1051709197224806,-0.45862653467747394,-0.026617053083119457,0.3733762844508388,right
3,25,0,38,3.2203497500925478,2.1051709197224806,2.247182518104701,0.8026331902216739,1.1333234547985178,right
3,25,1,24,3.174652862061765,2.1051709197224806,-0.1797693918888218,-0.360412515059813,1.4937269531380772,right
3,25,2,5,3.1325871974376724,2.1051709197224806,0.7356519569622093,0.021112609823031758,2.065427787551377,left
3,25,3,46,3.130474469803193,2.1051709197224806,1.5931036389854816,0.7493735047775427,0.4861804263706386,right
3,25,4,44,3.1198072252328357,2.1051709197224806,1.4149362884072678,0.48819085838769616,2.1671625421741227,left
3,25,5,40,3.117967902603502,2.1051709197224806,1.3614803555341437,0.7770253843096413,0.29618165575305505,left
3,25,6,1,3.116519027384723,2.1051709197224806,3.230851668278639,0.5373728084415395,2.136261005402862,left
3,25,7,27,3.1145592030856335,2.1051709197224806,1.7526851913243293,-0.2762785685206228,1.7921279509849903,left
3,25,8,32,3.1053928418952204,2.1051709197224806,3.8287622016452385,0.10700668544642356,1.1389125197186865,right
3,25,9,10,3.101774207819541,2.1051709197224806,3.2028977991651715,0.13326257206950198,0.1583478733049049,right
3,25,10,14,3.1012948159515474,2.1051709197224806,-0.45862653467747394,-0.026617053083119457,0.3733762844508388,right
3,25,11,0,3.1002511086740174,2.1051709197224806,2.4760019744576223,-0.18510890576507888,1.6936764349852453,left
3,25,12,20,3.0956990009701055,2.1051709197224806,0.2188378232824455,0.09683757256585446,1.005648776076711,right
3,25,13,15,3.0919004387352333,2.1051709197224806,0.0793972196359487,0.456989528772235,0.6193407374217643,right
3,25,14,30,3.0914239915106982,2.1051709197224806,3.7575967067140716,0.7791804075626605,1.335872642604303,right
3,25,15,41,3.091051816859077,2.1051709197224806,0.104887651374586,0.14092611356248164,1.064792267503957,left
3,25,16,48,3.0843333939040027,2.1051709197224806,1.518744302225548,-0.24424601395785994,2.2555504234250483,right
3,25,17,43,3.084030009301961,2.1051709197224806,1.1127516010761473,0.2912778929545593,0.3461460510949342,left
3,25,18,11,3.083999890413712,2.1051709197224806,3.806057667367333,0.15778790626029937,1.0312828096232902,left
3,25,19,49,3.0838728585391446,2.1051709197224806,-0.207395406488309,0.0035437620580696105,2.1473631450976205,right
3,25,20,45,3.0778279309823473,2.1051709197224806,0.47076890920145464,-0.17254843857858126,1.9482990152634343,left
3,25,21,2,3.0778277996483205,2.1051709197224806,1.5094287655143273,0.5797294160230555,0.6472904343393212,right
3,25,22,19,3.0754530770370927,2.1051709197224806,-0.8832326356201528,0.6006312356072916,1.954211171247621,right
3,25,23,35,3.0747246163749065,2.1051709197224806,2.137927282883379,0.28667932180911504,1.4890028341155876,left
3,25,24,39,3.0714123664079334,2.1051709197224806,1.638919225991208,0.07503938899679541,1.2973810080470158,left
3,25,25,13,3.070297461676458,2.1051709197224806,1.3975209126115988,0.8502934413394989,1.580924973894294,left
3,25,26,25,3.069620567691437,2.1051709197224806,2.882871844686451,-0.5279815797424883,1.5050103084535018,right
3,25,27,23,3.067725713083691,2.1051709197224806,2.6446069795932305,0.30459919521617973,0.9008330611418095,right
3,25,28,42,3.06586447890004,2.1051709197224806,0.6834270779037968,0.7430185022699336,0.3524973967936878,right
3,25,29,36,3.063720510416114,2.1051709197224806,-0.2637093423329486,-0.39676540655100867,1.6327001361015683,left
3,25,30,3,3.0445799757487886,2.1051709197224806,2.647962613189609,0.8844939665749034,2.10967302789528,left
3,25,31,4,3.0445799757487886,2.1051709197224806,1.5122988022753163,0.17379077322676173,0.953747489087238,right
3,25,32,6,3.0445799757487886,2.1051709197224806,1.7969692677458626,0.16878764402333457,1.2362048826908505,right
3,25,33,7,3.0445799757487886,2.1051709197224806,1.213256213766555,-0.046149886437467535,1.9543646950421678,left
3,25,34,8,3.0445799757487886,2.1051709197224806,2.3338490884512066,0.19621941993696335,1.7784631718764783,left
3,25,35,9,3.0445799757487886,2.1051709197224806,0.4115395605621588,0.8027129694626072,0.25518240499427075,left
3,25,36,12,3.0445799757487886,2.1051709197224806,3.9996533302195374,-0.10234421691527162,1.7056748134803266,left
3,25,37,16,3.0445799757487886,2.1051709197224806,0.043181110738929274,0.27103744452593903,0.2697467448466308,left
3,25,38,17,3.0445799757487886,2.1051709197224806,-0.05568733367560996,-0.6480653313143543,1.6560688029811117,left
3,25,39,18,3.0445799757487886,2.1051709197224806,0.4488322526094515,0.8156291805709432,1.2790846023282847,right
3,25,40,21,3.0445799757487886,2.1051709197224806,-0.17094912052728695,0.6644263195357607,0.941100560179668,right
3,25,41,22,3.0445799757487886,2.1051709197224806,-0.5200185380029828,0.9702300672348194,0.7227723669932605,left
3,25,42,26,3.0445799757487886,2.1051709197224806,3.574271886933837,0.45054676498568647,0.22041685117285784,right
3,25,43,28,3.0445799757487886,2.1051709197224806,1.6118872444995271,0.3979245529044886,1.8261466470105179,left
3,25,44,29,3.0445799757487886,2.1051709197224806,3.1752218984217055,0.5150569717679139,1.4793006977910088,left
3,25,45,31,3.0445799757487886,2.1051709197224806,0.5210629460898506,0.29459630440977913,0.6427309091598329,right
3,25,46,33,3.0445799757487886,2.1051709197224806,0.05849501665690404,-0.628558294658482,2.1738505689652987,right
3,25,47,34,3.0445799757487886,2.1051709197224806,1.3133761490372873,0.6745696500053953,2.1127589910275164,left
3,25,48,37,3.0445799757487886,2.1051709197224806,2.8673844897043286,0.15431788440826888,2.0601050988871497,left
3,25,49,47,3.0445799757487886,2.1051709197224806,3.9179171604650618,0.34609947881213254,1.7684766443463078,right
3,30,0,3,3.241297436378634,2.1051709197224806,2.647962613189609,0.8844939665749034,2.10967302789528,left
3,30,1,22,3.1729344387901106,2.117543969101596,-0.5200185380029828,0.9702300672348194,0.7227723669932605,left
3,30,2,18,3.1215825161208537,2.1051709197224806,0.4488322526094515,0.8156291805709432,1.2790846023282847,right
3,30,3,25,3.105106728822289,2.1113574444120387,2.882871844686451,-0.5279815797424883,1.5050103084535018,right
3,30,4,31,3.089681912007527,2.1051709197224806,0.5210629460898506,0.29459630440977913,0.6427309091598329,right
3,30,5,46,3.0698573527001867,2.1175439691015963,1.5931036389854816,0.7493735047775427,0.4861804263706386,right
3,30,6,13,3.0621725682010785,2.111013748595952,1.3975209126115988,0.8502934413394989,1.580924973894294,left
3,30,7,2,3.053742502729418,2.1051709197224806,1.5094287655143273,0.5797294160230555,0.6472904343393212,right
3,30,8,1,3.0494333040572763,2.1051709197224806,3.230851668278639,0.5373728084415395,2.136261005402862,left
3,30,9,49,3.046957163585262,2.1147319124245243,-0.207395406488309,0.0035437620580696105,2.1473631450976205,right
3,30,10,19,3.045234129774503,2.112683128274086,-0.8832326356201528,0.6006312356072916,1.954211171247621,right
3,30,11,47,3.0303100717567153,2.116856577469423,3.9179171604650618,0.34609947881213254,1.7684766443463078,right
3,30,12,5,3.020635434114828,2.1139351630326875,0.7356519569622093,0.021112609823031758,2.065427787551377,left
3,30,13,6,3.00998107769474,2.113260990470364,1.7969692677458626,0.16878764402333457,1.2362048826908505,right
3,30,14,23,3.007772667383939,2.110429465708605,2.6446069795932305,0.30459919521617973,0.9008330611418095,right
3,30,15,14,3.0060357988634703,2.1147319124245243,-0.45862653467747394,-0.026617053083119457,0.3733762844508388,right
3,30,16,39,2.998723363222168,2.1117441022051358,1.638919225991208,0.07503938899679541,1.2973810080470158,left
3,30,17,36,2.998650645843454,2.116856577469423,-0.2637093423329486,-0.39676540655100867,1.6327001361015683,left
3,30,18,29,2.9967669402387354,2.1139351630326875,3.1752218984217055,0.5150569717679139,1.4793006977910088,left
3,30,19,27,2.993844280122862,2.127707545377298,1.7526851913243293,-0.2762785685206228,1.7921279509849903,left
3,30,20,28,2.991904193512031,2.110706231286822,1.6118872444995271,0.3979245529044886,1.8261466470105179,left
3,30,21,21,2.989828120171817,2.121776854415504,-0.17094912052728695,0.6644263195357607,0.941100560179668,right
3,30,22,10,2.986712552790535,2.1121823143706457,3.2028977991651715,0.13326257206950198,0.1583478733049049,right
3,30,23,30,2.9811931614793803,2.110429465708605,3.7575967067140716,0.7791804075626605,1.335872642604303,right
3,30,24,7,2.973796181786321,2.1352197539289035,1.213256213766555,-0.046149886437467535,1.9543646950421678,left
3,30,25,37,2.9727022375682024,2.111013748595952,2.8673844897043286,0.15431788440826888,2.0601050988871497,left
3,30,26,38,2.9675514961246057,2.120195336825692,2.247182518104701,0.8026331902216739,1.1333234547985178,right
3,30,27,32,2.9628137990859855,2.1051709197224806,3.8287622016452385,0.10700668544642356,1.1389125197186865,right
3,30,28,45,2.959402587037486,2.1051709197224806,0.47076890920145464,-0.17254843857858126,1.9482990152634343,left
3,30,29,34,2.9460640474032047,2.126205103666977,1.3133761490372873,0.6745696500053953,2.1127589910275164,left
3,30,30,42,2.94523354068646,2.126205103666977,0.6834270779037968,0.7430185022699336,0.3524973967936878,right
3,30,31,12,2.942732421793729,2.1051709197224806,3.9996533302195374,-0.10234421691527162,1.7056748134803266,left
3,30,32,48,2.941933742030359,2.121351061218247,1.518744302225548,-0.24424601395785994,2.2555504234250483,right
3,30,33,24,2.9407632921520563,2.1051709197224806,-0.1797693918888218,-0.360412515059813,1.4937269531380772,right
3,30,34,40,2.9372136992612927,2.118317284687791,1.3614803555341437,0.7770253843096413,0.29618165575305505,left
3,30,35,35,2.933689987577087,2.117543969101596,2.137927282883379,0.28667932180911504,1.4890028341155876,left
3,30,36,17,2.9312843461003077,2.1113574444120387,-0.05568733367560996,-0.6480653313143543,1.6560688029811117,left
3,30,37,43,2.929992601704146,2.1051709197224806,1.1127516010761473,0.2912778929545593,0.3461460510949342,left
3,30,38,4,2.9215873518286095,2.1162415428511627,1.5122988022753163,0.17379077322676173,0.953747489087238,right
3,30,39,26,2.9197582880725097,2.1117441022051358,3.574271886933837,0.45054676498568647,0.22041685117285784,right
3,30,40,0,2.911330494536075,2.1113574444120387,2.4760019744576223,-0.18510890576507888,1.6936764349852453,left
3,30,41,15,2.9105122586889838,2.1156880116947288,0.0793972196359487,0.456989528772235,0.6193407374217643,right
3,30,42,33,2.907346764858974,2.111013748595952,0.05849501665690404,-0.628558294658482,2.1738505689652987,right
3,30,43,44,2.885255702662848,2.1051709197224806,1.4149362884072678,0.48819085838769616,2.1671625421741227,left
3,30,44,8,2.8754651883694793,2.1139351630326875,2.3338490884512066,0.19621941993696335,1.7784631718764783,left
3,30,45,9,2.859979044557847,2.1117441022051358,0.4115395605621588,0.8027129694626072,0.25518240499427075,left
3,30,46,20,2.8590361735808107,2.1156880116947288,0.2188378232824455,0.09683757256585446,1.005648776076711,right
3,30,47,16,2.852774402032872,2.110706231286822,0.043181110738929274,0.27103744452593903,0.2697467448466308,left
3,30,48,11,2.843496053288216,2.121351061218247,3.806057667367333,0.15778790626029937,1.0312828096232902,left
3,30,49,41,2.7993429012816744,2.1051709197224806,0.104887651374586,0.14092611356248164,1.064792267503957,left
4,5,0,11,2.1105596604077292,2.1051709197224806,3.163328567458347,0.2037727535119912,1.2991314970380174,right
4,5,1,44,2.1105308057357908,2.1051709197224806,1.9895832895201608,0.5156021616012647,0.285620454158541,left
4,5,2,39,2.1084190274134706,2.1051709197224806,-0.6380570970828372,-0.036730583260494054,0.6450840325091094,left
4,5,3,35,2.1075401453448235,2.1051709197224806,1.6256493805321686,-0.23390582924461423,1.4805338900393463,right
4,5,4,16,2.1063556243539328,2.1051709197224806,0.2902468352092267,0.7998369183390575,1.0914945680539783,right
4,5,5,4,2.1047490972105427,2.1051709197224806,-0.34589673002332755,0.5893038646580036,0.03763898979834424,right
4,5,6,7,2.1041779696545033,2.1051709197224806,1.0422012406357433,-0.5591689935004873,1.5319130799089213,right
4,5,7,38,2.102105315412818,2.1051709197224806,3.417226477564573,0.15048692531721708,1.8528832796967025,left
4,5,8,42,2.10186141960988,2.1051709197224806,3.531652709505887,-0.22177951056645573,1.9725190165630493,left
4,5,9,6,2.100679161931064,2.1051709197224806,2.7711545615153503,0.9131223203143599,1.1590162590012432,right
4,5,10,21,2.1002394439949095,2.1051709197224806,-0.27532027971784023,-0.6675770844255765,0.6969154565336088,left
4,5,11,36,2.099723530347663,2.1051709197224806,2.417340967631024,0.1378874373736657,0.9363440406528712,right
4,5,12,13,2.0987016759462804,2.1051709197224806,0.15150582145501845,0.314158065983307,0.03776889400368045,right
4,5,13,40,2.098243026576944,2.1051709197224806,3.297249510937794,-0.03427441841500012,1.751077014360639,right
4,5,14,49,2.0982394293566813,2.1051709197224806,-0.486028602672007,-0.10238685077766263,0.5356962130694333,left
4,5,15,3,2.098029288864335,2.1051709197224806,-0.42533839996241296,0.022721294383301727,1.88157278192391,right
4,5,16,37,2.096996860343023,2.1051709197224806,0.039558118888769256,0.5254376645198542,1.2488775243785035,left
4,5,17,24,2.0969698206708367,2.1051709197224806,-0.0031424486031980114,-0.6294243398289026,0.8094817466218055,left
4,5,18,9,2.0967296113393976,2.1051709197224806,3.5162687834212907,-0.5579620787440669,1.8759183995573103,right
4,5,19,33,2.095606954938914,2.1051709197224806,1.1859073124581325,0.42043408139598015,0.9907912939272681,right
4,5,20,15,2.0954486996544572,2.1051709197224806,-0.9030612018610392,0.7011219847046701,0.4208986651917151,left
4,5,21,10,2.094731939033257,2.1051709197224806,-0.1079128012394267,0.2656020668581064,2.2730714842241233,left
4,5,22,27,2.094608064036711,2.1051709197224806,2.5324460535744047,0.5459027193987913,2.069582946591335,left
4,5,23,14,2.0945168522352096,2.1051709197224806,2.6980213351851536,0.007110921061545761,1.0726259128796833,left
4,5,24,48,2.0941303167341174,2.1051709197224806,-0.14735809761856755,0.5295051080049058,0.3260048502386311,left
4,5,25,26,2.0940282935205765,2.1051709197224806,0.6894522714767146,-0.29372103959249146,1.8915395246445879,left
4,5,26,8,2.093833494601327,2.1051709197224806,-0.3988712163942367,0.07168864917486772,1.2682214796860811,left
4,5,27,45,2.093618478414318,2.1051709197224806,0.5996111046275545,-0.3454745313268247,2.2806429142835105,right
4,5,28,22,2.0927289076676603,2.1051709197224806,3.12633919948742,0.6520628769249335,0.578706688046754,right
4,5,29,43,2.092703844226886,2.1051709197224806,2.8233904425799183,0.9726605141418976,1.100301469367124,right
4,5,30,30,2.0919614246476965,2.1051709197224806,2.724523491040577,-0.6976386959113475,1.9968881395816047,left
4,5,31,18,2.091919829219426,2.1051709197224806,1.2079402206848413,0.6966428009313597,0.8652370354216966,right
4,5,32,47,2.0918924835838,2.1051709197224806,2.691722289669247,-0.14312479720662352,2.012572302604137,left
4,5,33,46,2.0917549372876465,2.1051709197224806,3.3977087355640183,0.7065606675917455,1.5076447427798003,left
4,5,34,2,2.0912582236817503,2.1051709197224806,2.3094509434695993,0.648393781630934,1.5055534382837403,left
4,5,35,34,2.090717180154867,2.1051709197224806,1.8853068286471268,0.932999363869617,2.030997333306651,right
4,5,36,5,2.0905743390434433,2.1051709197224806,3.6992193209590223,0.6231299123031042,0.09801185804875187,left
4,5,37,41,2.089758131161524,2.1051709197224806,-0.7513378922380151,0.25279885436774063,2.1097057163559065,right
4,5,38,28,2.0895137608332277,2.1051709197224806,0.40855333329081844,0.05672511924203627,1.4019753158986148,left
4,5,39,23,2.088444021328555,2.1051709197224806,3.1288164224430126,0.19520494062038374,2.268986254790627,left
4,5,40,31,2.088003422180133,2.1051709197224806,2.055036093089744,0.426068608653972,0.871518432952186,right
4,5,41,32,2.087815345354445,2.1051709197224806,1.3165856280263588,0.822753902024159,0.8705443692986172,right
4,5,42,20,2.087674599769352,2.1051709197224806,-0.8874753758094797,0.7153812615958244,0.4461091361801401,left
4,5,43,0,2.086965717337304,2.1051709197224806,-0.13671138299028185,0.945515358211261,1.9850094586934222,left
4,5,44,12,2.0851479922945373,2.1051709197224806,-0.15537808251564722,-0.5654423384032027,1.9988433585747027,left
4,5,45,29,2.0802876587126073,2.1051709197224806,0.9662481384621571,0.948130057939272,1.0049326337644142,left
4,5,46,17,2.0797680883171714,2.1051709197224806,3.325790228939156,0.9782006957740284,1.698104754109664,left
4,5,47,1,2.076553930697262,2.1051709197224806,3.2055862696316764,0.17063148473942735,0.17896569583415478,left
4,5,48,25,2.072524705795178,2.1051709197224806,0.8979670575239593,0.9947958357344198,0.6791504179895971,right
4,5,49,19,2.072488480971788,2.1051709197224806,2.9706290132611692,0.041092060665048336,0.6523416352725049,left
4,10,0,28,2.112933495919644,2.1051709197224806,0.40855333329081844,0.05672511924203627,1.4019753158986148,left
4,10,1,17,2.112251728383609,2.1051709197224806,3.325790228939156,0.9782006957740284,1.698104754109664,left
4,10,2,2,2.1118312896247975,2.1051709197224806,2.3094509434695993,0.648393781630934,1.5055534382837403,left
4,10,3,46,2.111244377136842,2.1051709197224806,3.3977087355640183,0.7065606675917455,1.5076447427798003,left
4,10,4,7,2.110411750612423,2.1051709197224806,1.0422012406357433,-0.5591689935004873,1.5319130799089213,right
4,10,5,6,2.1102807238811954,2.1051709197224806,2.7711545615153503,0.9131223203143599,1.1590162590012432,right
4,10,6,25,2.107595866057409,2.1051709197224806,0.8979670575239593,0.9947958357344198,0.6791504179895971,right
4,10,7,33,2.1061041772926665,2.1051709197224806,1.1859073124581325,0.42043408139598015,0.9907912939272681,right
4,10,8,30,2.1059150384800693,2.1051709197224806,2.724523491040577,-0.6976386959113475,1.9968881395816047,left
4,10,9,0,2.1053214126470627,2.1051709197224806,-0.13671138299028185,0.945515358211261,1.9850094586934222,left
4,10,10,43,2.1052666688992225,2.1051709197224806,2.8233904425799183,0.9726605141418976,1.100301469367124,right
4,10,11,16,2.1048073579839466,2.1051709197224806,0.2902468352092267,0.7998369183390575,1.0914945680539783,right
4,10,12,13,2.104787125925441,2.1051709197224806,0.15150582145501845,0.314158065983307,0.03776889400368045,right
4,10,13,32,2.1047246839596454,2.1051709197224806,1.3165856280263588,0.822753902024159,0.8705443692986172,right
4,10,14,39,2.1044400567842807,2.1051709197224806,-0.6380570970828372,-0.036730583260494054,0.6450840325091094,left
4,10,15,15,2.1041718444263364,2.1051709197224806,-0.9030612018610392,0.7011219847046701,0.4208986651917151,left
4,10,16,8,2.1039532125908034,2.1051709197224806,-0.3988712163942367,0.07168864917486772,1.2682214796860811,left
4,10,17,23,2.103773245992545,2.1051709197224806,3.1288164224430126,0.19520494062038374,2.268986254790627,left
4,10,18,3,2.103146702782146,2.1051709197224806,-0.42533839996241296,0.022721294383301727,1.88157278192391,right
4,10,19,48,2.1029473748503076,2.1051709197224806,-0.14735809761856755,0.5295051080049058,0.3260048502386311,left
4,10,20,20,2.102590406717776,2.1051709197224806,-0.8874753758094797,0.7153812615958244,0.4461091361801401,left
4,10,21,45,2.102507905750982,2.1051709197224806,0.5996111046275545,-0.3454745313268247,2.2806429142835105,right
4,10,22,11,2.1019739812750604,2.1051709197224806,3.163328567458347,0.2037727535119912,1.2991314970380174,right
4,10,23,49,2.1019412709476892,2.1051709197224806,-0.486028602672007,-0.10238685077766263,0.5356962130694333,left
4,10,24,22,2.1012725578661007,2.1051709197224806,3.12633919948742,0.6520628769249335,0.578706688046754,right
4,10,25,21,2.10004740281099,2.1051709197224806,-0.27532027971784023,-0.6675770844255765,0.6969154565336088,left
4,10,26,10,2.099563523917025,2.1051709197224806,-0.1079128012394267,0.2656020668581064,2.2730714842241233,left
4,10,27,14,2.0990167290963377,2.1051709197224806,2.6980213351851536,0.007110921061545761,1.0726259128796833,left
4,10,28,37,2.09832664344275,2.1051709197224806,0.039558118888769256,0.5254376645198542,1.2488775243785035,left
4,10,29,47,2.0982133492182387,2.1051709197224806,2.691722289669247,-0.14312479720662352,2.012572302604137,left
4,10,30,36,2.09748098932912,2.1051709197224806,2.417340967631024,0.1378874373736657,0.9363440406528712,right
4,10,31,31,2.097298330483415,2.1051709197224806,2.055036093089744,0.426068608653972,0.871518432952186,right
4,10,32,27,2.096811417221904,2.1051709197224806,2.5324460535744047,0.5459027193987913,2.069582946591335,left
4,10,33,41,2.09590510025228,2.1051709197224806,-0.7513378922380151,0.25279885436774063,2.1097057163559065,right
4,10,34,19,2.0958183242725434,2.1051709197224806,2.9706290132611692,0.041092060665048336,0.6523416352725049,left
4,10,35,4,2.095063330698526,2.1051709197224806,-0.34589673002332755,0.5893038646580036,0.03763898979834424,right
4,10,36,26,2.0937314836614664,2.1051709197224806,0.6894522714767146,-0.29372103959249146,1.8915395246445879,left
4,10,37,29,2.0936628304226677,2.1051709197224806,0.9662481384621571,0.948130057939272,1.0049326337644142,left
4,10,38,9,2.09364283935989,2.1051709197224806,3.5162687834212907,-0.5579620787440669,1.8759183995573103,right
4,10,39,24,2.091063665545457,2.1051709197224806,-0.0031424486031980114,-0.6294243398289026,0.8094817466218055,left
4,10,40,38,2.0908633856334413,2.1051709197224806,3.417226477564573,0.15048692531721708,1.8528832796967025,left
4,10,41,42,2.0905917996008814,2.1051709197224806,3.531652709505887,-0.22177951056645573,1.9725190165630493,left
4,10,42,35,2.0902575264753542,2.1051709197224806,1.6256493805321686,-0.23390582924461423,1.4805338900393463,right
4,10,43,40,2.088363647357952,2.1051709197224806,3.297249510937794,-0.03427441841500012,1.751077014360639,right
4,10,44,5,2.0875850304842816,2.1051709197224806,3.6992193209590223,0.6231299123031042,0.09801185804875187,left
4,10,45,18,2.085697376147009,2.1051709197224806,1.2079402206848413,0.6966428009313597,0.8652370354216966,right
4,10,46,12,2.0852119881760585,2.1051709197224806,-0.15537808251564722,-0.5654423384032027,1.9988433585747027,left
4,10,47,34,2.083917992471286,2.1051709197224806,1.8853068286471268,0.932999363869617,2.030997333306651,right
4,10,48,1,2.0838702019744906,2.1051709197224806,3.2055862696316764,0.17063148473942735,0.17896569583415478,left
4,10,49,44,2.083305138897198,2.1051709197224806,1.9895832895201608,0.5156021616012647,0.285620454158541,left
4,15,0,33,3.4079696704716813,2.1051709197224806,1.1859073124581325,0.42043408139598015,0.9907912939272681,right
4,15,1,0,3.4003380187116323,2.1051709197224806,-0.13671138299028185,0.945515358211261,1.9850094586934222,left
4,15,2,29,3.3970816787738567,2.1051709197224806,0.9662481384621571,0.948130057939272,1.0049326337644142,left
4,15,3,32,3.38000742779873,2.1051709197224806,1.3165856280263588,0.822753902024159,0.8705443692986172,right
4,15,4,21,3.3775037726936508,2.1051709197224806,-0.27532027971784023,-0.6675770844255765,0.6969154565336088,left
4,15,5,37,3.371161835735535,2.1051709197224806,0.039558118888769256,0.5254376645198542,1.2488775243785035,left
4,15,6,12,3.3572125533428947,2.1051709197224806,-0.15537808251564722,-0.5654423384032027,1.9988433585747027,left
4,15,7,35,3.3521009849429406,2.1051709197224806,1.6256493805321686,-0.23390582924461423,1.4805338900393463,right
4,15,8,8,3.337956916700815,2.1051709197224806,-0.3988712163942367,0.07168864917486772,1.2682214796860811,left
4,15,9,17,3.333313373434317,2.1051709197224806,3.325790228939156,0.9782006957740284,1.698104754109664,left
4,15,10,2,3.324786293749347,2.1051709197224806,2.3094509434695993,0.648393781630934,1.5055534382837403,left
4,15,11,45,3.3232819669851876,2.1051709197224806,0.5996111046275545,-0.3454745313268247,2.2806429142835105,right
4,15,12,47,3.321580660397613,2.1051709197224806,2.691722289669247,-0.14312479720662352,2.012572302604137,left
4,15,13,10,3.3080225038481617,2.1051709197224806,-0.1079128012394267,0.2656020668581064,2.2730714842241233,left
4,15,14,18,3.3043485224552644,2.1051709197224806,1.2079402206848413,0.6966428009313597,0.8652370354216966,right
4,15,15,3,3.2928781247622263,2.1051709197224806,-0.42533839996241296,0.022721294383301727,1.88157278192391,right
4,15,16,13,3.290855658463909,2.1051709197224806,0.15150582145501845,0.314158065983307,0.03776889400368045,right
4,15,17,34,3.2817137257437277,2.1051709197224806,1.8853068286471268,0.932999363869617,2.030997333306651,right
4,15,18,39,3.2759343587843563,2.1051709197224806,-0.6380570970828372,-0.036730583260494054,0.6450840325091094,left
4,15,19,15,3.273906277192851,2.1051709197224806,-0.9030612018610392,0.7011219847046701,0.4208986651917151,left
4,15,20,5,3.2721624146003867,2.1051709197224806,3.6992193209590223,0.6231299123031042,0.09801185804875187,left
4,15,21,31,3.258039790088077,2.1051709197224806,2.055036093089744,0.426068608653972,0.871518432952186,right
4,15,22,22,3.2497718900036103,2.1051709197224806,3.12633919948742,0.6520628769249335,0.578706688046754,right
4,15,23,48,3.2478876030814225,2.1051709197224806,-0.14735809761856755,0.5295051080049058,0.3260048502386311,left
4,15,24,1,3.239961519178321,2.1051709197224806,3.2055862696316764,0.17063148473942735,0.17896569583415478,left
4,15,25,27,3.235024866026126,2.1051709197224806,2.5324460535744047,0.5459027193987913,2.069582946591335,left
4,15,26,28,3.2284519269667618,2.1051709197224806,0.40855333329081844,0.05672511924203627,1.4019753158986148,left
4,15,27,25,3.22739941196805,2.1051709197224806,0.8979670575239593,0.9947958357344198,0.6791504179895971,right
4,15,28,19,3.2187096305364427,2.1051709197224806,2.9706290132611692,0.041092060665048336,0.6523416352725049,left
4,15,29,26,3.2072375999200227,2.1051709197224806,0.6894522714767146,-0.29372103959249146,1.8915395246445879,left
4,15,30,40,3.2042166304908166,2.1051709197224806,3.297249510937794,-0.03427441841500012,1.751077014360639,right
4,15,31,42,3.2021099586499018,2.1051709197224806,3.531652709505887,-0.22177951056645573,1.9725190165630493,left
4,15,32,4,3.201709496818041,2.1051709197224806,-0.34589673002332755,0.5893038646580036,0.03763898979834424,right
4,15,33,43,3.1995244451866833,2.1051709197224806,2.8233904425799183,0.9726605141418976,1.100301469367124,right
4,15,34,36,3.1982606421617312,2.1051709197224806,2.417340967631024,0.1378874373736657,0.9363440406528712,right
4,15,35,16,3.1937519878086658,2.1051709197224806,0.2902468352092267,0.7998369183390575,1.0914945680539783,right
4,15,36,6,3.1912780273090418,2.1051709197224806,2.7711545615153503,0.9131223203143599,1.1590162590012432,right
4,15,37,11,3.182110792103317,2.1051709197224806,3.163328567458347,0.2037727535119912,1.2991314970380174,right
4,15,38,44,3.180249763530407,2.1051709197224806,1.9895832895201608,0.5156021616012647,0.285620454158541,left
4,15,39,49,3.179058831229171,2.1051709197224806,-0.486028602672007,-0.10238685077766263,0.5356962130694333,left
4,15,40,7,3.1695955617983382,2.1051709197224806,1.0422012406357433,-0.5591689935004873,1.5319130799089213,right
4,15,41,30,3.1631593183108926,2.1051709197224806,2.724523491040577,-0.6976386959113475,1.9968881395816047,left
4,15,42,24,3.161641586669039,2.1051709197224806,-0.0031424486031980114,-0.6294243398289026,0.8094817466218055,left
4,15,43,9,3.153408403925263,2.1051709197224806,3.5162687834212907,-0.5579620787440669,1.8759183995573103,right
4,15,44,14,3.145445286943661,2.1051709197224806,2.6980213351851536,0.007110921061545761,1.0726259128796833,left
4,15,45,23,3.121823668624539,2.1051709197224806,3.1288164224430126,0.19520494062038374,2.268986254790627,left
4,15,46,20,3.1209449069779973,2.1051709197224806,-0.8874753758094797,0.7153812615958244,0.4461091361801401,left
4,15,47,38,3.076143749292953,2.1051709197224806,3.417226477564573,0.15048692531721708,1.8528832796967025,left
4,15,48,46,3.0497622868130096,2.1051709197224806,3.3977087355640183,0.7065606675917455,1.5076447427798003,left
4,15,49,41,3.024038533313175,2.1051709197224806,-0.7513378922380151,0.25279885436774063,2.1097057163559065,right
4,20,0,0,2.8389919303185422,2.1051709197224806,-0.13671138299028185,0.945515358211261,1.9850094586934222,left
4,20,1,13,2.8357692085797974,2.1051709197224806,0.15150582145501845,0.314158065983307,0.03776889400368045,right
4,20,2,33,2.8357692085797974,2.1051709197224806,1.1859073124581325,0.42043408139598015,0.9907912939272681,right
4,20,3,35,2.835543309569603,2.1051709197224806,1.6256493805321686,-0.23390582924461423,1.4805338900393463,right
4,20,4,28,2.8298001126697647,2.1051709197224806,0.40855333329081844,0.05672511924203627,1.4019753158986148,left
4,20,5,29,2.8208290318993363,2.1051709197224806,0.9662481384621571,0.948130057939272,1.0049326337644142,left
4,20,6,2,2.813254213006247,2.1051709197224806,2.3094509434695993,0.648393781630934,1.5055534382837403,left
4,20,7,17,2.8091095928175123,2.1051709197224806,3.325790228939156,0.9782006957740284,1.698104754109664,left
4,20,8,22,2.8056609720685737,2.1051709197224806,3.12633919948742,0.6520628769249335,0.578706688046754,right
4,20,9,16,2.8030632843793697,2.1051709197224806,0.2902468352092267,0.7998369183390575,1.0914945680539783,right
4,20,10,1,2.780982939021135,2.1051709197224806,3.2055862696316764,0.17063148473942735,0.17896569583415478,left
4,20,11,3,2.780982939021135,2.1051709197224806,-0.42533839996241296,0.022721294383301727,1.88157278192391,right
4,20,12,4,2.780982939021135,2.1051709197224806,-0.34589673002332755,0.5893038646580036,0.03763898979834424,right
4,20,13,5,2.780982939021135,2.1051709197224806,3.6992193209590223,0.6231299123031042,0.09801185804875187,left
4,20,14,6,2.780982939021135,2.1051709197224806,2.7711545615153503,0.9131223203143599,1.1590162590012432,right
4,20,15,7,2.780982939021135,2.1051709197224806,1.0422012406357433,-0.5591689935004873,1.5319130799089213,right
4,20,16,8,2.780982939021135,2.1051709197224806,-0.3988712163942367,0.07168864917486772,1.2682214796860811,left
4,20,17,9,2.780982939021135,2.1051709197224806,3.5162687834212907,-0.5579620787440669,1.8759183995573103,right
4,20,18,10,2.780982939021135,2.1051709197224806,-0.1079128012394267,0.2656020668581064,2.2730714842241233,left
4,20,19,11,2.780982939021135,2.1051709197224806,3.163328567458347,0.2037727535119912,1.2991314970380174,right
4,20,20,12,2.780982939021135,2.1051709197224806,-0.15537808251564722,-0.5654423384032027,1.9988433585747027,left
4,20,21,14,2.780982939021135,2.1051709197224806,2.6980213351851536,0.007110921061545761,1.0726259128796833,left
4,20,22,15,2.780982939021135,2.1051709197224806,-0.9030612018610392,0.7011219847046701,0.4208986651917151,left
4,20,23,18,2.780982939021135,2.1051709197224806,1.2079402206848413,0.6966428009313597,0.8652370354216966,right
4,20,24,19,2.780982939021135,2.1051709197224806,2.9706290132611692,0.041092060665048336,0.6523416352725049,left
4,20,25,20,2.780982939021135,2.1051709197224806,-0.8874753758094797,0.7153812615958244,0.4461091361801401,left
4,20,26,21,2.780982939021135,2.1051709197224806,-0.27532027971784023,-0.6675770844255765,0.6969154565336088,left
4,20,27,23,2.780982939021135,2.1051709197224806,3.1288164224430126,0.19520494062038374,2.268986254790627,left
4,20,28,24,2.780982939021135,2.1051709197224806,-0.0031424486031980114,-0.6294243398289026,0.8094817466218055,left
4,20,29,25,2.780982939021135,2.1051709197224806,0.8979670575239593,0.9947958357344198,0.6791504179895971,right
4,20,30,26,2.780982939021135,2.1051709197224806,0.6894522714767146,-0.29372103959249146,1.8915395246445879,left
4,20,31,27,2.780982939021135,2.1051709197224806,2.5324460535744047,0.5459027193987913,2.069582946591335,left
4,20,32,30,2.780982939021135,2.1051709197224806,2.724523491040577,-0.6976386959113475,1.9968881395816047,left
4,20,33,31,2.780982939021135,2.1051709197224806,2.055036093089744,0.426068608653972,0.871518432952186,right
4,20,34,32,2.780982939021135,2.1051709197224806,1.3165856280263588,0.822753902024159,0.8705443692986172,right
4,20,35,34,2.780982939021135,2.1051709197224806,1.8853068286471268,0.932999363869617,2.030997333306651,right
4,20,36,36,2.780982939021135,2.1051709197224806,2.417340967631024,0.1378874373736657,0.9363440406528712,right
4,20,37,37,2.780982939021135,2.1051709197224806,0.039558118888769256,0.5254376645198542,1.2488775243785035,left
4,20,38,38,2.780982939021135,2.1051709197224806,3.417226477564573,0.15048692531721708,1.8528832796967025,left
4,20,39,39,2.780982939021135,2.1051709197224806,-0.6380570970828372,-0.036730583260494054,0.6450840325091094,left
4,20,40,40,2.780982939021135,2.1051709197224806,3.297249510937794,-0.03427441841500012,1.751077014360639,right
4,20,41,41,2.780982939021135,2.1051709197224806,-0.7513378922380151,0.25279885436774063,2.1097057163559065,right
4,20,42,42,2.780982939021135,2.1051709197224806,3.531652709505887,-0.22177951056645573,1.9725190165630493,left
4,20,43,43,2.780982939021135,2.1051709197224806,2.8233904425799183,0.9726605141418976,1.100301469367124,right
4,20,44,44,2.780982939021135,2.1051709197224806,1.9895832895201608,0.5156021616012647,0.285620454158541,left
4,20,45,45,2.780982939021135,2.1051709197224806,0.5996111046275545,-0.3454745313268247,2.2806429142835105,right
4,20,46,46,2.780982939021135,2.1051709197224806,3.3977087355640183,0.7065606675917455,1.5076447427798003,left
4,20,47,47,2.780982939021135,2.1051709197224806,2.691722289669247,-0.14312479720662352,2.012572302604137,left
4,20,48,48,2.780982939021135,2.1051709197224806,-0.14735809761856755,0.5295051080049058,0.3260048502386311,left
4,20,49,49,2.780982939021135,2.1051709197224806,-0.486028602672007,-0.10238685077766263,0.5356962130694333,left
4,25,0,29,3.0874833233449843,2.1051709197224806,0.9662481384621571,0.948130057939272,1.0049326337644142,left
4,25,1,0,3.0748646916990445,2.1113574444120387,-0.13671138299028185,0.945515358211261,1.9850094586934222,left
4,25,2,17,3.0748646916990445,2.1051709197224806,3.325790228939156,0.9782006957740284,1.698104754109664,left
4,25,3,13,3.0731822074795856,2.1051709197224806,0.15150582145501845,0.314158065983307,0.03776889400368045,right
4,25,4,33,3.0731822074795856,2.116856577469423,1.1859073124581325,0.42043408139598015,0.9907912939272681,right
4,25,5,1,3.0445799757487886,2.1051709197224806,3.2055862696316764,0.17063148473942735,0.17896569583415478,left
4,25,6,2,3.0445799757487886,2.1051709197224806,2.3094509434695993,0.648393781630934,1.5055534382837403,left
4,25,7,3,3.0445799757487886,2.1051709197224806,-0.42533839996241296,0.022721294383301727,1.88157278192391,right
4,25,8,4,3.0445799757487886,2.1051709197224806,-0.34589673002332755,0.5893038646580036,0.03763898979834424,right
4,25,9,5,3.0445799757487886,2.1139351630326875,3.6992193209590223,0.6231299123031042,0.09801185804875187,left
4,25,10,6,3.0445799757487886,2.1051709197224806,2.7711545615153503,0.9131223203143599,1.1590162590012432,right
4,25,11,7,3.0445799757487886,2.1051709197224806,1.0422012406357433,-0.5591689935004873,1.5319130799089213,right
4,25,12,8,3.0445799757487886,2.1226994063428943,-0.3988712163942367,0.07168864917486772,1.2682214796860811,left
4,25,13,9,3.0445799757487886,2.1051709197224806,3.5162687834212907,-0.5579620787440669,1.8759183995573103,right
4,25,14,10,3.0445799757487886,2.1051709197224806,-0.1079128012394267,0.2656020668581064,2.2730714842241233,left
4,25,15,11,3.0445799757487886,2.113260990470364,3.163328567458347,0.2037727535119912,1.2991314970380174,right
4,25,16,12,3.0445799757487886,2.1051709197224806,-0.15537808251564722,-0.5654423384032027,1.9988433585747027,left
4,25,17,14,3.0445799757487886,2.1051709197224806,2.6980213351851536,0.007110921061545761,1.0726259128796833,left
4,25,18,15,3.0445799757487886,2.1051709197224806,-0.9030612018610392,0.7011219847046701,0.4208986651917151,left
4,25,19,16,3.0445799757487886,2.1051709197224806,0.2902468352092267,0.7998369183390575,1.0914945680539783,right
4,25,20,18,3.0445799757487886,2.1051709197224806,1.2079402206848413,0.6966428009313597,0.8652370354216966,right
4,25,21,19,3.0445799757487886,2.1051709197224806,2.9706290132611692,0.041092060665048336,0.6523416352725049,left
4,25,22,20,3.0445799757487886,2.1156880116947288,-0.8874753758094797,0.7153812615958244,0.4461091361801401,left
4,25,23,21,3.0445799757487886,2.1051709197224806,-0.27532027971784023,-0.6675770844255765,0.6969154565336088,left
4,25,24,22,3.0445799757487886,2.1051709197224806,3.12633919948742,0.6520628769249335,0.578706688046754,right
4,25,25,23,3.0445799757487886,2.1051709197224806,3.1288164224430126,0.19520494062038374,2.268986254790627,left
4,25,26,24,3.0445799757487886,2.1051709197224806,-0.0031424486031980114,-0.6294243398289026,0.8094817466218055,left
4,25,27,25,3.0445799757487886,2.1113574444120387,0.8979670575239593,0.9947958357344198,0.6791504179895971,right
4,25,28,26,3.0445799757487886,2.1051709197224806,0.6894522714767146,-0.29372103959249146,1.8915395246445879,left
4,25,29,27,3.0445799757487886,2.1051709197224806,2.5324460535744047,0.5459027193987913,2.069582946591335,left
4,25,30,28,3.0445799757487886,2.121776854415504,0.40855333329081844,0.05672511924203627,1.4019753158986148,left
4,25,31,30,3.0445799757487886,2.1051709197224806,2.724523491040577,-0.6976386959113475,1.9968881395816047,left
4,25,32,31,3.0445799757487886,2.1051709197224806,2.055036093089744,0.426068608653972,0.871518432952186,right
4,25,33,32,3.0445799757487886,2.1051709197224806,1.3165856280263588,0.822753902024159,0.8705443692986172,right
4,25,34,34,3.0445799757487886,2.1156880116947288,1.8853068286471268,0.932999363869617,2.030997333306651,right
4,25,35,35,3.0445799757487886,2.117543969101596,1.6256493805321686,-0.23390582924461423,1.4805338900393463,right
4,25,36,36,3.0445799757487886,2.1051709197224806,2.417340967631024,0.1378874373736657,0.9363440406528712,right
4,25,37,37,3.0445799757487886,2.111013748595952,0.039558118888769256,0.5254376645198542,1.2488775243785035,left
4,25,38,38,3.0445799757487886,2.1051709197224806,3.417226477564573,0.15048692531721708,1.8528832796967025,left
4,25,39,39,3.0445799757487886,2.1117441022051358,-0.6380570970828372,-0.036730583260494054,0.6450840325091094,left
4,25,40,40,3.0445799757487886,2.1051709197224806,3.297249510937794,-0.03427441841500012,1.751077014360639,right
4,25,41,41,3.0445799757487886,2.1051709197224806,-0.7513378922380151,0.25279885436774063,2.1097057163559065,right
4,25,42,42,3.0445799757487886,2.1051709197224806,3.531652709505887,-0.22177951056645573,1.9725190165630493,left
4,25,43,43,3.0445799757487886,2.1051709197224806,2.8233904425799183,0.9726605141418976,1.100301469367124,right
4,25,44,44,3.0445799757487886,2.1051709197224806,1.9895832895201608,0.5156021616012647,0.285620454158541,left
4,25,45,45,3.0445799757487886,2.1051709197224806,0.5996111046275545,-0.3454745313268247,2.2806429142835105,right
4,25,46,46,3.0445799757487886,2.1051709197224806,3.3977087355640183,0.7065606675917455,1.5076447427798003,left
4,25,47,47,3.0445799757487886,2.111013748595952,2.691722289669247,-0.14312479720662352,2.012572302604137,left
4,25,48,48,3.0445799757487886,2.113260990470364,-0.14735809761856755,0.5295051080049058,0.3260048502386311,left
4,25,49,49,3.0445799757487886,2.1147319124245243,-0.486028602672007,-0.10238685077766263,0.5356962130694333,left
4,30,0,10,2.9407692431373453,2.126205103666977,-0.1079128012394267,0.2656020668581064,2.2730714842241233,left
4,30,1,27,2.932826305192155,2.127707545377298,2.5324460535744047,0.5459027193987913,2.069582946591335,left
4,30,2,2,2.892421479341051,2.137531202714013,2.3094509434695993,0.648393781630934,1.5055534382837403,left
4,30,3,9,2.863815281192618,2.138036832135756,3.5162687834212907,-0.5579620787440669,1.8759183995573103,right
4,30,4,15,2.863341772613026,2.126205103666977,-0.9030612018610392,0.7011219847046701,0.4208986651917151,left
4,30,5,23,2.860843334051255,2.1314636496531008,3.1288164224430126,0.19520494062038374,2.268986254790627,left
4,30,6,4,2.856197991896601,2.1549887238015506,-0.34589673002332755,0.5893038646580036,0.03763898979834424,right
4,30,7,11,2.8558464162443693,2.145621273461896,3.163328567458347,0.2037727535119912,1.2991314970380174,right
4,30,8,13,2.8518014564320997,2.122699406342894,0.15150582145501845,0.314158065983307,0.03776889400368045,right
4,30,9,30,2.8489211868445796,2.136722195639225,2.724523491040577,-0.6976386959113475,1.9968881395816047,left
4,30,10,38,2.848358529242744,2.1352197539289035,3.417226477564573,0.15048692531721708,1.8528832796967025,left
4,30,11,42,2.839297528406219,2.126205103666977,3.531652709505887,-0.22177951056645573,1.9725190165630493,left
4,30,12,14,2.833492857086716,2.1720978686367864,2.6980213351851536,0.007110921061545761,1.0726259128796833,left
4,30,13,32,2.8305492173069786,2.1051709197224806,1.3165856280263588,0.822753902024159,0.8705443692986172,right
4,30,14,46,2.8297537518862237,2.136103543170269,3.3977087355640183,0.7065606675917455,1.5076447427798003,left
4,30,15,28,2.82669579308127,2.149453412237209,0.40855333329081844,0.05672511924203627,1.4019753158986148,left
4,30,16,35,2.825699592344332,2.1484765925493843,1.6256493805321686,-0.23390582924461423,1.4805338900393463,right
4,30,17,21,2.823116741100737,2.143918100672868,-0.27532027971784023,-0.6675770844255765,0.6969154565336088,left
4,30,18,8,2.819685893329223,2.140227892963307,-0.3988712163942367,0.07168864917486772,1.2682214796860811,left
4,30,19,48,2.816912249278205,2.12944113196613,-0.14735809761856755,0.5295051080049058,0.3260048502386311,left
4,30,20,40,2.8096919052194034,2.1270815279979978,3.297249510937794,-0.03427441841500012,1.751077014360639,right
4,30,21,26,2.8075451811830967,2.138036832135756,0.6894522714767146,-0.29372103959249146,1.8915395246445879,left
4,30,22,37,2.804814629899143,2.128542235216365,0.039558118888769256,0.5254376645198542,1.2488775243785035,left
4,30,23,3,2.8026921253235306,2.1226994063428943,-0.42533839996241296,0.022721294383301727,1.88157278192391,right
4,30,24,29,2.8026921253235306,2.1314636496531008,0.9662481384621571,0.948130057939272,1.0049326337644142,left
4,30,25,24,2.802341677715316,2.1314636496531008,-0.0031424486031980114,-0.6294243398289026,0.8094817466218055,left
4,30,26,25,2.799943048798375,2.1422900678598267,0.8979670575239593,0.9947958357344198,0.6791504179895971,right
4,30,27,22,2.797629270717537,2.1546631172389423,3.12633919948742,0.6520628769249335,0.578706688046754,right
4,30,28,47,2.7965402860405493,2.122699406342894,2.691722289669247,-0.14312479720662352,2.012572302604137,left
4,30,29,18,2.7945900439805254,2.157756379583721,1.2079402206848413,0.6966428009313597,0.8652370354216966,right
4,30,30,43,2.7890393008160372,2.1338538978286117,2.8233904425799183,0.9726605141418976,1.100301469367124,right
4,30,31,34,2.78783331361842,2.1156880116947288,1.8853068286471268,0.932999363869617,2.030997333306651,right
4,30,32,5,2.786376171833471,2.1139351630326875,3.6992193209590223,0.6231299123031042,0.09801185804875187,left
4,30,33,6,2.784990552457902,2.137531202714013,2.7711545615153503,0.9131223203143599,1.1590162590012432,right
4,30,34,1,2.7802839391857503,2.1226994063428943,3.2055862696316764,0.17063148473942735,0.17896569583415478,left
4,30,35,44,2.7787028544122467,2.127707545377298,1.9895832895201608,0.5156021616012647,0.285620454158541,left
4,30,36,39,2.7754426967265156,2.118317284687791,-0.6380570970828372,-0.036730583260494054,0.6450840325091094,left
4,30,37,0,2.773196710769492,2.136103543170269,-0.13671138299028185,0.945515358211261,1.9850094586934222,left
4,30,38,16,2.7724588446601013,2.143918100672868,0.2902468352092267,0.7998369183390575,1.0914945680539783,right
4,30,39,17,2.771645555451539,2.129917018480711,3.325790228939156,0.9782006957740284,1.698104754109664,left
4,30,40,33,2.7712815114535694,2.122699406342894,1.1859073124581325,0.42043408139598015,0.9907912939272681,right
4,30,41,36,2.770811395198347,2.1324374544653457,2.417340967631024,0.1378874373736657,0.9363440406528712,right
4,30,42,7,2.7453068110982,2.1502441710321154,1.0422012406357433,-0.5591689935004873,1.5319130799089213,right
4,30,43,12,2.7453068110982,2.140227892963307,-0.15537808251564722,-0.5654423384032027,1.9988433585747027,left
4,30,44,19,2.7453068110982,2.1352197539289035,2.9706290132611692,0.041092060665048336,0.6523416352725049,left
4,30,45,20,2.7453068110982,2.1156880116947288,-0.8874753758094797,0.7153812615958244,0.4461091361801401,left
4,30,46,31,2.7453068110982,2.128542235216365,2.055036093089744,0.426068608653972,0.871518432952186,right
4,30,47,41,2.7453068110982,2.1147319124245243,-0.7513378922380151,0.25279885436774063,2.1097057163559065,right
4,30,48,45,2.7453068110982,2.137531202714013,0.5996111046275545,-0.3454745313268247,2.2806429142835105,right
4,30,49,49,2.7453068110982,2.1338538978286117,-0.486028602672007,-0.10238685077766263,0.5356962130694333,left
5,5,0,15,2.0688999898765754,2.1051709197224806,0.35734288903519174,0.309177927335059,1.2042660949874944,right
5,5,1,12,2.068139903336379,2.1051709197224806,-0.7119584361021549,-0.6608322906629496,0.8236774499329995,right
5,5,2,16,2.067332778277715,2.1051709197224806,0.27475155689126884,0.3338619295388283,1.7112328167807371,right
5,5,3,6,2.0655067012410977,2.1051709197224806,0.015631164182393853,0.18994004184421942,0.4435408708862277,right
5,5,4,36,2.064656436318373,2.1051709197224806,0.012629206413293126,-0.19008549683326315,1.8314186771513368,left
5,5,5,42,2.0630688517607125,2.1051709197224806,1.8674675360107744,0.657191246945745,0.574804176615515,left
5,5,6,7,2.0607892071863425,2.1051709197224806,0.7465255177194805,-0.5460446583204855,2.0872033812615163,left
5,5,7,9,2.0602726911914226,2.1051709197224806,-0.49178134171828836,0.08176058024818589,1.7970817114714364,left
5,5,8,13,2.058438791621205,2.1051709197224806,-0.22907309889569483,-0.200089894328084,1.2448217341320176,left
5,5,9,31,2.0581016833958192,2.1051709197224806,-0.3597145298351586,-0.4077993790348574,1.9278285772970791,left
5,5,10,26,2.058036622161201,2.1051709197224806,-0.596180990983546,-0.08226955857750806,1.3808595436168598,left
5,5,11,11,2.0578563059327033,2.1051709197224806,1.2285536836322777,0.36560482140699624,1.5691338080050088,right
5,5,12,18,2.057663587776789,2.1051709197224806,-0.7580187162968074,0.1525340576188874,0.3433749834661941,left
5,5,13,10,2.0572164493525857,2.1051709197224806,1.6360171584955783,-0.4492455732971671,1.9379880776642937,left
5,5,14,34,2.056053873140668,2.1051709197224806,0.6925898048936778,0.1921335135773664,1.7614700822561444,right
5,5,15,35,2.0560362219456465,2.1051709197224806,3.158022084914492,-0.20288941022380358,2.149316748720197,left
5,5,16,21,2.055009642797228,2.1051709197224806,2.9798859185829376,0.6384923741080069,0.8507297107482434,right
5,5,17,40,2.0538142116301454,2.1051709197224806,0.5320712869181792,0.5114205353639127,2.205781609144678,left
5,5,18,2,2.053226820028077,2.1051709197224806,0.6684634921703212,0.530317219524062,1.2185863815181368,left
5,5,19,29,2.0521179859898155,2.1051709197224806,1.909541860952583,0.8400494078333689,0.13435588295976156,right
5,5,20,3,2.051322730965641,2.1051709197224806,-0.05152409736233565,0.16072203316857447,0.7237377880160104,right
5,5,21,20,2.0508999762609985,2.1051709197224806,1.7316090029099422,-0.1954264398532095,1.6713651381341028,left
5,5,22,25,2.050534259541947,2.1051709197224806,0.6675316498517168,-0.44742822200424465,1.8122808476054861,right
5,5,23,28,2.0503602553934224,2.1051709197224806,0.028051281308316467,-0.6019588210132493,2.1751529348331484,left
5,5,24,23,2.049514549653551,2.1051709197224806,1.884967515943063,0.7460712580032169,1.6316073177294905,left
5,5,25,43,2.0492534896687555,2.1051709197224806,0.9532426384039088,-0.33410469918962893,1.4878942429889188,left
5,5,26,4,2.0489460065077014,2.1051709197224806,-0.9455258027251653,0.5700447471795491,0.5519315480376812,right
5,5,27,30,2.0474181495767185,2.1051709197224806,0.43012695028766235,0.5094288598757732,1.051720198335464,left
5,5,28,17,2.047335494509281,2.1051709197224806,-0.30337111784592663,0.9040005583743633,1.9834024401808266,right
5,5,29,19,2.045985649615143,2.1051709197224806,2.4914452025808145,0.4446793913423699,1.4475466120126317,left
5,5,30,47,2.0459380595426726,2.1051709197224806,2.9692940790490994,0.16942756146768678,0.585222665883004,right
5,5,31,41,2.04482945385538,2.1051709197224806,-0.9465193480968656,0.6685134845547629,1.559139556959147,left
5,5,32,8,2.0446602194919343,2.1051709197224806,0.27837296439835657,0.8425294807685761,2.1289232123338797,right
5,5,33,27,2.0442831644451873,2.1051709197224806,2.962658287387853,0.16992547509051026,1.5263512790858271,left
5,5,34,38,2.0437495150554312,2.1051709197224806,0.14296179147222676,0.892956356842245,1.4669710948693275,right
5,5,35,1,2.043440267754236,2.1051709197224806,2.1565875448686693,0.7686154680717097,1.723710156196765,right
5,5,36,14,2.0432142743320814,2.1051709197224806,2.281775458075607,0.7405828059630806,0.5892533918017958,left
5,5,37,0,2.0426864306857846,2.1051709197224806,2.1148038424036057,-0.48180902736616726,2.1881130506624262,left
5,5,38,37,2.0425542390489424,2.1051709197224806,-0.11144831017922985,0.5728376618483109,1.626664801031609,left
5,5,39,49,2.040918830996457,2.1051709197224806,0.9035432271001267,0.7557708838071702,1.367419950614832,right
5,5,40,45,2.0386282621396346,2.1051709197224806,2.9103263202947707,0.6161927897008077,1.8975086678351833,right
5,5,41,33,2.0372701958443598,2.1051709197224806,-0.43903210872120646,0.20228134733573655,1.123608657646807,right
5,5,42,46,2.0371871407609525,2.1051709197224806,-0.9765968662756843,0.7049372339839641,1.041742236165689,right
5,5,43,44,2.0361398129707338,2.1051709197224806,1.1432689269056726,0.731201125961809,1.3311717797705342,right
5,5,44,32,2.034331675013993,2.1051709197224806,-0.6662424521051044,0.13752878629335408,1.2996569909606264,right
5,5,45,22,2.031453929355912,2.1051709197224806,3.2736664869775556,0.15605937636726108,0.8878670608881951,left
5,5,46,24,2.0294082393218584,2.1051709197224806,3.070068464850781,0.9950111550968614,0.3598518028948681,right
5,5,47,48,2.02458085053003,2.1051709197224806,2.0306567726204814,0.1786387403429328,1.3721039694195238,left
5,5,48,5,2.020642718639696,2.1051709197224806,1.121813731214293,0.2772682478947226,1.2085606935804682,left
5,5,49,39,2.020618621519782,2.1051709197224806,1.7916163994943366,0.11723713675999792,0.8863909584305031,left
5,10,0,12,2.1300261267709804,2.1051709197224806,-0.7119584361021549,-0.6608322906629496,0.8236774499329995,right
5,10,1,6,2.120581766512042,2.1051709197224806,0.015631164182393853,0.18994004184421942,0.4435408708862277,right
5,10,2,1,2.1126799235495817,2.1051709197224806,2.1565875448686693,0.7686154680717097,1.723710156196765,right
5,10,3,35,2.112301968439084,2.1051709197224806,3.158022084914492,-0.20288941022380358,2.149316748720197,left
5,10,4,16,2.1111099802810607,2.1051709197224806,0.27475155689126884,0.3338619295388283,1.7112328167807371,right
5,10,5,15,2.1097029974329344,2.1051709197224806,0.35734288903519174,0.309177927335059,1.2042660949874944,right
5,10,6,21,2.109294915947549,2.1051709197224806,2.9798859185829376,0.6384923741080069,0.8507297107482434,right
5,10,7,9,2.105760754288655,2.1051709197224806,-0.49178134171828836,0.08176058024818589,1.7970817114714364,left
5,10,8,13,2.1056591641448117,2.1051709197224806,-0.22907309889569483,-0.200089894328084,1.2448217341320176,left
5,10,9,11,2.1050717508283388,2.1051709197224806,1.2285536836322777,0.36560482140699624,1.5691338080050088,right
5,10,10,31,2.104370941786226,2.1051709197224806,-0.3597145298351586,-0.4077993790348574,1.9278285772970791,left
5,10,11,34,2.1034257379772825,2.1051709197224806,0.6925898048936778,0.1921335135773664,1.7614700822561444,right
5,10,12,36,2.1024851928214767,2.1051709197224806,0.012629206413293126,-0.19008549683326315,1.8314186771513368,left
5,10,13,7,2.100686972889224,2.1051709197224806,0.7465255177194805,-0.5460446583204855,2.0872033812615163,left
5,10,14,42,2.0998945932358795,2.1051709197224806,1.8674675360107744,0.657191246945745,0.574804176615515,left
5,10,15,28,2.099664050744397,2.1051709197224806,0.028051281308316467,-0.6019588210132493,2.1751529348331484,left
5,10,16,25,2.099340891489713,2.1051709197224806,0.6675316498517168,-0.44742822200424465,1.8122808476054861,right
5,10,17,0,2.098874376227247,2.1051709197224806,2.1148038424036057,-0.48180902736616726,2.1881130506624262,left
5,10,18,47,2.098099659186712,2.1051709197224806,2.9692940790490994,0.16942756146768678,0.585222665883004,right
5,10,19,45,2.0979957330635113,2.1051709197224806,2.9103263202947707,0.6161927897008077,1.8975086678351833,right
5,10,20,46,2.097193560173119,2.1051709197224806,-0.9765968662756843,0.7049372339839641,1.041742236165689,right
5,10,21,8,2.0969867944860647,2.1051709197224806,0.27837296439835657,0.8425294807685761,2.1289232123338797,right
5,10,22,18,2.0964092559335397,2.1051709197224806,-0.7580187162968074,0.1525340576188874,0.3433749834661941,left
5,10,23,44,2.0960074095230157,2.1051709197224806,1.1432689269056726,0.731201125961809,1.3311717797705342,right
5,10,24,38,2.0958983688546016,2.1051709197224806,0.14296179147222676,0.892956356842245,1.4669710948693275,right
5,10,25,29,2.0955202838700973,2.1051709197224806,1.909541860952583,0.8400494078333689,0.13435588295976156,right
5,10,26,2,2.0945460967916065,2.1051709197224806,0.6684634921703212,0.530317219524062,1.2185863815181368,left
5,10,27,39,2.0943522644193564,2.1051709197224806,1.7916163994943366,0.11723713675999792,0.8863909584305031,left
5,10,28,20,2.093583680929247,2.1051709197224806,1.7316090029099422,-0.1954264398532095,1.6713651381341028,left
5,10,29,23,2.0935223295595344,2.1051709197224806,1.884967515943063,0.7460712580032169,1.6316073177294905,left
5,10,30,27,2.0931424407594745,2.1051709197224806,2.962658287387853,0.16992547509051026,1.5263512790858271,left
5,10,31,41,2.092323781894477,2.1051709197224806,-0.9465193480968656,0.6685134845547629,1.559139556959147,left
5,10,32,40,2.0912479404155393,2.1051709197224806,0.5320712869181792,0.5114205353639127,2.205781609144678,left
5,10,33,24,2.090981691850235,2.1051709197224806,3.070068464850781,0.9950111550968614,0.3598518028948681,right
5,10,34,33,2.090954327631516,2.1051709197224806,-0.43903210872120646,0.20228134733573655,1.123608657646807,right
5,10,35,4,2.089787007703856,2.1051709197224806,-0.9455258027251653,0.5700447471795491,0.5519315480376812,right
5,10,36,26,2.08896025545311,2.1051709197224806,-0.596180990983546,-0.08226955857750806,1.3808595436168598,left
5,10,37,17,2.0880173605172185,2.1051709197224806,-0.30337111784592663,0.9040005583743633,1.9834024401808266,right
5,10,38,19,2.0877946174524227,2.1051709197224806,2.4914452025808145,0.4446793913423699,1.4475466120126317,left
5,10,39,10,2.0870362655415606,2.1051709197224806,1.6360171584955783,-0.4492455732971671,1.9379880776642937,left
5,10,40,37,2.0869730993418356,2.1051709197224806,-0.11144831017922985,0.5728376618483109,1.626664801031609,left
5,10,41,3,2.0861543088429904,2.1051709197224806,-0.05152409736233565,0.16072203316857447,0.7237377880160104,right
5,10,42,43,2.0855849241927134,2.1051709197224806,0.9532426384039088,-0.33410469918962893,1.4878942429889188,left
5,10,43,49,2.0839705006419407,2.1051709197224806,0.9035432271001267,0.7557708838071702,1.367419950614832,right
5,10,44,30,2.083670066856287,2.1051709197224806,0.43012695028766235,0.5094288598757732,1.051720198335464,left
5,10,45,14,2.0834162575638064,2.1051709197224806,2.281775458075607,0.7405828059630806,0.5892533918017958,left
5,10,46,32,2.0828640004999457,2.1051709197224806,-0.6662424521051044,0.13752878629335408,1.2996569909606264,right
5,10,47,22,2.080366212917404,2.1051709197224806,3.2736664869775556,0.15605937636726108,0.8878670608881951,left
5,10,48,48,2.0731807051586215,2.1051709197224806,2.0306567726204814,0.1786387403429328,1.3721039694195238,left
5,10,49,5,2.0658293464475674,2.1051709197224806,1.121813731214293,0.2772682478947226,1.2085606935804682,left
5,15,0,12,2.2658105465987433,2.1051709197224806,-0.7119584361021549,-0.6608322906629496,0.8236774499329995,right
5,15,1,29,2.258105242485426,2.1051709197224806,1.909541860952583,0.8400494078333689,0.13435588295976156,right
5,15,2,49,2.2438930777356108,2.1051709197224806,0.9035432271001267,0.7557708838071702,1.367419950614832,right
5,15,3,35,2.243640706716092,2.1051709197224806,3.158022084914492,-0.20288941022380358,2.149316748720197,left
5,15,4,9,2.232352304429939,2.1051709197224806,-0.49178134171828836,0.08176058024818589,1.7970817114714364,left
5,15,5,5,2.2322646321920745,2.1051709197224806,1.121813731214293,0.2772682478947226,1.2085606935804682,left
5,15,6,41,2.2200311958220524,2.1051709197224806,-0.9465193480968656,0.6685134845547629,1.559139556959147,left
5,15,7,42,2.219200626913344,2.1051709197224806,1.8674675360107744,0.657191246945745,0.574804176615515,left
5,15,8,44,2.218745704697631,2.1051709197224806,1.1432689269056726,0.731201125961809,1.3311717797705342,right
5,15,9,32,2.213103704986187,2.1051709197224806,-0.6662424521051044,0.13752878629335408,1.2996569909606264,right
5,15,10,45,2.193699464538283,2.1051709197224806,2.9103263202947707,0.6161927897008077,1.8975086678351833,right
5,15,11,37,2.1877751016208196,2.1051709197224806,-0.11144831017922985,0.5728376618483109,1.626664801031609,left
5,15,12,33,2.1871768883822598,2.1051709197224806,-0.43903210872120646,0.20228134733573655,1.123608657646807,right
5,15,13,0,2.181111901082859,2.1051709197224806,2.1148038424036057,-0.48180902736616726,2.1881130506624262,left
5,15,14,40,2.1770154495945495,2.1051709197224806,0.5320712869181792,0.5114205353639127,2.205781609144678,left
5,15,15,11,2.1744900350878975,2.1051709197224806,1.2285536836322777,0.36560482140699624,1.5691338080050088,right
5,15,16,47,2.164946116290042,2.1051709197224806,2.9692940790490994,0.16942756146768678,0.585222665883004,right
5,15,17,19,2.164170488564749,2.1051709197224806,2.4914452025808145,0.4446793913423699,1.4475466120126317,left
5,15,18,23,2.1611412058489696,2.1051709197224806,1.884967515943063,0.7460712580032169,1.6316073177294905,left
5,15,19,36,2.1538341315365113,2.1051709197224806,0.012629206413293126,-0.19008549683326315,1.8314186771513368,left
5,15,20,16,2.152473658930566,2.1051709197224806,0.27475155689126884,0.3338619295388283,1.7112328167807371,right
5,15,21,13,2.1500699081298693,2.1051709197224806,-0.22907309889569483,-0.200089894328084,1.2448217341320176,left
5,15,22,17,2.14831482550124,2.1051709197224806,-0.30337111784592663,0.9040005583743633,1.9834024401808266,right
5,15,23,25,2.1430953042832503,2.1051709197224806,0.6675316498517168,-0.44742822200424465,1.8122808476054861,right
5,15,24,24,2.1395331948153125,2.1051709197224806,3.070068464850781,0.9950111550968614,0.3598518028948681,right
5,15,25,2,2.136005587208126,2.1051709197224806,0.6684634921703212,0.530317219524062,1.2185863815181368,left
5,15,26,18,2.1336830277711454,2.1051709197224806,-0.7580187162968074,0.1525340576188874,0.3433749834661941,left
5,15,27,15,2.131086104561909,2.1051709197224806,0.35734288903519174,0.309177927335059,1.2042660949874944,right
5,15,28,38,2.1296516582683958,2.1051709197224806,0.14296179147222676,0.892956356842245,1.4669710948693275,right
5,15,29,22,2.1241172196046687,2.1051709197224806,3.2736664869775556,0.15605937636726108,0.8878670608881951,left
5,15,30,26,2.1184909453239014,2.1051709197224806,-0.596180990983546,-0.08226955857750806,1.3808595436168598,left
5,15,31,10,2.1173626278927857,2.1051709197224806,1.6360171584955783,-0.4492455732971671,1.9379880776642937,left
5,15,32,7,2.1114376667266104,2.1051709197224806,0.7465255177194805,-0.5460446583204855,2.0872033812615163,left
5,15,33,43,2.1096215551709454,2.1051709197224806,0.9532426384039088,-0.33410469918962893,1.4878942429889188,left
5,15,34,28,2.1037032673425906,2.1051709197224806,0.028051281308316467,-0.6019588210132493,2.1751529348331484,left
5,15,35,34,2.102928124066085,2.1051709197224806,0.6925898048936778,0.1921335135773664,1.7614700822561444,right
5,15,36,3,2.0927770744440686,2.1051709197224806,-0.05152409736233565,0.16072203316857447,0.7237377880160104,right
5,15,37,8,2.089241629722648,2.1051709197224806,0.27837296439835657,0.8425294807685761,2.1289232123338797,right
5,15,38,31,2.0878338127458145,2.1051709197224806,-0.3597145298351586,-0.4077993790348574,1.9278285772970791,left
5,15,39,4,2.087340326794188,2.1051709197224806,-0.9455258027251653,0.5700447471795491,0.5519315480376812,right
5,15,40,27,2.0797849771232046,2.1051709197224806,2.962658287387853,0.16992547509051026,1.5263512790858271,left
5,15,41,48,2.069357062728569,2.1051709197224806,2.0306567726204814,0.1786387403429328,1.3721039694195238,left
5,15,42,1,2.0633228366861474,2.1051709197224806,2.1565875448686693,0.7686154680717097,1.723710156196765,right
5,15,43,14,2.0614679023525473,2.1051709197224806,2.281775458075607,0.7405828059630806,0.5892533918017958,left
5,15,44,20,2.0564056586265194,2.1051709197224806,1.7316090029099422,-0.1954264398532095,1.6713651381341028,left
5,15,45,30,2.0513024163203943,2.1051709197224806,0.43012695028766235,0.5094288598757732,1.051720198335464,left
5,15,46,6,2.03899401648523,2.1051709197224806,0.015631164182393853,0.18994004184421942,0.4435408708862277,right
5,15,47,39,2.0317333579696837,2.1051709197224806,1.7916163994943366,0.11723713675999792,0.8863909584305031,left
5,15,48,46,2.022374612523023,2.1051709197224806,-0.9765968662756843,0.7049372339839641,1.041742236165689,right
5,15,49,21,1.9857731478519118,2.1051709197224806,2.9798859185829376,0.6384923741080069,0.8507297107482434,right
5,20,0,29,2.8553022234155288,2.1051709197224806,1.909541860952583,0.8400494078333689,0.13435588295976156,right
5,20,1,7,2.848461913906717,2.1051709197224806,0.7465255177194805,-0.5460446583204855,2.0872033812615163,left
5,20,2,6,2.848099235782626,2.1051709197224806,0.015631164182393853,0.18994004184421942,0.4435408708862277,right
5,20,3,32,2.841424021276423,2.1051709197224806,-0.6662424521051044,0.13752878629335408,1.2996569909606264,right
5,20,4,35,2.8328598641374625,2.1051709197224806,3.158022084914492,-0.20288941022380358,2.149316748720197,left
5,20,5,25,2.8316721696895018,2.1051709197224806,0.6675316498517168,-0.44742822200424465,1.8122808476054861,right
5,20,6,31,2.8290765461045115,2.1051709197224806,-0.3597145298351586,-0.4077993790348574,1.9278285772970791,left
5,20,7,37,2.8290566006108904,2.1051709197224806,-0.11144831017922985,0.5728376618483109,1.626664801031609,left
5,20,8,36,2.828834437037173,2.1051709197224806,0.012629206413293126,-0.19008549683326315,1.8314186771513368,left
5,20,9,41,2.823924104857414,2.1051709197224806,-0.9465193480968656,0.6685134845547629,1.559139556959147,left
5,20,10,40,2.818983864785637,2.1051709197224806,0.5320712869181792,0.5114205353639127,2.205781609144678,left
5,20,11,8,2.8178361334235165,2.1051709197224806,0.27837296439835657,0.8425294807685761,2.1289232123338797,right
5,20,12,10,2.809188777406936,2.1051709197224806,1.6360171584955783,-0.4492455732971671,1.9379880776642937,left
5,20,13,0,2.80565815011135,2.1051709197224806,2.1148038424036057,-0.48180902736616726,2.1881130506624262,left
5,20,14,13,2.8054090164738565,2.1051709197224806,-0.22907309889569483,-0.200089894328084,1.2448217341320176,left
5,20,15,42,2.8046005802310887,2.1051709197224806,1.8674675360107744,0.657191246945745,0.574804176615515,left
5,20,16,28,2.804258640748955,2.1051709197224806,0.028051281308316467,-0.6019588210132493,2.1751529348331484,left
5,20,17,16,2.8037641213237867,2.1051709197224806,0.27475155689126884,0.3338619295388283,1.7112328167807371,right
5,20,18,21,2.80325070616782,2.1051709197224806,2.9798859185829376,0.6384923741080069,0.8507297107482434,right
5,20,19,15,2.802625062208654,2.1051709197224806,0.35734288903519174,0.309177927335059,1.2042660949874944,right
5,20,20,30,2.8021373178104856,2.1051709197224806,0.43012695028766235,0.5094288598757732,1.051720198335464,left
5,20,21,23,2.8019568684478173,2.1051709197224806,1.884967515943063,0.7460712580032169,1.6316073177294905,left
5,20,22,1,2.780982939021135,2.1051709197224806,2.1565875448686693,0.7686154680717097,1.723710156196765,right
5,20,23,2,2.780982939021135,2.1051709197224806,0.6684634921703212,0.530317219524062,1.2185863815181368,left
5,20,24,3,2.780982939021135,2.1051709197224806,-0.05152409736233565,0.16072203316857447,0.7237377880160104,right
5,20,25,4,2.780982939021135,2.1051709197224806,-0.9455258027251653,0.5700447471795491,0.5519315480376812,right
5,20,26,5,2.780982939021135,2.1051709197224806,1.121813731214293,0.2772682478947226,1.2085606935804682,left
5,20,27,9,2.780982939021135,2.1051709197224806,-0.49178134171828836,0.08176058024818589,1.7970817114714364,left
5,20,28,11,2.780982939021135,2.1051709197224806,1.2285536836322777,0.36560482140699624,1.5691338080050088,right
5,20,29,12,2.780982939021135,2.1051709197224806,-0.7119584361021549,-0.6608322906629496,0.8236774499329995,right
5,20,30,14,2.780982939021135,2.1051709197224806,2.281775458075607,0.7405828059630806,0.5892533918017958,left
5,20,31,17,2.780982939021135,2.1051709197224806,-0.30337111784592663,0.9040005583743633,1.9834024401808266,right
5,20,32,18,2.780982939021135,2.1051709197224806,-0.7580187162968074,0.1525340576188874,0.3433749834661941,left
5,20,33,19,2.780982939021135,2.1051709197224806,2.4914452025808145,0.4446793913423699,1.4475466120126317,left
5,20,34,20,2.780982939021135,2.1051709197224806,1.7316090029099422,-0.1954264398532095,1.6713651381341028,left
5,20,35,22,2.780982939021135,2.1051709197224806,3.2736664869775556,0.15605937636726108,0.8878670608881951,left
5,20,36,24,2.780982939021135,2.1051709197224806,3.070068464850781,0.9950111550968614,0.3598518028948681,right
5,20,37,26,2.780982939021135,2.1051709197224806,-0.596180990983546,-0.08226955857750806,1.3808595436168598,left
5,20,38,27,2.780982939021135,2.1051709197224806,2.962658287387853,0.16992547509051026,1.5263512790858271,left
5,20,39,33,2.780982939021135,2.1051709197224806,-0.43903210872120646,0.20228134733573655,1.123608657646807,right
5,20,40,34,2.780982939021135,2.1051709197224806,0.6925898048936778,0.1921335135773664,1.7614700822561444,right
5,20,41,38,2.780982939021135,2.1051709197224806,0.14296179147222676,0.892956356842245,1.4669710948693275,right
5,20,42,39,2.780982939021135,2.1051709197224806,1.7916163994943366,0.11723713675999792,0.8863909584305031,left
5,20,43,43,2.780982939021135,2.1051709197224806,0.9532426384039088,-0.33410469918962893,1.4878942429889188,left
5,20,44,44,2.780982939021135,2.1051709197224806,1.1432689269056726,0.731201125961809,1.3311717797705342,right
5,20,45,45,2.780982939021135,2.1051709197224806,2.9103263202947707,0.6161927897008077,1.8975086678351833,right
5,20,46,46,2.780982939021135,2.1051709197224806,-0.9765968662756843,0.7049372339839641,1.041742236165689,right
5,20,47,47,2.780982939021135,2.1051709197224806,2.9692940790490994,0.16942756146768678,0.585222665883004,right
5,20,48,48,2.780982939021135,2.1051709197224806,2.0306567726204814,0.1786387403429328,1.3721039694195238,left
5,20,49,49,2.780982939021135,2.1051709197224806,0.9035432271001267,0.7557708838071702,1.367419950614832,right
5,25,0,0,3.0445799757487886,2.1051709197224806,2.1148038424036057,-0.48180902736616726,2.1881130506624262,left
5,25,1,1,3.0445799757487886,2.1051709197224806,2.1565875448686693,0.7686154680717097,1.723710156196765,right
5,25,2,2,3.0445799757487886,2.1051709197224806,0.6684634921703212,0.530317219524062,1.2185863815181368,left
5,25,3,3,3.0445799757487886,2.1051709197224806,-0.05152409736233565,0.16072203316857447,0.7237377880160104,right
5,25,4,4,3.0445799757487886,2.1051709197224806,-0.9455258027251653,0.5700447471795491,0.5519315480376812,right
5,25,5,5,3.0445799757487886,2.1051709197224806,1.121813731214293,0.2772682478947226,1.2085606935804682,left
5,25,6,6,3.0445799757487886,2.1051709197224806,0.015631164182393853,0.18994004184421942,0.4435408708862277,right
5,25,7,7,3.0445799757487886,2.1051709197224806,0.7465255177194805,-0.5460446583204855,2.0872033812615163,left
5,25,8,8,3.0445799757487886,2.1051709197224806,0.27837296439835657,0.8425294807685761,2.1289232123338797,right
5,25,9,9,3.0445799757487886,2.1051709197224806,-0.49178134171828836,0.08176058024818589,1.7970817114714364,left
5,25,10,10,3.0445799757487886,2.1051709197224806,1.6360171584955783,-0.4492455732971671,1.9379880776642937,left
5,25,11,11,3.0445799757487886,2.1051709197224806,1.2285536836322777,0.36560482140699624,1.5691338080050088,right
5,25,12,12,3.0445799757487886,2.1051709197224806,-0.7119584361021549,-0.6608322906629496,0.8236774499329995,right
5,25,13,13,3.0445799757487886,2.1051709197224806,-0.22907309889569483,-0.200089894328084,1.2448217341320176,left
5,25,14,14,3.0445799757487886,2.1051709197224806,2.281775458075607,0.7405828059630806,0.5892533918017958,left
5,25,15,15,3.0445799757487886,2.1051709197224806,0.35734288903519174,0.309177927335059,1.2042660949874944,right
5,25,16,16,3.0445799757487886,2.1051709197224806,0.27475155689126884,0.3338619295388283,1.7112328167807371,right
5,25,17,17,3.0445799757487886,2.1051709197224806,-0.30337111784592663,0.9040005583743633,1.9834024401808266,right
5,25,18,18,3.0445799757487886,2.1051709197224806,-0.7580187162968074,0.1525340576188874,0.3433749834661941,left
5,25,19,19,3.0445799757487886,2.1051709197224806,2.4914452025808145,0.4446793913423699,1.4475466120126317,left
5,25,20,20,3.0445799757487886,2.1051709197224806,1.7316090029099422,-0.1954264398532095,1.6713651381341028,left
5,25,21,21,3.0445799757487886,2.1051709197224806,2.9798859185829376,0.6384923741080069,0.8507297107482434,right
5,25,22,22,3.0445799757487886,2.1051709197224806,3.2736664869775556,0.15605937636726108,0.8878670608881951,left
5,25,23,23,3.0445799757487886,2.1051709197224806,1.884967515943063,0.7460712580032169,1.6316073177294905,left
5,25,24,24,3.0445799757487886,2.1051709197224806,3.070068464850781,0.9950111550968614,0.3598518028948681,right
5,25,25,25,3.0445799757487886,2.1051709197224806,0.6675316498517168,-0.44742822200424465,1.8122808476054861,right
5,25,26,26,3.0445799757487886,2.1051709197224806,-0.596180990983546,-0.08226955857750806,1.3808595436168598,left
5,25,27,27,3.0445799757487886,2.1051709197224806,2.962658287387853,0.16992547509051026,1.5263512790858271,left
5,25,28,28,3.0445799757487886,2.1051709197224806,0.028051281308316467,-0.6019588210132493,2.1751529348331484,left
5,25,29,29,3.0445799757487886,2.1051709197224806,1.909541860952583,0.8400494078333689,0.13435588295976156,right
5,25,30,30,3.0445799757487886,2.1051709197224806,0.43012695028766235,0.5094288598757732,1.051720198335464,left
5,25,31,31,3.0445799757487886,2.1051709197224806,-0.3597145298351586,-0.4077993790348574,1.9278285772970791,left
5,25,32,32,3.0445799757487886,2.1051709197224806,-0.6662424521051044,0.13752878629335408,1.2996569909606264,right
5,25,33,33,3.0445799757487886,2.1051709197224806,-0.43903210872120646,0.20228134733573655,1.123608657646807,right
5,25,34,34,3.0445799757487886,2.1051709197224806,0.6925898048936778,0.1921335135773664,1.7614700822561444,right
5,25,35,35,3.0445799757487886,2.1051709197224806,3.158022084914492,-0.20288941022380358,2.149316748720197,left
5,25,36,36,3.0445799757487886,2.1051709197224806,0.012629206413293126,-0.19008549683326315,1.8314186771513368,left
5,25,37,37,3.0445799757487886,2.1051709197224806,-0.11144831017922985,0.5728376618483109,1.626664801031609,left
5,25,38,38,3.0445799757487886,2.1051709197224806,0.14296179147222676,0.892956356842245,1.4669710948693275,right
5,25,39,39,3.0445799757487886,2.1051709197224806,1.7916163994943366,0.11723713675999792,0.8863909584305031,left
5,25,40,40,3.0445799757487886,2.1051709197224806,0.5320712869181792,0.5114205353639127,2.205781609144678,left
5,25,41,41,3.0445799757487886,2.1051709197224806,-0.9465193480968656,0.6685134845547629,1.559139556959147,left
5,25,42,42,3.0445799757487886,2.1051709197224806,1.8674675360107744,0.657191246945745,0.574804176615515,left
5,25,43,43,3.0445799757487886,2.1051709197224806,0.9532426384039088,-0.33410469918962893,1.4878942429889188,left
5,25,44,44,3.0445799757487886,2.1051709197224806,1.1432689269056726,0.731201125961809,1.3311717797705342,right
5,25,45,45,3.0445799757487886,2.1051709197224806,2.9103263202947707,0.6161927897008077,1.8975086678351833,right
5,25,46,46,3.0445799757487886,2.1051709197224806,-0.9765968662756843,0.7049372339839641,1.041742236165689,right
5,25,47,47,3.0445799757487886,2.1051709197224806,2.9692940790490994,0.16942756146768678,0.585222665883004,right
5,25,48,48,3.0445799757487886,2.1051709197224806,2.0306567726204814,0.1786387403429328,1.3721039694195238,left
5,25,49,49,3.0445799757487886,2.1051709197224806,0.9035432271001267,0.7557708838071702,1.367419950614832,right
5,30,0,35,3.3064432559406685,1.9160330147243942,3.158022084914492,-0.20288941022380358,2.149316748720197,left
5,30,1,34,3.2553194482662553,1.9333861916813526,0.6925898048936778,0.1921335135773664,1.7614700822561444,right
5,30,2,39,3.2166389974948806,1.9048374166876467,1.7916163994943366,0.11723713675999792,0.8863909584305031,left
5,30,3,25,3.196661791170667,1.9048374166876467,0.6675316498517168,-0.44742822200424465,1.8122808476054861,right
5,30,4,23,3.1719175782734257,1.9048374166876467,1.884967515943063,0.7460712580032169,1.6316073177294905,left
5,30,5,40,3.1674448875052876,1.9206978472397056,0.5320712869181792,0.5114205353639127,2.205781609144678,left
5,30,6,27,3.123439194211203,1.9048374166876467,2.962658287387853,0.16992547509051026,1.5263512790858271,left
5,30,7,47,3.1166545337390996,1.9154110370556858,2.9692940790490994,0.16942756146768678,0.585222665883004,right
5,30,8,0,3.114344913937226,1.9048374166876467,2.1148038424036057,-0.48180902736616726,2.1881130506624262,left
5,30,9,17,3.111078168712933,1.9160330147243942,-0.30337111784592663,0.9040005583743633,1.9834024401808266,right
5,30,10,49,3.108385521210439,1.9134885606251335,0.9035432271001267,0.7557708838071702,1.367419950614832,right
5,30,11,32,3.1062782541818432,1.9048374166876467,-0.6662424521051044,0.13752878629335408,1.2996569909606264,right
5,30,12,10,3.102390483645526,1.9048374166876467,1.6360171584955783,-0.4492455732971671,1.9379880776642937,left
5,30,13,13,3.0977247706295663,1.9101242268716665,-0.22907309889569483,-0.200089894328084,1.2448217341320176,left
5,30,14,29,3.093104486882716,1.9048374166876467,1.909541860952583,0.8400494078333689,0.13435588295976156,right
5,30,15,11,3.088741408402978,1.9194778141203166,1.2285536836322777,0.36560482140699624,1.5691338080050088,right
5,30,16,8,3.086761897970674,1.9048374166876467,0.27837296439835657,0.8425294807685761,2.1289232123338797,right
5,30,17,42,3.0843239539347707,1.9095955458532647,1.8674675360107744,0.657191246945745,0.574804176615515,left
5,30,18,36,3.084080679601598,1.9224601173010456,0.012629206413293126,-0.19008549683326315,1.8314186771513368,left
5,30,19,28,3.0816318862001104,1.9148545307205262,0.028051281308316467,-0.6019588210132493,2.1751529348331484,left
5,30,20,16,3.0798802148176847,1.9198630877369656,0.27475155689126884,0.3338619295388283,1.7112328167807371,right
5,30,21,41,3.076947404669432,1.9134885606251335,-0.9465193480968656,0.6685134845547629,1.559139556959147,left
5,30,22,24,3.0659006932281003,1.9107850781446687,3.070068464850781,0.9950111550968614,0.3598518028948681,right
5,30,23,1,3.063252774952858,1.9048374166876467,2.1565875448686693,0.7686154680717097,1.723710156196765,right
5,30,24,33,3.0531706948457518,1.9206978472397056,-0.43903210872120646,0.20228134733573655,1.123608657646807,right
5,30,25,4,3.043106007538527,1.9148545307205262,-0.9455258027251653,0.5700447471795491,0.5519315480376812,right
5,30,26,2,3.0405262160866657,1.9121576154039817,0.6684634921703212,0.530317219524062,1.2185863815181368,left
5,30,27,12,3.0347128712760267,1.9127676319636762,-0.7119584361021549,-0.6608322906629496,0.8236774499329995,right
5,30,28,48,3.0343921698523912,1.9121576154039817,2.0306567726204814,0.1786387403429328,1.3721039694195238,left
5,30,29,46,3.0298667417525675,1.9048374166876467,-0.9765968662756843,0.7049372339839641,1.041742236165689,right
5,30,30,19,3.0297912550545854,1.9048374166876467,2.4914452025808145,0.4446793913423699,1.4475466120126317,left
5,30,31,37,3.0230016998530367,1.9154110370556858,-0.11144831017922985,0.5728376618483109,1.626664801031609,left
5,30,32,15,3.020932234625757,1.9143536750188823,0.35734288903519174,0.309177927335059,1.2042660949874944,right
5,30,33,3,3.015167821866866,1.9048374166876467,-0.05152409736233565,0.16072203316857447,0.7237377880160104,right
5,30,34,21,2.9986474441732818,1.9148545307205262,2.9798859185829376,0.6384923741080069,0.8507297107482434,right
5,30,35,6,2.9896789069618133,1.9194778141203166,0.015631164182393853,0.18994004184421942,0.4435408708862277,right
5,30,36,9,2.982436882506262,1.9167327396016909,-0.49178134171828836,0.08176058024818589,1.7970817114714364,left
5,30,37,44,2.9820930052379584,1.9116347440671007,1.1432689269056726,0.731201125961809,1.3311717797705342,right
5,30,38,14,2.976235464647587,1.9048374166876467,2.281775458075607,0.7405828059630806,0.5892533918017958,left
5,30,39,20,2.9744392300569906,1.914353675018882,1.7316090029099422,-0.1954264398532095,1.6713651381341028,left
5,30,40,38,2.9703870744525567,1.9116347440671007,0.14296179147222676,0.892956356842245,1.4669710948693275,right
5,30,41,31,2.9665583902188875,1.9154110370556858,-0.3597145298351586,-0.4077993790348574,1.9278285772970791,left
5,30,42,26,2.957230424513895,1.9107850781446687,-0.596180990983546,-0.08226955857750806,1.3808595436168598,left
5,30,43,45,2.9506945626757553,1.9121576154039817,2.9103263202947707,0.6161927897008077,1.8975086678351833,right
5,30,44,7,2.949621615626013,1.9048374166876467,0.7465255177194805,-0.5460446583204855,2.0872033812615163,left
5,30,45,18,2.935199078645451,1.914353675018882,-0.7580187162968074,0.1525340576188874,0.3433749834661941,left
5,30,46,5,2.9307797524567665,1.9206978472397056,1.121813731214293,0.2772682478947226,1.2085606935804682,left
5,30,47,43,2.8930714927235393,1.9134885606251335,0.9532426384039088,-0.33410469918962893,1.4878942429889188,left
5,30,48,30,2.8812541160527947,1.9143536750188823,0.43012695028766235,0.5094288598757732,1.051720198335464,left
5,30,49,22,2.833116937573146,1.9048374166876467,3.2736664869775556,0.15605937636726108,0.8878670608881951,left
6,5,0,47,2.1181208606506843,2.1051709197224806,1.447912622928548,0.08778498762597398,0.5545701746218763,left
6,5,1,3,2.1158728445039756,2.1051709197224806,2.3111753989867374,0.058986712586664436,1.7270254541205377,left
6,5,2,26,2.102027552960453,2.1051709197224806,1.5683254855047286,0.28562174360787085,0.44248885056798604,left
6,5,3,17,2.1012719912687747,2.1051709197224806,1.762002513362635,-0.6251970244064878,1.5830596886824437,right
6,5,4,34,2.099121280047277,2.1051709197224806,-0.24010194638449578,-0.2934418184626827,1.5747191302860992,right
6,5,5,1,2.0986742632527635,2.1051709197224806,1.9831710130560345,0.6701890487007127,1.9396432823288008,left
6,5,6,36,2.0986248668840304,2.1051709197224806,-0.2770388315607982,-0.46037552792370495,1.4006116031265474,left
6,5,7,8,2.0980700626641378,2.1051709197224806,-0.07939410805616909,-0.2835577315613423,1.1006808767485798,right
6,5,8,23,2.0979552911184705,2.1051709197224806,1.531442794121888,0.06583902562549881,0.5936699098238339,right
6,5,9,21,2.097951738175818,2.1051709197224806,3.1141135407560245,0.677411270079723,1.581938209502269,right
6,5,10,44,2.097649902229495,2.1051709197224806,1.275063235984533,-0.6447119626221013,1.7702137602622958,left
6,5,11,10,2.096375944836372,2.1051709197224806,0.1825605340999905,0.9069011416802069,1.0433090514202648,right
6,5,12,45,2.09625527122318,2.1051709197224806,-0.7274603594689452,0.6826556789094431,0.03319938255897657,right
6,5,13,25,2.0939851983926308,2.1051709197224806,0.08537428670881742,0.5508897556685721,0.8908932572749197,right
6,5,14,15,2.0939766707501875,2.1051709197224806,2.3026595816029043,0.15833899193515266,0.5947249085255971,left
6,5,15,9,2.0926526086792645,2.1051709197224806,1.0970334805069566,0.961317609877977,0.13096635874185064,left
6,5,16,16,2.092402520489294,2.1051709197224806,-0.2604053434676087,-0.32365110587021245,0.3573524732973631,right
6,5,17,31,2.091174628662307,2.1051709197224806,0.22208386122187607,0.732341258283804,1.3398787637610268,left
6,5,18,13,2.091025253260022,2.1051709197224806,2.981589641053515,0.6325826915237955,1.4824212634653544,left
6,5,19,46,2.0909886764642795,2.1051709197224806,2.5712847036723345,-0.6691655558534337,1.5556981273838144,left
6,5,20,32,2.0897650865183923,2.1051709197224806,0.9310178067524415,0.4618678226377295,1.3912030911479931,right
6,5,21,35,2.0896440025469296,2.1051709197224806,-0.5318053739763658,-0.4359372636272762,1.129938521184727,left
6,5,22,42,2.0891600107823995,2.1051709197224806,-0.7417891005277846,0.29521279107661424,2.1271142109936543,right
6,5,23,5,2.08886468592779,2.1051709197224806,0.2839533063768789,0.4178541573364183,1.374894430016992,right
6,5,24,49,2.0884972676756606,2.1051709197224806,1.3887155035237742,-0.6710652037069276,1.677333307065327,right
6,5,25,22,2.0877034872192004,2.1051709197224806,-0.6045937925627928,-0.1864596412950137,0.8998016595695161,left
6,5,26,33,2.087620259220247,2.1051709197224806,3.726574248793286,-0.4755726274368389,2.2681094521355405,left
6,5,27,39,2.087503830205029,2.1051709197224806,0.8401465405378343,-0.14493763493382317,1.5836922422894013,right
6,5,28,4,2.086828589527541,2.1051709197224806,2.6298527468621056,-0.2282145771295262,2.0575093869240546,left
6,5,29,37,2.0862052255199286,2.1051709197224806,2.2906847023825248,0.7064974813188682,2.111049938062436,left
6,5,30,27,2.085767965781603,2.1051709197224806,-0.7069329489641443,0.014632671892505278,0.42663512873945875,left
6,5,31,6,2.0838898477320726,2.1051709197224806,2.6069638767464207,0.26332192194883686,0.5409873421682789,right
6,5,32,19,2.0838483308988174,2.1051709197224806,-0.7902463773265991,0.5217831736865715,0.8092647435707183,left
6,5,33,12,2.0838000136513823,2.1051709197224806,0.7054189944130322,0.15526910813892592,0.29205535062858845,right
6,5,34,29,2.083089942427537,2.1051709197224806,-0.7076657944842215,0.3581452543333987,1.1100269747289235,left
6,5,35,28,2.0829500105555923,2.1051709197224806,1.2403423066261259,0.6191051071067366,1.5245257765953182,right
6,5,36,24,2.0822200901606602,2.1051709197224806,0.18683562796557496,-0.1198236523330446,1.8277844862332522,left
6,5,37,11,2.080376570978583,2.1051709197224806,-0.7103476178678177,0.11396864794107042,0.8192635501823056,left
6,5,38,18,2.0796698843119588,2.1051709197224806,0.01149137187328586,0.132893277247915,2.266668377461328,right
6,5,39,38,2.0792316266671778,2.1051709197224806,-0.21802296573233426,0.10146102142418523,1.304073252731324,left
6,5,40,30,2.079129825503878,2.1051709197224806,3.032875000483715,-0.3091851800593542,1.5108338337552747,right
6,5,41,41,2.0790776533668174,2.1051709197224806,-0.04164416808130089,0.9218311016350198,0.9531060422999056,left
6,5,42,0,2.078665647160723,2.1051709197224806,-0.5255369245625854,-0.550152341884282,1.826116060610201,right
6,5,43,2,2.0784122675257617,2.1051709197224806,3.390895146865163,0.06806159442362636,1.240235978694024,right
6,5,44,48,2.0782917182445124,2.1051709197224806,3.455199921995508,0.4912846073262167,1.4161935997347694,right
6,5,45,40,2.0770086782988058,2.1051709197224806,-0.24816927597615246,0.8289515875777467,1.7026197281626902,left
6,5,46,14,2.0766558134297135,2.1051709197224806,1.2777837605335414,0.8235269230885132,1.7853657821636149,right
6,5,47,7,2.0740232902542055,2.1051709197224806,-0.2661155642411941,0.35667374858925216,2.056202934759927,left
6,5,48,43,2.0712608048251115,2.1051709197224806,-0.23569463926967815,0.04417103134109934,2.17704669523501,left
6,5,49,20,2.069436746601481,2.1051709197224806,-0.21319548528765742,0.7703078733096203,1.4196656717739256,left
6,10,0,3,2.0719452776650313,2.1051709197224806,2.3111753989867374,0.058986712586664436,1.7270254541205377,left
6,10,1,10,2.068117398711639,2.1051709197224806,0.1825605340999905,0.9069011416802069,1.0433090514202648,right
6,10,2,34,2.0655359606826496,2.1051709197224806,-0.24010194638449578,-0.2934418184626827,1.5747191302860992,right
6,10,3,19,2.0639144187084835,2.1051709197224806,-0.7902463773265991,0.5217831736865715,0.8092647435707183,left
6,10,4,47,2.0632982917027363,2.1051709197224806,1.447912622928548,0.08778498762597398,0.5545701746218763,left
6,10,5,36,2.0612012948417324,2.1051709197224806,-0.2770388315607982,-0.46037552792370495,1.4006116031265474,left
6,10,6,22,2.0606742573783574,2.1051709197224806,-0.6045937925627928,-0.1864596412950137,0.8998016595695161,left
6,10,7,29,2.0606524042413796,2.1051709197224806,-0.7076657944842215,0.3581452543333987,1.1100269747289235,left
6,10,8,45,2.0601066767525635,2.1051709197224806,-0.7274603594689452,0.6826556789094431,0.03319938255897657,right
6,10,9,25,2.059233514204595,2.1051709197224806,0.08537428670881742,0.5508897556685721,0.8908932572749197,right
6,10,10,27,2.0587527895567996,2.1051709197224806,-0.7069329489641443,0.014632671892505278,0.42663512873945875,left
6,10,11,24,2.058427579311398,2.1051709197224806,0.18683562796557496,-0.1198236523330446,1.8277844862332522,left
6,10,12,13,2.0570779708542637,2.1051709197224806,2.981589641053515,0.6325826915237955,1.4824212634653544,left
6,10,13,32,2.0567196281867504,2.1051709197224806,0.9310178067524415,0.4618678226377295,1.3912030911479931,right
6,10,14,21,2.0558849259776215,2.1051709197224806,3.1141135407560245,0.677411270079723,1.581938209502269,right
6,10,15,17,2.054613748121119,2.1051709197224806,1.762002513362635,-0.6251970244064878,1.5830596886824437,right
6,10,16,18,2.0544740743856127,2.1051709197224806,0.01149137187328586,0.132893277247915,2.266668377461328,right
6,10,17,15,2.0536824332556556,2.1051709197224806,2.3026595816029043,0.15833899193515266,0.5947249085255971,left
6,10,18,44,2.0530353683261557,2.1051709197224806,1.275063235984533,-0.6447119626221013,1.7702137602622958,left
6,10,19,4,2.053003789143498,2.1051709197224806,2.6298527468621056,-0.2282145771295262,2.0575093869240546,left
6,10,20,8,2.0526976581514846,2.1051709197224806,-0.07939410805616909,-0.2835577315613423,1.1006808767485798,right
6,10,21,5,2.0525914294155267,2.1051709197224806,0.2839533063768789,0.4178541573364183,1.374894430016992,right
6,10,22,35,2.051016957350215,2.1051709197224806,-0.5318053739763658,-0.4359372636272762,1.129938521184727,left
6,10,23,39,2.0507105079239025,2.1051709197224806,0.8401465405378343,-0.14493763493382317,1.5836922422894013,right
6,10,24,2,2.0507093317038807,2.1051709197224806,3.390895146865163,0.06806159442362636,1.240235978694024,right
6,10,25,9,2.0505741701993876,2.1051709197224806,1.0970334805069566,0.961317609877977,0.13096635874185064,left
6,10,26,26,2.0504370046506706,2.1051709197224806,1.5683254855047286,0.28562174360787085,0.44248885056798604,left
6,10,27,1,2.0498746292295422,2.1051709197224806,1.9831710130560345,0.6701890487007127,1.9396432823288008,left
6,10,28,38,2.0496710438607124,2.1051709197224806,-0.21802296573233426,0.10146102142418523,1.304073252731324,left
6,10,29,14,2.0491773052617193,2.1051709197224806,1.2777837605335414,0.8235269230885132,1.7853657821636149,right
6,10,30,0,2.0484805745108785,2.1051709197224806,-0.5255369245625854,-0.550152341884282,1.826116060610201,right
6,10,31,37,2.0478752742213717,2.1051709197224806,2.2906847023825248,0.7064974813188682,2.111049938062436,left
6,10,32,12,2.0474668918005,2.1051709197224806,0.7054189944130322,0.15526910813892592,0.29205535062858845,right
6,10,33,20,2.0459516851779966,2.1051709197224806,-0.21319548528765742,0.7703078733096203,1.4196656717739256,left
6,10,34,42,2.045384529636914,2.1051709197224806,-0.7417891005277846,0.29521279107661424,2.1271142109936543,right
6,10,35,40,2.0450778304765818,2.1051709197224806,-0.24816927597615246,0.8289515875777467,1.7026197281626902,left
6,10,36,11,2.044334734259279,2.1051709197224806,-0.7103476178678177,0.11396864794107042,0.8192635501823056,left
6,10,37,23,2.0438027810042,2.1051709197224806,1.531442794121888,0.06583902562549881,0.5936699098238339,right
6,10,38,31,2.042873662619948,2.1051709197224806,0.22208386122187607,0.732341258283804,1.3398787637610268,left
6,10,39,16,2.0420048839341085,2.1051709197224806,-0.2604053434676087,-0.32365110587021245,0.3573524732973631,right
6,10,40,46,2.0419009531977745,2.1051709197224806,2.5712847036723345,-0.6691655558534337,1.5556981273838144,left
6,10,41,49,2.0407799197959755,2.1051709197224806,1.3887155035237742,-0.6710652037069276,1.677333307065327,right
6,10,42,28,2.038422852886203,2.1051709197224806,1.2403423066261259,0.6191051071067366,1.5245257765953182,right
6,10,43,30,2.0381995268224804,2.1051709197224806,3.032875000483715,-0.3091851800593542,1.5108338337552747,right
6,10,44,41,2.0364803476222035,2.1051709197224806,-0.04164416808130089,0.9218311016350198,0.9531060422999056,left
6,10,45,48,2.0359191107917005,2.1051709197224806,3.455199921995508,0.4912846073262167,1.4161935997347694,right
6,10,46,33,2.035649201414297,2.1051709197224806,3.726574248793286,-0.4755726274368389,2.2681094521355405,left
6,10,47,43,2.029636634554875,2.1051709197224806,-0.23569463926967815,0.04417103134109934,2.17704669523501,left
6,10,48,7,2.0286595625026007,2.1051709197224806,-0.2661155642411941,0.35667374858925216,2.056202934759927,left
6,10,49,6,2.0273220625129946,2.1051709197224806,2.6069638767464207,0.26332192194883686,0.5409873421682789,right
6,15,0,37,2.146407339667628,2.1051709197224806,2.2906847023825248,0.7064974813188682,2.111049938062436,left
6,15,1,24,2.130817341202805,2.1051709197224806,0.18683562796557496,-0.1198236523330446,1.8277844862332522,left
6,15,2,5,2.1300154980256343,2.1051709197224806,0.2839533063768789,0.4178541573364183,1.374894430016992,right
6,15,3,26,2.1226409790328042,2.1051709197224806,1.5683254855047286,0.28562174360787085,0.44248885056798604,left
6,15,4,38,2.117706724926474,2.1051709197224806,-0.21802296573233426,0.10146102142418523,1.304073252731324,left
6,15,5,18,2.116032129286343,2.1051709197224806,0.01149137187328586,0.132893277247915,2.266668377461328,right
6,15,6,36,2.112659629622895,2.1051709197224806,-0.2770388315607982,-0.46037552792370495,1.4006116031265474,left
6,15,7,14,2.111260344073223,2.1051709197224806,1.2777837605335414,0.8235269230885132,1.7853657821636149,right
6,15,8,42,2.110782711920737,2.1051709197224806,-0.7417891005277846,0.29521279107661424,2.1271142109936543,right
6,15,9,25,2.10821717303092,2.1051709197224806,0.08537428670881742,0.5508897556685721,0.8908932572749197,right
6,15,10,31,2.106872407982872,2.1051709197224806,0.22208386122187607,0.732341258283804,1.3398787637610268,left
6,15,11,47,2.106213216074517,2.1051709197224806,1.447912622928548,0.08778498762597398,0.5545701746218763,left
6,15,12,40,2.1041753879196734,2.1051709197224806,-0.24816927597615246,0.8289515875777467,1.7026197281626902,left
6,15,13,12,2.1041609359953664,2.1051709197224806,0.7054189944130322,0.15526910813892592,0.29205535062858845,right
6,15,14,23,2.1019364331773156,2.1051709197224806,1.531442794121888,0.06583902562549881,0.5936699098238339,right
6,15,15,30,2.101774684030458,2.1051709197224806,3.032875000483715,-0.3091851800593542,1.5108338337552747,right
6,15,16,43,2.0993182300855238,2.1051709197224806,-0.23569463926967815,0.04417103134109934,2.17704669523501,left
6,15,17,10,2.098570495314285,2.1051709197224806,0.1825605340999905,0.9069011416802069,1.0433090514202648,right
6,15,18,16,2.094849124913064,2.1051709197224806,-0.2604053434676087,-0.32365110587021245,0.3573524732973631,right
6,15,19,49,2.0942841379184514,2.1051709197224806,1.3887155035237742,-0.6710652037069276,1.677333307065327,right
6,15,20,32,2.0932330086485997,2.1051709197224806,0.9310178067524415,0.4618678226377295,1.3912030911479931,right
6,15,21,45,2.093116017681792,2.1051709197224806,-0.7274603594689452,0.6826556789094431,0.03319938255897657,right
6,15,22,4,2.0911251752156375,2.1051709197224806,2.6298527468621056,-0.2282145771295262,2.0575093869240546,left
6,15,23,3,2.089427737160987,2.1051709197224806,2.3111753989867374,0.058986712586664436,1.7270254541205377,left
6,15,24,1,2.0873425134417736,2.1051709197224806,1.9831710130560345,0.6701890487007127,1.9396432823288008,left
6,15,25,21,2.0831941892303254,2.1051709197224806,3.1141135407560245,0.677411270079723,1.581938209502269,right
6,15,26,46,2.083193534746485,2.1051709197224806,2.5712847036723345,-0.6691655558534337,1.5556981273838144,left
6,15,27,22,2.080793864978247,2.1051709197224806,-0.6045937925627928,-0.1864596412950137,0.8998016595695161,left
6,15,28,34,2.0805417436811355,2.1051709197224806,-0.24010194638449578,-0.2934418184626827,1.5747191302860992,right
6,15,29,0,2.0802548059340893,2.1051709197224806,-0.5255369245625854,-0.550152341884282,1.826116060610201,right
6,15,30,27,2.0771770351820713,2.1051709197224806,-0.7069329489641443,0.014632671892505278,0.42663512873945875,left
6,15,31,19,2.075393698006585,2.1051709197224806,-0.7902463773265991,0.5217831736865715,0.8092647435707183,left
6,15,32,28,2.073067662055678,2.1051709197224806,1.2403423066261259,0.6191051071067366,1.5245257765953182,right
6,15,33,39,2.0707715709486494,2.1051709197224806,0.8401465405378343,-0.14493763493382317,1.5836922422894013,right
6,15,34,29,2.069601150479068,2.1051709197224806,-0.7076657944842215,0.3581452543333987,1.1100269747289235,left
6,15,35,13,2.069376121238637,2.1051709197224806,2.981589641053515,0.6325826915237955,1.4824212634653544,left
6,15,36,41,2.0692578064224523,2.1051709197224806,-0.04164416808130089,0.9218311016350198,0.9531060422999056,left
6,15,37,44,2.06889373684743,2.1051709197224806,1.275063235984533,-0.6447119626221013,1.7702137602622958,left
6,15,38,11,2.0659851691340396,2.1051709197224806,-0.7103476178678177,0.11396864794107042,0.8192635501823056,left
6,15,39,8,2.0641032693475454,2.1051709197224806,-0.07939410805616909,-0.2835577315613423,1.1006808767485798,right
6,15,40,9,2.062777515219451,2.1051709197224806,1.0970334805069566,0.961317609877977,0.13096635874185064,left
6,15,41,2,2.0584637368111425,2.1051709197224806,3.390895146865163,0.06806159442362636,1.240235978694024,right
6,15,42,7,2.0564663996554864,2.1051709197224806,-0.2661155642411941,0.35667374858925216,2.056202934759927,left
6,15,43,15,2.0546670227346544,2.1051709197224806,2.3026595816029043,0.15833899193515266,0.5947249085255971,left
6,15,44,48,2.051376201906384,2.1051709197224806,3.455199921995508,0.4912846073262167,1.4161935997347694,right
6,15,45,17,2.0501696878578177,2.1051709197224806,1.762002513362635,-0.6251970244064878,1.5830596886824437,right
6,15,46,20,2.0443939508516946,2.1051709197224806,-0.21319548528765742,0.7703078733096203,1.4196656717739256,left
6,15,47,35,2.040316361997682,2.1051709197224806,-0.5318053739763658,-0.4359372636272762,1.129938521184727,left
6,15,48,6,2.036719069570152,2.1051709197224806,2.6069638767464207,0.26332192194883686,0.5409873421682789,right
6,15,49,33,2.0028611643029723,2.1051709197224806,3.726574248793286,-0.4755726274368389,2.2681094521355405,left
6,20,0,18,3.089731633765175,2.1051709197224806,0.01149137187328586,0.132893277247915,2.266668377461328,right
6,20,1,34,3.029783189333985,2.1051709197224806,-0.24010194638449578,-0.2934418184626827,1.5747191302860992,right
6,20,2,5,2.9981387911951365,2.1051709197224806,0.2839533063768789,0.4178541573364183,1.374894430016992,right
6,20,3,32,2.997291354124429,2.1051709197224806,0.9310178067524415,0.4618678226377295,1.3912030911479931,right
6,20,4,30,2.962820719603338,2.1051709197224806,3.032875000483715,-0.3091851800593542,1.5108338337552747,right
6,20,5,10,2.961921140253494,2.1051709197224806,0.1825605340999905,0.9069011416802069,1.0433090514202648,right
6,20,6,31,2.9609137155649434,2.1051709197224806,0.22208386122187607,0.732341258283804,1.3398787637610268,left
6,20,7,2,2.9530177247518097,2.1051709197224806,3.390895146865163,0.06806159442362636,1.240235978694024,right
6,20,8,21,2.9488924434742563,2.1051709197224806,3.1141135407560245,0.677411270079723,1.581938209502269,right
6,20,9,38,2.93074060368244,2.1051709197224806,-0.21802296573233426,0.10146102142418523,1.304073252731324,left
6,20,10,14,2.9231052482479045,2.1051709197224806,1.2777837605335414,0.8235269230885132,1.7853657821636149,right
6,20,11,24,2.9118289117428486,2.1051709197224806,0.18683562796557496,-0.1198236523330446,1.8277844862332522,left
6,20,12,37,2.8974294599229435,2.1051709197224806,2.2906847023825248,0.7064974813188682,2.111049938062436,left
6,20,13,20,2.884917757657318,2.1051709197224806,-0.21319548528765742,0.7703078733096203,1.4196656717739256,left
6,20,14,40,2.884396626806395,2.1051709197224806,-0.24816927597615246,0.8289515875777467,1.7026197281626902,left
6,20,15,49,2.883709314963058,2.1051709197224806,1.3887155035237742,-0.6710652037069276,1.677333307065327,right
6,20,16,26,2.8786155820120785,2.1051709197224806,1.5683254855047286,0.28562174360787085,0.44248885056798604,left
6,20,17,43,2.8744593824886673,2.1051709197224806,-0.23569463926967815,0.04417103134109934,2.17704669523501,left
6,20,18,46,2.870859512646902,2.1051709197224806,2.5712847036723345,-0.6691655558534337,1.5556981273838144,left
6,20,19,25,2.8705657273129175,2.1051709197224806,0.08537428670881742,0.5508897556685721,0.8908932572749197,right
6,20,20,17,2.868668286279038,2.1051709197224806,1.762002513362635,-0.6251970244064878,1.5830596886824437,right
6,20,21,3,2.862034149769916,2.1051709197224806,2.3111753989867374,0.058986712586664436,1.7270254541205377,left
6,20,22,42,2.8556755482385032,2.1051709197224806,-0.7417891005277846,0.29521279107661424,2.1271142109936543,right
6,20,23,1,2.854775232305593,2.1051709197224806,1.9831710130560345,0.6701890487007127,1.9396432823288008,left
6,20,24,19,2.8545018757226597,2.1051709197224806,-0.7902463773265991,0.5217831736865715,0.8092647435707183,left
6,20,25,15,2.8532467446835,2.1051709197224806,2.3026595816029043,0.15833899193515266,0.5947249085255971,left
6,20,26,44,2.852453840428603,2.1051709197224806,1.275063235984533,-0.6447119626221013,1.7702137602622958,left
6,20,27,28,2.840455266442463,2.1051709197224806,1.2403423066261259,0.6191051071067366,1.5245257765953182,right
6,20,28,4,2.8356776301422952,2.1051709197224806,2.6298527468621056,-0.2282145771295262,2.0575093869240546,left
6,20,29,16,2.8345124420629544,2.1051709197224806,-0.2604053434676087,-0.32365110587021245,0.3573524732973631,right
6,20,30,36,2.8320821491786923,2.1051709197224806,-0.2770388315607982,-0.46037552792370495,1.4006116031265474,left
6,20,31,45,2.82109987212744,2.1051709197224806,-0.7274603594689452,0.6826556789094431,0.03319938255897657,right
6,20,32,12,2.816552313520808,2.1051709197224806,0.7054189944130322,0.15526910813892592,0.29205535062858845,right
6,20,33,35,2.814159883833727,2.1051709197224806,-0.5318053739763658,-0.4359372636272762,1.129938521184727,left
6,20,34,27,2.813579629447033,2.1051709197224806,-0.7069329489641443,0.014632671892505278,0.42663512873945875,left
6,20,35,39,2.81229981860573,2.1051709197224806,0.8401465405378343,-0.14493763493382317,1.5836922422894013,right
6,20,36,9,2.809144588426901,2.1051709197224806,1.0970334805069566,0.961317609877977,0.13096635874185064,left
6,20,37,23,2.8066217943731253,2.1051709197224806,1.531442794121888,0.06583902562549881,0.5936699098238339,right
6,20,38,13,2.8063359204635003,2.1051709197224806,2.981589641053515,0.6325826915237955,1.4824212634653544,left
6,20,39,47,2.806043738943547,2.1051709197224806,1.447912622928548,0.08778498762597398,0.5545701746218763,left
6,20,40,0,2.8059628163550205,2.1051709197224806,-0.5255369245625854,-0.550152341884282,1.826116060610201,right
6,20,41,6,2.780982939021135,2.1051709197224806,2.6069638767464207,0.26332192194883686,0.5409873421682789,right
6,20,42,7,2.780982939021135,2.1051709197224806,-0.2661155642411941,0.35667374858925216,2.056202934759927,left
6,20,43,8,2.780982939021135,2.1051709197224806,-0.07939410805616909,-0.2835577315613423,1.1006808767485798,right
6,20,44,11,2.780982939021135,2.1051709197224806,-0.7103476178678177,0.11396864794107042,0.8192635501823056,left
6,20,45,22,2.780982939021135,2.1051709197224806,-0.6045937925627928,-0.1864596412950137,0.8998016595695161,left
6,20,46,29,2.780982939021135,2.1051709197224806,-0.7076657944842215,0.3581452543333987,1.1100269747289235,left
6,20,47,33,2.780982939021135,2.1051709197224806,3.726574248793286,-0.4755726274368389,2.2681094521355405,left
6,20,48,41,2.780982939021135,2.1051709197224806,-0.04164416808130089,0.9218311016350198,0.9531060422999056,left
6,20,49,48,2.780982939021135,2.1051709197224806,3.455199921995508,0.4912846073262167,1.4161935997347694,right
6,25,0,46,3.1235736599547255,2.1051709197224806,2.5712847036723345,-0.6691655558534337,1.5556981273838144,left
6,25,1,1,3.1215436919204125,2.1051709197224806,1.9831710130560345,0.6701890487007127,1.9396432823288008,left
6,25,2,31,3.1001054465966744,2.1051709197224806,0.22208386122187607,0.732341258283804,1.3398787637610268,left
6,25,3,42,3.0907043076103013,2.1051709197224806,-0.7417891005277846,0.29521279107661424,2.1271142109936543,right
6,25,4,23,3.086738145442286,2.1051709197224806,1.531442794121888,0.06583902562549881,0.5936699098238339,right
6,25,5,40,3.0796668689588182,2.1051709197224806,-0.24816927597615246,0.8289515875777467,1.7026197281626902,left
6,25,6,3,3.0795239788689086,2.1051709197224806,2.3111753989867374,0.058986712586664436,1.7270254541205377,left
6,25,7,26,3.0758130531007244,2.1051709197224806,1.5683254855047286,0.28562174360787085,0.44248885056798604,left
6,25,8,27,3.0748539297793966,2.1051709197224806,-0.7069329489641443,0.014632671892505278,0.42663512873945875,left
6,25,9,24,3.0710696855255706,2.1051709197224806,0.18683562796557496,-0.1198236523330446,1.8277844862332522,left
6,25,10,39,3.0707879780888785,2.1051709197224806,0.8401465405378343,-0.14493763493382317,1.5836922422894013,right
6,25,11,35,3.069448058078158,2.1051709197224806,-0.5318053739763658,-0.4359372636272762,1.129938521184727,left
6,25,12,37,3.0680664979487484,2.1051709197224806,2.2906847023825248,0.7064974813188682,2.111049938062436,left
6,25,13,36,3.0602376572154286,2.1051709197224806,-0.2770388315607982,-0.46037552792370495,1.4006116031265474,left
6,25,14,0,3.0445799757487886,2.1051709197224806,-0.5255369245625854,-0.550152341884282,1.826116060610201,right
6,25,15,2,3.0445799757487886,2.1051709197224806,3.390895146865163,0.06806159442362636,1.240235978694024,right
6,25,16,4,3.0445799757487886,2.1051709197224806,2.6298527468621056,-0.2282145771295262,2.0575093869240546,left
6,25,17,5,3.0445799757487886,2.1051709197224806,0.2839533063768789,0.4178541573364183,1.374894430016992,right
6,25,18,6,3.0445799757487886,2.1051709197224806,2.6069638767464207,0.26332192194883686,0.5409873421682789,right
6,25,19,7,3.0445799757487886,2.1051709197224806,-0.2661155642411941,0.35667374858925216,2.056202934759927,left
6,25,20,8,3.0445799757487886,2.1051709197224806,-0.07939410805616909,-0.2835577315613423,1.1006808767485798,right
6,25,21,9,3.0445799757487886,2.1051709197224806,1.0970334805069566,0.961317609877977,0.13096635874185064,left
6,25,22,10,3.0445799757487886,2.1051709197224806,0.1825605340999905,0.9069011416802069,1.0433090514202648,right
6,25,23,11,3.0445799757487886,2.1051709197224806,-0.7103476178678177,0.11396864794107042,0.8192635501823056,left
6,25,24,12,3.0445799757487886,2.1051709197224806,0.7054189944130322,0.15526910813892592,0.29205535062858845,right
6,25,25,13,3.0445799757487886,2.1051709197224806,2.981589641053515,0.6325826915237955,1.4824212634653544,left
6,25,26,14,3.0445799757487886,2.1051709197224806,1.2777837605335414,0.8235269230885132,1.7853657821636149,right
6,25,27,15,3.0445799757487886,2.1051709197224806,2.3026595816029043,0.15833899193515266,0.5947249085255971,left
6,25,28,16,3.0445799757487886,2.1051709197224806,-0.2604053434676087,-0.32365110587021245,0.3573524732973631,right
6,25,29,17,3.0445799757487886,2.1051709197224806,1.762002513362635,-0.6251970244064878,1.5830596886824437,right
6,25,30,18,3.0445799757487886,2.1051709197224806,0.01149137187328586,0.132893277247915,2.266668377461328,right
6,25,31,19,3.0445799757487886,2.1051709197224806,-0.7902463773265991,0.5217831736865715,0.8092647435707183,left
6,25,32,20,3.0445799757487886,2.1051709197224806,-0.21319548528765742,0.7703078733096203,1.4196656717739256,left
6,25,33,21,3.0445799757487886,2.1051709197224806,3.1141135407560245,0.677411270079723,1.581938209502269,right
6,25,34,22,3.0445799757487886,2.1051709197224806,-0.6045937925627928,-0.1864596412950137,0.8998016595695161,left
6,25,35,25,3.0445799757487886,2.1051709197224806,0.08537428670881742,0.5508897556685721,0.8908932572749197,right
6,25,36,28,3.0445799757487886,2.1051709197224806,1.2403423066261259,0.6191051071067366,1.5245257765953182,right
6,25,37,29,3.0445799757487886,2.1051709197224806,-0.7076657944842215,0.3581452543333987,1.1100269747289235,left
6,25,38,30,3.0445799757487886,2.1051709197224806,3.032875000483715,-0.3091851800593542,1.5108338337552747,right
6,25,39,32,3.0445799757487886,2.1051709197224806,0.9310178067524415,0.4618678226377295,1.3912030911479931,right
6,25,40,33,3.0445799757487886,2.1051709197224806,3.726574248793286,-0.4755726274368389,2.2681094521355405,left
6,25,41,34,3.0445799757487886,2.1051709197224806,-0.24010194638449578,-0.2934418184626827,1.5747191302860992,right
6,25,42,38,3.0445799757487886,2.1051709197224806,-0.21802296573233426,0.10146102142418523,1.304073252731324,left
6,25,43,41,3.0445799757487886,2.1051709197224806,-0.04164416808130089,0.9218311016350198,0.9531060422999056,left
6,25,44,43,3.0445799757487886,2.1051709197224806,-0.23569463926967815,0.04417103134109934,2.17704669523501,left
6,25,45,44,3.0445799757487886,2.1051709197224806,1.275063235984533,-0.6447119626221013,1.7702137602622958,left
6,25,46,45,3.0445799757487886,2.1051709197224806,-0.7274603594689452,0.6826556789094431,0.03319938255897657,right
6,25,47,47,3.0445799757487886,2.1051709197224806,1.447912622928548,0.08778498762597398,0.5545701746218763,left
6,25,48,48,3.0445799757487886,2.1051709197224806,3.455199921995508,0.4912846073262167,1.4161935997347694,right
6,25,49,49,3.0445799757487886,2.1051709197224806,1.3887155035237742,-0.6710652037069276,1.677333307065327,right
6,30,0,10,3.2081239520246285,2.1051709197224806,0.1825605340999905,0.9069011416802069,1.0433090514202648,right
6,30,1,17,3.050485625957617,2.1051709197224806,1.762002513362635,-0.6251970244064878,1.5830596886824437,right
6,30,2,34,3.0439286992229917,2.1156880116947288,-0.24010194638449578,-0.2934418184626827,1.5747191302860992,right
6,30,3,30,3.038861181911339,2.1051709197224806,3.032875000483715,-0.3091851800593542,1.5108338337552747,right
6,30,4,45,3.030572980748814,2.1051709197224806,-0.7274603594689452,0.6826556789094431,0.03319938255897657,right
6,30,5,32,3.028430635960387,2.1051709197224806,0.9310178067524415,0.4618678226377295,1.3912030911479931,right
6,30,6,37,3.0265457969795913,2.128542235216365,2.2906847023825248,0.7064974813188682,2.111049938062436,left
6,30,7,44,3.025703961991211,2.127707545377298,1.275063235984533,-0.6447119626221013,1.7702137602622958,left
6,30,8,42,3.008411283740971,2.1156880116947288,-0.7417891005277846,0.29521279107661424,2.1271142109936543,right
6,30,9,24,3.002114789559405,2.118317284687791,0.18683562796557496,-0.1198236523330446,1.8277844862332522,left
6,30,10,33,3.000365190433044,2.111013748595952,3.726574248793286,-0.4755726274368389,2.2681094521355405,left
6,30,11,2,2.9898227330452247,2.113260990470364,3.390895146865163,0.06806159442362636,1.240235978694024,right
6,30,12,12,2.9883479602608247,2.1226994063428943,0.7054189944130322,0.15526910813892592,0.29205535062858845,right
6,30,13,9,2.9818734710655255,2.118317284687791,1.0970334805069566,0.961317609877977,0.13096635874185064,left
6,30,14,31,2.98183090979282,2.128542235216365,0.22208386122187607,0.732341258283804,1.3398787637610268,left
6,30,15,26,2.981762143603105,2.1248904671704456,1.5683254855047286,0.28562174360787085,0.44248885056798604,left
6,30,16,22,2.9675943796666275,2.1113574444120387,-0.6045937925627928,-0.1864596412950137,0.8998016595695161,left
6,30,17,21,2.967235829394311,2.121776854415504,3.1141135407560245,0.677411270079723,1.581938209502269,right
6,30,18,13,2.96417125376242,2.116856577469423,2.981589641053515,0.6325826915237955,1.4824212634653544,left
6,30,19,46,2.9481428595833377,2.1113574444120387,2.5712847036723345,-0.6691655558534337,1.5556981273838144,left
6,30,20,3,2.947122145318761,2.1139351630326875,2.3111753989867374,0.058986712586664436,1.7270254541205377,left
6,30,21,5,2.9448286177318703,2.1139351630326875,0.2839533063768789,0.4178541573364183,1.374894430016992,right
6,30,22,36,2.9448276458053693,2.1090661389714613,-0.2770388315607982,-0.46037552792370495,1.4006116031265474,left
6,30,23,15,2.9377683396755794,2.110429465708605,2.3026595816029043,0.15833899193515266,0.5947249085255971,left
6,30,24,25,2.934615518694341,2.129917018480711,0.08537428670881742,0.5508897556685721,0.8908932572749197,right
6,30,25,47,2.9320030514398012,2.128542235216365,1.447912622928548,0.08778498762597398,0.5545701746218763,left
6,30,26,35,2.919868966515928,2.129917018480711,-0.5318053739763658,-0.4359372636272762,1.129938521184727,left
6,30,27,18,2.9091132962739144,2.1156880116947288,0.01149137187328586,0.132893277247915,2.266668377461328,right
6,30,28,43,2.9085943642195824,2.1051709197224806,-0.23569463926967815,0.04417103134109934,2.17704669523501,left
6,30,29,8,2.908444533959004,2.1226994063428943,-0.07939410805616909,-0.2835577315613423,1.1006808767485798,right
6,30,30,39,2.902917303637951,2.1248904671704456,0.8401465405378343,-0.14493763493382317,1.5836922422894013,right
6,30,31,27,2.899306548577923,2.127707545377298,-0.7069329489641443,0.014632671892505278,0.42663512873945875,left
6,30,32,14,2.899054386457129,2.1147319124245243,1.2777837605335414,0.8235269230885132,1.7853657821636149,right
6,30,33,6,2.89344803325488,2.113260990470364,2.6069638767464207,0.26332192194883686,0.5409873421682789,right
6,30,34,28,2.890819929589849,2.121776854415504,1.2403423066261259,0.6191051071067366,1.5245257765953182,right
6,30,35,41,2.884728059190671,2.124292905126568,-0.04164416808130089,0.9218311016350198,0.9531060422999056,left
6,30,36,4,2.8846672525963126,2.127312165979845,2.6298527468621056,-0.2282145771295262,2.0575093869240546,left
6,30,37,19,2.8838951873699052,2.120195336825692,-0.7902463773265991,0.5217831736865715,0.8092647435707183,left
6,30,38,1,2.88128547412028,2.1226994063428943,1.9831710130560345,0.6701890487007127,1.9396432823288008,left
6,30,39,40,2.8786920645241905,2.109553041377584,-0.24816927597615246,0.8289515875777467,1.7026197281626902,left
6,30,40,38,2.8751663823010807,2.120195336825692,-0.21802296573233426,0.10146102142418523,1.304073252731324,left
6,30,41,0,2.8749490592989586,2.123730493791154,-0.5255369245625854,-0.550152341884282,1.826116060610201,right
6,30,42,49,2.8662937154816577,2.1051709197224806,1.3887155035237742,-0.6710652037069276,1.677333307065327,right
6,30,43,20,2.8517958589817107,2.1156880116947288,-0.21319548528765742,0.7703078733096203,1.4196656717739256,left
6,30,44,23,2.8460543655263706,2.1209465576808526,1.531442794121888,0.06583902562549881,0.5936699098238339,right
6,30,45,48,2.8132412440134513,2.113260990470364,3.455199921995508,0.4912846073262167,1.4161935997347694,right
6,30,46,29,2.7843677235976654,2.1051709197224806,-0.7076657944842215,0.3581452543333987,1.1100269747289235,left
6,30,47,11,2.7809035415780086,2.121351061218247,-0.7103476178678177,0.11396864794107042,0.8192635501823056,left
6,30,48,16,2.777251202018579,2.1162415428511627,-0.2604053434676087,-0.32365110587021245,0.3573524732973631,right
6,30,49,7,2.7453068110982,2.1051709197224806,-0.2661155642411941,0.35667374858925216,2.056202934759927,left
7,5,0,39,2.1002315171242762,2.1051709197224806,0.44439027583624435,0.2926712933730815,1.179654162944469,left
7,5,1,6,2.0954696807601048,2.1051709197224806,-0.9577791875331279,0.40738434677986657,1.6052932344449786,left
7,5,2,20,2.094174048556169,2.1051709197224806,-0.8807013218505269,-0.12425055584778755,0.1704068214795258,left
7,5,3,7,2.091833604871626,2.1051709197224806,-0.27152989882474465,-0.17252677831869867,1.6609057571481287,left
7,5,4,23,2.088107764649882,2.1051709197224806,-0.23904796154510877,0.08142922451222767,0.7088992044845089,right
7,5,5,27,2.088101154092193,2.1051709197224806,-0.07635293956329858,-0.13350957034420075,1.5616816284426267,left
7,5,6,28,2.0823548721806406,2.1051709197224806,3.059689424110304,0.06258372603321793,0.2887342676333388,right
7,5,7,41,2.0800452915820093,2.1051709197224806,1.7797031654615112,-0.42293113095205287,1.5191118552548857,left
7,5,8,30,2.078888508274319,2.1051709197224806,1.3882271360226532,0.009430167529870803,2.2949787982395917,right
7,5,9,43,2.078671145660909,2.1051709197224806,1.0912377348267697,-0.5934892040027616,1.746951660070585,right
7,5,10,11,2.076846530920712,2.1051709197224806,-0.6975950269382749,-0.358423458575185,0.2399179053258078,right
7,5,11,1,2.0751117114032787,2.1051709197224806,-0.17179029345164765,-0.49703798884163564,1.2193471393414637,right
7,5,12,40,2.0750027856437603,2.1051709197224806,2.2272077332955647,0.4523838106236666,0.2963699301873214,right
7,5,13,21,2.073408207876018,2.1051709197224806,2.975923042565985,0.8953632746194198,2.0163037616126545,left
7,5,14,31,2.072347632556565,2.1051709197224806,0.0678931369753153,-0.24509885808636583,1.5776304272262938,right
7,5,15,25,2.072197087473979,2.1051709197224806,3.65024905812074,0.3960362435879188,2.014033641136779,right
7,5,16,3,2.0716808243114397,2.1051709197224806,1.1111195630858486,0.25249692381307753,1.7616090604888033,right
7,5,17,15,2.071493014609886,2.1051709197224806,2.1559970514710027,0.48155471332773647,1.202223011407985,left
7,5,18,13,2.0712993224314773,2.1051709197224806,1.1465825218222028,-0.631641397378941,1.9214791676431027,left
7,5,19,26,2.0709064758423064,2.1051709197224806,3.712091016021483,0.0760801060170242,1.0892853771147977,left
7,5,20,19,2.0706479239673112,2.1051709197224806,2.8123724603175346,-0.19123234448497273,2.131275580585872,left
7,5,21,32,2.0706261097161707,2.1051709197224806,0.8246188308926765,0.5006999083713164,0.879110036373684,right
7,5,22,8,2.06985572340838,2.1051709197224806,2.6013340829018867,0.5248412333434118,1.7926372338415926,left
7,5,23,48,2.0687125893332565,2.1051709197224806,0.670592061555312,0.7485120170798159,0.8408325780230349,left
7,5,24,16,2.0684214470878532,2.1051709197224806,1.5518620372757903,0.5139756308875576,1.1331008348732192,right
7,5,25,5,2.067985112676581,2.1051709197224806,3.8526829748050186,-0.4389319738258933,2.2817533170638025,left
7,5,26,0,2.0671937701770347,2.1051709197224806,0.32717107788117294,0.8001840669192957,1.8308187974437746,right
7,5,27,46,2.0668265352180666,2.1051709197224806,2.2795789824766604,0.18262009227512976,0.6364461583157732,left
7,5,28,12,2.0659082223128458,2.1051709197224806,-0.06024119845090736,0.04944652012876449,1.2831408503245791,right
7,5,29,38,2.065787528375113,2.1051709197224806,1.0548880708910993,0.903877557464908,1.2306689131699275,right
7,5,30,36,2.064724690715022,2.1051709197224806,2.248509420527249,0.0991807693000809,1.3439384525855107,left
7,5,31,29,2.063880193011902,2.1051709197224806,1.9242167413502163,0.9672354865220469,0.8679867420458192,left
7,5,32,24,2.0633691274612955,2.1051709197224806,1.915906762933767,0.9244592027080156,0.21735375909875151,left
7,5,33,33,2.0622652585696812,2.1051709197224806,1.3337266461582558,0.7824421946414373,1.9381395908920702,left
7,5,34,49,2.06224270705653,2.1051709197224806,3.911544719813696,0.06834603311920795,0.1380659728271313,right
7,5,35,22,2.060674958975453,2.1051709197224806,2.636136667269829,0.8877341311404565,0.21010596748812793,right
7,5,36,9,2.0604269603005463,2.1051709197224806,2.8569815338302478,0.3917346789071745,2.0793952291259323,left
7,5,37,35,2.060293937617219,2.1051709197224806,3.070755765787527,0.0059794176689134115,0.895984586042435,left
7,5,38,45,2.0598787599293225,2.1051709197224806,2.3773240109196383,0.054695654295879303,0.7483506793155155,left
7,5,39,42,2.0598350164831976,2.1051709197224806,1.4675897060770975,0.44395702296849704,1.0490782564671355,left
7,5,40,4,2.059823567337121,2.1051709197224806,1.1620710269178312,-0.5443084355010537,2.0934019203801415,right
7,5,41,17,2.057700023804083,2.1051709197224806,2.886195672634554,0.7389983698572551,0.5169212750959576,left
7,5,42,37,2.0566960080601815,2.1051709197224806,1.286457146516991,0.36264408959268635,1.1261872901114691,left
7,5,43,18,2.0556108688842256,2.1051709197224806,2.184798317350226,0.22953525056331048,1.6943119740208261,left
7,5,44,44,2.0530532285477427,2.1051709197224806,-0.9120006140007655,0.22802966899616295,2.0891539301277113,right
7,5,45,14,2.0525678681156165,2.1051709197224806,3.8448777494267636,-0.019432232052330245,1.5712945444908004,right
7,5,46,10,2.050261956320195,2.1051709197224806,1.2326600606391924,0.9034554386695381,0.5480662611077655,right
7,5,47,47,2.050201107057477,2.1051709197224806,-0.7590419795136446,-0.1715651026677676,1.961837671868979,right
7,5,48,2,2.0491584673307743,2.1051709197224806,2.6914488153437874,0.5016645544379574,1.6226772834001812,right
7,5,49,34,2.0484280559830053,2.1051709197224806,3.1071035493405432,0.6014478874909215,0.4617299625704788,left
7,10,0,48,2.0807498336030137,2.1051709197224806,0.670592061555312,0.7485120170798159,0.8408325780230349,left
7,10,1,29,2.079550569903522,2.1051709197224806,1.9242167413502163,0.9672354865220469,0.8679867420458192,left
7,10,2,1,2.0758863036957997,2.1051709197224806,-0.17179029345164765,-0.49703798884163564,1.2193471393414637,right
7,10,3,25,2.075185846094933,2.1051709197224806,3.65024905812074,0.3960362435879188,2.014033641136779,right
7,10,4,0,2.073308410581646,2.1051709197224806,0.32717107788117294,0.8001840669192957,1.8308187974437746,right
7,10,5,7,2.0728589731823455,2.1051709197224806,-0.27152989882474465,-0.17252677831869867,1.6609057571481287,left
7,10,6,12,2.0726718003045654,2.1051709197224806,-0.06024119845090736,0.04944652012876449,1.2831408503245791,right
7,10,7,31,2.07123956729057,2.1051709197224806,0.0678931369753153,-0.24509885808636583,1.5776304272262938,right
7,10,8,22,2.0698310671261346,2.1051709197224806,2.636136667269829,0.8877341311404565,0.21010596748812793,right
7,10,9,2,2.0696909338570335,2.1051709197224806,2.6914488153437874,0.5016645544379574,1.6226772834001812,right
7,10,10,8,2.0689748755635002,2.1051709197224806,2.6013340829018867,0.5248412333434118,1.7926372338415926,left
7,10,11,23,2.0674516911806204,2.1051709197224806,-0.23904796154510877,0.08142922451222767,0.7088992044845089,right
7,10,12,24,2.0664908633310874,2.1051709197224806,1.915906762933767,0.9244592027080156,0.21735375909875151,left
7,10,13,27,2.0661177319136947,2.1051709197224806,-0.07635293956329858,-0.13350957034420075,1.5616816284426267,left
7,10,14,5,2.0656722328329966,2.1051709197224806,3.8526829748050186,-0.4389319738258933,2.2817533170638025,left
7,10,15,32,2.0634178452907728,2.1051709197224806,0.8246188308926765,0.5006999083713164,0.879110036373684,right
7,10,16,43,2.063278786348861,2.1051709197224806,1.0912377348267697,-0.5934892040027616,1.746951660070585,right
7,10,17,37,2.0631673742584757,2.1051709197224806,1.286457146516991,0.36264408959268635,1.1261872901114691,left
7,10,18,4,2.0629664534385626,2.1051709197224806,1.1620710269178312,-0.5443084355010537,2.0934019203801415,right
7,10,19,9,2.0628683346263528,2.1051709197224806,2.8569815338302478,0.3917346789071745,2.0793952291259323,left
7,10,20,16,2.0628070479945997,2.1051709197224806,1.5518620372757903,0.5139756308875576,1.1331008348732192,right
7,10,21,21,2.062519633647829,2.1051709197224806,2.975923042565985,0.8953632746194198,2.0163037616126545,left
7,10,22,41,2.062233471272162,2.1051709197224806,1.7797031654615112,-0.42293113095205287,1.5191118552548857,left
7,10,23,15,2.0621388749458642,2.1051709197224806,2.1559970514710027,0.48155471332773647,1.202223011407985,left
7,10,24,13,2.060767903479957,2.1051709197224806,1.1465825218222028,-0.631641397378941,1.9214791676431027,left
7,10,25,45,2.060520000545176,2.1051709197224806,2.3773240109196383,0.054695654295879303,0.7483506793155155,left
7,10,26,40,2.060333954466179,2.1051709197224806,2.2272077332955647,0.4523838106236666,0.2963699301873214,right
7,10,27,33,2.0603158598496574,2.1051709197224806,1.3337266461582558,0.7824421946414373,1.9381395908920702,left
7,10,28,49,2.0599507133828885,2.1051709197224806,3.911544719813696,0.06834603311920795,0.1380659728271313,right
7,10,29,28,2.058434516180588,2.1051709197224806,3.059689424110304,0.06258372603321793,0.2887342676333388,right
7,10,30,10,2.0579158285471184,2.1051709197224806,1.2326600606391924,0.9034554386695381,0.5480662611077655,right
7,10,31,11,2.0578662336910503,2.1051709197224806,-0.6975950269382749,-0.358423458575185,0.2399179053258078,right
7,10,32,39,2.057569484595514,2.1051709197224806,0.44439027583624435,0.2926712933730815,1.179654162944469,left
7,10,33,35,2.057278949665862,2.1051709197224806,3.070755765787527,0.0059794176689134115,0.895984586042435,left
7,10,34,47,2.057192703561965,2.1051709197224806,-0.7590419795136446,-0.1715651026677676,1.961837671868979,right
7,10,35,3,2.056681726902744,2.1051709197224806,1.1111195630858486,0.25249692381307753,1.7616090604888033,right
7,10,36,20,2.056028265052051,2.1051709197224806,-0.8807013218505269,-0.12425055584778755,0.1704068214795258,left
7,10,37,14,2.0558305388082143,2.1051709197224806,3.8448777494267636,-0.019432232052330245,1.5712945444908004,right
7,10,38,42,2.0538472147486795,2.1051709197224806,1.4675897060770975,0.44395702296849704,1.0490782564671355,left
7,10,39,44,2.0518355566764304,2.1051709197224806,-0.9120006140007655,0.22802966899616295,2.0891539301277113,right
7,10,40,19,2.0513952318083923,2.1051709197224806,2.8123724603175346,-0.19123234448497273,2.131275580585872,left
7,10,41,6,2.051298631972669,2.1051709197224806,-0.9577791875331279,0.40738434677986657,1.6052932344449786,left
7,10,42,30,2.0511273172869697,2.1051709197224806,1.3882271360226532,0.009430167529870803,2.2949787982395917,right
7,10,43,17,2.05072454052297,2.1051709197224806,2.886195672634554,0.7389983698572551,0.5169212750959576,left
7,10,44,36,2.050660491858949,2.1051709197224806,2.248509420527249,0.0991807693000809,1.3439384525855107,left
7,10,45,46,2.0497388954294857,2.1051709197224806,2.2795789824766604,0.18262009227512976,0.6364461583157732,left
7,10,46,38,2.0489612299073183,2.1051709197224806,1.0548880708910993,0.903877557464908,1.2306689131699275,right
7,10,47,34,2.0481611852899286,2.1051709197224806,3.1071035493405432,0.6014478874909215,0.4617299625704788,left
7,10,48,26,2.0453373302251956,2.1051709197224806,3.712091016021483,0.0760801060170242,1.0892853771147977,left
7,10,49,18,2.0452649235570184,2.1051709197224806,2.184798317350226,0.22953525056331048,1.6943119740208261,left
7,15,0,32,2.3795898952688086,2.1051709197224806,0.8246188308926765,0.5006999083713164,0.879110036373684,right
7,15,1,29,2.321179152620733,2.1051709197224806,1.9242167413502163,0.9672354865220469,0.8679867420458192,left
7,15,2,16,2.314406512051055,2.1051709197224806,1.5518620372757903,0.5139756308875576,1.1331008348732192,right
7,15,3,6,2.3124528316784394,2.1051709197224806,-0.9577791875331279,0.40738434677986657,1.6052932344449786,left
7,15,4,2,2.275776485613294,2.1051709197224806,2.6914488153437874,0.5016645544379574,1.6226772834001812,right
7,15,5,12,2.2735080550033815,2.1051709197224806,-0.06024119845090736,0.04944652012876449,1.2831408503245791,right
7,15,6,39,2.273095690588402,2.1051709197224806,0.44439027583624435,0.2926712933730815,1.179654162944469,left
7,15,7,42,2.2685500555987215,2.1051709197224806,1.4675897060770975,0.44395702296849704,1.0490782564671355,left
7,15,8,3,2.2683581795667322,2.1051709197224806,1.1111195630858486,0.25249692381307753,1.7616090604888033,right
7,15,9,22,2.268209794924651,2.1051709197224806,2.636136667269829,0.8877341311404565,0.21010596748812793,right
7,15,10,10,2.266460735822581,2.1051709197224806,1.2326600606391924,0.9034554386695381,0.5480662611077655,right
7,15,11,13,2.263334560424869,2.1051709197224806,1.1465825218222028,-0.631641397378941,1.9214791676431027,left
7,15,12,33,2.2596154002987623,2.1051709197224806,1.3337266461582558,0.7824421946414373,1.9381395908920702,left
7,15,13,30,2.2588279230818777,2.1051709197224806,1.3882271360226532,0.009430167529870803,2.2949787982395917,right
7,15,14,27,2.2576777773206365,2.1051709197224806,-0.07635293956329858,-0.13350957034420075,1.5616816284426267,left
7,15,15,21,2.256304424849109,2.1051709197224806,2.975923042565985,0.8953632746194198,2.0163037616126545,left
7,15,16,7,2.2384381661538075,2.1051709197224806,-0.27152989882474465,-0.17252677831869867,1.6609057571481287,left
7,15,17,20,2.2382604802825323,2.1051709197224806,-0.8807013218505269,-0.12425055584778755,0.1704068214795258,left
7,15,18,37,2.237142151422943,2.1051709197224806,1.286457146516991,0.36264408959268635,1.1261872901114691,left
7,15,19,31,2.233602373743275,2.1051709197224806,0.0678931369753153,-0.24509885808636583,1.5776304272262938,right
7,15,20,24,2.2313765622660124,2.1051709197224806,1.915906762933767,0.9244592027080156,0.21735375909875151,left
7,15,21,9,2.2266208852408313,2.1051709197224806,2.8569815338302478,0.3917346789071745,2.0793952291259323,left
7,15,22,1,2.225417867633679,2.1051709197224806,-0.17179029345164765,-0.49703798884163564,1.2193471393414637,right
7,15,23,8,2.225202440381841,2.1051709197224806,2.6013340829018867,0.5248412333434118,1.7926372338415926,left
7,15,24,11,2.2127932540359243,2.1051709197224806,-0.6975950269382749,-0.358423458575185,0.2399179053258078,right
7,15,25,43,2.212055278219201,2.1051709197224806,1.0912377348267697,-0.5934892040027616,1.746951660070585,right
7,15,26,25,2.204173583175339,2.1051709197224806,3.65024905812074,0.3960362435879188,2.014033641136779,right
7,15,27,28,2.2033246607839034,2.1051709197224806,3.059689424110304,0.06258372603321793,0.2887342676333388,right
7,15,28,44,2.2004586488469706,2.1051709197224806,-0.9120006140007655,0.22802966899616295,2.0891539301277113,right
7,15,29,17,2.1936323466636667,2.1051709197224806,2.886195672634554,0.7389983698572551,0.5169212750959576,left
7,15,30,48,2.1915739524480156,2.1051709197224806,0.670592061555312,0.7485120170798159,0.8408325780230349,left
7,15,31,45,2.1914086357719142,2.1051709197224806,2.3773240109196383,0.054695654295879303,0.7483506793155155,left
7,15,32,35,2.1907297534931676,2.1051709197224806,3.070755765787527,0.0059794176689134115,0.895984586042435,left
7,15,33,0,2.19038787959293,2.1051709197224806,0.32717107788117294,0.8001840669192957,1.8308187974437746,right
7,15,34,15,2.1857377962544695,2.1051709197224806,2.1559970514710027,0.48155471332773647,1.202223011407985,left
7,15,35,46,2.1854306573219597,2.1051709197224806,2.2795789824766604,0.18262009227512976,0.6364461583157732,left
7,15,36,4,2.1784897843461803,2.1051709197224806,1.1620710269178312,-0.5443084355010537,2.0934019203801415,right
7,15,37,34,2.1779333101501703,2.1051709197224806,3.1071035493405432,0.6014478874909215,0.4617299625704788,left
7,15,38,47,2.1751859547950114,2.1051709197224806,-0.7590419795136446,-0.1715651026677676,1.961837671868979,right
7,15,39,19,2.170916346782915,2.1051709197224806,2.8123724603175346,-0.19123234448497273,2.131275580585872,left
7,15,40,36,2.165501169363538,2.1051709197224806,2.248509420527249,0.0991807693000809,1.3439384525855107,left
7,15,41,23,2.1645459245143095,2.1051709197224806,-0.23904796154510877,0.08142922451222767,0.7088992044845089,right
7,15,42,40,2.156764343623342,2.1051709197224806,2.2272077332955647,0.4523838106236666,0.2963699301873214,right
7,15,43,18,2.1514353733944604,2.1051709197224806,2.184798317350226,0.22953525056331048,1.6943119740208261,left
7,15,44,49,2.135201015688426,2.1051709197224806,3.911544719813696,0.06834603311920795,0.1380659728271313,right
7,15,45,41,2.125489064111093,2.1051709197224806,1.7797031654615112,-0.42293113095205287,1.5191118552548857,left
7,15,46,38,2.099761170508286,2.1051709197224806,1.0548880708910993,0.903877557464908,1.2306689131699275,right
7,15,47,26,2.02232522418212,2.1051709197224806,3.712091016021483,0.0760801060170242,1.0892853771147977,left
7,15,48,5,2.017087862658032,2.1051709197224806,3.8526829748050186,-0.4389319738258933,2.2817533170638025,left
7,15,49,14,1.9881835031949777,2.1051709197224806,3.8448777494267636,-0.019432232052330245,1.5712945444908004,right
7,20,0,32,2.427621918790096,2.1051709197224806,0.8246188308926765,0.5006999083713164,0.879110036373684,right
7,20,1,3,2.3983358856653783,2.1051709197224806,1.1111195630858486,0.25249692381307753,1.7616090604888033,right
7,20,2,33,2.384252672898838,2.1051709197224806,1.3337266461582558,0.7824421946414373,1.9381395908920702,left
7,20,3,29,2.3736497221946253,2.1051709197224806,1.9242167413502163,0.9672354865220469,0.8679867420458192,left
7,20,4,20,2.3473385253121637,2.1051709197224806,-0.8807013218505269,-0.12425055584778755,0.1704068214795258,left
7,20,5,38,2.3469590883992515,2.1051709197224806,1.0548880708910993,0.903877557464908,1.2306689131699275,right
7,20,6,10,2.346759667163172,2.1051709197224806,1.2326600606391924,0.9034554386695381,0.5480662611077655,right
7,20,7,30,2.343687997403194,2.1051709197224806,1.3882271360226532,0.009430167529870803,2.2949787982395917,right
7,20,8,48,2.3426917830074467,2.1051709197224806,0.670592061555312,0.7485120170798159,0.8408325780230349,left
7,20,9,45,2.3211120281949684,2.1051709197224806,2.3773240109196383,0.054695654295879303,0.7483506793155155,left
7,20,10,44,2.2958063216084152,2.1051709197224806,-0.9120006140007655,0.22802966899616295,2.0891539301277113,right
7,20,11,34,2.2950308490560385,2.1051709197224806,3.1071035493405432,0.6014478874909215,0.4617299625704788,left
7,20,12,39,2.2870501273023973,2.1051709197224806,0.44439027583624435,0.2926712933730815,1.179654162944469,left
7,20,13,36,2.2839217507888265,2.1051709197224806,2.248509420527249,0.0991807693000809,1.3439384525855107,left
7,20,14,19,2.2808932771569426,2.1051709197224806,2.8123724603175346,-0.19123234448497273,2.131275580585872,left
7,20,15,21,2.2800317399269794,2.1051709197224806,2.975923042565985,0.8953632746194198,2.0163037616126545,left
7,20,16,5,2.2785106068246854,2.1051709197224806,3.8526829748050186,-0.4389319738258933,2.2817533170638025,left
7,20,17,22,2.2755371517900187,2.1051709197224806,2.636136667269829,0.8877341311404565,0.21010596748812793,right
7,20,18,27,2.2695190341916884,2.1051709197224806,-0.07635293956329858,-0.13350957034420075,1.5616816284426267,left
7,20,19,0,2.260275097567748,2.1051709197224806,0.32717107788117294,0.8001840669192957,1.8308187974437746,right
7,20,20,13,2.260153904860488,2.1051709197224806,1.1465825218222028,-0.631641397378941,1.9214791676431027,left
7,20,21,2,2.2584713840503534,2.1051709197224806,2.6914488153437874,0.5016645544379574,1.6226772834001812,right
7,20,22,6,2.2472162956866093,2.1051709197224806,-0.9577791875331279,0.40738434677986657,1.6052932344449786,left
7,20,23,16,2.2430893460823667,2.1051709197224806,1.5518620372757903,0.5139756308875576,1.1331008348732192,right
7,20,24,41,2.241947434542406,2.1051709197224806,1.7797031654615112,-0.42293113095205287,1.5191118552548857,left
7,20,25,24,2.240632346001907,2.1051709197224806,1.915906762933767,0.9244592027080156,0.21735375909875151,left
7,20,26,28,2.232797446973959,2.1051709197224806,3.059689424110304,0.06258372603321793,0.2887342676333388,right
7,20,27,35,2.227933066658763,2.1051709197224806,3.070755765787527,0.0059794176689134115,0.895984586042435,left
7,20,28,37,2.227926395370589,2.1051709197224806,1.286457146516991,0.36264408959268635,1.1261872901114691,left
7,20,29,43,2.226305882039743,2.1051709197224806,1.0912377348267697,-0.5934892040027616,1.746951660070585,right
7,20,30,46,2.2195518594196058,2.1051709197224806,2.2795789824766604,0.18262009227512976,0.6364461583157732,left
7,20,31,11,2.219342733457107,2.1051709197224806,-0.6975950269382749,-0.358423458575185,0.2399179053258078,right
7,20,32,42,2.2181311000518864,2.1051709197224806,1.4675897060770975,0.44395702296849704,1.0490782564671355,left
7,20,33,8,2.2148516722352705,2.1051709197224806,2.6013340829018867,0.5248412333434118,1.7926372338415926,left
7,20,34,47,2.214172514658969,2.1051709197224806,-0.7590419795136446,-0.1715651026677676,1.961837671868979,right
7,20,35,40,2.2102142623684955,2.1051709197224806,2.2272077332955647,0.4523838106236666,0.2963699301873214,right
7,20,36,15,2.201715887338142,2.1051709197224806,2.1559970514710027,0.48155471332773647,1.202223011407985,left
7,20,37,17,2.201336593964032,2.1051709197224806,2.886195672634554,0.7389983698572551,0.5169212750959576,left
7,20,38,25,2.1956285044168777,2.1051709197224806,3.65024905812074,0.3960362435879188,2.014033641136779,right
7,20,39,7,2.1896477406149017,2.1051709197224806,-0.27152989882474465,-0.17252677831869867,1.6609057571481287,left
7,20,40,14,2.1884663683411256,2.1051709197224806,3.8448777494267636,-0.019432232052330245,1.5712945444908004,right
7,20,41,12,2.183033907011354,2.1051709197224806,-0.06024119845090736,0.04944652012876449,1.2831408503245791,right
7,20,42,31,2.1828212274683336,2.1051709197224806,0.0678931369753153,-0.24509885808636583,1.5776304272262938,right
7,20,43,9,2.181803906887855,2.1051709197224806,2.8569815338302478,0.3917346789071745,2.0793952291259323,left
7,20,44,18,2.1799942619842176,2.1051709197224806,2.184798317350226,0.22953525056331048,1.6943119740208261,left
7,20,45,4,2.174877826690801,2.1051709197224806,1.1620710269178312,-0.5443084355010537,2.0934019203801415,right
7,20,46,23,2.168867136985202,2.1051709197224806,-0.23904796154510877,0.08142922451222767,0.7088992044845089,right
7,20,47,49,2.1515912618773743,2.1051709197224806,3.911544719813696,0.06834603311920795,0.1380659728271313,right
7,20,48,26,2.103963455437654,2.1051709197224806,3.712091016021483,0.0760801060170242,1.0892853771147977,left
7,20,49,1,2.085783685474065,2.1051709197224806,-0.17179029345164765,-0.49703798884163564,1.2193471393414637,right
7,25,0,39,3.161915698521321,2.184049109514341,0.44439027583624435,0.2926712933730815,1.179654162944469,left
7,25,1,47,3.131197149129447,2.122699406342894,-0.7590419795136446,-0.1715651026677676,1.961837671868979,right
7,25,2,5,3.129307196692811,2.1139351630326875,3.8526829748050186,-0.4389319738258933,2.2817533170638025,left
7,25,3,36,3.118397206793425,2.1246470159673843,2.248509420527249,0.0991807693000809,1.3439384525855107,left
7,25,4,0,3.1082554335404584,2.1113574444120387,0.32717107788117294,0.8001840669192957,1.8308187974437746,right
7,25,5,37,3.106664064739303,2.122699406342894,1.286457146516991,0.36264408959268635,1.1261872901114691,left
7,25,6,4,3.094885140165762,2.1162415428511627,1.1620710269178312,-0.5443084355010537,2.0934019203801415,right
7,25,7,14,3.0939366228952676,2.124292905126568,3.8448777494267636,-0.019432232052330245,1.5712945444908004,right
7,25,8,21,3.0913958359437714,2.110706231286822,2.975923042565985,0.8953632746194198,2.0163037616126545,left
7,25,9,1,3.09102074182106,2.1139351630326875,-0.17179029345164765,-0.49703798884163564,1.2193471393414637,right
7,25,10,8,3.09102074182106,2.1226994063428943,2.6013340829018867,0.5248412333434118,1.7926372338415926,left
7,25,11,34,3.0896944754773656,2.1156880116947288,3.1071035493405432,0.6014478874909215,0.4617299625704788,left
7,25,12,48,3.08634329256504,2.121351061218247,0.670592061555312,0.7485120170798159,0.8408325780230349,left
7,25,13,3,3.08217539218927,2.1314636496531008,1.1111195630858486,0.25249692381307753,1.7616090604888033,right
7,25,14,27,3.0820938035767274,2.112683128274086,-0.07635293956329858,-0.13350957034420075,1.5616816284426267,left
7,25,15,6,3.0798797303159677,2.12944113196613,-0.9577791875331279,0.40738434677986657,1.6052932344449786,left
7,25,16,45,3.077703401466585,2.113260990470364,2.3773240109196383,0.054695654295879303,0.7483506793155155,left
7,25,17,22,3.0773616929762744,2.1051709197224806,2.636136667269829,0.8877341311404565,0.21010596748812793,right
7,25,18,44,3.0768046184120577,2.1427319624805095,-0.9120006140007655,0.22802966899616295,2.0891539301277113,right
7,25,19,33,3.076501669260899,2.128542235216365,1.3337266461582558,0.7824421946414373,1.9381395908920702,left
7,25,20,38,3.0761611306138086,2.127707545377298,1.0548880708910993,0.903877557464908,1.2306689131699275,right
7,25,21,16,3.074821580128683,2.1051709197224806,1.5518620372757903,0.5139756308875576,1.1331008348732192,right
7,25,22,42,3.071726131679352,2.1209465576808526,1.4675897060770975,0.44395702296849704,1.0490782564671355,left
7,25,23,24,3.0714927591444985,2.1248904671704456,1.915906762933767,0.9244592027080156,0.21735375909875151,left
7,25,24,35,3.0699096542388684,2.129917018480711,3.070755765787527,0.0059794176689134115,0.895984586042435,left
7,25,25,13,3.06914309619936,2.128542235216365,1.1465825218222028,-0.631641397378941,1.9214791676431027,left
7,25,26,28,3.068732439400016,2.143918100672868,3.059689424110304,0.06258372603321793,0.2887342676333388,right
7,25,27,2,3.0445799757487886,2.113260990470364,2.6914488153437874,0.5016645544379574,1.6226772834001812,right
7,25,28,7,3.0445799757487886,2.1051709197224806,-0.27152989882474465,-0.17252677831869867,1.6609057571481287,left
7,25,29,9,3.0445799757487886,2.138036832135756,2.8569815338302478,0.3917346789071745,2.0793952291259323,left
7,25,30,10,3.0445799757487886,2.1191937090188113,1.2326600606391924,0.9034554386695381,0.5480662611077655,right
7,25,31,11,3.0445799757487886,2.121351061218247,-0.6975950269382749,-0.358423458575185,0.2399179053258078,right
7,25,32,12,3.0445799757487886,2.1051709197224806,-0.06024119845090736,0.04944652012876449,1.2831408503245791,right
7,25,33,15,3.0445799757487886,2.126205103666977,2.1559970514710027,0.48155471332773647,1.202223011407985,left
7,25,34,17,3.0445799757487886,2.1051709197224806,2.886195672634554,0.7389983698572551,0.5169212750959576,left
7,25,35,18,3.0445799757487886,2.126205103666977,2.184798317350226,0.22953525056331048,1.6943119740208261,left
7,25,36,19,3.0445799757487886,2.112683128274086,2.8123724603175346,-0.19123234448497273,2.131275580585872,left
7,25,37,20,3.0445799757487886,2.1367221956392246,-0.8807013218505269,-0.12425055584778755,0.1704068214795258,left
7,25,38,23,3.0445799757487886,2.141980741625349,-0.23904796154510877,0.08142922451222767,0.7088992044845089,right
7,25,39,25,3.0445799757487886,2.123730493791154,3.65024905812074,0.3960362435879188,2.014033641136779,right
7,25,40,26,3.0445799757487886,2.138036832135756,3.712091016021483,0.0760801060170242,1.0892853771147977,left
7,25,41,29,3.0445799757487886,2.1139351630326875,1.9242167413502163,0.9672354865220469,0.8679867420458192,left
7,25,42,30,3.0445799757487886,2.1209465576808526,1.3882271360226532,0.009430167529870803,2.2949787982395917,right
7,25,43,31,3.0445799757487886,2.116856577469423,0.0678931369753153,-0.24509885808636583,1.5776304272262938,right
7,25,44,32,3.0445799757487886,2.1352197539289035,0.8246188308926765,0.5006999083713164,0.879110036373684,right
7,25,45,40,3.0445799757487886,2.1226994063428943,2.2272077332955647,0.4523838106236666,0.2963699301873214,right
7,25,46,41,3.0445799757487886,2.1338538978286117,1.7797031654615112,-0.42293113095205287,1.5191118552548857,left
7,25,47,43,3.0445799757487886,2.1051709197224806,1.0912377348267697,-0.5934892040027616,1.746951660070585,right
7,25,48,46,3.0445799757487886,2.129917018480711,2.2795789824766604,0.18262009227512976,0.6364461583157732,left
7,25,49,49,3.0445799757487886,2.1051709197224806,3.911544719813696,0.06834603311920795,0.1380659728271313,right
7,30,0,21,2.1093347568317546,2.127312165979845,2.975923042565985,0.8953632746194198,2.0163037616126545,left
7,30,1,1,2.091182360217826,2.1226994063428943,-0.17179029345164765,-0.49703798884163564,1.2193471393414637,right
7,30,2,0,2.0791327911050344,2.117543969101596,0.32717107788117294,0.8001840669192957,1.8308187974437746,right
7,30,3,7,2.0636497571302925,2.1051709197224806,-0.27152989882474465,-0.17252677831869867,1.6609057571481287,left
7,30,4,31,2.055468219420331,2.116856577469423,0.0678931369753153,-0.24509885808636583,1.5776304272262938,right
7,30,5,32,2.049765174880352,2.1352197539289035,0.8246188308926765,0.5006999083713164,0.879110036373684,right
7,30,6,18,2.0258307001185547,2.1156880116947288,2.184798317350226,0.22953525056331048,1.6943119740208261,left
7,30,7,29,2.020172975261964,2.1051709197224806,1.9242167413502163,0.9672354865220469,0.8679867420458192,left
7,30,8,47,2.0187959705970826,2.128542235216365,-0.7590419795136446,-0.1715651026677676,1.961837671868979,right
7,30,9,8,2.0178197027432976,2.140227892963307,2.6013340829018867,0.5248412333434118,1.7926372338415926,left
7,30,10,25,2.0146148006440114,2.129917018480711,3.65024905812074,0.3960362435879188,2.014033641136779,right
7,30,11,11,2.009834091666081,2.1051709197224806,-0.6975950269382749,-0.358423458575185,0.2399179053258078,right
7,30,12,9,2.0086047535921323,2.118317284687791,2.8569815338302478,0.3917346789071745,2.0793952291259323,left
7,30,13,48,2.0082162497827576,2.12944113196613,0.670592061555312,0.7485120170798159,0.8408325780230349,left
7,30,14,16,2.006544156047589,2.1051709197224806,1.5518620372757903,0.5139756308875576,1.1331008348732192,right
7,30,15,43,2.0038638036776986,2.1147319124245243,1.0912377348267697,-0.5934892040027616,1.746951660070585,right
7,30,16,45,1.9981925437860677,2.1051709197224806,2.3773240109196383,0.054695654295879303,0.7483506793155155,left
7,30,17,4,1.9939544608967361,2.1328474775441864,1.1620710269178312,-0.5443084355010537,2.0934019203801415,right
7,30,18,10,1.992475539985362,2.1191937090188113,1.2326600606391924,0.9034554386695381,0.5480662611077655,right
7,30,19,2,1.9895839793311332,2.12944113196613,2.6914488153437874,0.5016645544379574,1.6226772834001812,right
7,30,20,27,1.9889804791991406,2.120195336825692,-0.07635293956329858,-0.13350957034420075,1.5616816284426267,left
7,30,21,20,1.9876511241279513,2.1051709197224806,-0.8807013218505269,-0.12425055584778755,0.1704068214795258,left
7,30,22,30,1.9832572761733016,2.1156880116947288,1.3882271360226532,0.009430167529870803,2.2949787982395917,right
7,30,23,46,1.9782865955454907,2.123730493791154,2.2795789824766604,0.18262009227512976,0.6364461583157732,left
7,30,24,15,1.9775726392998365,2.1209465576808526,2.1559970514710027,0.48155471332773647,1.202223011407985,left
7,30,25,42,1.9766969663380398,2.1209465576808526,1.4675897060770975,0.44395702296849704,1.0490782564671355,left
7,30,26,33,1.9670391679478534,2.116856577469423,1.3337266461582558,0.7824421946414373,1.9381395908920702,left
7,30,27,41,1.9652444790603467,2.1147319124245243,1.7797031654615112,-0.42293113095205287,1.5191118552548857,left
7,30,28,13,1.9649621398094994,2.116856577469423,1.1465825218222028,-0.631641397378941,1.9214791676431027,left
7,30,29,44,1.9615990856246963,2.112683128274086,-0.9120006140007655,0.22802966899616295,2.0891539301277113,right
7,30,30,23,1.951899962396873,2.1209465576808526,-0.23904796154510877,0.08142922451222767,0.7088992044845089,right
7,30,31,36,1.9477396024859666,2.1090661389714613,2.248509420527249,0.0991807693000809,1.3439384525855107,left
7,30,32,12,1.9475986334249296,2.1051709197224806,-0.06024119845090736,0.04944652012876449,1.2831408503245791,right
7,30,33,38,1.9403228607625018,2.1051709197224806,1.0548880708910993,0.903877557464908,1.2306689131699275,right
7,30,34,3,1.9395892323160249,2.1226994063428943,1.1111195630858486,0.25249692381307753,1.7616090604888033,right
7,30,35,35,1.9389806135638796,2.117543969101596,3.070755765787527,0.0059794176689134115,0.895984586042435,left
7,30,36,37,1.9370092806404047,2.122699406342894,1.286457146516991,0.36264408959268635,1.1261872901114691,left
7,30,37,34,1.934215904148378,2.126205103666977,3.1071035493405432,0.6014478874909215,0.4617299625704788,left
7,30,38,49,1.9268958923494357,2.1051709197224806,3.911544719813696,0.06834603311920795,0.1380659728271313,right
7,30,39,22,1.9261276045609872,2.117543969101596,2.636136667269829,0.8877341311404565,0.21010596748812793,right
7,30,40,24,1.9165222381841616,2.1248904671704456,1.915906762933767,0.9244592027080156,0.21735375909875151,left
7,30,41,39,1.9160179536044795,2.1314636496531008,0.44439027583624435,0.2926712933730815,1.179654162944469,left
7,30,42,19,1.9106844396853155,2.1051709197224806,2.8123724603175346,-0.19123234448497273,2.131275580585872,left
7,30,43,17,1.9002509596331996,2.1113574444120387,2.886195672634554,0.7389983698572551,0.5169212750959576,left
7,30,44,40,1.8811908748641781,2.1051709197224806,2.2272077332955647,0.4523838106236666,0.2963699301873214,right
7,30,45,28,1.8795305704384417,2.1051709197224806,3.059689424110304,0.06258372603321793,0.2887342676333388,right
7,30,46,26,1.8790091291425934,2.118317284687791,3.712091016021483,0.0760801060170242,1.0892853771147977,left
7,30,47,14,1.8740128719881672,2.1051709197224806,3.8448777494267636,-0.019432232052330245,1.5712945444908004,right
7,30,48,6,1.861150486344872,2.1051709197224806,-0.9577791875331279,0.40738434677986657,1.6052932344449786,left
7,30,49,5,1.8218532069798026,2.1139351630326875,3.8526829748050186,-0.4389319738258933,2.2817533170638025,left
8,5,0,8,2.0632422371043107,2.1051709197224806,-0.9855707760838636,-0.3694261749214114,0.9318828342316452,left
8,5,1,46,2.061726188564,2.1051709197224806,-0.8130772744243733,-0.38107148053305184,0.9454723385938192,right
8,5,2,27,2.060915367133128,2.1051709197224806,2.8765785419939935,0.4690975937950632,1.3589152487970706,left
8,5,3,11,2.0604911325749056,2.1051709197224806,2.9330293981851177,0.18560888372484963,1.7249421469872237,left
8,5,4,0,2.0600622461728384,2.1051709197224806,-0.18417131411362608,0.25236815846386684,1.387074299928226,left
8,5,5,37,2.059547665170439,2.1051709197224806,0.9627530197273524,0.2567543423283303,2.027264631356207,left
8,5,6,49,2.059209561746581,2.1051709197224806,0.4531544933190199,0.31495973413194345,0.7065029735176566,left
8,5,7,36,2.0588972761142257,2.1051709197224806,3.7868761296495546,-0.6361387569631551,2.0147201717295755,left
8,5,8,39,2.058557537466938,2.1051709197224806,-0.9851563022440687,0.8203925059300425,0.912064904548563,right
8,5,9,23,2.0583472310017776,2.1051709197224806,2.0440763607799664,0.6587253348466637,0.7985123079950365,right
8,5,10,31,2.0581973859012623,2.1051709197224806,-0.35673400255918386,-0.24894920150777167,0.2702723920798846,right
8,5,11,40,2.0580551199043144,2.1051709197224806,0.4009223393242949,0.2176138885235418,0.5550347215892242,right
8,5,12,26,2.057448001424448,2.1051709197224806,1.7314803776444432,0.8379277333673956,1.1067541374032874,right
8,5,13,28,2.0568467492723714,2.1051709197224806,-0.7195885317192898,0.25605651827037856,1.45473351495608,left
8,5,14,35,2.056231982713663,2.1051709197224806,3.5127609033225466,0.9596611861764976,1.5942321618018631,right
8,5,15,6,2.0559731394177994,2.1051709197224806,1.8837406956710616,-0.6291935202765038,2.1748107925665883,left
8,5,16,17,2.055520771002187,2.1051709197224806,1.8424203932413135,-0.6544304000800649,1.5869018758011746,left
8,5,17,25,2.055489127377703,2.1051709197224806,2.4493634597747,0.8474106080365098,0.5357436843988037,left
8,5,18,44,2.055402028488614,2.1051709197224806,3.33013592086372,0.5304267684302331,1.0283331476063708,left
8,5,19,34,2.0551631739285376,2.1051709197224806,0.1396225374455149,-0.11050041796643195,1.8248010978889695,left
8,5,20,13,2.055067898704111,2.1051709197224806,0.8087527636641405,-0.22628830092538554,2.251366099460091,left
8,5,21,15,2.0543445942466607,2.1051709197224806,1.7013193398478972,0.9185417611187312,0.3930721579897827,right
8,5,22,9,2.0542870076967965,2.1051709197224806,0.8285085202387759,0.48576965454669785,0.8674079383436686,right
8,5,23,47,2.0541847592469384,2.1051709197224806,-0.27581964074433385,0.5558279650344324,0.7162675998033778,right
8,5,24,12,2.0522309480368106,2.1051709197224806,0.9814652755796902,-0.12234022532679367,1.5415111511528559,left
8,5,25,1,2.052051229371755,2.1051709197224806,0.9182819691498343,0.20882601568176518,0.9273495841269943,left
8,5,26,42,2.0517669865185564,2.1051709197224806,2.0165662307531367,0.28806153823731895,0.11193510183449122,left
8,5,27,24,2.0517164069072527,2.1051709197224806,1.1831323330268395,0.8888782642623041,0.09151016216389739,left
8,5,28,4,2.051652176810372,2.1051709197224806,2.005519251292345,-0.14952134257354488,2.0676143076272298,left
8,5,29,33,2.0515509520164805,2.1051709197224806,1.4950954616642393,0.7326069516941183,1.05306740277323,left
8,5,30,14,2.05148484831114,2.1051709197224806,3.1064043689839558,0.4274138839011121,1.6824272212284235,left
8,5,31,16,2.051219815428376,2.1051709197224806,2.6120583480862223,0.6667604928582753,1.637874498440598,right
8,5,32,21,2.0508062410807337,2.1051709197224806,1.5303844095379646,0.6542157112200091,1.3771763837686999,left
8,5,33,3,2.0506891435022356,2.1051709197224806,-0.9943563869615282,0.026160536083887354,0.06217868150490246,left
8,5,34,20,2.050384375785195,2.1051709197224806,-0.9360788615655843,0.8759189284198583,1.8395455470381885,left
8,5,35,41,2.050202950772519,2.1051709197224806,0.2525424839466004,0.9236896364895193,0.5536106961165298,right
8,5,36,45,2.049501406098228,2.1051709197224806,0.6391440986092654,-0.4757471095262781,1.931982497146284,left
8,5,37,29,2.0481010628264955,2.1051709197224806,2.2369948633741212,0.9457391047766672,0.8825088859417355,right
8,5,38,38,2.0479273034340015,2.1051709197224806,2.838421534666436,0.2738916849943783,0.42961264631308227,left
8,5,39,32,2.047871042950927,2.1051709197224806,0.27914150623136536,0.6119308732173752,1.0074121292788725,left
8,5,40,5,2.047516345084901,2.1051709197224806,2.6804641328474856,0.336500214582115,1.8848332943334771,left
8,5,41,48,2.047506948262469,2.1051709197224806,2.4677713197927047,0.1263433395809409,1.9077281813083367,left
8,5,42,22,2.0474531116227705,2.1051709197224806,3.0198843853188757,0.42559938296097255,0.9114610532491532,left
8,5,43,43,2.046576681406882,2.1051709197224806,2.2588729029266936,0.5972927290963246,1.8488221992911336,right
8,5,44,2,2.0459222077564814,2.1051709197224806,1.1945151902353688,0.8095649462331707,1.5898117299963208,right
8,5,45,30,2.044844330488341,2.1051709197224806,3.7102938888010746,0.4429641072410506,1.3682991144660668,right
8,5,46,7,2.0444243016686583,2.1051709197224806,-0.5938415283835637,0.9157854092894981,1.1433229736973414,right
8,5,47,10,2.042833096578182,2.1051709197224806,2.3059341296266536,-0.415254932345579,1.6535033284684586,left
8,5,48,19,2.037453795179964,2.1051709197224806,2.3410210629689985,0.15242981979410308,1.1275004665457662,left
8,5,49,18,2.037022467663359,2.1051709197224806,3.4050167782618663,0.03963287914970137,0.07166462539048207,right
8,10,0,8,2.1300352965100395,2.1051709197224806,-0.9855707760838636,-0.3694261749214114,0.9318828342316452,left
8,10,1,11,2.1146506361264072,2.1051709197224806,2.9330293981851177,0.18560888372484963,1.7249421469872237,left
8,10,2,3,2.1144623954162585,2.1051709197224806,-0.9943563869615282,0.026160536083887354,0.06217868150490246,left
8,10,3,9,2.112535717188698,2.1051709197224806,0.8285085202387759,0.48576965454669785,0.8674079383436686,right
8,10,4,17,2.112438537079007,2.1051709197224806,1.8424203932413135,-0.6544304000800649,1.5869018758011746,left
8,10,5,31,2.1123984159135576,2.1051709197224806,-0.35673400255918386,-0.24894920150777167,0.2702723920798846,right
8,10,6,40,2.112056873997708,2.1051709197224806,0.4009223393242949,0.2176138885235418,0.5550347215892242,right
8,10,7,10,2.1103971160267987,2.1051709197224806,2.3059341296266536,-0.415254932345579,1.6535033284684586,left
8,10,8,37,2.109306653537228,2.1051709197224806,0.9627530197273524,0.2567543423283303,2.027264631356207,left
8,10,9,20,2.1081812309143197,2.1051709197224806,-0.9360788615655843,0.8759189284198583,1.8395455470381885,left
8,10,10,27,2.108018914616591,2.1051709197224806,2.8765785419939935,0.4690975937950632,1.3589152487970706,left
8,10,11,36,2.1073473093439734,2.1051709197224806,3.7868761296495546,-0.6361387569631551,2.0147201717295755,left
8,10,12,49,2.1072156515696925,2.1051709197224806,0.4531544933190199,0.31495973413194345,0.7065029735176566,left
8,10,13,15,2.105755905636334,2.1051709197224806,1.7013193398478972,0.9185417611187312,0.3930721579897827,right
8,10,14,12,2.105482140334951,2.1051709197224806,0.9814652755796902,-0.12234022532679367,1.5415111511528559,left
8,10,15,28,2.105358432772352,2.1051709197224806,-0.7195885317192898,0.25605651827037856,1.45473351495608,left
8,10,16,46,2.1050141989945175,2.1051709197224806,-0.8130772744243733,-0.38107148053305184,0.9454723385938192,right
8,10,17,25,2.104642552254883,2.1051709197224806,2.4493634597747,0.8474106080365098,0.5357436843988037,left
8,10,18,48,2.10454732767316,2.1051709197224806,2.4677713197927047,0.1263433395809409,1.9077281813083367,left
8,10,19,44,2.104192908045885,2.1051709197224806,3.33013592086372,0.5304267684302331,1.0283331476063708,left
8,10,20,47,2.10379462999657,2.1051709197224806,-0.27581964074433385,0.5558279650344324,0.7162675998033778,right
8,10,21,26,2.1034591580469093,2.1051709197224806,1.7314803776444432,0.8379277333673956,1.1067541374032874,right
8,10,22,39,2.1026276630519747,2.1051709197224806,-0.9851563022440687,0.8203925059300425,0.912064904548563,right
8,10,23,0,2.1024333048460115,2.1051709197224806,-0.18417131411362608,0.25236815846386684,1.387074299928226,left
8,10,24,33,2.1023470471774885,2.1051709197224806,1.4950954616642393,0.7326069516941183,1.05306740277323,left
8,10,25,32,2.1015034146438953,2.1051709197224806,0.27914150623136536,0.6119308732173752,1.0074121292788725,left
8,10,26,6,2.10116634379372,2.1051709197224806,1.8837406956710616,-0.6291935202765038,2.1748107925665883,left
8,10,27,1,2.100900439647332,2.1051709197224806,0.9182819691498343,0.20882601568176518,0.9273495841269943,left
8,10,28,2,2.1008160600420593,2.1051709197224806,1.1945151902353688,0.8095649462331707,1.5898117299963208,right
8,10,29,5,2.100401768075984,2.1051709197224806,2.6804641328474856,0.336500214582115,1.8848332943334771,left
8,10,30,34,2.100333668966429,2.1051709197224806,0.1396225374455149,-0.11050041796643195,1.8248010978889695,left
8,10,31,24,2.100311371352596,2.1051709197224806,1.1831323330268395,0.8888782642623041,0.09151016216389739,left
8,10,32,45,2.1001728385821457,2.1051709197224806,0.6391440986092654,-0.4757471095262781,1.931982497146284,left
8,10,33,4,2.0993876358054533,2.1051709197224806,2.005519251292345,-0.14952134257354488,2.0676143076272298,left
8,10,34,14,2.0993133906376036,2.1051709197224806,3.1064043689839558,0.4274138839011121,1.6824272212284235,left
8,10,35,19,2.0992332646811382,2.1051709197224806,2.3410210629689985,0.15242981979410308,1.1275004665457662,left
8,10,36,35,2.0987656458161417,2.1051709197224806,3.5127609033225466,0.9596611861764976,1.5942321618018631,right
8,10,37,38,2.09865397954259,2.1051709197224806,2.838421534666436,0.2738916849943783,0.42961264631308227,left
8,10,38,30,2.0986207299063655,2.1051709197224806,3.7102938888010746,0.4429641072410506,1.3682991144660668,right
8,10,39,22,2.0986050721901726,2.1051709197224806,3.0198843853188757,0.42559938296097255,0.9114610532491532,left
8,10,40,13,2.097915877191599,2.1051709197224806,0.8087527636641405,-0.22628830092538554,2.251366099460091,left
8,10,41,41,2.096732498165639,2.1051709197224806,0.2525424839466004,0.9236896364895193,0.5536106961165298,right
8,10,42,23,2.0964682075425207,2.1051709197224806,2.0440763607799664,0.6587253348466637,0.7985123079950365,right
8,10,43,21,2.0960709106063042,2.1051709197224806,1.5303844095379646,0.6542157112200091,1.3771763837686999,left
8,10,44,7,2.0954296361920024,2.1051709197224806,-0.5938415283835637,0.9157854092894981,1.1433229736973414,right
8,10,45,18,2.0952172032794074,2.1051709197224806,3.4050167782618663,0.03963287914970137,0.07166462539048207,right
8,10,46,42,2.095193747112522,2.1051709197224806,2.0165662307531367,0.28806153823731895,0.11193510183449122,left
8,10,47,43,2.0939797828860844,2.1051709197224806,2.2588729029266936,0.5972927290963246,1.8488221992911336,right
8,10,48,16,2.0928985285205197,2.1051709197224806,2.6120583480862223,0.6667604928582753,1.637874498440598,right
8,10,49,29,2.09167173511852,2.1051709197224806,2.2369948633741212,0.9457391047766672,0.8825088859417355,right
8,15,0,9,2.051753149568131,2.1051709197224806,0.8285085202387759,0.48576965454669785,0.8674079383436686,right
8,15,1,46,2.048459773882832,2.1051709197224806,-0.8130772744243733,-0.38107148053305184,0.9454723385938192,right
8,15,2,40,2.034785086792726,2.1051709197224806,0.4009223393242949,0.2176138885235418,0.5550347215892242,right
8,15,3,17,2.0344676954298384,2.1051709197224806,1.8424203932413135,-0.6544304000800649,1.5869018758011746,left
8,15,4,33,2.03142106340255,2.1051709197224806,1.4950954616642393,0.7326069516941183,1.05306740277323,left
8,15,5,37,2.0313086814850427,2.1051709197224806,0.9627530197273524,0.2567543423283303,2.027264631356207,left
8,15,6,30,2.0288637723988634,2.1051709197224806,3.7102938888010746,0.4429641072410506,1.3682991144660668,right
8,15,7,14,2.026455848219249,2.1051709197224806,3.1064043689839558,0.4274138839011121,1.6824272212284235,left
8,15,8,6,2.0250968870669857,2.1051709197224806,1.8837406956710616,-0.6291935202765038,2.1748107925665883,left
8,15,9,21,2.024790765410548,2.1051709197224806,1.5303844095379646,0.6542157112200091,1.3771763837686999,left
8,15,10,2,2.023507429314755,2.1051709197224806,1.1945151902353688,0.8095649462331707,1.5898117299963208,right
8,15,11,5,2.0230963110702636,2.1051709197224806,2.6804641328474856,0.336500214582115,1.8848332943334771,left
8,15,12,34,2.0229347555284,2.1051709197224806,0.1396225374455149,-0.11050041796643195,1.8248010978889695,left
8,15,13,49,2.022132154454111,2.1051709197224806,0.4531544933190199,0.31495973413194345,0.7065029735176566,left
8,15,14,42,2.0210161017547246,2.1051709197224806,2.0165662307531367,0.28806153823731895,0.11193510183449122,left
8,15,15,31,2.0209066353673775,2.1051709197224806,-0.35673400255918386,-0.24894920150777167,0.2702723920798846,right
8,15,16,20,2.020242852599427,2.1051709197224806,-0.9360788615655843,0.8759189284198583,1.8395455470381885,left
8,15,17,28,2.0182560945308086,2.1051709197224806,-0.7195885317192898,0.25605651827037856,1.45473351495608,left
8,15,18,35,2.017857196536246,2.1051709197224806,3.5127609033225466,0.9596611861764976,1.5942321618018631,right
8,15,19,43,2.017619922048855,2.1051709197224806,2.2588729029266936,0.5972927290963246,1.8488221992911336,right
8,15,20,19,2.0170500020158153,2.1051709197224806,2.3410210629689985,0.15242981979410308,1.1275004665457662,left
8,15,21,45,2.017011785028549,2.1051709197224806,0.6391440986092654,-0.4757471095262781,1.931982497146284,left
8,15,22,12,2.0167057570519082,2.1051709197224806,0.9814652755796902,-0.12234022532679367,1.5415111511528559,left
8,15,23,15,2.015312135739487,2.1051709197224806,1.7013193398478972,0.9185417611187312,0.3930721579897827,right
8,15,24,13,2.0127527535404313,2.1051709197224806,0.8087527636641405,-0.22628830092538554,2.251366099460091,left
8,15,25,26,2.012287313289286,2.1051709197224806,1.7314803776444432,0.8379277333673956,1.1067541374032874,right
8,15,26,10,2.0120093380937796,2.1051709197224806,2.3059341296266536,-0.415254932345579,1.6535033284684586,left
8,15,27,36,2.011421722437397,2.1051709197224806,3.7868761296495546,-0.6361387569631551,2.0147201717295755,left
8,15,28,8,2.0113328301455224,2.1051709197224806,-0.9855707760838636,-0.3694261749214114,0.9318828342316452,left
8,15,29,47,2.0113143023644895,2.1051709197224806,-0.27581964074433385,0.5558279650344324,0.7162675998033778,right
8,15,30,29,2.0108874191877764,2.1051709197224806,2.2369948633741212,0.9457391047766672,0.8825088859417355,right
8,15,31,7,2.0097163684238124,2.1051709197224806,-0.5938415283835637,0.9157854092894981,1.1433229736973414,right
8,15,32,4,2.0064772150742405,2.1051709197224806,2.005519251292345,-0.14952134257354488,2.0676143076272298,left
8,15,33,3,2.005441766576339,2.1051709197224806,-0.9943563869615282,0.026160536083887354,0.06217868150490246,left
8,15,34,23,2.0041770079637713,2.1051709197224806,2.0440763607799664,0.6587253348466637,0.7985123079950365,right
8,15,35,16,2.0041349088386298,2.1051709197224806,2.6120583480862223,0.6667604928582753,1.637874498440598,right
8,15,36,24,2.0026167703613793,2.1051709197224806,1.1831323330268395,0.8888782642623041,0.09151016216389739,left
8,15,37,11,2.0020951688468704,2.1051709197224806,2.9330293981851177,0.18560888372484963,1.7249421469872237,left
8,15,38,1,2.000495028158248,2.1051709197224806,0.9182819691498343,0.20882601568176518,0.9273495841269943,left
8,15,39,48,1.9997432902838694,2.1051709197224806,2.4677713197927047,0.1263433395809409,1.9077281813083367,left
8,15,40,32,1.9993496885230886,2.1051709197224806,0.27914150623136536,0.6119308732173752,1.0074121292788725,left
8,15,41,25,1.9975420184161237,2.1051709197224806,2.4493634597747,0.8474106080365098,0.5357436843988037,left
8,15,42,22,1.9969873807479974,2.1051709197224806,3.0198843853188757,0.42559938296097255,0.9114610532491532,left
8,15,43,41,1.9942747889663757,2.1051709197224806,0.2525424839466004,0.9236896364895193,0.5536106961165298,right
8,15,44,27,1.9929080893915234,2.1051709197224806,2.8765785419939935,0.4690975937950632,1.3589152487970706,left
8,15,45,38,1.9886613977865124,2.1051709197224806,2.838421534666436,0.2738916849943783,0.42961264631308227,left
8,15,46,39,1.9847653997047123,2.1051709197224806,-0.9851563022440687,0.8203925059300425,0.912064904548563,right
8,15,47,18,1.9832257925735748,2.1051709197224806,3.4050167782618663,0.03963287914970137,0.07166462539048207,right
8,15,48,0,1.9757184600612596,2.1051709197224806,-0.18417131411362608,0.25236815846386684,1.387074299928226,left
8,15,49,44,1.9654425792548516,2.1051709197224806,3.33013592086372,0.5304267684302331,1.0283331476063708,left
8,20,0,25,3.4199286610167765,2.1051709197224806,2.4493634597747,0.8474106080365098,0.5357436843988037,left
8,20,1,2,3.3767791571098975,2.1051709197224806,1.1945151902353688,0.8095649462331707,1.5898117299963208,right
8,20,2,12,3.350096767495587,2.1051709197224806,0.9814652755796902,-0.12234022532679367,1.5415111511528559,left
8,20,3,15,3.3362940363231193,2.1051709197224806,1.7013193398478972,0.9185417611187312,0.3930721579897827,right
8,20,4,9,3.3221931293212745,2.1051709197224806,0.8285085202387759,0.48576965454669785,0.8674079383436686,right
8,20,5,24,3.31754252710625,2.1051709197224806,1.1831323330268395,0.8888782642623041,0.09151016216389739,left
8,20,6,46,3.305363021703779,2.1051709197224806,-0.8130772744243733,-0.38107148053305184,0.9454723385938192,right
8,20,7,48,3.303940335857005,2.1051709197224806,2.4677713197927047,0.1263433395809409,1.9077281813083367,left
8,20,8,23,3.2959503134216934,2.1051709197224806,2.0440763607799664,0.6587253348466637,0.7985123079950365,right
8,20,9,17,3.2948864498888097,2.1051709197224806,1.8424203932413135,-0.6544304000800649,1.5869018758011746,left
8,20,10,37,3.2921339058418075,2.1051709197224806,0.9627530197273524,0.2567543423283303,2.027264631356207,left
8,20,11,31,3.2866762073712708,2.1051709197224806,-0.35673400255918386,-0.24894920150777167,0.2702723920798846,right
8,20,12,40,3.2858338478206233,2.1051709197224806,0.4009223393242949,0.2176138885235418,0.5550347215892242,right
8,20,13,13,3.2843651278393873,2.1051709197224806,0.8087527636641405,-0.22628830092538554,2.251366099460091,left
8,20,14,20,3.280246945831806,2.1051709197224806,-0.9360788615655843,0.8759189284198583,1.8395455470381885,left
8,20,15,1,3.2783876636643225,2.1051709197224806,0.9182819691498343,0.20882601568176518,0.9273495841269943,left
8,20,16,10,3.277659031176758,2.1051709197224806,2.3059341296266536,-0.415254932345579,1.6535033284684586,left
8,20,17,43,3.2761406002141973,2.1051709197224806,2.2588729029266936,0.5972927290963246,1.8488221992911336,right
8,20,18,21,3.270279430916233,2.1051709197224806,1.5303844095379646,0.6542157112200091,1.3771763837686999,left
8,20,19,27,3.2688586050738886,2.1051709197224806,2.8765785419939935,0.4690975937950632,1.3589152487970706,left
8,20,20,26,3.2608905337826104,2.1051709197224806,1.7314803776444432,0.8379277333673956,1.1067541374032874,right
8,20,21,36,3.2518409387395866,2.1051709197224806,3.7868761296495546,-0.6361387569631551,2.0147201717295755,left
8,20,22,4,3.2509977966747963,2.1051709197224806,2.005519251292345,-0.14952134257354488,2.0676143076272298,left
8,20,23,6,3.248640137235874,2.1051709197224806,1.8837406956710616,-0.6291935202765038,2.1748107925665883,left
8,20,24,42,3.2350185707935504,2.1051709197224806,2.0165662307531367,0.28806153823731895,0.11193510183449122,left
8,20,25,11,3.2318048905481556,2.1051709197224806,2.9330293981851177,0.18560888372484963,1.7249421469872237,left
8,20,26,29,3.2278218769805798,2.1051709197224806,2.2369948633741212,0.9457391047766672,0.8825088859417355,right
8,20,27,28,3.2255908987596635,2.1051709197224806,-0.7195885317192898,0.25605651827037856,1.45473351495608,left
8,20,28,41,3.2248240932491,2.1051709197224806,0.2525424839466004,0.9236896364895193,0.5536106961165298,right
8,20,29,39,3.223831155162925,2.1051709197224806,-0.9851563022440687,0.8203925059300425,0.912064904548563,right
8,20,30,30,3.2228042196106568,2.1051709197224806,3.7102938888010746,0.4429641072410506,1.3682991144660668,right
8,20,31,19,3.2211697503016286,2.1051709197224806,2.3410210629689985,0.15242981979410308,1.1275004665457662,left
8,20,32,16,3.211468893732405,2.1051709197224806,2.6120583480862223,0.6667604928582753,1.637874498440598,right
8,20,33,0,3.203452573327568,2.1051709197224806,-0.18417131411362608,0.25236815846386684,1.387074299928226,left
8,20,34,14,3.1991656821105567,2.1051709197224806,3.1064043689839558,0.4274138839011121,1.6824272212284235,left
8,20,35,47,3.194970646258043,2.1051709197224806,-0.27581964074433385,0.5558279650344324,0.7162675998033778,right
8,20,36,35,3.191440175643264,2.1051709197224806,3.5127609033225466,0.9596611861764976,1.5942321618018631,right
8,20,37,32,3.184218140600459,2.1051709197224806,0.27914150623136536,0.6119308732173752,1.0074121292788725,left
8,20,38,7,3.1826894268437957,2.1051709197224806,-0.5938415283835637,0.9157854092894981,1.1433229736973414,right
8,20,39,18,3.17322800849483,2.1051709197224806,3.4050167782618663,0.03963287914970137,0.07166462539048207,right
8,20,40,8,3.161053869056084,2.1051709197224806,-0.9855707760838636,-0.3694261749214114,0.9318828342316452,left
8,20,41,22,3.15974912598185,2.1051709197224806,3.0198843853188757,0.42559938296097255,0.9114610532491532,left
8,20,42,38,3.155912508723845,2.1051709197224806,2.838421534666436,0.2738916849943783,0.42961264631308227,left
8,20,43,34,3.143406408542233,2.1051709197224806,0.1396225374455149,-0.11050041796643195,1.8248010978889695,left
8,20,44,3,3.140647897000051,2.1051709197224806,-0.9943563869615282,0.026160536083887354,0.06217868150490246,left
8,20,45,33,3.1280029180768447,2.1051709197224806,1.4950954616642393,0.7326069516941183,1.05306740277323,left
8,20,46,49,3.0908148392986785,2.1051709197224806,0.4531544933190199,0.31495973413194345,0.7065029735176566,left
8,20,47,5,3.0882714234053585,2.1051709197224806,2.6804641328474856,0.336500214582115,1.8848332943334771,left
8,20,48,45,3.0567102062243663,2.1051709197224806,0.6391440986092654,-0.4757471095262781,1.931982497146284,left
8,20,49,44,2.9860464397999333,2.1051709197224806,3.33013592086372,0.5304267684302331,1.0283331476063708,left
8,25,0,0,3.0445799757487886,2.117543969101596,-0.18417131411362608,0.25236815846386684,1.387074299928226,left
8,25,1,1,3.0445799757487886,2.1051709197224806,0.9182819691498343,0.20882601568176518,0.9273495841269943,left
8,25,2,2,3.0445799757487886,2.1051709197224806,1.1945151902353688,0.8095649462331707,1.5898117299963208,right
8,25,3,3,3.0445799757487886,2.1051709197224806,-0.9943563869615282,0.026160536083887354,0.06217868150490246,left
8,25,4,4,3.0445799757487886,2.110706231286822,2.005519251292345,-0.14952134257354488,2.0676143076272298,left
8,25,5,5,3.0445799757487886,2.1051709197224806,2.6804641328474856,0.336500214582115,1.8848332943334771,left
8,25,6,6,3.0445799757487886,2.1051709197224806,1.8837406956710616,-0.6291935202765038,2.1748107925665883,left
8,25,7,7,3.0445799757487886,2.1051709197224806,-0.5938415283835637,0.9157854092894981,1.1433229736973414,right
8,25,8,8,3.0445799757487886,2.1051709197224806,-0.9855707760838636,-0.3694261749214114,0.9318828342316452,left
8,25,9,9,3.0445799757487886,2.1051709197224806,0.8285085202387759,0.48576965454669785,0.8674079383436686,right
8,25,10,10,3.0445799757487886,2.1051709197224806,2.3059341296266536,-0.415254932345579,1.6535033284684586,left
8,25,11,11,3.0445799757487886,2.1051709197224806,2.9330293981851177,0.18560888372484963,1.7249421469872237,left
8,25,12,12,3.0445799757487886,2.1051709197224806,0.9814652755796902,-0.12234022532679367,1.5415111511528559,left
8,25,13,13,3.0445799757487886,2.1051709197224806,0.8087527636641405,-0.22628830092538554,2.251366099460091,left
8,25,14,14,3.0445799757487886,2.1051709197224806,3.1064043689839558,0.4274138839011121,1.6824272212284235,left
8,25,15,15,3.0445799757487886,2.1051709197224806,1.7013193398478972,0.9185417611187312,0.3930721579897827,right
8,25,16,16,3.0445799757487886,2.1051709197224806,2.6120583480862223,0.6667604928582753,1.637874498440598,right
8,25,17,17,3.0445799757487886,2.1051709197224806,1.8424203932413135,-0.6544304000800649,1.5869018758011746,left
8,25,18,18,3.0445799757487886,2.1051709197224806,3.4050167782618663,0.03963287914970137,0.07166462539048207,right
8,25,19,19,3.0445799757487886,2.112683128274086,2.3410210629689985,0.15242981979410308,1.1275004665457662,left
8,25,20,20,3.0445799757487886,2.1156880116947288,-0.9360788615655843,0.8759189284198583,1.8395455470381885,left
8,25,21,21,3.0445799757487886,2.1051709197224806,1.5303844095379646,0.6542157112200091,1.3771763837686999,left
8,25,22,22,3.0445799757487886,2.1051709197224806,3.0198843853188757,0.42559938296097255,0.9114610532491532,left
8,25,23,23,3.0445799757487886,2.1051709197224806,2.0440763607799664,0.6587253348466637,0.7985123079950365,right
8,25,24,24,3.0445799757487886,2.1051709197224806,1.1831323330268395,0.8888782642623041,0.09151016216389739,left
8,25,25,25,3.0445799757487886,2.1051709197224806,2.4493634597747,0.8474106080365098,0.5357436843988037,left
8,25,26,26,3.0445799757487886,2.1051709197224806,1.7314803776444432,0.8379277333673956,1.1067541374032874,right
8,25,27,27,3.0445799757487886,2.120195336825692,2.8765785419939935,0.4690975937950632,1.3589152487970706,left
8,25,28,28,3.0445799757487886,2.1051709197224806,-0.7195885317192898,0.25605651827037856,1.45473351495608,left
8,25,29,29,3.0445799757487886,2.1051709197224806,2.2369948633741212,0.9457391047766672,0.8825088859417355,right
8,25,30,30,3.0445799757487886,2.1051709197224806,3.7102938888010746,0.4429641072410506,1.3682991144660668,right
8,25,31,31,3.0445799757487886,2.1051709197224806,-0.35673400255918386,-0.24894920150777167,0.2702723920798846,right
8,25,32,32,3.0445799757487886,2.1051709197224806,0.27914150623136536,0.6119308732173752,1.0074121292788725,left
8,25,33,33,3.0445799757487886,2.1051709197224806,1.4950954616642393,0.7326069516941183,1.05306740277323,left
8,25,34,34,3.0445799757487886,2.1051709197224806,0.1396225374455149,-0.11050041796643195,1.8248010978889695,left
8,25,35,35,3.0445799757487886,2.1051709197224806,3.5127609033225466,0.9596611861764976,1.5942321618018631,right
8,25,36,36,3.0445799757487886,2.1090661389714613,3.7868761296495546,-0.6361387569631551,2.0147201717295755,left
8,25,37,37,3.0445799757487886,2.1051709197224806,0.9627530197273524,0.2567543423283303,2.027264631356207,left
8,25,38,38,3.0445799757487886,2.1051709197224806,2.838421534666436,0.2738916849943783,0.42961264631308227,left
8,25,39,39,3.0445799757487886,2.1117441022051358,-0.9851563022440687,0.8203925059300425,0.912064904548563,right
8,25,40,40,3.0445799757487886,2.109553041377584,0.4009223393242949,0.2176138885235418,0.5550347215892242,right
8,25,41,41,3.0445799757487886,2.1051709197224806,0.2525424839466004,0.9236896364895193,0.5536106961165298,right
8,25,42,42,3.0445799757487886,2.1051709197224806,2.0165662307531367,0.28806153823731895,0.11193510183449122,left
8,25,43,43,3.0445799757487886,2.1051709197224806,2.2588729029266936,0.5972927290963246,1.8488221992911336,right
8,25,44,44,3.0445799757487886,2.1051709197224806,3.33013592086372,0.5304267684302331,1.0283331476063708,left
8,25,45,45,3.0445799757487886,2.1051709197224806,0.6391440986092654,-0.4757471095262781,1.931982497146284,left
8,25,46,46,3.0445799757487886,2.1051709197224806,-0.8130772744243733,-0.38107148053305184,0.9454723385938192,right
8,25,47,47,3.0445799757487886,2.1051709197224806,-0.27581964074433385,0.5558279650344324,0.7162675998033778,right
8,25,48,48,3.0445799757487886,2.1051709197224806,2.4677713197927047,0.1263433395809409,1.9077281813083367,left
8,25,49,49,3.0445799757487886,2.1051709197224806,0.4531544933190199,0.31495973413194345,0.7065029735176566,left
8,30,0,7,3.2676075880702933,2.120195336825692,-0.5938415283835637,0.9157854092894981,1.1433229736973414,right
8,30,1,20,3.2253692334305883,2.1051709197224806,-0.9360788615655843,0.8759189284198583,1.8395455470381885,left
8,30,2,41,3.163381173463468,2.1147319124245243,0.2525424839466004,0.9236896364895193,0.5536106961165298,right
8,30,3,46,3.157287523694831,2.1113574444120387,-0.8130772744243733,-0.38107148053305184,0.9454723385938192,right
8,30,4,39,3.1484309803561854,2.1051709197224806,-0.9851563022440687,0.8203925059300425,0.912064904548563,right
8,30,5,9,3.1407723024094087,2.1051709197224806,0.8285085202387759,0.48576965454669785,0.8674079383436686,right
8,30,6,36,3.136027676243807,2.1090661389714613,3.7868761296495546,-0.6361387569631551,2.0147201717295755,left
8,30,7,3,3.1236798424525647,2.1139351630326875,-0.9943563869615282,0.026160536083887354,0.06217868150490246,left
8,30,8,27,3.1150477371965897,2.120195336825692,2.8765785419939935,0.4690975937950632,1.3589152487970706,left
8,30,9,11,3.1125717864495206,2.1051709197224806,2.9330293981851177,0.18560888372484963,1.7249421469872237,left
8,30,10,13,3.111333647790616,2.111013748595952,0.8087527636641405,-0.22628830092538554,2.251366099460091,left
8,30,11,48,3.0859686370117636,2.12944113196613,2.4677713197927047,0.1263433395809409,1.9077281813083367,left
8,30,12,14,3.08396113128047,2.1147319124245243,3.1064043689839558,0.4274138839011121,1.6824272212284235,left
8,30,13,38,3.0803594189639427,2.112683128274086,2.838421534666436,0.2738916849943783,0.42961264631308227,left
8,30,14,47,3.0736305726860893,2.1051709197224806,-0.27581964074433385,0.5558279650344324,0.7162675998033778,right
8,30,15,42,3.066641897526436,2.110429465708605,2.0165662307531367,0.28806153823731895,0.11193510183449122,left
8,30,16,12,3.061669144908687,2.1314636496531008,0.9814652755796902,-0.12234022532679367,1.5415111511528559,left
8,30,17,16,3.061023279650611,2.121776854415504,2.6120583480862223,0.6667604928582753,1.637874498440598,right
8,30,18,35,3.057125331905868,2.117543969101596,3.5127609033225466,0.9596611861764976,1.5942321618018631,right
8,30,19,4,3.055738331771348,2.121776854415504,2.005519251292345,-0.14952134257354488,2.0676143076272298,left
8,30,20,28,3.0446565695575103,2.127312165979845,-0.7195885317192898,0.25605651827037856,1.45473351495608,left
8,30,21,6,3.0421753670302065,2.121351061218247,1.8837406956710616,-0.6291935202765038,2.1748107925665883,left
8,30,22,25,3.0411561975244545,2.1175439691015963,2.4493634597747,0.8474106080365098,0.5357436843988037,left
8,30,23,34,3.0368888620808177,2.126205103666977,0.1396225374455149,-0.11050041796643195,1.8248010978889695,left
8,30,24,44,3.036741060298616,2.112683128274086,3.33013592086372,0.5304267684302331,1.0283331476063708,left
8,30,25,30,3.0311789892050633,2.1156880116947288,3.7102938888010746,0.4429641072410506,1.3682991144660668,right
8,30,26,2,3.031056711693368,2.121351061218247,1.1945151902353688,0.8095649462331707,1.5898117299963208,right
8,30,27,22,3.026673766732298,2.129917018480711,3.0198843853188757,0.42559938296097255,0.9114610532491532,left
8,30,28,24,3.0022285986864525,2.118317284687791,1.1831323330268395,0.8888782642623041,0.09151016216389739,left
8,30,29,29,3.001777898758978,2.1139351630326875,2.2369948633741212,0.9457391047766672,0.8825088859417355,right
8,30,30,8,3.0009084305982934,2.1139351630326875,-0.9855707760838636,-0.3694261749214114,0.9318828342316452,left
8,30,31,45,3.000438575650101,2.121351061218247,0.6391440986092654,-0.4757471095262781,1.931982497146284,left
8,30,32,15,3.000129417207868,2.1051709197224806,1.7013193398478972,0.9185417611187312,0.3930721579897827,right
8,30,33,18,2.9905350907040646,2.1051709197224806,3.4050167782618663,0.03963287914970137,0.07166462539048207,right
8,30,34,19,2.9897057303651264,2.1051709197224806,2.3410210629689985,0.15242981979410308,1.1275004665457662,left
8,30,35,37,2.9851267228001532,2.122699406342894,0.9627530197273524,0.2567543423283303,2.027264631356207,left
8,30,36,21,2.97834982172949,2.110706231286822,1.5303844095379646,0.6542157112200091,1.3771763837686999,left
8,30,37,33,2.9694654789207724,2.122699406342894,1.4950954616642393,0.7326069516941183,1.05306740277323,left
8,30,38,43,2.9652159294825653,2.124292905126568,2.2588729029266936,0.5972927290963246,1.8488221992911336,right
8,30,39,31,2.9630982065523552,2.1051709197224806,-0.35673400255918386,-0.24894920150777167,0.2702723920798846,right
8,30,40,10,2.9582520902378637,2.1121823143706457,2.3059341296266536,-0.415254932345579,1.6535033284684586,left
8,30,41,32,2.956642935492838,2.120195336825692,0.27914150623136536,0.6119308732173752,1.0074121292788725,left
8,30,42,0,2.955678549518381,2.117543969101596,-0.18417131411362608,0.25236815846386684,1.387074299928226,left
8,30,43,40,2.9549417808961698,2.109553041377584,0.4009223393242949,0.2176138885235418,0.5550347215892242,right
8,30,44,23,2.918451686165519,2.1209465576808526,2.0440763607799664,0.6587253348466637,0.7985123079950365,right
8,30,45,26,2.8928161361029625,2.1051709197224806,1.7314803776444432,0.8379277333673956,1.1067541374032874,right
8,30,46,5,2.875569643192631,2.1226994063428943,2.6804641328474856,0.336500214582115,1.8848332943334771,left
8,30,47,49,2.869731410652736,2.152975883232699,0.4531544933190199,0.31495973413194345,0.7065029735176566,left
8,30,48,17,2.869727141521325,2.1113574444120387,1.8424203932413135,-0.6544304000800649,1.5869018758011746,left
8,30,49,1,2.869324592873025,2.1051709197224806,0.9182819691498343,0.20882601568176518,0.9273495841269943,left
9,5,0,22,2.1475230505750016,2.1051709197224806,2.2173680010050267,0.4282877466441486,1.0217030458803538,left
9,5,1,28,2.133249266884616,2.1051709197224806,-0.8509293078923404,0.8971476820224062,0.9315210127888579,left
9,5,2,18,2.128153625806527,2.1051709197224806,-0.3836868482540564,-0.3068342314770525,1.2973863147935498,left
9,5,3,31,2.127738721242711,2.1051709197224806,0.537442839275811,0.5830494561272603,2.161392764755804,left
9,5,4,1,2.1268555277488908,2.1051709197224806,0.7533391280259432,0.7088478080883989,1.389783795385466,left
9,5,5,12,2.122412027290122,2.1051709197224806,0.5140217268161886,-0.4717582616900273,2.0462714032109823,right
9,5,6,0,2.122114891412841,2.1051709197224806,1.8765463511841811,0.5671570315445729,0.793688541371142,right
9,5,7,25,2.1220274803997725,2.1051709197224806,2.2149050006707105,0.30225189392099305,1.2187190710413751,right
9,5,8,29,2.121202166544075,2.1051709197224806,2.878205274342526,0.5829750834495298,0.7672409131157997,left
9,5,9,2,2.120899064300224,2.1051709197224806,1.2619130889991688,0.4378804858208385,2.289701428404528,left
9,5,10,11,2.119725689895051,2.1051709197224806,0.10980561359001806,0.6222917172336639,1.1192283682386104,left
9,5,11,23,2.1192065847436763,2.1051709197224806,-0.1022951668947949,0.9391722903624082,0.7817806479044922,right
9,5,12,4,2.1181382103619306,2.1051709197224806,3.289923640168353,0.06531367345995442,1.0841287761993523,right
9,5,13,16,2.117942588876634,2.1051709197224806,0.01643263863173061,0.10972906994691034,1.6988922759154466,right
9,5,14,35,2.117418238222351,2.1051709197224806,-0.9950460329627616,0.05212360210695832,1.1110134071392737,right
9,5,15,15,2.117105750802862,2.1051709197224806,1.3418815231581762,-0.1509562780065793,1.9586735044832941,right
9,5,16,8,2.116069258535508,2.1051709197224806,1.6624676271202703,0.8065673838058629,0.9712830659866732,right
9,5,17,27,2.1159671896217236,2.1051709197224806,1.9417361458033047,-0.07926234686735922,1.4686566372936052,left
9,5,18,3,2.114200103738545,2.1051709197224806,2.91774779879083,0.5648620453601132,0.0949040475772379,left
9,5,19,48,2.1139230908965456,2.1051709197224806,-0.5560130539846821,0.6904427042068535,1.1760416033110375,left
9,5,20,24,2.1137556821480405,2.1051709197224806,-0.7015645107985321,0.30386096548543895,1.6051636770214779,left
9,5,21,42,2.113064309200164,2.1051709197224806,2.0434637492206407,0.5732868931860191,1.2333649726566054,right
9,5,22,34,2.112657202287643,2.1051709197224806,-0.10300914962453189,0.0752710584944225,1.709293062276685,left
9,5,23,39,2.1126232965672522,2.1051709197224806,-0.8077192446171285,0.15815991680371388,0.4600294022568311,right
9,5,24,47,2.1123882458333396,2.1051709197224806,0.5202385764697373,-0.5443372154269929,2.141593811816011,right
9,5,25,17,2.112338664308064,2.1051709197224806,1.540075710577256,0.988498454433409,0.5497490613217135,right
9,5,26,36,2.1122229343323022,2.1051709197224806,0.8861674563858566,0.31562215608534605,1.172861670852504,left
9,5,27,7,2.1119486432998498,2.1051709197224806,-0.5882607221642996,-0.5106311222159299,1.1723770038151191,right
9,5,28,9,2.111419724830309,2.1051709197224806,0.3538601226955689,0.18221966849328397,0.8481838716276813,left
9,5,29,37,2.1109339751556666,2.1051709197224806,-0.5111323738606796,-0.19481286560162503,1.7547676632601883,right
9,5,30,20,2.1096829883665134,2.1051709197224806,0.7875128696098082,0.4975064053761642,1.3547642012374397,right
9,5,31,26,2.109515922072795,2.1051709197224806,3.2915417108757516,-0.5284110415663602,1.4519596282738927,left
9,5,32,33,2.108603854573122,2.1051709197224806,2.988446628474436,0.40734263860262243,1.314596358817409,left
9,5,33,14,2.1080025831576368,2.1051709197224806,2.773942649089353,0.5214787576169435,1.4180087269712323,right
9,5,34,43,2.106699992229613,2.1051709197224806,3.285432845496656,-0.5367119830201368,2.273940722141937,left
9,5,35,46,2.105510668023303,2.1051709197224806,3.7809544815970177,0.16396080673963764,1.7242663288811133,right
9,5,36,40,2.1053031084682194,2.1051709197224806,0.5406398248116027,0.93197892403454,0.679364980307366,left
9,5,37,5,2.105123595814532,2.1051709197224806,-0.4827387071894176,-0.27213292829769564,2.053826597541885,left
9,5,38,49,2.1051080485651745,2.1051709197224806,1.0210998286286257,0.6024848942785967,1.4143640212849018,left
9,5,39,19,2.1036759014738715,2.1051709197224806,1.8157308034541928,0.6864465883586821,0.2456972153909189,right
9,5,40,38,2.1027937120698916,2.1051709197224806,-0.18053279352792184,0.57939246416953,1.807415873078709,right
9,5,41,45,2.1024861673231148,2.1051709197224806,0.23006972672016923,0.4499079683741414,1.378050486883463,right
9,5,42,21,2.102079559194485,2.1051709197224806,2.6247476500085236,0.9530774621792575,2.2268352140758556,right
9,5,43,30,2.1010968760642665,2.1051709197224806,1.749662858512893,0.7619111955937141,0.16983005293729514,right
9,5,44,10,2.1008855314512855,2.1051709197224806,3.287779153052945,0.9546534465048788,1.936066223570659,right
9,5,45,6,2.098388081403279,2.1051709197224806,3.886152756513857,0.4551180149523739,1.0724985900920359,right
9,5,46,32,2.096988756699501,2.1051709197224806,2.375333407932124,-0.12533195794302188,2.1772581030801197,right
9,5,47,13,2.096435873179294,2.1051709197224806,1.618196953596784,0.972637826334358,1.9477833189419662,right
9,5,48,41,2.0923262194569245,2.1051709197224806,3.788996589136352,0.40939593395324736,0.5508667570577174,left
9,5,49,44,2.0922369118006157,2.1051709197224806,3.2641639773922178,0.8852961324510451,2.1898392332879753,left
9,10,0,26,2.059607813630431,2.1051709197224806,3.2915417108757516,-0.5284110415663602,1.4519596282738927,left
9,10,1,43,2.05469447918363,2.1051709197224806,3.285432845496656,-0.5367119830201368,2.273940722141937,left
9,10,2,28,2.053768867691346,2.1051709197224806,-0.8509293078923404,0.8971476820224062,0.9315210127888579,left
9,10,3,39,2.0535486696122396,2.1051709197224806,-0.8077192446171285,0.15815991680371388,0.4600294022568311,right
9,10,4,30,2.0522161988396563,2.1051709197224806,1.749662858512893,0.7619111955937141,0.16983005293729514,right
9,10,5,21,2.0515017399563753,2.1051709197224806,2.6247476500085236,0.9530774621792575,2.2268352140758556,right
9,10,6,15,2.050966673558638,2.1051709197224806,1.3418815231581762,-0.1509562780065793,1.9586735044832941,right
9,10,7,20,2.050840089891122,2.1051709197224806,0.7875128696098082,0.4975064053761642,1.3547642012374397,right
9,10,8,35,2.05018764775735,2.1051709197224806,-0.9950460329627616,0.05212360210695832,1.1110134071392737,right
9,10,9,14,2.0498964863402724,2.1051709197224806,2.773942649089353,0.5214787576169435,1.4180087269712323,right
9,10,10,34,2.049600079532212,2.1051709197224806,-0.10300914962453189,0.0752710584944225,1.709293062276685,left
9,10,11,1,2.0490190822401866,2.1051709197224806,0.7533391280259432,0.7088478080883989,1.389783795385466,left
9,10,12,44,2.048472825919544,2.1051709197224806,3.2641639773922178,0.8852961324510451,2.1898392332879753,left
9,10,13,6,2.0472581427703416,2.1051709197224806,3.886152756513857,0.4551180149523739,1.0724985900920359,right
9,10,14,46,2.0465140927027585,2.1051709197224806,3.7809544815970177,0.16396080673963764,1.7242663288811133,right
9,10,15,40,2.0462646435646366,2.1051709197224806,0.5406398248116027,0.93197892403454,0.679364980307366,left
9,10,16,16,2.045333832369876,2.1051709197224806,0.01643263863173061,0.10972906994691034,1.6988922759154466,right
9,10,17,10,2.0451735516185527,2.1051709197224806,3.287779153052945,0.9546534465048788,1.936066223570659,right
9,10,18,36,2.045133556893438,2.1051709197224806,0.8861674563858566,0.31562215608534605,1.172861670852504,left
9,10,19,47,2.042766921182209,2.1051709197224806,0.5202385764697373,-0.5443372154269929,2.141593811816011,right
9,10,20,23,2.0426454361751407,2.1051709197224806,-0.1022951668947949,0.9391722903624082,0.7817806479044922,right
9,10,21,9,2.041913504294036,2.1051709197224806,0.3538601226955689,0.18221966849328397,0.8481838716276813,left
9,10,22,38,2.0414661213974465,2.1051709197224806,-0.18053279352792184,0.57939246416953,1.807415873078709,right
9,10,23,25,2.0409332386202257,2.1051709197224806,2.2149050006707105,0.30225189392099305,1.2187190710413751,right
9,10,24,8,2.040845568870206,2.1051709197224806,1.6624676271202703,0.8065673838058629,0.9712830659866732,right
9,10,25,41,2.0401045704685794,2.1051709197224806,3.788996589136352,0.40939593395324736,0.5508667570577174,left
9,10,26,0,2.0396938624629812,2.1051709197224806,1.8765463511841811,0.5671570315445729,0.793688541371142,right
9,10,27,48,2.0394808497219783,2.1051709197224806,-0.5560130539846821,0.6904427042068535,1.1760416033110375,left
9,10,28,11,2.0389549820732396,2.1051709197224806,0.10980561359001806,0.6222917172336639,1.1192283682386104,left
9,10,29,49,2.038553829996741,2.1051709197224806,1.0210998286286257,0.6024848942785967,1.4143640212849018,left
9,10,30,3,2.038473817693297,2.1051709197224806,2.91774779879083,0.5648620453601132,0.0949040475772379,left
9,10,31,5,2.0382637952389016,2.1051709197224806,-0.4827387071894176,-0.27213292829769564,2.053826597541885,left
9,10,32,45,2.038109375970018,2.1051709197224806,0.23006972672016923,0.4499079683741414,1.378050486883463,right
9,10,33,33,2.0379680560628524,2.1051709197224806,2.988446628474436,0.40734263860262243,1.314596358817409,left
9,10,34,37,2.037358365343105,2.1051709197224806,-0.5111323738606796,-0.19481286560162503,1.7547676632601883,right
9,10,35,32,2.0363780929012387,2.1051709197224806,2.375333407932124,-0.12533195794302188,2.1772581030801197,right
9,10,36,17,2.035273227770965,2.1051709197224806,1.540075710577256,0.988498454433409,0.5497490613217135,right
9,10,37,7,2.0349338476407697,2.1051709197224806,-0.5882607221642996,-0.5106311222159299,1.1723770038151191,right
9,10,38,42,2.0347283452011578,2.1051709197224806,2.0434637492206407,0.5732868931860191,1.2333649726566054,right
9,10,39,13,2.034161563531626,2.1051709197224806,1.618196953596784,0.972637826334358,1.9477833189419662,right
9,10,40,24,2.033761358343921,2.1051709197224806,-0.7015645107985321,0.30386096548543895,1.6051636770214779,left
9,10,41,2,2.033577588290001,2.1051709197224806,1.2619130889991688,0.4378804858208385,2.289701428404528,left
9,10,42,18,2.0324487571688703,2.1051709197224806,-0.3836868482540564,-0.3068342314770525,1.2973863147935498,left
9,10,43,19,2.032415448809211,2.1051709197224806,1.8157308034541928,0.6864465883586821,0.2456972153909189,right
9,10,44,27,2.0274448039592263,2.1051709197224806,1.9417361458033047,-0.07926234686735922,1.4686566372936052,left
9,10,45,31,2.0264267438703807,2.1051709197224806,0.537442839275811,0.5830494561272603,2.161392764755804,left
9,10,46,4,2.024249697723955,2.1051709197224806,3.289923640168353,0.06531367345995442,1.0841287761993523,right
9,10,47,12,2.0210164431637256,2.1051709197224806,0.5140217268161886,-0.4717582616900273,2.0462714032109823,right
9,10,48,22,2.01780817482663,2.1051709197224806,2.2173680010050267,0.4282877466441486,1.0217030458803538,left
9,10,49,29,1.9964920373604649,2.1051709197224806,2.878205274342526,0.5829750834495298,0.7672409131157997,left
9,15,0,43,3.2450134904928487,2.1051709197224806,3.285432845496656,-0.5367119830201368,2.273940722141937,left
9,15,1,26,3.23793355538655,2.1051709197224806,3.2915417108757516,-0.5284110415663602,1.4519596282738927,left
9,15,2,20,3.1777898716089816,2.1051709197224806,0.7875128696098082,0.4975064053761642,1.3547642012374397,right
9,15,3,25,3.162230427229262,2.1051709197224806,2.2149050006707105,0.30225189392099305,1.2187190710413751,right
9,15,4,4,3.1478764833727775,2.1051709197224806,3.289923640168353,0.06531367345995442,1.0841287761993523,right
9,15,5,16,3.1423152176637514,2.1051709197224806,0.01643263863173061,0.10972906994691034,1.6988922759154466,right
9,15,6,14,3.135434168220245,2.1051709197224806,2.773942649089353,0.5214787576169435,1.4180087269712323,right
9,15,7,7,3.1319387246188364,2.1051709197224806,-0.5882607221642996,-0.5106311222159299,1.1723770038151191,right
9,15,8,18,3.1176165578901,2.1051709197224806,-0.3836868482540564,-0.3068342314770525,1.2973863147935498,left
9,15,9,23,3.111802379011559,2.1051709197224806,-0.1022951668947949,0.9391722903624082,0.7817806479044922,right
9,15,10,30,3.1066378300732644,2.1051709197224806,1.749662858512893,0.7619111955937141,0.16983005293729514,right
9,15,11,45,3.0909205536138664,2.1051709197224806,0.23006972672016923,0.4499079683741414,1.378050486883463,right
9,15,12,44,3.090585780881874,2.1051709197224806,3.2641639773922178,0.8852961324510451,2.1898392332879753,left
9,15,13,41,3.0885658813605126,2.1051709197224806,3.788996589136352,0.40939593395324736,0.5508667570577174,left
9,15,14,34,3.074130379329483,2.1051709197224806,-0.10300914962453189,0.0752710584944225,1.709293062276685,left
9,15,15,32,3.0722963630414983,2.1051709197224806,2.375333407932124,-0.12533195794302188,2.1772581030801197,right
9,15,16,9,3.0687512691797223,2.1051709197224806,0.3538601226955689,0.18221966849328397,0.8481838716276813,left
9,15,17,37,3.0628778365589158,2.1051709197224806,-0.5111323738606796,-0.19481286560162503,1.7547676632601883,right
9,15,18,1,3.045130009413974,2.1051709197224806,0.7533391280259432,0.7088478080883989,1.389783795385466,left
9,15,19,12,3.042131191471925,2.1051709197224806,0.5140217268161886,-0.4717582616900273,2.0462714032109823,right
9,15,20,15,3.0393786017432984,2.1051709197224806,1.3418815231581762,-0.1509562780065793,1.9586735044832941,right
9,15,21,8,3.031222436686951,2.1051709197224806,1.6624676271202703,0.8065673838058629,0.9712830659866732,right
9,15,22,36,3.0264138797104416,2.1051709197224806,0.8861674563858566,0.31562215608534605,1.172861670852504,left
9,15,23,42,3.024117828214614,2.1051709197224806,2.0434637492206407,0.5732868931860191,1.2333649726566054,right
9,15,24,47,3.0132168461547235,2.1051709197224806,0.5202385764697373,-0.5443372154269929,2.141593811816011,right
9,15,25,29,3.0105391756440545,2.1051709197224806,2.878205274342526,0.5829750834495298,0.7672409131157997,left
9,15,26,10,3.008951425611315,2.1051709197224806,3.287779153052945,0.9546534465048788,1.936066223570659,right
9,15,27,40,3.007735614664529,2.1051709197224806,0.5406398248116027,0.93197892403454,0.679364980307366,left
9,15,28,24,3.0021417246995075,2.1051709197224806,-0.7015645107985321,0.30386096548543895,1.6051636770214779,left
9,15,29,49,3.0012643208971044,2.1051709197224806,1.0210998286286257,0.6024848942785967,1.4143640212849018,left
9,15,30,11,2.9988588694296077,2.1051709197224806,0.10980561359001806,0.6222917172336639,1.1192283682386104,left
9,15,31,21,2.9959792335112896,2.1051709197224806,2.6247476500085236,0.9530774621792575,2.2268352140758556,right
9,15,32,17,2.993535379319024,2.1051709197224806,1.540075710577256,0.988498454433409,0.5497490613217135,right
9,15,33,27,2.989975213522445,2.1051709197224806,1.9417361458033047,-0.07926234686735922,1.4686566372936052,left
9,15,34,22,2.984380238479858,2.1051709197224806,2.2173680010050267,0.4282877466441486,1.0217030458803538,left
9,15,35,28,2.9837828441856358,2.1051709197224806,-0.8509293078923404,0.8971476820224062,0.9315210127888579,left
9,15,36,3,2.977922096770425,2.1051709197224806,2.91774779879083,0.5648620453601132,0.0949040475772379,left
9,15,37,0,2.975750038821345,2.1051709197224806,1.8765463511841811,0.5671570315445729,0.793688541371142,right
9,15,38,33,2.961312404403606,2.1051709197224806,2.988446628474436,0.40734263860262243,1.314596358817409,left
9,15,39,2,2.961093660257774,2.1051709197224806,1.2619130889991688,0.4378804858208385,2.289701428404528,left
9,15,40,5,2.9568457792534453,2.1051709197224806,-0.4827387071894176,-0.27213292829769564,2.053826597541885,left
9,15,41,35,2.948325628847916,2.1051709197224806,-0.9950460329627616,0.05212360210695832,1.1110134071392737,right
9,15,42,39,2.9439519127802516,2.1051709197224806,-0.8077192446171285,0.15815991680371388,0.4600294022568311,right
9,15,43,31,2.9364158519153856,2.1051709197224806,0.537442839275811,0.5830494561272603,2.161392764755804,left
9,15,44,48,2.9293389987414815,2.1051709197224806,-0.5560130539846821,0.6904427042068535,1.1760416033110375,left
9,15,45,38,2.925266742064858,2.1051709197224806,-0.18053279352792184,0.57939246416953,1.807415873078709,right
9,15,46,13,2.9113329314552083,2.1051709197224806,1.618196953596784,0.972637826334358,1.9477833189419662,right
9,15,47,19,2.893652033006399,2.1051709197224806,1.8157308034541928,0.6864465883586821,0.2456972153909189,right
9,15,48,46,2.8609618125173704,2.1051709197224806,3.7809544815970177,0.16396080673963764,1.7242663288811133,right
9,15,49,6,2.850629950382654,2.1051709197224806,3.886152756513857,0.4551180149523739,1.0724985900920359,right
9,20,0,26,2.1534268920357755,2.1051709197224806,3.2915417108757516,-0.5284110415663602,1.4519596282738927,left
9,20,1,20,2.142756875266217,2.1051709197224806,0.7875128696098082,0.4975064053761642,1.3547642012374397,right
9,20,2,23,2.1329009286475555,2.1051709197224806,-0.1022951668947949,0.9391722903624082,0.7817806479044922,right
9,20,3,43,2.1216958044735543,2.1051709197224806,3.285432845496656,-0.5367119830201368,2.273940722141937,left
9,20,4,44,2.1208666021511955,2.1051709197224806,3.2641639773922178,0.8852961324510451,2.1898392332879753,left
9,20,5,49,2.119298291404989,2.1051709197224806,1.0210998286286257,0.6024848942785967,1.4143640212849018,left
9,20,6,10,2.1140583121763084,2.1051709197224806,3.287779153052945,0.9546534465048788,1.936066223570659,right
9,20,7,40,2.1080113201016646,2.1051709197224806,0.5406398248116027,0.93197892403454,0.679364980307366,left
9,20,8,17,2.1071119892955306,2.1051709197224806,1.540075710577256,0.988498454433409,0.5497490613217135,right
9,20,9,16,2.1056669288032044,2.1051709197224806,0.01643263863173061,0.10972906994691034,1.6988922759154466,right
9,20,10,30,2.1030464024815254,2.1051709197224806,1.749662858512893,0.7619111955937141,0.16983005293729514,right
9,20,11,28,2.0999977727889716,2.1051709197224806,-0.8509293078923404,0.8971476820224062,0.9315210127888579,left
9,20,12,18,2.0972605264992703,2.1051709197224806,-0.3836868482540564,-0.3068342314770525,1.2973863147935498,left
9,20,13,19,2.096250661461389,2.1051709197224806,1.8157308034541928,0.6864465883586821,0.2456972153909189,right
9,20,14,45,2.094244310979642,2.1051709197224806,0.23006972672016923,0.4499079683741414,1.378050486883463,right
9,20,15,25,2.090632498075363,2.1051709197224806,2.2149050006707105,0.30225189392099305,1.2187190710413751,right
9,20,16,27,2.088675956431646,2.1051709197224806,1.9417361458033047,-0.07926234686735922,1.4686566372936052,left
9,20,17,14,2.088657917243319,2.1051709197224806,2.773942649089353,0.5214787576169435,1.4180087269712323,right
9,20,18,31,2.0884051003105846,2.1051709197224806,0.537442839275811,0.5830494561272603,2.161392764755804,left
9,20,19,29,2.084923204998156,2.1051709197224806,2.878205274342526,0.5829750834495298,0.7672409131157997,left
9,20,20,38,2.0840897198453603,2.1051709197224806,-0.18053279352792184,0.57939246416953,1.807415873078709,right
9,20,21,3,2.082329578304423,2.1051709197224806,2.91774779879083,0.5648620453601132,0.0949040475772379,left
9,20,22,1,2.0811135000092165,2.1051709197224806,0.7533391280259432,0.7088478080883989,1.389783795385466,left
9,20,23,11,2.080785709868467,2.1051709197224806,0.10980561359001806,0.6222917172336639,1.1192283682386104,left
9,20,24,32,2.075809223588691,2.1051709197224806,2.375333407932124,-0.12533195794302188,2.1772581030801197,right
9,20,25,47,2.0715487919475897,2.1051709197224806,0.5202385764697373,-0.5443372154269929,2.141593811816011,right
9,20,26,33,2.070835714116622,2.1051709197224806,2.988446628474436,0.40734263860262243,1.314596358817409,left
9,20,27,9,2.068970284955668,2.1051709197224806,0.3538601226955689,0.18221966849328397,0.8481838716276813,left
9,20,28,36,2.067977759754363,2.1051709197224806,0.8861674563858566,0.31562215608534605,1.172861670852504,left
9,20,29,4,2.063124546998918,2.1051709197224806,3.289923640168353,0.06531367345995442,1.0841287761993523,right
9,20,30,0,2.062189418188366,2.1051709197224806,1.8765463511841811,0.5671570315445729,0.793688541371142,right
9,20,31,12,2.0618567677063693,2.1051709197224806,0.5140217268161886,-0.4717582616900273,2.0462714032109823,right
9,20,32,42,2.060987827558762,2.1051709197224806,2.0434637492206407,0.5732868931860191,1.2333649726566054,right
9,20,33,15,2.060976863596572,2.1051709197224806,1.3418815231581762,-0.1509562780065793,1.9586735044832941,right
9,20,34,24,2.0603034123651565,2.1051709197224806,-0.7015645107985321,0.30386096548543895,1.6051636770214779,left
9,20,35,34,2.0581814698821628,2.1051709197224806,-0.10300914962453189,0.0752710584944225,1.709293062276685,left
9,20,36,39,2.0560797007715417,2.1051709197224806,-0.8077192446171285,0.15815991680371388,0.4600294022568311,right
9,20,37,37,2.0548322501047434,2.1051709197224806,-0.5111323738606796,-0.19481286560162503,1.7547676632601883,right
9,20,38,5,2.052221390258976,2.1051709197224806,-0.4827387071894176,-0.27213292829769564,2.053826597541885,left
9,20,39,46,2.050900070638007,2.1051709197224806,3.7809544815970177,0.16396080673963764,1.7242663288811133,right
9,20,40,41,2.0470093553288127,2.1051709197224806,3.788996589136352,0.40939593395324736,0.5508667570577174,left
9,20,41,48,2.0454124099071995,2.1051709197224806,-0.5560130539846821,0.6904427042068535,1.1760416033110375,left
9,20,42,7,2.043914475417469,2.1051709197224806,-0.5882607221642996,-0.5106311222159299,1.1723770038151191,right
9,20,43,21,2.0388698342572216,2.1051709197224806,2.6247476500085236,0.9530774621792575,2.2268352140758556,right
9,20,44,2,2.036807937054929,2.1051709197224806,1.2619130889991688,0.4378804858208385,2.289701428404528,left
9,20,45,8,2.0316813574305113,2.1051709197224806,1.6624676271202703,0.8065673838058629,0.9712830659866732,right
9,20,46,6,2.0137348336146426,2.1051709197224806,3.886152756513857,0.4551180149523739,1.0724985900920359,right
9,20,47,22,1.9919264116264288,2.1051709197224806,2.2173680010050267,0.4282877466441486,1.0217030458803538,left
9,20,48,13,1.9903600698844357,2.1051709197224806,1.618196953596784,0.972637826334358,1.9477833189419662,right
9,20,49,35,1.9554490677234142,2.1051709197224806,-0.9950460329627616,0.05212360210695832,1.1110134071392737,right
9,25,0,26,3.3136797388458863,2.1051709197224806,3.2915417108757516,-0.5284110415663602,1.4519596282738927,left
9,25,1,23,3.233985177646682,2.1051709197224806,-0.1022951668947949,0.9391722903624082,0.7817806479044922,right
9,25,2,25,3.2138528144644005,2.1051709197224806,2.2149050006707105,0.30225189392099305,1.2187190710413751,right
9,25,3,30,3.187382762747524,2.1051709197224806,1.749662858512893,0.7619111955937141,0.16983005293729514,right
9,25,4,17,3.1821672980183364,2.1051709197224806,1.540075710577256,0.988498454433409,0.5497490613217135,right
9,25,5,32,3.178807607311323,2.1051709197224806,2.375333407932124,-0.12533195794302188,2.1772581030801197,right
9,25,6,10,3.1753959700552983,2.1051709197224806,3.287779153052945,0.9546534465048788,1.936066223570659,right
9,25,7,9,3.164677588382982,2.1051709197224806,0.3538601226955689,0.18221966849328397,0.8481838716276813,left
9,25,8,42,3.1605737605185595,2.1051709197224806,2.0434637492206407,0.5732868931860191,1.2333649726566054,right
9,25,9,45,3.154799844513822,2.1051709197224806,0.23006972672016923,0.4499079683741414,1.378050486883463,right
9,25,10,2,3.1544331416489917,2.1051709197224806,1.2619130889991688,0.4378804858208385,2.289701428404528,left
9,25,11,44,3.153581829500909,2.1051709197224806,3.2641639773922178,0.8852961324510451,2.1898392332879753,left
9,25,12,43,3.136036733832292,2.1051709197224806,3.285432845496656,-0.5367119830201368,2.273940722141937,left
9,25,13,37,3.1292595738509323,2.1051709197224806,-0.5111323738606796,-0.19481286560162503,1.7547676632601883,right
9,25,14,41,3.126566423308173,2.1051709197224806,3.788996589136352,0.40939593395324736,0.5508667570577174,left
9,25,15,14,3.1260997266905965,2.1051709197224806,2.773942649089353,0.5214787576169435,1.4180087269712323,right
9,25,16,21,3.1193330378303745,2.1051709197224806,2.6247476500085236,0.9530774621792575,2.2268352140758556,right
9,25,17,11,3.117920023330521,2.1051709197224806,0.10980561359001806,0.6222917172336639,1.1192283682386104,left
9,25,18,48,3.1175455702268335,2.113260990470364,-0.5560130539846821,0.6904427042068535,1.1760416033110375,left
9,25,19,19,3.1117771296001786,2.112683128274086,1.8157308034541928,0.6864465883586821,0.2456972153909189,right
9,25,20,27,3.1084603409733615,2.1051709197224806,1.9417361458033047,-0.07926234686735922,1.4686566372936052,left
9,25,21,39,3.1072172553623103,2.1051709197224806,-0.8077192446171285,0.15815991680371388,0.4600294022568311,right
9,25,22,7,3.105155018876241,2.1051709197224806,-0.5882607221642996,-0.5106311222159299,1.1723770038151191,right
9,25,23,31,3.1044174004803873,2.1051709197224806,0.537442839275811,0.5830494561272603,2.161392764755804,left
9,25,24,40,3.102209823596688,2.1051709197224806,0.5406398248116027,0.93197892403454,0.679364980307366,left
9,25,25,36,3.0989410327955387,2.1090661389714613,0.8861674563858566,0.31562215608534605,1.172861670852504,left
9,25,26,20,3.0917527781976184,2.1051709197224806,0.7875128696098082,0.4975064053761642,1.3547642012374397,right
9,25,27,5,3.0917518225111067,2.1139351630326875,-0.4827387071894176,-0.27213292829769564,2.053826597541885,left
9,25,28,1,3.0894580442974875,2.1051709197224806,0.7533391280259432,0.7088478080883989,1.389783795385466,left
9,25,29,49,3.088018668590703,2.1051709197224806,1.0210998286286257,0.6024848942785967,1.4143640212849018,left
9,25,30,34,3.0870150435923014,2.1051709197224806,-0.10300914962453189,0.0752710584944225,1.709293062276685,left
9,25,31,12,3.081335150174527,2.1051709197224806,0.5140217268161886,-0.4717582616900273,2.0462714032109823,right
9,25,32,24,3.0780533205009792,2.1051709197224806,-0.7015645107985321,0.30386096548543895,1.6051636770214779,left
9,25,33,6,3.077222335628414,2.1051709197224806,3.886152756513857,0.4551180149523739,1.0724985900920359,right
9,25,34,47,3.07327876689936,2.1051709197224806,0.5202385764697373,-0.5443372154269929,2.141593811816011,right
9,25,35,0,3.0723286830716297,2.1051709197224806,1.8765463511841811,0.5671570315445729,0.793688541371142,right
9,25,36,28,3.0714781033347034,2.1051709197224806,-0.8509293078923404,0.8971476820224062,0.9315210127888579,left
9,25,37,35,3.0695417803626195,2.1051709197224806,-0.9950460329627616,0.05212360210695832,1.1110134071392737,right
9,25,38,4,3.0690760132638086,2.1051709197224806,3.289923640168353,0.06531367345995442,1.0841287761993523,right
9,25,39,33,3.0682318668426087,2.1051709197224806,2.988446628474436,0.40734263860262243,1.314596358817409,left
9,25,40,13,3.0680575917852178,2.1051709197224806,1.618196953596784,0.972637826334358,1.9477833189419662,right
9,25,41,15,3.0678512113880574,2.1051709197224806,1.3418815231581762,-0.1509562780065793,1.9586735044832941,right
9,25,42,16,3.0669870304692495,2.1051709197224806,0.01643263863173061,0.10972906994691034,1.6988922759154466,right
9,25,43,3,3.0445799757487886,2.1139351630326875,2.91774779879083,0.5648620453601132,0.0949040475772379,left
9,25,44,8,3.0445799757487886,2.1051709197224806,1.6624676271202703,0.8065673838058629,0.9712830659866732,right
9,25,45,18,3.0445799757487886,2.1051709197224806,-0.3836868482540564,-0.3068342314770525,1.2973863147935498,left
9,25,46,22,3.0445799757487886,2.1051709197224806,2.2173680010050267,0.4282877466441486,1.0217030458803538,left
9,25,47,29,3.0445799757487886,2.1051709197224806,2.878205274342526,0.5829750834495298,0.7672409131157997,left
9,25,48,38,3.0445799757487886,2.1051709197224806,-0.18053279352792184,0.57939246416953,1.807415873078709,right
9,25,49,46,3.0445799757487886,2.1051709197224806,3.7809544815970177,0.16396080673963764,1.7242663288811133,right
9,30,0,14,2.9796618631638845,2.1051709197224806,2.773942649089353,0.5214787576169435,1.4180087269712323,right
9,30,1,32,2.965622999837589,2.1352197539289035,2.375333407932124,-0.12533195794302188,2.1772581030801197,right
9,30,2,7,2.9527849440955443,2.1051709197224806,-0.5882607221642996,-0.5106311222159299,1.1723770038151191,right
9,30,3,5,2.9420824100111806,2.1139351630326875,-0.4827387071894176,-0.27213292829769564,2.053826597541885,left
9,30,4,49,2.9353374660668505,2.1051709197224806,1.0210998286286257,0.6024848942785967,1.4143640212849018,left
9,30,5,18,2.9329847114079266,2.1051709197224806,-0.3836868482540564,-0.3068342314770525,1.2973863147935498,left
9,30,6,30,2.931427364525435,2.1209465576808526,1.749662858512893,0.7619111955937141,0.16983005293729514,right
9,30,7,2,2.9015646244918942,2.113260990470364,1.2619130889991688,0.4378804858208385,2.289701428404528,left
9,30,8,47,2.891443134088809,2.1051709197224806,0.5202385764697373,-0.5443372154269929,2.141593811816011,right
9,30,9,23,2.8900561802083335,2.1209465576808526,-0.1022951668947949,0.9391722903624082,0.7817806479044922,right
9,30,10,38,2.889687688644865,2.120195336825692,-0.18053279352792184,0.57939246416953,1.807415873078709,right
9,30,11,39,2.8693276186173198,2.1117441022051358,-0.8077192446171285,0.15815991680371388,0.4600294022568311,right
9,30,12,36,2.8659336823848185,2.1090661389714613,0.8861674563858566,0.31562215608534605,1.172861670852504,left
9,30,13,25,2.8657022900304656,2.1051709197224806,2.2149050006707105,0.30225189392099305,1.2187190710413751,right
9,30,14,48,2.864847888208467,2.113260990470364,-0.5560130539846821,0.6904427042068535,1.1760416033110375,left
9,30,15,22,2.864522347945118,2.1113574444120387,2.2173680010050267,0.4282877466441486,1.0217030458803538,left
9,30,16,12,2.8602369681602147,2.1139351630326875,0.5140217268161886,-0.4717582616900273,2.0462714032109823,right
9,30,17,0,2.8593101874912694,2.1051709197224806,1.8765463511841811,0.5671570315445729,0.793688541371142,right
9,30,18,26,2.858383274575515,2.1051709197224806,3.2915417108757516,-0.5284110415663602,1.4519596282738927,left
9,30,19,45,2.8569100940017362,2.12944113196613,0.23006972672016923,0.4499079683741414,1.378050486883463,right
9,30,20,21,2.851657965685048,2.127312165979845,2.6247476500085236,0.9530774621792575,2.2268352140758556,right
9,30,21,37,2.8504734322367584,2.111013748595952,-0.5111323738606796,-0.19481286560162503,1.7547676632601883,right
9,30,22,40,2.848862607538704,2.109553041377584,0.5406398248116027,0.93197892403454,0.679364980307366,left
9,30,23,43,2.8482270342277394,2.1147319124245243,3.285432845496656,-0.5367119830201368,2.273940722141937,left
9,30,24,44,2.8469379375486943,2.112683128274086,3.2641639773922178,0.8852961324510451,2.1898392332879753,left
9,30,25,28,2.8402291445649346,2.1051709197224806,-0.8509293078923404,0.8971476820224062,0.9315210127888579,left
9,30,26,17,2.839670537654932,2.117543969101596,1.540075710577256,0.988498454433409,0.5497490613217135,right
9,30,27,1,2.8385251277669634,2.1051709197224806,0.7533391280259432,0.7088478080883989,1.389783795385466,left
9,30,28,9,2.8333559468106677,2.118317284687791,0.3538601226955689,0.18221966849328397,0.8481838716276813,left
9,30,29,20,2.832849732330943,2.1156880116947288,0.7875128696098082,0.4975064053761642,1.3547642012374397,right
9,30,30,29,2.8249113359538844,2.1051709197224806,2.878205274342526,0.5829750834495298,0.7672409131157997,left
9,30,31,10,2.82433511943096,2.1121823143706457,3.287779153052945,0.9546534465048788,1.936066223570659,right
9,30,32,42,2.8168670209445175,2.110429465708605,2.0434637492206407,0.5732868931860191,1.2333649726566054,right
9,30,33,27,2.815220810917462,2.112683128274086,1.9417361458033047,-0.07926234686735922,1.4686566372936052,left
9,30,34,46,2.8121758358916713,2.1051709197224806,3.7809544815970177,0.16396080673963764,1.7242663288811133,right
9,30,35,19,2.8095586604195253,2.1051709197224806,1.8157308034541928,0.6864465883586821,0.2456972153909189,right
9,30,36,24,2.8074813787131356,2.118317284687791,-0.7015645107985321,0.30386096548543895,1.6051636770214779,left
9,30,37,31,2.805502618057991,2.1051709197224806,0.537442839275811,0.5830494561272603,2.161392764755804,left
9,30,38,13,2.8040268348190107,2.111013748595952,1.618196953596784,0.972637826334358,1.9477833189419662,right
9,30,39,33,2.802583657038314,2.122699406342894,2.988446628474436,0.40734263860262243,1.314596358817409,left
9,30,40,15,2.7946952720863028,2.1051709197224806,1.3418815231581762,-0.1509562780065793,1.9586735044832941,right
9,30,41,16,2.7924674659100486,2.1162415428511627,0.01643263863173061,0.10972906994691034,1.6988922759154466,right
9,30,42,34,2.7918497540465417,2.1156880116947288,-0.10300914962453189,0.0752710584944225,1.709293062276685,left
9,30,43,3,2.790453666318043,2.1051709197224806,2.91774779879083,0.5648620453601132,0.0949040475772379,left
9,30,44,8,2.7881882498559643,2.1051709197224806,1.6624676271202703,0.8065673838058629,0.9712830659866732,right
9,30,45,6,2.785535017478588,2.1051709197224806,3.886152756513857,0.4551180149523739,1.0724985900920359,right
9,30,46,41,2.785370784011329,2.1147319124245243,3.788996589136352,0.40939593395324736,0.5508667570577174,left
9,30,47,11,2.7804700292701234,2.113260990470364,0.10980561359001806,0.6222917172336639,1.1192283682386104,left
9,30,48,35,2.7760695571537903,2.117543969101596,-0.9950460329627616,0.05212360210695832,1.1110134071392737,right
9,30,49,4,2.768717456016101,2.110706231286822,3.289923640168353,0.06531367345995442,1.0841287761993523,right
