set_id,distance,num_points,score_center,score_fusion,point_idx,points
0,5,1,0.7358322739601135,0.10000000149011612,[39],"[{'x_offset': 2.2933851135410652, 'y_offset': 0.8415940561223156, 'z_offset': 0.801928660059161, 'patch_size': 0.0, 'side': 'left', 'stabilize_anchor': False}]"
0,5,2,0.6597949266433716,0.10000000149011612,"[39, 48]","[{'x_offset': 2.2933851135410652, 'y_offset': 0.8415940561223156, 'z_offset': 0.801928660059161, 'patch_size': 0.0, 'side': 'left', 'stabilize_anchor': False}, {'x_offset': 1.8028708424366582, 'y_offset': 0.26454339753886014, 'z_offset': 1.2209490762181587, 'patch_size': 0.0, 'side': 'right', 'stabilize_anchor': False}]"
0,10,1,0.6746233701705933,0.10000000149011612,[48],"[{'x_offset': 1.8028708424366582, 'y_offset': 0.26454339753886014, 'z_offset': 1.2209490762181587, 'patch_size': 0.0, 'side': 'right', 'stabilize_anchor': False}]"
0,15,1,0.6644149422645569,0.10000000149011612,[38],"[{'x_offset': 1.2867880192978216, 'y_offset': 0.8891612314167845, 'z_offset': 1.893938013308889, 'patch_size': 0.0, 'side': 'right', 'stabilize_anchor': False}]"
0,15,2,0.6085891127586365,0.10000000149011612,"[38, 18]","[{'x_offset': 1.2867880192978216, 'y_offset': 0.8891612314167845, 'z_offset': 1.893938013308889, 'patch_size': 0.0, 'side': 'right', 'stabilize_anchor': False}, {'x_offset': -0.631540576361583, 'y_offset': 0.5187072778201027, 'z_offset': 2.1284318107238236, 'patch_size': 0.0, 'side': 'right', 'stabilize_anchor': False}]"
0,15,3,0.5597931742668152,0.0,"[38, 18, 31]","[{'x_offset': 1.2867880192978216, 'y_offset': 0.8891612314167845, 'z_offset': 1.893938013308889, 'patch_size': 0.0, 'side': 'right', 'stabilize_anchor': False}, {'x_offset': -0.631540576361583, 'y_offset': 0.5187072778201027, 'z_offset': 2.1284318107238236, 'patch_size': 0.0, 'side': 'right', 'stabilize_anchor': False}, {'x_offset': 1.0796010727714713, 'y_offset': 0.24837687564832212, 'z_offset': 1.103171769410358, 'patch_size': 0.0, 'side': 'left', 'stabilize_anchor': False}]"
0,15,4,0.5174979567527771,0.0,"[38, 18, 31, 45]","[{'x_offset': 1.2867880192978216, 'y_offset': 0.8891612314167845, 'z_offset': 1.893938013308889, 'patch_size': 0.0, 'side': 'right', 'stabilize_anchor': False}, {'x_offset': -0.631540576361583, 'y_offset': 0.5187072778201027, 'z_offset': 2.1284318107238236, 'patch_size': 0.0, 'side': 'right', 'stabilize_anchor': False}, {'x_offset': 1.0796010727714713, 'y_offset': 0.24837687564832212, 'z_offset': 1.103171769410358, 'patch_size': 0.0, 'side': 'left', 'stabilize_anchor': False}, {'x_offset': 0.795658197965524, 'y_offset': 0.3608610210337706, 'z_offset': 0.46313026805144253, 'patch_size': 0.0, 'side': 'right', 'stabilize_anchor': False}]"
0,15,5,0.42162156105041504,0.0,"[38, 18, 31, 45, 49]","[{'x_offset': 1.2867880192978216, 'y_offset': 0.8891612314167845, 'z_offset': 1.893938013308889, 'patch_size': 0.0, 'side': 'right', 'stabilize_anchor': False}, {'x_offset': -0.631540576361583, 'y_offset': 0.5187072778201027, 'z_offset': 2.1284318107238236, 'patch_size': 0.0, 'side': 'right', 'stabilize_anchor': False}, {'x_offset': 1.0796010727714713, 'y_offset': 0.24837687564832212, 'z_offset': 1.103171769410358, 'patch_size': 0.0, 'side': 'left', 'stabilize_anchor': False}, {'x_offset': 0.795658197965524, 'y_offset': 0.3608610210337706, 'z_offset': 0.46313026805144253, 'patch_size': 0.0, 'side': 'right', 'stabilize_anchor': False}, {'x_offset': 3.2882023407509138, 'y_offset': 0.9711436455723166, 'z_offset': 0.588165885244709, 'patch_size': 0.0, 'side': 'left', 'stabilize_anchor': False}]"
0,15,6,0.4079674780368805,0.0,"[38, 18, 31, 45, 49, 33]","[{'x_offset': 1.2867880192978216, 'y_offset': 0.8891612314167845, 'z_offset': 1.893938013308889, 'patch_size': 0.0, 'side': 'right', 'stabilize_anchor': False}, {'x_offset': -0.631540576361583, 'y_offset': 0.5187072778201027, 'z_offset': 2.1284318107238236, 'patch_size': 0.0, 'side': 'right', 'stabilize_anchor': False}, {'x_offset': 1.0796010727714713, 'y_offset': 0.24837687564832212, 'z_offset': 1.103171769410358, 'patch_size': 0.0, 'side': 'left', 'stabilize_anchor': False}, {'x_offset': 0.795658197965524, 'y_offset': 0.3608610210337706, 'z_offset': 0.46313026805144253, 'patch_size': 0.0, 'side': 'right', 'stabilize_anchor': False}, {'x_offset': 3.2882023407509138, 'y_offset': 0.9711436455723166, 'z_offset': 0.588165885244709, 'patch_size': 0.0, 'side': 'left', 'stabilize_anchor': False}, {'x_offset': 3.402648012776778, 'y_offset': 0.013909459206008501, 'z_offset': 2.0194970073978173, 'patch_size': 0.0, 'side': 'left', 'stabilize_anchor': False}]"
0,20,1,0.531563937664032,0.10000000149011612,[20],"[{'x_offset': -0.8684221672003253, 'y_offset': 0.7737837239076517, 'z_offset': 0.03310868424210214, 'patch_size': 0.0, 'side': 'left', 'stabilize_anchor': False}]"
0,20,2,0.5253021121025085,0.10000000149011612,"[20, 4]","[{'x_offset': -0.8684221672003253, 'y_offset': 0.7737837239076517, 'z_offset': 0.03310868424210214, 'patch_size': 0.0, 'side': 'left', 'stabilize_anchor': False}, {'x_offset': -0.02874481168660925, 'y_offset': -0.015149922571029095, 'z_offset': 2.2406581285081875, 'patch_size': 0.0, 'side': 'left', 'stabilize_anchor': False}]"
0,20,3,0.5050821304321289,0.10000000149011612,"[20, 4, 38]","[{'x_offset': -0.8684221672003253, 'y_offset': 0.7737837239076517, 'z_offset': 0.03310868424210214, 'patch_size': 0.0, 'side': 'left', 'stabilize_anchor': False}, {'x_offset': -0.02874481168660925, 'y_offset': -0.015149922571029095, 'z_offset': 2.2406581285081875, 'patch_size': 0.0, 'side': 'left', 'stabilize_anchor': False}, {'x_offset': 1.2867880192978216, 'y_offset': 0.8891612314167845, 'z_offset': 1.893938013308889, 'patch_size': 0.0, 'side': 'right', 'stabilize_anchor': False}]"
0,20,4,0.47979724407196045,0.0,"[20, 4, 38, 45]","[{'x_offset': -0.8684221672003253, 'y_offset': 0.7737837239076517, 'z_offset': 0.03310868424210214, 'patch_size': 0.0, 'side': 'left', 'stabilize_anchor': False}, {'x_offset': -0.02874481168660925, 'y_offset': -0.015149922571029095, 'z_offset': 2.2406581285081875, 'patch_size': 0.0, 'side': 'left', 'stabilize_anchor': False}, {'x_offset': 1.2867880192978216, 'y_offset': 0.8891612314167845, 'z_offset': 1.893938013308889, 'patch_size': 0.0, 'side': 'right', 'stabilize_anchor': False}, {'x_offset': 0.795658197965524, 'y_offset': 0.3608610210337706, 'z_offset': 0.46313026805144253, 'patch_size': 0.0, 'side': 'right', 'stabilize_anchor': False}]"
0,20,5,0.388827919960022,0.0,"[20, 4, 38, 45, 7]","[{'x_offset': -0.8684221672003253, 'y_offset': 0.7737837239076517, 'z_offset': 0.03310868424210214, 'patch_size': 0.0, 'side': 'left', 'stabilize_anchor': False}, {'x_offset': -0.02874481168660925, 'y_offset': -0.015149922571029095, 'z_offset': 2.2406581285081875, 'patch_size': 0.0, 'side': 'left', 'stabilize_anchor': False}, {'x_offset': 1.2867880192978216, 'y_offset': 0.8891612314167845, 'z_offset': 1.893938013308889, 'patch_size': 0.0, 'side': 'right', 'stabilize_anchor': False}, {'x_offset': 0.795658197965524, 'y_offset': 0.3608610210337706, 'z_offset': 0.46313026805144253, 'patch_size': 0.0, 'side': 'right', 'stabilize_anchor': False}, {'x_offset': 1.7507358539129805, 'y_offset': 0.6402135541162219, 'z_offset': 0.6413543218277976, 'patch_size': 0.0, 'side': 'left', 'stabilize_anchor': False}]"
0,20,6,0.0,0.0,"[20, 4, 38, 45, 7, 11]","[{'x_offset': -0.8684221672003253, 'y_offset': 0.7737837239076517, 'z_offset': 0.03310868424210214, 'patch_size': 0.0, 'side': 'left', 'stabilize_anchor': False}, {'x_offset': -0.02874481168660925, 'y_offset': -0.015149922571029095, 'z_offset': 2.2406581285081875, 'patch_size': 0.0, 'side': 'left', 'stabilize_anchor': False}, {'x_offset': 1.2867880192978216, 'y_offset': 0.8891612314167845, 'z_offset': 1.893938013308889, 'patch_size': 0.0, 'side': 'right', 'stabilize_anchor': False}, {'x_offset': 0.795658197965524, 'y_offset': 0.3608610210337706, 'z_offset': 0.46313026805144253, 'patch_size': 0.0, 'side': 'right', 'stabilize_anchor': False}, {'x_offset': 1.7507358539129805, 'y_offset': 0.6402135541162219, 'z_offset': 0.6413543218277976, 'patch_size': 0.0, 'side': 'left', 'stabilize_anchor': False}, {'x_offset': 0.5187528412272484, 'y_offset': 0.5749952444184561, 'z_offset': 1.4213285838601908, 'patch_size': 0.0, 'side': 'left', 'stabilize_anchor': False}]"
0,25,1,0.7029664516448975,0.10000000149011612,[38],"[{'x_offset': 1.2867880192978216, 'y_offset': 0.8891612314167845, 'z_offset': 1.893938013308889, 'patch_size': 0.0, 'side': 'right', 'stabilize_anchor': False}]"
0,25,2,0.6066279411315918,0.10000000149011612,"[38, 12]","[{'x_offset': 1.2867880192978216, 'y_offset': 0.8891612314167845, 'z_offset': 1.893938013308889, 'patch_size': 0.0, 'side': 'right', 'stabilize_anchor': False}, {'x_offset': 1.4292628591352976, 'y_offset': 0.15186182848523233, 'z_offset': 1.4399026350771353, 'patch_size': 0.0, 'side': 'right', 'stabilize_anchor': False}]"
0,25,3,0.5828390121459961,0.10000000149011612,"[38, 12, 39]","[{'x_offset': 1.2867880192978216, 'y_offset': 0.8891612314167845, 'z_offset': 1.893938013308889, 'patch_size': 0.0, 'side': 'right', 'stabilize_anchor': False}, {'x_offset': 1.4292628591352976, 'y_offset': 0.15186182848523233, 'z_offset': 1.4399026350771353, 'patch_size': 0.0, 'side': 'right', 'stabilize_anchor': False}, {'x_offset': 2.2933851135410652, 'y_offset': 0.8415940561223156, 'z_offset': 0.801928660059161, 'patch_size': 0.0, 'side': 'left', 'stabilize_anchor': False}]"
0,25,4,0.46181321144104004,0.10000000149011612,"[38, 12, 39, 10]","[{'x_offset': 1.2867880192978216, 'y_offset': 0.8891612314167845, 'z_offset': 1.893938013308889, 'patch_size': 0.0, 'side': 'right', 'stabilize_anchor': False}, {'x_offset': 1.4292628591352976, 'y_offset': 0.15186182848523233, 'z_offset': 1.4399026350771353, 'patch_size': 0.0, 'side': 'right', 'stabilize_anchor': False}, {'x_offset': 2.2933851135410652, 'y_offset': 0.8415940561223156, 'z_offset': 0.801928660059161, 'patch_size': 0.0, 'side': 'left', 'stabilize_anchor': False}, {'x_offset': 1.2484496085859256, 'y_offset': -0.4793012693176042, 'z_offset': 1.523312451737624, 'patch_size': 0.0, 'side': 'left', 'stabilize_anchor': False}]"
0,25,5,0.4605400860309601,0.0,"[38, 12, 39, 10, 11]","[{'x_offset': 1.2867880192978216, 'y_offset': 0.8891612314167845, 'z_offset': 1.893938013308889, 'patch_size': 0.0, 'side': 'right', 'stabilize_anchor': False}, {'x_offset': 1.4292628591352976, 'y_offset': 0.15186182848523233, 'z_offset': 1.4399026350771353, 'patch_size': 0.0, 'side': 'right', 'stabilize_anchor': False}, {'x_offset': 2.2933851135410652, 'y_offset': 0.8415940561223156, 'z_offset': 0.801928660059161, 'patch_size': 0.0, 'side': 'left', 'stabilize_anchor': False}, {'x_offset': 1.2484496085859256, 'y_offset': -0.4793012693176042, 'z_offset': 1.523312451737624, 'patch_size': 0.0, 'side': 'left', 'stabilize_anchor': False}, {'x_offset': 0.5187528412272484, 'y_offset': 0.5749952444184561, 'z_offset': 1.4213285838601908, 'patch_size': 0.0, 'side': 'left', 'stabilize_anchor': False}]"
0,25,6,0.4282483756542206,0.0,"[38, 12, 39, 10, 11, 28]","[{'x_offset': 1.2867880192978216, 'y_offset': 0.8891612314167845, 'z_offset': 1.893938013308889, 'patch_size': 0.0, 'side': 'right', 'stabilize_anchor': False}, {'x_offset': 1.4292628591352976, 'y_offset': 0.15186182848523233, 'z_offset': 1.4399026350771353, 'patch_size': 0.0, 'side': 'right', 'stabilize_anchor': False}, {'x_offset': 2.2933851135410652, 'y_offset': 0.8415940561223156, 'z_offset': 0.801928660059161, 'patch_size': 0.0, 'side': 'left', 'stabilize_anchor': False}, {'x_offset': 1.2484496085859256, 'y_offset': -0.4793012693176042, 'z_offset': 1.523312451737624, 'patch_size': 0.0, 'side': 'left', 'stabilize_anchor': False}, {'x_offset': 0.5187528412272484, 'y_offset': 0.5749952444184561, 'z_offset': 1.4213285838601908, 'patch_size': 0.0, 'side': 'left', 'stabilize_anchor': False}, {'x_offset': -0.16718101008647424, 'y_offset': -0.622036539005686, 'z_offset': 1.9766442092796024, 'patch_size': 0.0, 'side': 'right', 'stabilize_anchor': False}]"
0,30,1,0.6215691566467285,0.0,[43],"[{'x_offset': 2.8658709526378026, 'y_offset': 0.14711167240270318, 'z_offset': 2.2086485754648226, 'patch_size': 0.0, 'side': 'right', 'stabilize_anchor': False}]"
0,30,2,0.512259840965271,0.0,"[43, 38]","[{'x_offset': 2.8658709526378026, 'y_offset': 0.14711167240270318, 'z_offset': 2.2086485754648226, 'patch_size': 0.0, 'side': 'right', 'stabilize_anchor': False}, {'x_offset': 1.2867880192978216, 'y_offset': 0.8891612314167845, 'z_offset': 1.893938013308889, 'patch_size': 0.0, 'side': 'right', 'stabilize_anchor': False}]"
0,30,3,0.36419862508773804,0.0,"[43, 38, 45]","[{'x_offset': 2.8658709526378026, 'y_offset': 0.14711167240270318, 'z_offset': 2.2086485754648226, 'patch_size': 0.0, 'side': 'right', 'stabilize_anchor': False}, {'x_offset': 1.2867880192978216, 'y_offset': 0.8891612314167845, 'z_offset': 1.893938013308889, 'patch_size': 0.0, 'side': 'right', 'stabilize_anchor': False}, {'x_offset': 0.795658197965524, 'y_offset': 0.3608610210337706, 'z_offset': 0.46313026805144253, 'patch_size': 0.0, 'side': 'right', 'stabilize_anchor': False}]"
0,30,4,0.0,0.0,"[43, 38, 45, 37]","[{'x_offset': 2.8658709526378026, 'y_offset': 0.14711167240270318, 'z_offset': 2.2086485754648226, 'patch_size': 0.0, 'side': 'right', 'stabilize_anchor': False}, {'x_offset': 1.2867880192978216, 'y_offset': 0.8891612314167845, 'z_offset': 1.893938013308889, 'patch_size': 0.0, 'side': 'right', 'stabilize_anchor': False}, {'x_offset': 0.795658197965524, 'y_offset': 0.3608610210337706, 'z_offset': 0.46313026805144253, 'patch_size': 0.0, 'side': 'right', 'stabilize_anchor': False}, {'x_offset': -0.6593336480032554, 'y_offset': 0.9119172699572109, 'z_offset': 0.24939110634573103, 'patch_size': 0.0, 'side': 'left', 'stabilize_anchor': False}]"
1,5,1,0.7182363271713257,0.10000000149011612,[40],"[{'x_offset': 2.4790105947974825, 'y_offset': 0.14616166879331882, 'z_offset': 1.325079801821844, 'patch_size': 0.0, 'side': 'right', 'stabilize_anchor': False}]"
1,5,2,0.7121033668518066,0.0,"[40, 5]","[{'x_offset': 2.4790105947974825, 'y_offset': 0.14616166879331882, 'z_offset': 1.325079801821844, 'patch_size': 0.0, 'side': 'right', 'stabilize_anchor': False}, {'x_offset': 1.7660186463264442, 'y_offset': -0.3734900264142933, 'z_offset': 1.4603103974586689, 'patch_size': 0.0, 'side': 'left', 'stabilize_anchor': False}]"
1,5,3,0.7026310563087463,0.0,"[40, 5, 28]","[{'x_offset': 2.4790105947974825, 'y_offset': 0.14616166879331882, 'z_offset': 1.325079801821844, 'patch_size': 0.0, 'side': 'right', 'stabilize_anchor': False}, {'x_offset': 1.7660186463264442, 'y_offset': -0.3734900264142933, 'z_offset': 1.4603103974586689, 'patch_size': 0.0, 'side': 'left', 'stabilize_anchor': False}, {'x_offset': 2.8700925703966678, 'y_offset': -0.5217396845717389, 'z_offset': 1.6151206077875948, 'patch_size': 0.0, 'side': 'left', 'stabilize_anchor': False}]"
1,5,4,0.6973090767860413,0.0,"[40, 5, 28, 7]","[{'x_offset': 2.4790105947974825, 'y_offset': 0.14616166879331882, 'z_offset': 1.325079801821844, 'patch_size': 0.0, 'side': 'right', 'stabilize_anchor': False}, {'x_offset': 1.7660186463264442, 'y_offset': -0.3734900264142933, 'z_offset': 1.4603103974586689, 'patch_size': 0.0, 'side': 'left', 'stabilize_anchor': False}, {'x_offset': 2.8700925703966678, 'y_offset': -0.5217396845717389, 'z_offset': 1.6151206077875948, 'patch_size': 0.0, 'side': 'left', 'stabilize_anchor': False}, {'x_offset': 1.0391202832992517, 'y_offset': -0.5084569708635185, 'z_offset': 1.9876920058564855, 'patch_size': 0.0, 'side': 'right', 'stabilize_anchor': False}]"
1,5,5,0.6846266388893127,0.0,"[40, 5, 28, 7, 4]","[{'x_offset': 2.4790105947974825, 'y_offset': 0.14616166879331882, 'z_offset': 1.325079801821844, 'patch_size': 0.0, 'side': 'right', 'stabilize_anchor': False}, {'x_offset': 1.7660186463264442, 'y_offset': -0.3734900264142933, 'z_offset': 1.4603103974586689, 'patch_size': 0.0, 'side': 'left', 'stabilize_anchor': False}, {'x_offset': 2.8700925703966678, 'y_offset': -0.5217396845717389, 'z_offset': 1.6151206077875948, 'patch_size': 0.0, 'side': 'left', 'stabilize_anchor': False}, {'x_offset': 1.0391202832992517, 'y_offset': -0.5084569708635185, 'z_offset': 1.9876920058564855, 'patch_size': 0.0, 'side': 'right', 'stabilize_anchor': False}, {'x_offset': -0.3756553760368022, 'y_offset': -0.571713684623064, 'z_offset': 1.5248389883277969, 'patch_size': 0.0, 'side': 'left', 'stabilize_anchor': False}]"
1,5,6,0.6739738583564758,0.0,"[40, 5, 28, 7, 4, 12]","[{'x_offset': 2.4790105947974825, 'y_offset': 0.14616166879331882, 'z_offset': 1.325079801821844, 'patch_size': 0.0, 'side': 'right', 'stabilize_anchor': False}, {'x_offset': 1.7660186463264442, 'y_offset': -0.3734900264142933, 'z_offset': 1.4603103974586689, 'patch_size': 0.0, 'side': 'left', 'stabilize_anchor': False}, {'x_offset': 2.8700925703966678, 'y_offset': -0.5217396845717389, 'z_offset': 1.6151206077875948, 'patch_size': 0.0, 'side': 'left', 'stabilize_anchor': False}, {'x_offset': 1.0391202832992517, 'y_offset': -0.5084569708635185, 'z_offset': 1.9876920058564855, 'patch_size': 0.0, 'side': 'right', 'stabilize_anchor': False}, {'x_offset': -0.3756553760368022, 'y_offset': -0.571713684623064, 'z_offset': 1.5248389883277969, 'patch_size': 0.0, 'side': 'left', 'stabilize_anchor': False}, {'x_offset': 0.6974099516812586, 'y_offset': 0.6742777988573794, 'z_offset': 1.22150841126303, 'patch_size': 0.0, 'side': 'right', 'stabilize_anchor': False}]"
1,5,7,0.659992516040802,0.0,"[40, 5, 28, 7, 4, 12, 25]","[{'x_offset': 2.4790105947974825, 'y_offset': 0.14616166879331882, 'z_offset': 1.325079801821844, 'patch_size': 0.0, 'side': 'right', 'stabilize_anchor': False}, {'x_offset': 1.7660186463264442, 'y_offset': -0.3734900264142933, 'z_offset': 1.4603103974586689, 'patch_size': 0.0, 'side': 'left', 'stabilize_anchor': False}, {'x_offset': 2.8700925703966678, 'y_offset': -0.5217396845717389, 'z_offset': 1.6151206077875948, 'patch_size': 0.0, 'side': 'left', 'stabilize_anchor': False}, {'x_offset': 1.0391202832992517, 'y_offset': -0.5084569708635185, 'z_offset': 1.9876920058564855, 'patch_size': 0.0, 'side': 'right', 'stabilize_anchor': False}, {'x_offset': -0.3756553760368022, 'y_offset': -0.571713684623064, 'z_offset': 1.5248389883277969, 'patch_size': 0.0, 'side': 'left', 'stabilize_anchor': False}, {'x_offset': 0.6974099516812586, 'y_offset': 0.6742777988573794, 'z_offset': 1.22150841126303, 'patch_size': 0.0, 'side': 'right', 'stabilize_anchor': False}, {'x_offset': 2.079975045509191, 'y_offset': 0.21654161389872206, 'z_offset': 2.033984207036356, 'patch_size': 0.0, 'side': 'left', 'stabilize_anchor': False}]"
1,10,1,0.7141463756561279,0.10000000149011612,[32],"[{'x_offset': 1.6641090290711986, 'y_offset': 0.36580571745906165, 'z_offset': 0.10224835432344458, 'patch_size': 0.0, 'side': 'left', 'stabilize_anchor': False}]"
1,10,2,0.6869360208511353,0.10000000149011612,"[32, 8]","[{'x_offset': 1.6641090290711986, 'y_offset': 0.36580571745906165, 'z_offset': 0.10224835432344458, 'patch_size': 0.0, 'side': 'left', 'stabilize_anchor': False}, {'x_offset': 2.0372999961194806, 'y_offset': 0.7623836135571669, 'z_offset': 0.9165056525020348, 'patch_size': 0.0, 'side': 'right', 'stabilize_anchor': False}]"
1,10,3,0.6809495687484741,0.10000000149011612,"[32, 8, 39]","[{'x_offset': 1.6641090290711986, 'y_offset': 0.36580571745906165, 'z_offset': 0.10224835432344458, 'patch_size': 0.0, 'side': 'left', 'stabilize_anchor': False}, {'x_offset': 2.0372999961194806, 'y_offset': 0.7623836135571669, 'z_offset': 0.9165056525020348, 'patch_size': 0.0, 'side': 'right', 'stabilize_anchor': False}, {'x_offset': 0.46201562970891596, 'y_offset': 0.22328951693605814, 'z_offset': 1.8414174404841797, 'patch_size': 0.0, 'side': 'left', 'stabilize_anchor': False}]"
1,10,4,0.6628656983375549,0.10000000149011612,"[32, 8, 39, 30]","[{'x_offset': 1.6641090290711986, 'y_offset': 0.36580571745906165, 'z_offset': 0.10224835432344458, 'patch_size': 0.0, 'side': 'left', 'stabilize_anchor': False}, {'x_offset': 2.0372999961194806, 'y_offset': 0.7623836135571669, 'z_offset': 0.9165056525020348, 'patch_size': 0.0, 'side': 'right', 'stabilize_anchor': False}, {'x_offset': 0.46201562970891596, 'y_offset': 0.22328951693605814, 'z_offset': 1.8414174404841797, 'patch_size': 0.0, 'side': 'left', 'stabilize_anchor': False}, {'x_offset': 3.1696130020342146, 'y_offset': 0.9261680457022461, 'z_offset': 0.34986935306008016, 'patch_size': 0.0, 'side': 'left', 'stabilize_anchor': False}]"
1,10,5,0.6530295014381409,0.10000000149011612,"[32, 8, 39, 30, 1]","[{'x_offset': 1.6641090290711986, 'y_offset': 0.36580571745906165, 'z_offset': 0.10224835432344458, 'patch_size': 0.0, 'side': 'left', 'stabilize_anchor': False}, {'x_offset': 2.0372999961194806, 'y_offset': 0.7623836135571669, 'z_offset': 0.9165056525020348, 'patch_size': 0.0, 'side': 'right', 'stabilize_anchor': False}, {'x_offset': 0.46201562970891596, 'y_offset': 0.22328951693605814, 'z_offset': 1.8414174404841797, 'patch_size': 0.0, 'side': 'left', 'stabilize_anchor': False}, {'x_offset': 3.1696130020342146, 'y_offset': 0.9261680457022461, 'z_offset': 0.34986935306008016, 'patch_size': 0.0, 'side': 'left', 'stabilize_anchor': False}, {'x_offset': -0.8133896831246054, 'y_offset': 0.6179199179318127, 'z_offset': 1.1601976255973152, 'patch_size': 0.0, 'side': 'right', 'stabilize_anchor': False}]"
1,10,6,0.6428683400154114,0.10000000149011612,"[32, 8, 39, 30, 1, 44]","[{'x_offset': 1.6641090290711986, 'y_offset': 0.36580571745906165, 'z_offset': 0.10224835432344458, 'patch_size': 0.0, 'side': 'left', 'stabilize_anchor': False}, {'x_offset': 2.0372999961194806, 'y_offset': 0.7623836135571669, 'z_offset': 0.9165056525020348, 'patch_size': 0.0, 'side': 'right', 'stabilize_anchor': False}, {'x_offset': 0.46201562970891596, 'y_offset': 0.22328951693605814, 'z_offset': 1.8414174404841797, 'patch_size': 0.0, 'side': 'left', 'stabilize_anchor': False}, {'x_offset': 3.1696130020342146, 'y_offset': 0.9261680457022461, 'z_offset': 0.34986935306008016, 'patch_size': 0.0, 'side': 'left', 'stabilize_anchor': False}, {'x_offset': -0.8133896831246054, 'y_offset': 0.6179199179318127, 'z_offset': 1.1601976255973152, 'patch_size': 0.0, 'side': 'right', 'stabilize_anchor': False}, {'x_offset': -0.0126515890852682, 'y_offset': 0.00686764072087398, 'z_offset': 1.8273241515044858, 'patch_size': 0.0, 'side': 'right', 'stabilize_anchor': False}]"
1,15,1,0.5246687531471252,0.10000000149011612,[37],"[{'x_offset': 0.629796333600575, 'y_offset': 0.27929972585522755, 'z_offset': 1.1144263285715537, 'patch_size': 0.0, 'side': 'right', 'stabilize_anchor': False}]"
1,15,2,0.49738258123397827,0.0,"[37, 42]","[{'x_offset': 0.629796333600575, 'y_offset': 0.27929972585522755, 'z_offset': 1.1144263285715537, 'patch_size': 0.0, 'side': 'right', 'stabilize_anchor': False}, {'x_offset': 1.152795191179452, 'y_offset': 0.7482069766822916, 'z_offset': 0.7444554981445928, 'patch_size': 0.0, 'side': 'left', 'stabilize_anchor': False}]"
1,15,3,0.4614294767379761,0.0,"[37, 42, 33]","[{'x_offset': 0.629796333600575, 'y_offset': 0.27929972585522755, 'z_offset': 1.1144263285715537, 'patch_size': 0.0, 'side': 'right', 'stabilize_anchor': False}, {'x_offset': 1.152795191179452, 'y_offset': 0.7482069766822916, 'z_offset': 0.7444554981445928, 'patch_size': 0.0, 'side': 'left', 'stabilize_anchor': False}, {'x_offset': -0.6853400322096439, 'y_offset': -0.6533260693325067, 'z_offset': 0.033594189299879694, 'patch_size': 0.0, 'side': 'left', 'stabilize_anchor': False}]"
1,20,1,0.5247027277946472,0.0,[37],"[{'x_offset': 0.629796333600575, 'y_offset': 0.27929972585522755, 'z_offset': 1.1144263285715537, 'patch_size': 0.0, 'side': 'right', 'stabilize_anchor': False}]"
1,20,2,0.49623343348503113,0.0,"[37, 1]","[{'x_offset': 0.629796333600575, 'y_offset': 0.27929972585522755, 'z_offset': 1.1144263285715537, 'patch_size': 0.0, 'side': 'right', 'stabilize_anchor': False}, {'x_offset': -0.8133896831246054, 'y_offset': 0.6179199179318127, 'z_offset': 1.1601976255973152, 'patch_size': 0.0, 'side': 'right', 'stabilize_anchor': False}]"
1,20,3,0.4376717805862427,0.0,"[37, 1, 39]","[{'x_offset': 0.629796333600575, 'y_offset': 0.27929972585522755, 'z_offset': 1.1144263285715537, 'patch_size': 0.0, 'side': 'right', 'stabilize_anchor': False}, {'x_offset': -0.8133896831246054, 'y_offset': 0.6179199179318127, 'z_offset': 1.1601976255973152, 'patch_size': 0.0, 'side': 'right', 'stabilize_anchor': False}, {'x_offset': 0.46201562970891596, 'y_offset': 0.22328951693605814, 'z_offset': 1.8414174404841797, 'patch_size': 0.0, 'side': 'left', 'stabilize_anchor': False}]"
1,20,4,0.36881059408187866,0.0,"[37, 1, 39, 12]","[{'x_offset': 0.629796333600575, 'y_offset': 0.27929972585522755, 'z_offset': 1.1144263285715537, 'patch_size': 0.0, 'side': 'right', 'stabilize_anchor': False}, {'x_offset': -0.8133896831246054, 'y_offset': 0.6179199179318127, 'z_offset': 1.1601976255973152, 'patch_size': 0.0, 'side': 'right', 'stabilize_anchor': False}, {'x_offset': 0.46201562970891596, 'y_offset': 0.22328951693605814, 'z_offset': 1.8414174404841797, 'patch_size': 0.0, 'side': 'left', 'stabilize_anchor': False}, {'x_offset': 0.6974099516812586, 'y_offset': 0.6742777988573794, 'z_offset': 1.22150841126303, 'patch_size': 0.0, 'side': 'right', 'stabilize_anchor': False}]"
1,20,5,0.0,0.0,"[37, 1, 39, 12, 43]","[{'x_offset': 0.629796333600575, 'y_offset': 0.27929972585522755, 'z_offset': 1.1144263285715537, 'patch_size': 0.0, 'side': 'right', 'stabilize_anchor': False}, {'x_offset': -0.8133896831246054, 'y_offset': 0.6179199179318127, 'z_offset': 1.1601976255973152, 'patch_size': 0.0, 'side': 'right', 'stabilize_anchor': False}, {'x_offset': 0.46201562970891596, 'y_offset': 0.22328951693605814, 'z_offset': 1.8414174404841797, 'patch_size': 0.0, 'side': 'left', 'stabilize_anchor': False}, {'x_offset': 0.6974099516812586, 'y_offset': 0.6742777988573794, 'z_offset': 1.22150841126303, 'patch_size': 0.0, 'side': 'right', 'stabilize_anchor': False}, {'x_offset': 1.2019647873143744, 'y_offset': -0.3245829219412008, 'z_offset': 1.649555725086597, 'patch_size': 0.0, 'side': 'left', 'stabilize_anchor': False}]"
1,25,1,0.644369900226593,0.10000000149011612,[8],"[{'x_offset': 2.0372999961194806, 'y_offset': 0.7623836135571669, 'z_offset': 0.9165056525020348, 'patch_size': 0.0, 'side': 'right', 'stabilize_anchor': False}]"
1,25,2,0.5162261128425598,0.10000000149011612,"[8, 46]","[{'x_offset': 2.0372999961194806, 'y_offset': 0.7623836135571669, 'z_offset': 0.9165056525020348, 'patch_size': 0.0, 'side': 'right', 'stabilize_anchor': False}, {'x_offset': 1.1086563332683812, 'y_offset': 0.7834861611886432, 'z_offset': 2.006210833024533, 'patch_size': 0.0, 'side': 'right', 'stabilize_anchor': False}]"
1,25,3,0.5031476020812988,0.10000000149011612,"[8, 46, 48]","[{'x_offset': 2.0372999961194806, 'y_offset': 0.7623836135571669, 'z_offset': 0.9165056525020348, 'patch_size': 0.0, 'side': 'right', 'stabilize_anchor': False}, {'x_offset': 1.1086563332683812, 'y_offset': 0.7834861611886432, 'z_offset': 2.006210833024533, 'patch_size': 0.0, 'side': 'right', 'stabilize_anchor': False}, {'x_offset': -0.8182709296621812, 'y_offset': -0.603408367456413, 'z_offset': 0.23404101690599133, 'patch_size': 0.0, 'side': 'left', 'stabilize_anchor': False}]"
1,25,4,0.45656463503837585,0.10000000149011612,"[8, 46, 48, 42]","[{'x_offset': 2.0372999961194806, 'y_offset': 0.7623836135571669, 'z_offset': 0.9165056525020348, 'patch_size': 0.0, 'side': 'right', 'stabilize_anchor': False}, {'x_offset': 1.1086563332683812, 'y_offset': 0.7834861611886432, 'z_offset': 2.006210833024533, 'patch_size': 0.0, 'side': 'right', 'stabilize_anchor': False}, {'x_offset': -0.8182709296621812, 'y_offset': -0.603408367456413, 'z_offset': 0.23404101690599133, 'patch_size': 0.0, 'side': 'left', 'stabilize_anchor': False}, {'x_offset': 1.152795191179452, 'y_offset': 0.7482069766822916, 'z_offset': 0.7444554981445928, 'patch_size': 0.0, 'side': 'left', 'stabilize_anchor': False}]"
1,25,5,0.45094242691993713,0.10000000149011612,"[8, 46, 48, 42, 3]","[{'x_offset': 2.0372999961194806, 'y_offset': 0.7623836135571669, 'z_offset': 0.9165056525020348, 'patch_size': 0.0, 'side': 'right', 'stabilize_anchor': False}, {'x_offset': 1.1086563332683812, 'y_offset': 0.7834861611886432, 'z_offset': 2.006210833024533, 'patch_size': 0.0, 'side': 'right', 'stabilize_anchor': False}, {'x_offset': -0.8182709296621812, 'y_offset': -0.603408367456413, 'z_offset': 0.23404101690599133, 'patch_size': 0.0, 'side': 'left', 'stabilize_anchor': False}, {'x_offset': 1.152795191179452, 'y_offset': 0.7482069766822916, 'z_offset': 0.7444554981445928, 'patch_size': 0.0, 'side': 'left', 'stabilize_anchor': False}, {'x_offset': 1.5379873012130867, 'y_offset': 0.4415991752261643, 'z_offset': 1.5783492398212469, 'patch_size': 0.0, 'side': 'left', 'stabilize_anchor': False}]"
1,25,6,0.44321537017822266,0.10000000149011612,"[8, 46, 48, 42, 3, 5]","[{'x_offset': 2.0372999961194806, 'y_offset': 0.7623836135571669, 'z_offset': 0.9165056525020348, 'patch_size': 0.0, 'side': 'right', 'stabilize_anchor': False}, {'x_offset': 1.1086563332683812, 'y_offset': 0.7834861611886432, 'z_offset': 2.006210833024533, 'patch_size': 0.0, 'side': 'right', 'stabilize_anchor': False}, {'x_offset': -0.8182709296621812, 'y_offset': -0.603408367456413, 'z_offset': 0.23404101690599133, 'patch_size': 0.0, 'side': 'left', 'stabilize_anchor': False}, {'x_offset': 1.152795191179452, 'y_offset': 0.7482069766822916, 'z_offset': 0.7444554981445928, 'patch_size': 0.0, 'side': 'left', 'stabilize_anchor': False}, {'x_offset': 1.5379873012130867, 'y_offset': 0.4415991752261643, 'z_offset': 1.5783492398212469, 'patch_size': 0.0, 'side': 'left', 'stabilize_anchor': False}, {'x_offset': 1.7660186463264442, 'y_offset': -0.3734900264142933, 'z_offset': 1.4603103974586689, 'patch_size': 0.0, 'side': 'left', 'stabilize_anchor': False}]"
1,30,1,0.555330753326416,0.0,[35],"[{'x_offset': 2.2271652082905344, 'y_offset': 0.6557300652659364, 'z_offset': 2.2201738096230597, 'patch_size': 0.0, 'side': 'left', 'stabilize_anchor': False}]"
1,30,2,0.5051226615905762,0.0,"[35, 42]","[{'x_offset': 2.2271652082905344, 'y_offset': 0.6557300652659364, 'z_offset': 2.2201738096230597, 'patch_size': 0.0, 'side': 'left', 'stabilize_anchor': False}, {'x_offset': 1.152795191179452, 'y_offset': 0.7482069766822916, 'z_offset': 0.7444554981445928, 'patch_size': 0.0, 'side': 'left', 'stabilize_anchor': False}]"
1,30,3,0.49005159735679626,0.0,"[35, 42, 14]","[{'x_offset': 2.2271652082905344, 'y_offset': 0.6557300652659364, 'z_offset': 2.2201738096230597, 'patch_size': 0.0, 'side': 'left', 'stabilize_anchor': False}, {'x_offset': 1.152795191179452, 'y_offset': 0.7482069766822916, 'z_offset': 0.7444554981445928, 'patch_size': 0.0, 'side': 'left', 'stabilize_anchor': False}, {'x_offset': -0.8576176878156802, 'y_offset': 0.5809884502872666, 'z_offset': 1.6329467234764625, 'patch_size': 0.0, 'side': 'left', 'stabilize_anchor': False}]"
1,30,4,0.0,0.0,"[35, 42, 14, 37]","[{'x_offset': 2.2271652082905344, 'y_offset': 0.6557300652659364, 'z_offset': 2.2201738096230597, 'patch_size': 0.0, 'side': 'left', 'stabilize_anchor': False}, {'x_offset': 1.152795191179452, 'y_offset': 0.7482069766822916, 'z_offset': 0.7444554981445928, 'patch_size': 0.0, 'side': 'left', 'stabilize_anchor': False}, {'x_offset': -0.8576176878156802, 'y_offset': 0.5809884502872666, 'z_offset': 1.6329467234764625, 'patch_size': 0.0, 'side': 'left', 'stabilize_anchor': False}, {'x_offset': 0.629796333600575, 'y_offset': 0.27929972585522755, 'z_offset': 1.1144263285715537, 'patch_size': 0.0, 'side': 'right', 'stabilize_anchor': False}]"
2,5,1,0.6680342555046082,0.10000000149011612,[39],"[{'x_offset': 0.9009582399131331, 'y_offset': 0.46344845898851794, 'z_offset': 0.6915626180461147, 'patch_size': 0.0, 'side': 'right', 'stabilize_anchor': False}]"
2,5,2,0.660176694393158,0.0,"[39, 40]","[{'x_offset': 0.9009582399131331, 'y_offset': 0.46344845898851794, 'z_offset': 0.6915626180461147, 'patch_size': 0.0, 'side': 'right', 'stabilize_anchor': False}, {'x_offset': 1.0316926092286813, 'y_offset': 0.8725444091321963, 'z_offset': 0.7964519565856313, 'patch_size': 0.0, 'side': 'left', 'stabilize_anchor': False}]"
2,10,1,0.7335978746414185,0.10000000149011612,[38],"[{'x_offset': -0.08592546250718669, 'y_offset': -0.17459339714014055, 'z_offset': 0.24704157062094906, 'patch_size': 0.0, 'side': 'right', 'stabilize_anchor': False}]"
2,10,2,0.7051970362663269,0.10000000149011612,"[38, 8]","[{'x_offset': -0.08592546250718669, 'y_offset': -0.17459339714014055, 'z_offset': 0.24704157062094906, 'patch_size': 0.0, 'side': 'right', 'stabilize_anchor': False}, {'x_offset': 1.8217616411820585, 'y_offset': 0.8575406451007506, 'z_offset': 0.7257087980458983, 'patch_size': 0.0, 'side': 'right', 'stabilize_anchor': False}]"
2,10,3,0.6961476802825928,0.10000000149011612,"[38, 8, 13]","[{'x_offset': -0.08592546250718669, 'y_offset': -0.17459339714014055, 'z_offset': 0.24704157062094906, 'patch_size': 0.0, 'side': 'right', 'stabilize_anchor': False}, {'x_offset': 1.8217616411820585, 'y_offset': 0.8575406451007506, 'z_offset': 0.7257087980458983, 'patch_size': 0.0, 'side': 'right', 'stabilize_anchor': False}, {'x_offset': -0.6581197417826276, 'y_offset': 0.9332967731619022, 'z_offset': 0.8172190375980151, 'patch_size': 0.0, 'side': 'left', 'stabilize_anchor': False}]"
2,10,4,0.6912484169006348,0.0,"[38, 8, 13, 39]","[{'x_offset': -0.08592546250718669, 'y_offset': -0.17459339714014055, 'z_offset': 0.24704157062094906, 'patch_size': 0.0, 'side': 'right', 'stabilize_anchor': False}, {'x_offset': 1.8217616411820585, 'y_offset': 0.8575406451007506, 'z_offset': 0.7257087980458983, 'patch_size': 0.0, 'side': 'right', 'stabilize_anchor': False}, {'x_offset': -0.6581197417826276, 'y_offset': 0.9332967731619022, 'z_offset': 0.8172190375980151, 'patch_size': 0.0, 'side': 'left', 'stabilize_anchor': False}, {'x_offset': 0.9009582399131331, 'y_offset': 0.46344845898851794, 'z_offset': 0.6915626180461147, 'patch_size': 0.0, 'side': 'right', 'stabilize_anchor': False}]"
2,10,5,0.6457701921463013,0.0,"[38, 8, 13, 39, 43]","[{'x_offset': -0.08592546250718669, 'y_offset': -0.17459339714014055, 'z_offset': 0.24704157062094906, 'patch_size': 0.0, 'side': 'right', 'stabilize_anchor': False}, {'x_offset': 1.8217616411820585, 'y_offset': 0.8575406451007506, 'z_offset': 0.7257087980458983, 'patch_size': 0.0, 'side': 'right', 'stabilize_anchor': False}, {'x_offset': -0.6581197417826276, 'y_offset': 0.9332967731619022, 'z_offset': 0.8172190375980151, 'patch_size': 0.0, 'side': 'left', 'stabilize_anchor': False}, {'x_offset': 0.9009582399131331, 'y_offset': 0.46344845898851794, 'z_offset': 0.6915626180461147, 'patch_size': 0.0, 'side': 'right', 'stabilize_anchor': False}, {'x_offset': 1.6219338141605144, 'y_offset': 0.9202787552848126, 'z_offset': 1.4451162186542614, 'patch_size': 0.0, 'side': 'left', 'stabilize_anchor': False}]"
2,10,6,0.6006584763526917,0.0,"[38, 8, 13, 39, 43, 21]","[{'x_offset': -0.08592546250718669, 'y_offset': -0.17459339714014055, 'z_offset': 0.24704157062094906, 'patch_size': 0.0, 'side': 'right', 'stabilize_anchor': False}, {'x_offset': 1.8217616411820585, 'y_offset': 0.8575406451007506, 'z_offset': 0.7257087980458983, 'patch_size': 0.0, 'side': 'right', 'stabilize_anchor': False}, {'x_offset': -0.6581197417826276, 'y_offset': 0.9332967731619022, 'z_offset': 0.8172190375980151, 'patch_size': 0.0, 'side': 'left', 'stabilize_anchor': False}, {'x_offset': 0.9009582399131331, 'y_offset': 0.46344845898851794, 'z_offset': 0.6915626180461147, 'patch_size': 0.0, 'side': 'right', 'stabilize_anchor': False}, {'x_offset': 1.6219338141605144, 'y_offset': 0.9202787552848126, 'z_offset': 1.4451162186542614, 'patch_size': 0.0, 'side': 'left', 'stabilize_anchor': False}, {'x_offset': 1.6158664688479263, 'y_offset': 0.6982931336011833, 'z_offset': 1.8831836306736465, 'patch_size': 0.0, 'side': 'left', 'stabilize_anchor': False}]"
2,15,1,0.577881395816803,0.10000000149011612,[19],"[{'x_offset': 1.0946564824412546, 'y_offset': -0.2528554029645846, 'z_offset': 1.93098049997083, 'patch_size': 0.0, 'side': 'left', 'stabilize_anchor': False}]"
2,15,2,0.5529106855392456,0.10000000149011612,"[19, 47]","[{'x_offset': 1.0946564824412546, 'y_offset': -0.2528554029645846, 'z_offset': 1.93098049997083, 'patch_size': 0.0, 'side': 'left', 'stabilize_anchor': False}, {'x_offset': -0.5358294663557219, 'y_offset': 0.07055748848843446, 'z_offset': 0.7206681757197134, 'patch_size': 0.0, 'side': 'right', 'stabilize_anchor': False}]"
2,15,3,0.5459027290344238,0.0,"[19, 47, 39]","[{'x_offset': 1.0946564824412546, 'y_offset': -0.2528554029645846, 'z_offset': 1.93098049997083, 'patch_size': 0.0, 'side': 'left', 'stabilize_anchor': False}, {'x_offset': -0.5358294663557219, 'y_offset': 0.07055748848843446, 'z_offset': 0.7206681757197134, 'patch_size': 0.0, 'side': 'right', 'stabilize_anchor': False}, {'x_offset': 0.9009582399131331, 'y_offset': 0.46344845898851794, 'z_offset': 0.6915626180461147, 'patch_size': 0.0, 'side': 'right', 'stabilize_anchor': False}]"
2,15,4,0.5236701965332031,0.0,"[19, 47, 39, 42]","[{'x_offset': 1.0946564824412546, 'y_offset': -0.2528554029645846, 'z_offset': 1.93098049997083, 'patch_size': 0.0, 'side': 'left', 'stabilize_anchor': False}, {'x_offset': -0.5358294663557219, 'y_offset': 0.07055748848843446, 'z_offset': 0.7206681757197134, 'patch_size': 0.0, 'side': 'right', 'stabilize_anchor': False}, {'x_offset': 0.9009582399131331, 'y_offset': 0.46344845898851794, 'z_offset': 0.6915626180461147, 'patch_size': 0.0, 'side': 'right', 'stabilize_anchor': False}, {'x_offset': 0.8833043419914253, 'y_offset': 0.8148156570913736, 'z_offset': 1.3039933337066845, 'patch_size': 0.0, 'side': 'right', 'stabilize_anchor': False}]"
2,15,5,0.5096892714500427,0.0,"[19, 47, 39, 42, 29]","[{'x_offset': 1.0946564824412546, 'y_offset': -0.2528554029645846, 'z_offset': 1.93098049997083, 'patch_size': 0.0, 'side': 'left', 'stabilize_anchor': False}, {'x_offset': -0.5358294663557219, 'y_offset': 0.07055748848843446, 'z_offset': 0.7206681757197134, 'patch_size': 0.0, 'side': 'right', 'stabilize_anchor': False}, {'x_offset': 0.9009582399131331, 'y_offset': 0.46344845898851794, 'z_offset': 0.6915626180461147, 'patch_size': 0.0, 'side': 'right', 'stabilize_anchor': False}, {'x_offset': 0.8833043419914253, 'y_offset': 0.8148156570913736, 'z_offset': 1.3039933337066845, 'patch_size': 0.0, 'side': 'right', 'stabilize_anchor': False}, {'x_offset': 0.11834205020784161, 'y_offset': 0.45986168752723566, 'z_offset': 1.906442413963297, 'patch_size': 0.0, 'side': 'right', 'stabilize_anchor': False}]"
2,15,6,0.4342361092567444,0.0,"[19, 47, 39, 42, 29, 40]","[{'x_offset': 1.0946564824412546, 'y_offset': -0.2528554029645846, 'z_offset': 1.93098049997083, 'patch_size': 0.0, 'side': 'left', 'stabilize_anchor': False}, {'x_offset': -0.5358294663557219, 'y_offset': 0.07055748848843446, 'z_offset': 0.7206681757197134, 'patch_size': 0.0, 'side': 'right', 'stabilize_anchor': False}, {'x_offset': 0.9009582399131331, 'y_offset': 0.46344845898851794, 'z_offset': 0.6915626180461147, 'patch_size': 0.0, 'side': 'right', 'stabilize_anchor': False}, {'x_offset': 0.8833043419914253, 'y_offset': 0.8148156570913736, 'z_offset': 1.3039933337066845, 'patch_size': 0.0, 'side': 'right', 'stabilize_anchor': False}, {'x_offset': 0.11834205020784161, 'y_offset': 0.45986168752723566, 'z_offset': 1.906442413963297, 'patch_size': 0.0, 'side': 'right', 'stabilize_anchor': False}, {'x_offset': 1.0316926092286813, 'y_offset': 0.8725444091321963, 'z_offset': 0.7964519565856313, 'patch_size': 0.0, 'side': 'left', 'stabilize_anchor': False}]"
2,15,7,0.4206037223339081,0.0,"[19, 47, 39, 42, 29, 40, 37]","[{'x_offset': 1.0946564824412546, 'y_offset': -0.2528554029645846, 'z_offset': 1.93098049997083, 'patch_size': 0.0, 'side': 'left', 'stabilize_anchor': False}, {'x_offset': -0.5358294663557219, 'y_offset': 0.07055748848843446, 'z_offset': 0.7206681757197134, 'patch_size': 0.0, 'side': 'right', 'stabilize_anchor': False}, {'x_offset': 0.9009582399131331, 'y_offset': 0.46344845898851794, 'z_offset': 0.6915626180461147, 'patch_size': 0.0, 'side': 'right', 'stabilize_anchor': False}, {'x_offset': 0.8833043419914253, 'y_offset': 0.8148156570913736, 'z_offset': 1.3039933337066845, 'patch_size': 0.0, 'side': 'right', 'stabilize_anchor': False}, {'x_offset': 0.11834205020784161, 'y_offset': 0.45986168752723566, 'z_offset': 1.906442413963297, 'patch_size': 0.0, 'side': 'right', 'stabilize_anchor': False}, {'x_offset': 1.0316926092286813, 'y_offset': 0.8725444091321963, 'z_offset': 0.7964519565856313, 'patch_size': 0.0, 'side': 'left', 'stabilize_anchor': False}, {'x_offset': 0.05186303418840832, 'y_offset': 0.09998167838929561, 'z_offset': 2.0011584629570884, 'patch_size': 0.0, 'side': 'left', 'stabilize_anchor': False}]"
2,15,8,0.40221530199050903,0.0,"[19, 47, 39, 42, 29, 40, 37, 12]","[{'x_offset': 1.0946564824412546, 'y_offset': -0.2528554029645846, 'z_offset': 1.93098049997083, 'patch_size': 0.0, 'side': 'left', 'stabilize_anchor': False}, {'x_offset': -0.5358294663557219, 'y_offset': 0.07055748848843446, 'z_offset': 0.7206681757197134, 'patch_size': 0.0, 'side': 'right', 'stabilize_anchor': False}, {'x_offset': 0.9009582399131331, 'y_offset': 0.46344845898851794, 'z_offset': 0.6915626180461147, 'patch_size': 0.0, 'side': 'right', 'stabilize_anchor': False}, {'x_offset': 0.8833043419914253, 'y_offset': 0.8148156570913736, 'z_offset': 1.3039933337066845, 'patch_size': 0.0, 'side': 'right', 'stabilize_anchor': False}, {'x_offset': 0.11834205020784161, 'y_offset': 0.45986168752723566, 'z_offset': 1.906442413963297, 'patch_size': 0.0, 'side': 'right', 'stabilize_anchor': False}, {'x_offset': 1.0316926092286813, 'y_offset': 0.8725444091321963, 'z_offset': 0.7964519565856313, 'patch_size': 0.0, 'side': 'left', 'stabilize_anchor': False}, {'x_offset': 0.05186303418840832, 'y_offset': 0.09998167838929561, 'z_offset': 2.0011584629570884, 'patch_size': 0.0, 'side': 'left', 'stabilize_anchor': False}, {'x_offset': -0.3639811407845319, 'y_offset': 0.2880192507573236, 'z_offset': 0.5329275888241137, 'patch_size': 0.0, 'side': 'left', 'stabilize_anchor': False}]"
2,15,9,0.36612680554389954,0.0,"[19, 47, 39, 42, 29, 40, 37, 12, 11]","[{'x_offset': 1.0946564824412546, 'y_offset': -0.2528554029645846, 'z_offset': 1.93098049997083, 'patch_size': 0.0, 'side': 'left', 'stabilize_anchor': False}, {'x_offset': -0.5358294663557219, 'y_offset': 0.07055748848843446, 'z_offset': 0.7206681757197134, 'patch_size': 0.0, 'side': 'right', 'stabilize_anchor': False}, {'x_offset': 0.9009582399131331, 'y_offset': 0.46344845898851794, 'z_offset': 0.6915626180461147, 'patch_size': 0.0, 'side': 'right', 'stabilize_anchor': False}, {'x_offset': 0.8833043419914253, 'y_offset': 0.8148156570913736, 'z_offset': 1.3039933337066845, 'patch_size': 0.0, 'side': 'right', 'stabilize_anchor': False}, {'x_offset': 0.11834205020784161, 'y_offset': 0.45986168752723566, 'z_offset': 1.906442413963297, 'patch_size': 0.0, 'side': 'right', 'stabilize_anchor': False}, {'x_offset': 1.0316926092286813, 'y_offset': 0.8725444091321963, 'z_offset': 0.7964519565856313, 'patch_size': 0.0, 'side': 'left', 'stabilize_anchor': False}, {'x_offset': 0.05186303418840832, 'y_offset': 0.09998167838929561, 'z_offset': 2.0011584629570884, 'patch_size': 0.0, 'side': 'left', 'stabilize_anchor': False}, {'x_offset': -0.3639811407845319, 'y_offset': 0.2880192507573236, 'z_offset': 0.5329275888241137, 'patch_size': 0.0, 'side': 'left', 'stabilize_anchor': False}, {'x_offset': 0.5004508060280808, 'y_offset': 0.06825826920685518, 'z_offset': 0.8856729232413594, 'patch_size': 0.0, 'side': 'left', 'stabilize_anchor': False}]"
2,20,1,0.5982843041419983,0.10000000149011612,[0],"[{'x_offset': -0.8265615237303922, 'y_offset': 0.9678977995829101, 'z_offset': 1.1036616532904575, 'patch_size': 0.0, 'side': 'left', 'stabilize_anchor': False}]"
2,20,2,0.5360442996025085,0.10000000149011612,"[0, 2]","[{'x_offset': -0.8265615237303922, 'y_offset': 0.9678977995829101, 'z_offset': 1.1036616532904575, 'patch_size': 0.0, 'side': 'left', 'stabilize_anchor': False}, {'x_offset': -0.38308741587813133, 'y_offset': 0.23073429512359456, 'z_offset': 0.9973463276197972, 'patch_size': 0.0, 'side': 'left', 'stabilize_anchor': False}]"
2,20,3,0.5298997759819031,0.10000000149011612,"[0, 2, 3]","[{'x_offset': -0.8265615237303922, 'y_offset': 0.9678977995829101, 'z_offset': 1.1036616532904575, 'patch_size': 0.0, 'side': 'left', 'stabilize_anchor': False}, {'x_offset': -0.38308741587813133, 'y_offset': 0.23073429512359456, 'z_offset': 0.9973463276197972, 'patch_size': 0.0, 'side': 'left', 'stabilize_anchor': False}, {'x_offset': -0.7495097274309861, 'y_offset': -0.540244979780818, 'z_offset': 0.679612136729763, 'patch_size': 0.0, 'side': 'left', 'stabilize_anchor': False}]"
2,20,4,0.49869105219841003,0.10000000149011612,"[0, 2, 3, 5]","[{'x_offset': -0.8265615237303922, 'y_offset': 0.9678977995829101, 'z_offset': 1.1036616532904575, 'patch_size': 0.0, 'side': 'left', 'stabilize_anchor': False}, {'x_offset': -0.38308741587813133, 'y_offset': 0.23073429512359456, 'z_offset': 0.9973463276197972, 'patch_size': 0.0, 'side': 'left', 'stabilize_anchor': False}, {'x_offset': -0.7495097274309861, 'y_offset': -0.540244979780818, 'z_offset': 0.679612136729763, 'patch_size': 0.0, 'side': 'left', 'stabilize_anchor': False}, {'x_offset': 1.8997782555360785, 'y_offset': 0.5797528086888726, 'z_offset': 1.6435552965809357, 'patch_size': 0.0, 'side': 'left', 'stabilize_anchor': False}]"
2,20,5,0.4584742486476898,0.10000000149011612,"[0, 2, 3, 5, 48]","[{'x_offset': -0.8265615237303922, 'y_offset': 0.9678977995829101, 'z_offset': 1.1036616532904575, 'patch_size': 0.0, 'side': 'left', 'stabilize_anchor': False}, {'x_offset': -0.38308741587813133, 'y_offset': 0.23073429512359456, 'z_offset': 0.9973463276197972, 'patch_size': 0.0, 'side': 'left', 'stabilize_anchor': False}, {'x_offset': -0.7495097274309861, 'y_offset': -0.540244979780818, 'z_offset': 0.679612136729763, 'patch_size': 0.0, 'side': 'left', 'stabilize_anchor': False}, {'x_offset': 1.8997782555360785, 'y_offset': 0.5797528086888726, 'z_offset': 1.6435552965809357, 'patch_size': 0.0, 'side': 'left', 'stabilize_anchor': False}, {'x_offset': 1.1682683994629155, 'y_offset': 0.7202844018804493, 'z_offset': 0.7592473666236854, 'patch_size': 0.0, 'side': 'right', 'stabilize_anchor': False}]"
2,25,1,0.7350703477859497,0.10000000149011612,[0],"[{'x_offset': -0.8265615237303922, 'y_offset': 0.9678977995829101, 'z_offset': 1.1036616532904575, 'patch_size': 0.0, 'side': 'left', 'stabilize_anchor': False}]"
2,25,2,0.7293639779090881,0.10000000149011612,"[0, 2]","[{'x_offset': -0.8265615237303922, 'y_offset': 0.9678977995829101, 'z_offset': 1.1036616532904575, 'patch_size': 0.0, 'side': 'left', 'stabilize_anchor': False}, {'x_offset': -0.38308741587813133, 'y_offset': 0.23073429512359456, 'z_offset': 0.9973463276197972, 'patch_size': 0.0, 'side': 'left', 'stabilize_anchor': False}]"
2,25,3,0.7104275226593018,0.10000000149011612,"[0, 2, 8]","[{'x_offset': -0.8265615237303922, 'y_offset': 0.9678977995829101, 'z_offset': 1.1036616532904575, 'patch_size': 0.0, 'side': 'left', 'stabilize_anchor': False}, {'x_offset': -0.38308741587813133, 'y_offset': 0.23073429512359456, 'z_offset': 0.9973463276197972, 'patch_size': 0.0, 'side': 'left', 'stabilize_anchor': False}, {'x_offset': 1.8217616411820585, 'y_offset': 0.8575406451007506, 'z_offset': 0.7257087980458983, 'patch_size': 0.0, 'side': 'right', 'stabilize_anchor': False}]"
2,25,4,0.6692600846290588,0.10000000149011612,"[0, 2, 8, 9]","[{'x_offset': -0.8265615237303922, 'y_offset': 0.9678977995829101, 'z_offset': 1.1036616532904575, 'patch_size': 0.0, 'side': 'left', 'stabilize_anchor': False}, {'x_offset': -0.38308741587813133, 'y_offset': 0.23073429512359456, 'z_offset': 0.9973463276197972, 'patch_size': 0.0, 'side': 'left', 'stabilize_anchor': False}, {'x_offset': 1.8217616411820585, 'y_offset': 0.8575406451007506, 'z_offset': 0.7257087980458983, 'patch_size': 0.0, 'side': 'right', 'stabilize_anchor': False}, {'x_offset': 3.1831874817557955, 'y_offset': -0.32937005901209776, 'z_offset': 2.156952346903054, 'patch_size': 0.0, 'side': 'right', 'stabilize_anchor': False}]"
2,25,5,0.6624351143836975,0.10000000149011612,"[0, 2, 8, 9, 13]","[{'x_offset': -0.8265615237303922, 'y_offset': 0.9678977995829101, 'z_offset': 1.1036616532904575, 'patch_size': 0.0, 'side': 'left', 'stabilize_anchor': False}, {'x_offset': -0.38308741587813133, 'y_offset': 0.23073429512359456, 'z_offset': 0.9973463276197972, 'patch_size': 0.0, 'side': 'left', 'stabilize_anchor': False}, {'x_offset': 1.8217616411820585, 'y_offset': 0.8575406451007506, 'z_offset': 0.7257087980458983, 'patch_size': 0.0, 'side': 'right', 'stabilize_anchor': False}, {'x_offset': 3.1831874817557955, 'y_offset': -0.32937005901209776, 'z_offset': 2.156952346903054, 'patch_size': 0.0, 'side': 'right', 'stabilize_anchor': False}, {'x_offset': -0.6581197417826276, 'y_offset': 0.9332967731619022, 'z_offset': 0.8172190375980151, 'patch_size': 0.0, 'side': 'left', 'stabilize_anchor': False}]"
2,25,6,0.6514174938201904,0.10000000149011612,"[0, 2, 8, 9, 13, 15]","[{'x_offset': -0.8265615237303922, 'y_offset': 0.9678977995829101, 'z_offset': 1.1036616532904575, 'patch_size': 0.0, 'side': 'left', 'stabilize_anchor': False}, {'x_offset': -0.38308741587813133, 'y_offset': 0.23073429512359456, 'z_offset': 0.9973463276197972, 'patch_size': 0.0, 'side': 'left', 'stabilize_anchor': False}, {'x_offset': 1.8217616411820585, 'y_offset': 0.8575406451007506, 'z_offset': 0.7257087980458983, 'patch_size': 0.0, 'side': 'right', 'stabilize_anchor': False}, {'x_offset': 3.1831874817557955, 'y_offset': -0.32937005901209776, 'z_offset': 2.156952346903054, 'patch_size': 0.0, 'side': 'right', 'stabilize_anchor': False}, {'x_offset': -0.6581197417826276, 'y_offset': 0.9332967731619022, 'z_offset': 0.8172190375980151, 'patch_size': 0.0, 'side': 'left', 'stabilize_anchor': False}, {'x_offset': 3.3519254259478286, 'y_offset': -0.6771415973203793, 'z_offset': 2.127310630929175, 'patch_size': 0.0, 'side': 'right', 'stabilize_anchor': False}]"
2,25,7,0.6441211104393005,0.10000000149011612,"[0, 2, 8, 9, 13, 15, 26]","[{'x_offset': -0.8265615237303922, 'y_offset': 0.9678977995829101, 'z_offset': 1.1036616532904575, 'patch_size': 0.0, 'side': 'left', 'stabilize_anchor': False}, {'x_offset': -0.38308741587813133, 'y_offset': 0.23073429512359456, 'z_offset': 0.9973463276197972, 'patch_size': 0.0, 'side': 'left', 'stabilize_anchor': False}, {'x_offset': 1.8217616411820585, 'y_offset': 0.8575406451007506, 'z_offset': 0.7257087980458983, 'patch_size': 0.0, 'side': 'right', 'stabilize_anchor': False}, {'x_offset': 3.1831874817557955, 'y_offset': -0.32937005901209776, 'z_offset': 2.156952346903054, 'patch_size': 0.0, 'side': 'right', 'stabilize_anchor': False}, {'x_offset': -0.6581197417826276, 'y_offset': 0.9332967731619022, 'z_offset': 0.8172190375980151, 'patch_size': 0.0, 'side': 'left', 'stabilize_anchor': False}, {'x_offset': 3.3519254259478286, 'y_offset': -0.6771415973203793, 'z_offset': 2.127310630929175, 'patch_size': 0.0, 'side': 'right', 'stabilize_anchor': False}, {'x_offset': -0.06816824687171175, 'y_offset': 0.18480139472976675, 'z_offset': 1.957590052895307, 'patch_size': 0.0, 'side': 'left', 'stabilize_anchor': False}]"
2,25,8,0.5784003138542175,0.10000000149011612,"[0, 2, 8, 9, 13, 15, 26, 27]","[{'x_offset': -0.8265615237303922, 'y_offset': 0.9678977995829101, 'z_offset': 1.1036616532904575, 'patch_size': 0.0, 'side': 'left', 'stabilize_anchor': False}, {'x_offset': -0.38308741587813133, 'y_offset': 0.23073429512359456, 'z_offset': 0.9973463276197972, 'patch_size': 0.0, 'side': 'left', 'stabilize_anchor': False}, {'x_offset': 1.8217616411820585, 'y_offset': 0.8575406451007506, 'z_offset': 0.7257087980458983, 'patch_size': 0.0, 'side': 'right', 'stabilize_anchor': False}, {'x_offset': 3.1831874817557955, 'y_offset': -0.32937005901209776, 'z_offset': 2.156952346903054, 'patch_size': 0.0, 'side': 'right', 'stabilize_anchor': False}, {'x_offset': -0.6581197417826276, 'y_offset': 0.9332967731619022, 'z_offset': 0.8172190375980151, 'patch_size': 0.0, 'side': 'left', 'stabilize_anchor': False}, {'x_offset': 3.3519254259478286, 'y_offset': -0.6771415973203793, 'z_offset': 2.127310630929175, 'patch_size': 0.0, 'side': 'right', 'stabilize_anchor': False}, {'x_offset': -0.06816824687171175, 'y_offset': 0.18480139472976675, 'z_offset': 1.957590052895307, 'patch_size': 0.0, 'side': 'left', 'stabilize_anchor': False}, {'x_offset': 3.806458246706817, 'y_offset': 0.0285269666948883, 'z_offset': 2.233079863014337, 'patch_size': 0.0, 'side': 'left', 'stabilize_anchor': False}]"
2,25,9,0.5732322335243225,0.10000000149011612,"[0, 2, 8, 9, 13, 15, 26, 27, 29]","[{'x_offset': -0.8265615237303922, 'y_offset': 0.9678977995829101, 'z_offset': 1.1036616532904575, 'patch_size': 0.0, 'side': 'left', 'stabilize_anchor': False}, {'x_offset': -0.38308741587813133, 'y_offset': 0.23073429512359456, 'z_offset': 0.9973463276197972, 'patch_size': 0.0, 'side': 'left', 'stabilize_anchor': False}, {'x_offset': 1.8217616411820585, 'y_offset': 0.8575406451007506, 'z_offset': 0.7257087980458983, 'patch_size': 0.0, 'side': 'right', 'stabilize_anchor': False}, {'x_offset': 3.1831874817557955, 'y_offset': -0.32937005901209776, 'z_offset': 2.156952346903054, 'patch_size': 0.0, 'side': 'right', 'stabilize_anchor': False}, {'x_offset': -0.6581197417826276, 'y_offset': 0.9332967731619022, 'z_offset': 0.8172190375980151, 'patch_size': 0.0, 'side': 'left', 'stabilize_anchor': False}, {'x_offset': 3.3519254259478286, 'y_offset': -0.6771415973203793, 'z_offset': 2.127310630929175, 'patch_size': 0.0, 'side': 'right', 'stabilize_anchor': False}, {'x_offset': -0.06816824687171175, 'y_offset': 0.18480139472976675, 'z_offset': 1.957590052895307, 'patch_size': 0.0, 'side': 'left', 'stabilize_anchor': False}, {'x_offset': 3.806458246706817, 'y_offset': 0.0285269666948883, 'z_offset': 2.233079863014337, 'patch_size': 0.0, 'side': 'left', 'stabilize_anchor': False}, {'x_offset': 0.11834205020784161, 'y_offset': 0.45986168752723566, 'z_offset': 1.906442413963297, 'patch_size': 0.0, 'side': 'right', 'stabilize_anchor': False}]"
2,25,10,0.5287973284721375,0.10000000149011612,"[0, 2, 8, 9, 13, 15, 26, 27, 29, 30]","[{'x_offset': -0.8265615237303922, 'y_offset': 0.9678977995829101, 'z_offset': 1.1036616532904575, 'patch_size': 0.0, 'side': 'left', 'stabilize_anchor': False}, {'x_offset': -0.38308741587813133, 'y_offset': 0.23073429512359456, 'z_offset': 0.9973463276197972, 'patch_size': 0.0, 'side': 'left', 'stabilize_anchor': False}, {'x_offset': 1.8217616411820585, 'y_offset': 0.8575406451007506, 'z_offset': 0.7257087980458983, 'patch_size': 0.0, 'side': 'right', 'stabilize_anchor': False}, {'x_offset': 3.1831874817557955, 'y_offset': -0.32937005901209776, 'z_offset': 2.156952346903054, 'patch_size': 0.0, 'side': 'right', 'stabilize_anchor': False}, {'x_offset': -0.6581197417826276, 'y_offset': 0.9332967731619022, 'z_offset': 0.8172190375980151, 'patch_size': 0.0, 'side': 'left', 'stabilize_anchor': False}, {'x_offset': 3.3519254259478286, 'y_offset': -0.6771415973203793, 'z_offset': 2.127310630929175, 'patch_size': 0.0, 'side': 'right', 'stabilize_anchor': False}, {'x_offset': -0.06816824687171175, 'y_offset': 0.18480139472976675, 'z_offset': 1.957590052895307, 'patch_size': 0.0, 'side': 'left', 'stabilize_anchor': False}, {'x_offset': 3.806458246706817, 'y_offset': 0.0285269666948883, 'z_offset': 2.233079863014337, 'patch_size': 0.0, 'side': 'left', 'stabilize_anchor': False}, {'x_offset': 0.11834205020784161, 'y_offset': 0.45986168752723566, 'z_offset': 1.906442413963297, 'patch_size': 0.0, 'side': 'right', 'stabilize_anchor': False}, {'x_offset': 0.11790515550811032, 'y_offset': 0.9423842554136614, 'z_offset': 2.071042993877253, 'patch_size': 0.0, 'side': 'right', 'stabilize_anchor': False}]"
2,25,11,0.4993644654750824,0.10000000149011612,"[0, 2, 8, 9, 13, 15, 26, 27, 29, 30, 36]","[{'x_offset': -0.8265615237303922, 'y_offset': 0.9678977995829101, 'z_offset': 1.1036616532904575, 'patch_size': 0.0, 'side': 'left', 'stabilize_anchor': False}, {'x_offset': -0.38308741587813133, 'y_offset': 0.23073429512359456, 'z_offset': 0.9973463276197972, 'patch_size': 0.0, 'side': 'left', 'stabilize_anchor': False}, {'x_offset': 1.8217616411820585, 'y_offset': 0.8575406451007506, 'z_offset': 0.7257087980458983, 'patch_size': 0.0, 'side': 'right', 'stabilize_anchor': False}, {'x_offset': 3.1831874817557955, 'y_offset': -0.32937005901209776, 'z_offset': 2.156952346903054, 'patch_size': 0.0, 'side': 'right', 'stabilize_anchor': False}, {'x_offset': -0.6581197417826276, 'y_offset': 0.9332967731619022, 'z_offset': 0.8172190375980151, 'patch_size': 0.0, 'side': 'left', 'stabilize_anchor': False}, {'x_offset': 3.3519254259478286, 'y_offset': -0.6771415973203793, 'z_offset': 2.127310630929175, 'patch_size': 0.0, 'side': 'right', 'stabilize_anchor': False}, {'x_offset': -0.06816824687171175, 'y_offset': 0.18480139472976675, 'z_offset': 1.957590052895307, 'patch_size': 0.0, 'side': 'left', 'stabilize_anchor': False}, {'x_offset': 3.806458246706817, 'y_offset': 0.0285269666948883, 'z_offset': 2.233079863014337, 'patch_size': 0.0, 'side': 'left', 'stabilize_anchor': False}, {'x_offset': 0.11834205020784161, 'y_offset': 0.45986168752723566, 'z_offset': 1.906442413963297, 'patch_size': 0.0, 'side': 'right', 'stabilize_anchor': False}, {'x_offset': 0.11790515550811032, 'y_offset': 0.9423842554136614, 'z_offset': 2.071042993877253, 'patch_size': 0.0, 'side': 'right', 'stabilize_anchor': False}, {'x_offset': -0.326304135099005, 'y_offset': 0.3468693625297192, 'z_offset': 1.3796981119277332, 'patch_size': 0.0, 'side': 'left', 'stabilize_anchor': False}]"
2,25,12,0.4811023771762848,0.10000000149011612,"[0, 2, 8, 9, 13, 15, 26, 27, 29, 30, 36, 39]","[{'x_offset': -0.8265615237303922, 'y_offset': 0.9678977995829101, 'z_offset': 1.1036616532904575, 'patch_size': 0.0, 'side': 'left', 'stabilize_anchor': False}, {'x_offset': -0.38308741587813133, 'y_offset': 0.23073429512359456, 'z_offset': 0.9973463276197972, 'patch_size': 0.0, 'side': 'left', 'stabilize_anchor': False}, {'x_offset': 1.8217616411820585, 'y_offset': 0.8575406451007506, 'z_offset': 0.7257087980458983, 'patch_size': 0.0, 'side': 'right', 'stabilize_anchor': False}, {'x_offset': 3.1831874817557955, 'y_offset': -0.32937005901209776, 'z_offset': 2.156952346903054, 'patch_size': 0.0, 'side': 'right', 'stabilize_anchor': False}, {'x_offset': -0.6581197417826276, 'y_offset': 0.9332967731619022, 'z_offset': 0.8172190375980151, 'patch_size': 0.0, 'side': 'left', 'stabilize_anchor': False}, {'x_offset': 3.3519254259478286, 'y_offset': -0.6771415973203793, 'z_offset': 2.127310630929175, 'patch_size': 0.0, 'side': 'right', 'stabilize_anchor': False}, {'x_offset': -0.06816824687171175, 'y_offset': 0.18480139472976675, 'z_offset': 1.957590052895307, 'patch_size': 0.0, 'side': 'left', 'stabilize_anchor': False}, {'x_offset': 3.806458246706817, 'y_offset': 0.0285269666948883, 'z_offset': 2.233079863014337, 'patch_size': 0.0, 'side': 'left', 'stabilize_anchor': False}, {'x_offset': 0.11834205020784161, 'y_offset': 0.45986168752723566, 'z_offset': 1.906442413963297, 'patch_size': 0.0, 'side': 'right', 'stabilize_anchor': False}, {'x_offset': 0.11790515550811032, 'y_offset': 0.9423842554136614, 'z_offset': 2.071042993877253, 'patch_size': 0.0, 'side': 'right', 'stabilize_anchor': False}, {'x_offset': -0.326304135099005, 'y_offset': 0.3468693625297192, 'z_offset': 1.3796981119277332, 'patch_size': 0.0, 'side': 'left', 'stabilize_anchor': False}, {'x_offset': 0.9009582399131331, 'y_offset': 0.46344845898851794, 'z_offset': 0.6915626180461147, 'patch_size': 0.0, 'side': 'right', 'stabilize_anchor': False}]"
2,25,13,0.4049486219882965,0.10000000149011612,"[0, 2, 8, 9, 13, 15, 26, 27, 29, 30, 36, 39, 40]","[{'x_offset': -0.8265615237303922, 'y_offset': 0.9678977995829101, 'z_offset': 1.1036616532904575, 'patch_size': 0.0, 'side': 'left', 'stabilize_anchor': False}, {'x_offset': -0.38308741587813133, 'y_offset': 0.23073429512359456, 'z_offset': 0.9973463276197972, 'patch_size': 0.0, 'side': 'left', 'stabilize_anchor': False}, {'x_offset': 1.8217616411820585, 'y_offset': 0.8575406451007506, 'z_offset': 0.7257087980458983, 'patch_size': 0.0, 'side': 'right', 'stabilize_anchor': False}, {'x_offset': 3.1831874817557955, 'y_offset': -0.32937005901209776, 'z_offset': 2.156952346903054, 'patch_size': 0.0, 'side': 'right', 'stabilize_anchor': False}, {'x_offset': -0.6581197417826276, 'y_offset': 0.9332967731619022, 'z_offset': 0.8172190375980151, 'patch_size': 0.0, 'side': 'left', 'stabilize_anchor': False}, {'x_offset': 3.3519254259478286, 'y_offset': -0.6771415973203793, 'z_offset': 2.127310630929175, 'patch_size': 0.0, 'side': 'right', 'stabilize_anchor': False}, {'x_offset': -0.06816824687171175, 'y_offset': 0.18480139472976675, 'z_offset': 1.957590052895307, 'patch_size': 0.0, 'side': 'left', 'stabilize_anchor': False}, {'x_offset': 3.806458246706817, 'y_offset': 0.0285269666948883, 'z_offset': 2.233079863014337, 'patch_size': 0.0, 'side': 'left', 'stabilize_anchor': False}, {'x_offset': 0.11834205020784161, 'y_offset': 0.45986168752723566, 'z_offset': 1.906442413963297, 'patch_size': 0.0, 'side': 'right', 'stabilize_anchor': False}, {'x_offset': 0.11790515550811032, 'y_offset': 0.9423842554136614, 'z_offset': 2.071042993877253, 'patch_size': 0.0, 'side': 'right', 'stabilize_anchor': False}, {'x_offset': -0.326304135099005, 'y_offset': 0.3468693625297192, 'z_offset': 1.3796981119277332, 'patch_size': 0.0, 'side': 'left', 'stabilize_anchor': False}, {'x_offset': 0.9009582399131331, 'y_offset': 0.46344845898851794, 'z_offset': 0.6915626180461147, 'patch_size': 0.0, 'side': 'right', 'stabilize_anchor': False}, {'x_offset': 1.0316926092286813, 'y_offset': 0.8725444091321963, 'z_offset': 0.7964519565856313, 'patch_size': 0.0, 'side': 'left', 'stabilize_anchor': False}]"
2,25,14,0.0,0.0,"[0, 2, 8, 9, 13, 15, 26, 27, 29, 30, 36, 39, 40, 44]","[{'x_offset': -0.8265615237303922, 'y_offset': 0.9678977995829101, 'z_offset': 1.1036616532904575, 'patch_size': 0.0, 'side': 'left', 'stabilize_anchor': False}, {'x_offset': -0.38308741587813133, 'y_offset': 0.23073429512359456, 'z_offset': 0.9973463276197972, 'patch_size': 0.0, 'side': 'left', 'stabilize_anchor': False}, {'x_offset': 1.8217616411820585, 'y_offset': 0.8575406451007506, 'z_offset': 0.7257087980458983, 'patch_size': 0.0, 'side': 'right', 'stabilize_anchor': False}, {'x_offset': 3.1831874817557955, 'y_offset': -0.32937005901209776, 'z_offset': 2.156952346903054, 'patch_size': 0.0, 'side': 'right', 'stabilize_anchor': False}, {'x_offset': -0.6581197417826276, 'y_offset': 0.9332967731619022, 'z_offset': 0.8172190375980151, 'patch_size': 0.0, 'side': 'left', 'stabilize_anchor': False}, {'x_offset': 3.3519254259478286, 'y_offset': -0.6771415973203793, 'z_offset': 2.127310630929175, 'patch_size': 0.0, 'side': 'right', 'stabilize_anchor': False}, {'x_offset': -0.06816824687171175, 'y_offset': 0.18480139472976675, 'z_offset': 1.957590052895307, 'patch_size': 0.0, 'side': 'left', 'stabilize_anchor': False}, {'x_offset': 3.806458246706817, 'y_offset': 0.0285269666948883, 'z_offset': 2.233079863014337, 'patch_size': 0.0, 'side': 'left', 'stabilize_anchor': False}, {'x_offset': 0.11834205020784161, 'y_offset': 0.45986168752723566, 'z_offset': 1.906442413963297, 'patch_size': 0.0, 'side': 'right', 'stabilize_anchor': False}, {'x_offset': 0.11790515550811032, 'y_offset': 0.9423842554136614, 'z_offset': 2.071042993877253, 'patch_size': 0.0, 'side': 'right', 'stabilize_anchor': False}, {'x_offset': -0.326304135099005, 'y_offset': 0.3468693625297192, 'z_offset': 1.3796981119277332, 'patch_size': 0.0, 'side': 'left', 'stabilize_anchor': False}, {'x_offset': 0.9009582399131331, 'y_offset': 0.46344845898851794, 'z_offset': 0.6915626180461147, 'patch_size': 0.0, 'side': 'right', 'stabilize_anchor': False}, {'x_offset': 1.0316926092286813, 'y_offset': 0.8725444091321963, 'z_offset': 0.7964519565856313, 'patch_size': 0.0, 'side': 'left', 'stabilize_anchor': False}, {'x_offset': 0.5581741477346216, 'y_offset': 0.12000489781751578, 'z_offset': 1.6092507322007095, 'patch_size': 0.0, 'side': 'right', 'stabilize_anchor': False}]"
2,30,1,0.6301941275596619,0.0,[32],"[{'x_offset': 1.854308356079664, 'y_offset': 0.24526019163954282, 'z_offset': 0.688851051604811, 'patch_size': 0.0, 'side': 'left', 'stabilize_anchor': False}]"
2,30,2,0.5222437381744385,0.0,"[32, 45]","[{'x_offset': 1.854308356079664, 'y_offset': 0.24526019163954282, 'z_offset': 0.688851051604811, 'patch_size': 0.0, 'side': 'left', 'stabilize_anchor': False}, {'x_offset': 0.8498839726118472, 'y_offset': 0.5482765153878404, 'z_offset': 1.4916106041655648, 'patch_size': 0.0, 'side': 'left', 'stabilize_anchor': False}]"
2,30,3,0.37888917326927185,0.0,"[32, 45, 26]","[{'x_offset': 1.854308356079664, 'y_offset': 0.24526019163954282, 'z_offset': 0.688851051604811, 'patch_size': 0.0, 'side': 'left', 'stabilize_anchor': False}, {'x_offset': 0.8498839726118472, 'y_offset': 0.5482765153878404, 'z_offset': 1.4916106041655648, 'patch_size': 0.0, 'side': 'left', 'stabilize_anchor': False}, {'x_offset': -0.06816824687171175, 'y_offset': 0.18480139472976675, 'z_offset': 1.957590052895307, 'patch_size': 0.0, 'side': 'left', 'stabilize_anchor': False}]"
2,30,4,0.3639749586582184,0.0,"[32, 45, 26, 0]","[{'x_offset': 1.854308356079664, 'y_offset': 0.24526019163954282, 'z_offset': 0.688851051604811, 'patch_size': 0.0, 'side': 'left', 'stabilize_anchor': False}, {'x_offset': 0.8498839726118472, 'y_offset': 0.5482765153878404, 'z_offset': 1.4916106041655648, 'patch_size': 0.0, 'side': 'left', 'stabilize_anchor': False}, {'x_offset': -0.06816824687171175, 'y_offset': 0.18480139472976675, 'z_offset': 1.957590052895307, 'patch_size': 0.0, 'side': 'left', 'stabilize_anchor': False}, {'x_offset': -0.8265615237303922, 'y_offset': 0.9678977995829101, 'z_offset': 1.1036616532904575, 'patch_size': 0.0, 'side': 'left', 'stabilize_anchor': False}]"
2,30,5,0.3577139377593994,0.0,"[32, 45, 26, 0, 28]","[{'x_offset': 1.854308356079664, 'y_offset': 0.24526019163954282, 'z_offset': 0.688851051604811, 'patch_size': 0.0, 'side': 'left', 'stabilize_anchor': False}, {'x_offset': 0.8498839726118472, 'y_offset': 0.5482765153878404, 'z_offset': 1.4916106041655648, 'patch_size': 0.0, 'side': 'left', 'stabilize_anchor': False}, {'x_offset': -0.06816824687171175, 'y_offset': 0.18480139472976675, 'z_offset': 1.957590052895307, 'patch_size': 0.0, 'side': 'left', 'stabilize_anchor': False}, {'x_offset': -0.8265615237303922, 'y_offset': 0.9678977995829101, 'z_offset': 1.1036616532904575, 'patch_size': 0.0, 'side': 'left', 'stabilize_anchor': False}, {'x_offset': 1.2135222787405322, 'y_offset': 0.6230625560644449, 'z_offset': 0.44424546692905914, 'patch_size': 0.0, 'side': 'left', 'stabilize_anchor': False}]"
2,30,6,0.35147538781166077,0.0,"[32, 45, 26, 0, 28, 42]","[{'x_offset': 1.854308356079664, 'y_offset': 0.24526019163954282, 'z_offset': 0.688851051604811, 'patch_size': 0.0, 'side': 'left', 'stabilize_anchor': False}, {'x_offset': 0.8498839726118472, 'y_offset': 0.5482765153878404, 'z_offset': 1.4916106041655648, 'patch_size': 0.0, 'side': 'left', 'stabilize_anchor': False}, {'x_offset': -0.06816824687171175, 'y_offset': 0.18480139472976675, 'z_offset': 1.957590052895307, 'patch_size': 0.0, 'side': 'left', 'stabilize_anchor': False}, {'x_offset': -0.8265615237303922, 'y_offset': 0.9678977995829101, 'z_offset': 1.1036616532904575, 'patch_size': 0.0, 'side': 'left', 'stabilize_anchor': False}, {'x_offset': 1.2135222787405322, 'y_offset': 0.6230625560644449, 'z_offset': 0.44424546692905914, 'patch_size': 0.0, 'side': 'left', 'stabilize_anchor': False}, {'x_offset': 0.8833043419914253, 'y_offset': 0.8148156570913736, 'z_offset': 1.3039933337066845, 'patch_size': 0.0, 'side': 'right', 'stabilize_anchor': False}]"
2,30,7,0.0,0.0,"[32, 45, 26, 0, 28, 42, 46]","[{'x_offset': 1.854308356079664, 'y_offset': 0.24526019163954282, 'z_offset': 0.688851051604811, 'patch_size': 0.0, 'side': 'left', 'stabilize_anchor': False}, {'x_offset': 0.8498839726118472, 'y_offset': 0.5482765153878404, 'z_offset': 1.4916106041655648, 'patch_size': 0.0, 'side': 'left', 'stabilize_anchor': False}, {'x_offset': -0.06816824687171175, 'y_offset': 0.18480139472976675, 'z_offset': 1.957590052895307, 'patch_size': 0.0, 'side': 'left', 'stabilize_anchor': False}, {'x_offset': -0.8265615237303922, 'y_offset': 0.9678977995829101, 'z_offset': 1.1036616532904575, 'patch_size': 0.0, 'side': 'left', 'stabilize_anchor': False}, {'x_offset': 1.2135222787405322, 'y_offset': 0.6230625560644449, 'z_offset': 0.44424546692905914, 'patch_size': 0.0, 'side': 'left', 'stabilize_anchor': False}, {'x_offset': 0.8833043419914253, 'y_offset': 0.8148156570913736, 'z_offset': 1.3039933337066845, 'patch_size': 0.0, 'side': 'right', 'stabilize_anchor': False}, {'x_offset': 1.4278689003853526, 'y_offset': 0.5293635579362945, 'z_offset': 2.2146730263651944, 'patch_size': 0.0, 'side': 'left', 'stabilize_anchor': False}]"
3,5,1,0.6578766703605652,0.10000000149011612,[32],"[{'x_offset': 3.8287622016452385, 'y_offset': 0.10700668544642356, 'z_offset': 1.1389125197186865, 'patch_size': 0.0, 'side': 'right', 'stabilize_anchor': False}]"
3,5,2,0.651526153087616,0.10000000149011612,"[32, 5]","[{'x_offset': 3.8287622016452385, 'y_offset': 0.10700668544642356, 'z_offset': 1.1389125197186865, 'patch_size': 0.0, 'side': 'right', 'stabilize_anchor': False}, {'x_offset': 0.7356519569622093, 'y_offset': 0.021112609823031758, 'z_offset': 2.065427787551377, 'patch_size': 0.0, 'side': 'left', 'stabilize_anchor': False}]"
3,10,1,0.7041495442390442,0.10000000149011612,[38],"[{'x_offset': 2.247182518104701, 'y_offset': 0.8026331902216739, 'z_offset': 1.1333234547985178, 'patch_size': 0.0, 'side': 'right', 'stabilize_anchor': False}]"
3,10,2,0.6968100666999817,0.10000000149011612,"[38, 18]","[{'x_offset': 2.247182518104701, 'y_offset': 0.8026331902216739, 'z_offset': 1.1333234547985178, 'patch_size': 0.0, 'side': 'right', 'stabilize_anchor': False}, {'x_offset': 0.4488322526094515, 'y_offset': 0.8156291805709432, 'z_offset': 1.2790846023282847, 'patch_size': 0.0, 'side': 'right', 'stabilize_anchor': False}]"
3,10,3,0.6913483142852783,0.0,"[38, 18, 43]","[{'x_offset': 2.247182518104701, 'y_offset': 0.8026331902216739, 'z_offset': 1.1333234547985178, 'patch_size': 0.0, 'side': 'right', 'stabilize_anchor': False}, {'x_offset': 0.4488322526094515, 'y_offset': 0.8156291805709432, 'z_offset': 1.2790846023282847, 'patch_size': 0.0, 'side': 'right', 'stabilize_anchor': False}, {'x_offset': 1.1127516010761473, 'y_offset': 0.2912778929545593, 'z_offset': 0.3461460510949342, 'patch_size': 0.0, 'side': 'left', 'stabilize_anchor': False}]"
3,10,4,0.6655893921852112,0.0,"[38, 18, 43, 23]","[{'x_offset': 2.247182518104701, 'y_offset': 0.8026331902216739, 'z_offset': 1.1333234547985178, 'patch_size': 0.0, 'side': 'right', 'stabilize_anchor': False}, {'x_offset': 0.4488322526094515, 'y_offset': 0.8156291805709432, 'z_offset': 1.2790846023282847, 'patch_size': 0.0, 'side': 'right', 'stabilize_anchor': False}, {'x_offset': 1.1127516010761473, 'y_offset': 0.2912778929545593, 'z_offset': 0.3461460510949342, 'patch_size': 0.0, 'side': 'left', 'stabilize_anchor': False}, {'x_offset': 2.6446069795932305, 'y_offset': 0.30459919521617973, 'z_offset': 0.9008330611418095, 'patch_size': 0.0, 'side': 'right', 'stabilize_anchor': False}]"
3,10,5,0.6571730971336365,0.0,"[38, 18, 43, 23, 16]","[{'x_offset': 2.247182518104701, 'y_offset': 0.8026331902216739, 'z_offset': 1.1333234547985178, 'patch_size': 0.0, 'side': 'right', 'stabilize_anchor': False}, {'x_offset': 0.4488322526094515, 'y_offset': 0.8156291805709432, 'z_offset': 1.2790846023282847, 'patch_size': 0.0, 'side': 'right', 'stabilize_anchor': False}, {'x_offset': 1.1127516010761473, 'y_offset': 0.2912778929545593, 'z_offset': 0.3461460510949342, 'patch_size': 0.0, 'side': 'left', 'stabilize_anchor': False}, {'x_offset': 2.6446069795932305, 'y_offset': 0.30459919521617973, 'z_offset': 0.9008330611418095, 'patch_size': 0.0, 'side': 'right', 'stabilize_anchor': False}, {'x_offset': 0.043181110738929274, 'y_offset': 0.27103744452593903, 'z_offset': 0.2697467448466308, 'patch_size': 0.0, 'side': 'left', 'stabilize_anchor': False}]"
3,15,1,0.6901928186416626,0.10000000149011612,[38],"[{'x_offset': 2.247182518104701, 'y_offset': 0.8026331902216739, 'z_offset': 1.1333234547985178, 'patch_size': 0.0, 'side': 'right', 'stabilize_anchor': False}]"
3,15,2,0.6734980344772339,0.10000000149011612,"[38, 18]","[{'x_offset': 2.247182518104701, 'y_offset': 0.8026331902216739, 'z_offset': 1.1333234547985178, 'patch_size': 0.0, 'side': 'right', 'stabilize_anchor': False}, {'x_offset': 0.4488322526094515, 'y_offset': 0.8156291805709432, 'z_offset': 1.2790846023282847, 'patch_size': 0.0, 'side': 'right', 'stabilize_anchor': False}]"
3,15,3,0.5398332476615906,0.0,"[38, 18, 31]","[{'x_offset': 2.247182518104701, 'y_offset': 0.8026331902216739, 'z_offset': 1.1333234547985178, 'patch_size': 0.0, 'side': 'right', 'stabilize_anchor': False}, {'x_offset': 0.4488322526094515, 'y_offset': 0.8156291805709432, 'z_offset': 1.2790846023282847, 'patch_size': 0.0, 'side': 'right', 'stabilize_anchor': False}, {'x_offset': 0.5210629460898506, 'y_offset': 0.29459630440977913, 'z_offset': 0.6427309091598329, 'patch_size': 0.0, 'side': 'right', 'stabilize_anchor': False}]"
3,15,4,0.5235218405723572,0.0,"[38, 18, 31, 49]","[{'x_offset': 2.247182518104701, 'y_offset': 0.8026331902216739, 'z_offset': 1.1333234547985178, 'patch_size': 0.0, 'side': 'right', 'stabilize_anchor': False}, {'x_offset': 0.4488322526094515, 'y_offset': 0.8156291805709432, 'z_offset': 1.2790846023282847, 'patch_size': 0.0, 'side': 'right', 'stabilize_anchor': False}, {'x_offset': 0.5210629460898506, 'y_offset': 0.29459630440977913, 'z_offset': 0.6427309091598329, 'patch_size': 0.0, 'side': 'right', 'stabilize_anchor': False}, {'x_offset': -0.207395406488309, 'y_offset': 0.0035437620580696105, 'z_offset': 2.1473631450976205, 'patch_size': 0.0, 'side': 'right', 'stabilize_anchor': False}]"
3,15,5,0.5082952976226807,0.0,"[38, 18, 31, 49, 43]","[{'x_offset': 2.247182518104701, 'y_offset': 0.8026331902216739, 'z_offset': 1.1333234547985178, 'patch_size': 0.0, 'side': 'right', 'stabilize_anchor': False}, {'x_offset': 0.4488322526094515, 'y_offset': 0.8156291805709432, 'z_offset': 1.2790846023282847, 'patch_size': 0.0, 'side': 'right', 'stabilize_anchor': False}, {'x_offset': 0.5210629460898506, 'y_offset': 0.29459630440977913, 'z_offset': 0.6427309091598329, 'patch_size': 0.0, 'side': 'right', 'stabilize_anchor': False}, {'x_offset': -0.207395406488309, 'y_offset': 0.0035437620580696105, 'z_offset': 2.1473631450976205, 'patch_size': 0.0, 'side': 'right', 'stabilize_anchor': False}, {'x_offset': 1.1127516010761473, 'y_offset': 0.2912778929545593, 'z_offset': 0.3461460510949342, 'patch_size': 0.0, 'side': 'left', 'stabilize_anchor': False}]"
3,15,6,0.4770556688308716,0.0,"[38, 18, 31, 49, 43, 14]","[{'x_offset': 2.247182518104701, 'y_offset': 0.8026331902216739, 'z_offset': 1.1333234547985178, 'patch_size': 0.0, 'side': 'right', 'stabilize_anchor': False}, {'x_offset': 0.4488322526094515, 'y_offset': 0.8156291805709432, 'z_offset': 1.2790846023282847, 'patch_size': 0.0, 'side': 'right', 'stabilize_anchor': False}, {'x_offset': 0.5210629460898506, 'y_offset': 0.29459630440977913, 'z_offset': 0.6427309091598329, 'patch_size': 0.0, 'side': 'right', 'stabilize_anchor': False}, {'x_offset': -0.207395406488309, 'y_offset': 0.0035437620580696105, 'z_offset': 2.1473631450976205, 'patch_size': 0.0, 'side': 'right', 'stabilize_anchor': False}, {'x_offset': 1.1127516010761473, 'y_offset': 0.2912778929545593, 'z_offset': 0.3461460510949342, 'patch_size': 0.0, 'side': 'left', 'stabilize_anchor': False}, {'x_offset': -0.45862653467747394, 'y_offset': -0.026617053083119457, 'z_offset': 0.3733762844508388, 'patch_size': 0.0, 'side': 'right', 'stabilize_anchor': False}]"
3,20,1,0.6366196274757385,0.10000000149011612,[1],"[{'x_offset': 3.230851668278639, 'y_offset': 0.5373728084415395, 'z_offset': 2.136261005402862, 'patch_size': 0.0, 'side': 'left', 'stabilize_anchor': False}]"
3,20,2,0.6022362112998962,0.10000000149011612,"[1, 13]","[{'x_offset': 3.230851668278639, 'y_offset': 0.5373728084415395, 'z_offset': 2.136261005402862, 'patch_size': 0.0, 'side': 'left', 'stabilize_anchor': False}, {'x_offset': 1.3975209126115988, 'y_offset': 0.8502934413394989, 'z_offset': 1.580924973894294, 'patch_size': 0.0, 'side': 'left', 'stabilize_anchor': False}]"
3,20,3,0.4392588138580322,0.0,"[1, 13, 31]","[{'x_offset': 3.230851668278639, 'y_offset': 0.5373728084415395, 'z_offset': 2.136261005402862, 'patch_size': 0.0, 'side': 'left', 'stabilize_anchor': False}, {'x_offset': 1.3975209126115988, 'y_offset': 0.8502934413394989, 'z_offset': 1.580924973894294, 'patch_size': 0.0, 'side': 'left', 'stabilize_anchor': False}, {'x_offset': 0.5210629460898506, 'y_offset': 0.29459630440977913, 'z_offset': 0.6427309091598329, 'patch_size': 0.0, 'side': 'right', 'stabilize_anchor': False}]"
3,20,4,0.4219585657119751,0.0,"[1, 13, 31, 44]","[{'x_offset': 3.230851668278639, 'y_offset': 0.5373728084415395, 'z_offset': 2.136261005402862, 'patch_size': 0.0, 'side': 'left', 'stabilize_anchor': False}, {'x_offset': 1.3975209126115988, 'y_offset': 0.8502934413394989, 'z_offset': 1.580924973894294, 'patch_size': 0.0, 'side': 'left', 'stabilize_anchor': False}, {'x_offset': 0.5210629460898506, 'y_offset': 0.29459630440977913, 'z_offset': 0.6427309091598329, 'patch_size': 0.0, 'side': 'right', 'stabilize_anchor': False}, {'x_offset': 1.4149362884072678, 'y_offset': 0.48819085838769616, 'z_offset': 2.1671625421741227, 'patch_size': 0.0, 'side': 'left', 'stabilize_anchor': False}]"
3,20,5,0.41643431782722473,0.0,"[1, 13, 31, 44, 2]","[{'x_offset': 3.230851668278639, 'y_offset': 0.5373728084415395, 'z_offset': 2.136261005402862, 'patch_size': 0.0, 'side': 'left', 'stabilize_anchor': False}, {'x_offset': 1.3975209126115988, 'y_offset': 0.8502934413394989, 'z_offset': 1.580924973894294, 'patch_size': 0.0, 'side': 'left', 'stabilize_anchor': False}, {'x_offset': 0.5210629460898506, 'y_offset': 0.29459630440977913, 'z_offset': 0.6427309091598329, 'patch_size': 0.0, 'side': 'right', 'stabilize_anchor': False}, {'x_offset': 1.4149362884072678, 'y_offset': 0.48819085838769616, 'z_offset': 2.1671625421741227, 'patch_size': 0.0, 'side': 'left', 'stabilize_anchor': False}, {'x_offset': 1.5094287655143273, 'y_offset': 0.5797294160230555, 'z_offset': 0.6472904343393212, 'patch_size': 0.0, 'side': 'right', 'stabilize_anchor': False}]"
3,20,6,0.3759261965751648,0.0,"[1, 13, 31, 44, 2, 37]","[{'x_offset': 3.230851668278639, 'y_offset': 0.5373728084415395, 'z_offset': 2.136261005402862, 'patch_size': 0.0, 'side': 'left', 'stabilize_anchor': False}, {'x_offset': 1.3975209126115988, 'y_offset': 0.8502934413394989, 'z_offset': 1.580924973894294, 'patch_size': 0.0, 'side': 'left', 'stabilize_anchor': False}, {'x_offset': 0.5210629460898506, 'y_offset': 0.29459630440977913, 'z_offset': 0.6427309091598329, 'patch_size': 0.0, 'side': 'right', 'stabilize_anchor': False}, {'x_offset': 1.4149362884072678, 'y_offset': 0.48819085838769616, 'z_offset': 2.1671625421741227, 'patch_size': 0.0, 'side': 'left', 'stabilize_anchor': False}, {'x_offset': 1.5094287655143273, 'y_offset': 0.5797294160230555, 'z_offset': 0.6472904343393212, 'patch_size': 0.0, 'side': 'right', 'stabilize_anchor': False}, {'x_offset': 2.8673844897043286, 'y_offset': 0.15431788440826888, 'z_offset': 2.0601050988871497, 'patch_size': 0.0, 'side': 'left', 'stabilize_anchor': False}]"
3,20,7,0.0,0.0,"[1, 13, 31, 44, 2, 37, 9]","[{'x_offset': 3.230851668278639, 'y_offset': 0.5373728084415395, 'z_offset': 2.136261005402862, 'patch_size': 0.0, 'side': 'left', 'stabilize_anchor': False}, {'x_offset': 1.3975209126115988, 'y_offset': 0.8502934413394989, 'z_offset': 1.580924973894294, 'patch_size': 0.0, 'side': 'left', 'stabilize_anchor': False}, {'x_offset': 0.5210629460898506, 'y_offset': 0.29459630440977913, 'z_offset': 0.6427309091598329, 'patch_size': 0.0, 'side': 'right', 'stabilize_anchor': False}, {'x_offset': 1.4149362884072678, 'y_offset': 0.48819085838769616, 'z_offset': 2.1671625421741227, 'patch_size': 0.0, 'side': 'left', 'stabilize_anchor': False}, {'x_offset': 1.5094287655143273, 'y_offset': 0.5797294160230555, 'z_offset': 0.6472904343393212, 'patch_size': 0.0, 'side': 'right', 'stabilize_anchor': False}, {'x_offset': 2.8673844897043286, 'y_offset': 0.15431788440826888, 'z_offset': 2.0601050988871497, 'patch_size': 0.0, 'side': 'left', 'stabilize_anchor': False}, {'x_offset': 0.4115395605621588, 'y_offset': 0.8027129694626072, 'z_offset': 0.25518240499427075, 'patch_size': 0.0, 'side': 'left', 'stabilize_anchor': False}]"
3,25,1,0.6944142580032349,0.10000000149011612,[38],"[{'x_offset': 2.247182518104701, 'y_offset': 0.8026331902216739, 'z_offset': 1.1333234547985178, 'patch_size': 0.0, 'side': 'right', 'stabilize_anchor': False}]"
3,25,2,0.6878246665000916,0.10000000149011612,"[38, 46]","[{'x_offset': 2.247182518104701, 'y_offset': 0.8026331902216739, 'z_offset': 1.1333234547985178, 'patch_size': 0.0, 'side': 'right', 'stabilize_anchor': False}, {'x_offset': 1.5931036389854816, 'y_offset': 0.7493735047775427, 'z_offset': 0.4861804263706386, 'patch_size': 0.0, 'side': 'right', 'stabilize_anchor': False}]"
3,25,3,0.6335338950157166,0.10000000149011612,"[38, 46, 44]","[{'x_offset': 2.247182518104701, 'y_offset': 0.8026331902216739, 'z_offset': 1.1333234547985178, 'patch_size': 0.0, 'side': 'right', 'stabilize_anchor': False}, {'x_offset': 1.5931036389854816, 'y_offset': 0.7493735047775427, 'z_offset': 0.4861804263706386, 'patch_size': 0.0, 'side': 'right', 'stabilize_anchor': False}, {'x_offset': 1.4149362884072678, 'y_offset': 0.48819085838769616, 'z_offset': 2.1671625421741227, 'patch_size': 0.0, 'side': 'left', 'stabilize_anchor': False}]"
3,25,4,0.6054256558418274,0.10000000149011612,"[38, 46, 44, 20]","[{'x_offset': 2.247182518104701, 'y_offset': 0.8026331902216739, 'z_offset': 1.1333234547985178, 'patch_size': 0.0, 'side': 'right', 'stabilize_anchor': False}, {'x_offset': 1.5931036389854816, 'y_offset': 0.7493735047775427, 'z_offset': 0.4861804263706386, 'patch_size': 0.0, 'side': 'right', 'stabilize_anchor': False}, {'x_offset': 1.4149362884072678, 'y_offset': 0.48819085838769616, 'z_offset': 2.1671625421741227, 'patch_size': 0.0, 'side': 'left', 'stabilize_anchor': False}, {'x_offset': 0.2188378232824455, 'y_offset': 0.09683757256585446, 'z_offset': 1.005648776076711, 'patch_size': 0.0, 'side': 'right', 'stabilize_anchor': False}]"
3,25,5,0.5946733951568604,0.0,"[38, 46, 44, 20, 15]","[{'x_offset': 2.247182518104701, 'y_offset': 0.8026331902216739, 'z_offset': 1.1333234547985178, 'patch_size': 0.0, 'side': 'right', 'stabilize_anchor': False}, {'x_offset': 1.5931036389854816, 'y_offset': 0.7493735047775427, 'z_offset': 0.4861804263706386, 'patch_size': 0.0, 'side': 'right', 'stabilize_anchor': False}, {'x_offset': 1.4149362884072678, 'y_offset': 0.48819085838769616, 'z_offset': 2.1671625421741227, 'patch_size': 0.0, 'side': 'left', 'stabilize_anchor': False}, {'x_offset': 0.2188378232824455, 'y_offset': 0.09683757256585446, 'z_offset': 1.005648776076711, 'patch_size': 0.0, 'side': 'right', 'stabilize_anchor': False}, {'x_offset': 0.0793972196359487, 'y_offset': 0.456989528772235, 'z_offset': 0.6193407374217643, 'patch_size': 0.0, 'side': 'right', 'stabilize_anchor': False}]"
3,25,6,0.49290022253990173,0.0,"[38, 46, 44, 20, 15, 41]","[{'x_offset': 2.247182518104701, 'y_offset': 0.8026331902216739, 'z_offset': 1.1333234547985178, 'patch_size': 0.0, 'side': 'right', 'stabilize_anchor': False}, {'x_offset': 1.5931036389854816, 'y_offset': 0.7493735047775427, 'z_offset': 0.4861804263706386, 'patch_size': 0.0, 'side': 'right', 'stabilize_anchor': False}, {'x_offset': 1.4149362884072678, 'y_offset': 0.48819085838769616, 'z_offset': 2.1671625421741227, 'patch_size': 0.0, 'side': 'left', 'stabilize_anchor': False}, {'x_offset': 0.2188378232824455, 'y_offset': 0.09683757256585446, 'z_offset': 1.005648776076711, 'patch_size': 0.0, 'side': 'right', 'stabilize_anchor': False}, {'x_offset': 0.0793972196359487, 'y_offset': 0.456989528772235, 'z_offset': 0.6193407374217643, 'patch_size': 0.0, 'side': 'right', 'stabilize_anchor': False}, {'x_offset': 0.104887651374586, 'y_offset': 0.14092611356248164, 'z_offset': 1.064792267503957, 'patch_size': 0.0, 'side': 'left', 'stabilize_anchor': False}]"
3,25,7,0.0,0.0,"[38, 46, 44, 20, 15, 41, 18]","[{'x_offset': 2.247182518104701, 'y_offset': 0.8026331902216739, 'z_offset': 1.1333234547985178, 'patch_size': 0.0, 'side': 'right', 'stabilize_anchor': False}, {'x_offset': 1.5931036389854816, 'y_offset': 0.7493735047775427, 'z_offset': 0.4861804263706386, 'patch_size': 0.0, 'side': 'right', 'stabilize_anchor': False}, {'x_offset': 1.4149362884072678, 'y_offset': 0.48819085838769616, 'z_offset': 2.1671625421741227, 'patch_size': 0.0, 'side': 'left', 'stabilize_anchor': False}, {'x_offset': 0.2188378232824455, 'y_offset': 0.09683757256585446, 'z_offset': 1.005648776076711, 'patch_size': 0.0, 'side': 'right', 'stabilize_anchor': False}, {'x_offset': 0.0793972196359487, 'y_offset': 0.456989528772235, 'z_offset': 0.6193407374217643, 'patch_size': 0.0, 'side': 'right', 'stabilize_anchor': False}, {'x_offset': 0.104887651374586, 'y_offset': 0.14092611356248164, 'z_offset': 1.064792267503957, 'patch_size': 0.0, 'side': 'left', 'stabilize_anchor': False}, {'x_offset': 0.4488322526094515, 'y_offset': 0.8156291805709432, 'z_offset': 1.2790846023282847, 'patch_size': 0.0, 'side': 'right', 'stabilize_anchor': False}]"
3,30,1,0.5754224061965942,0.10000000149011612,[3],"[{'x_offset': 2.647962613189609, 'y_offset': 0.8844939665749034, 'z_offset': 2.10967302789528, 'patch_size': 0.0, 'side': 'left', 'stabilize_anchor': False}]"
3,30,2,0.5047720670700073,0.10000000149011612,"[3, 22]","[{'x_offset': 2.647962613189609, 'y_offset': 0.8844939665749034, 'z_offset': 2.10967302789528, 'patch_size': 0.0, 'side': 'left', 'stabilize_anchor': False}, {'x_offset': -0.5200185380029828, 'y_offset': 0.9702300672348194, 'z_offset': 0.7227723669932605, 'patch_size': 0.0, 'side': 'left', 'stabilize_anchor': False}]"
3,30,3,0.3741825819015503,0.0,"[3, 22, 18]","[{'x_offset': 2.647962613189609, 'y_offset': 0.8844939665749034, 'z_offset': 2.10967302789528, 'patch_size': 0.0, 'side': 'left', 'stabilize_anchor': False}, {'x_offset': -0.5200185380029828, 'y_offset': 0.9702300672348194, 'z_offset': 0.7227723669932605, 'patch_size': 0.0, 'side': 'left', 'stabilize_anchor': False}, {'x_offset': 0.4488322526094515, 'y_offset': 0.8156291805709432, 'z_offset': 1.2790846023282847, 'patch_size': 0.0, 'side': 'right', 'stabilize_anchor': False}]"
3,30,4,0.0,0.0,"[3, 22, 18, 31]","[{'x_offset': 2.647962613189609, 'y_offset': 0.8844939665749034, 'z_offset': 2.10967302789528, 'patch_size': 0.0, 'side': 'left', 'stabilize_anchor': False}, {'x_offset': -0.5200185380029828, 'y_offset': 0.9702300672348194, 'z_offset': 0.7227723669932605, 'patch_size': 0.0, 'side': 'left', 'stabilize_anchor': False}, {'x_offset': 0.4488322526094515, 'y_offset': 0.8156291805709432, 'z_offset': 1.2790846023282847, 'patch_size': 0.0, 'side': 'right', 'stabilize_anchor': False}, {'x_offset': 0.5210629460898506, 'y_offset': 0.29459630440977913, 'z_offset': 0.6427309091598329, 'patch_size': 0.0, 'side': 'right', 'stabilize_anchor': False}]"
4,5,1,0.6673643589019775,0.10000000149011612,[11],"[{'x_offset': 3.163328567458347, 'y_offset': 0.2037727535119912, 'z_offset': 1.2991314970380174, 'patch_size': 0.0, 'side': 'right', 'stabilize_anchor': False}]"
4,5,2,0.6544187664985657,0.10000000149011612,"[11, 42]","[{'x_offset': 3.163328567458347, 'y_offset': 0.2037727535119912, 'z_offset': 1.2991314970380174, 'patch_size': 0.0, 'side': 'right', 'stabilize_anchor': False}, {'x_offset': 3.531652709505887, 'y_offset': -0.22177951056645573, 'z_offset': 1.9725190165630493, 'patch_size': 0.0, 'side': 'left', 'stabilize_anchor': False}]"
4,5,3,0.6467782855033875,0.10000000149011612,"[11, 42, 21]","[{'x_offset': 3.163328567458347, 'y_offset': 0.2037727535119912, 'z_offset': 1.2991314970380174, 'patch_size': 0.0, 'side': 'right', 'stabilize_anchor': False}, {'x_offset': 3.531652709505887, 'y_offset': -0.22177951056645573, 'z_offset': 1.9725190165630493, 'patch_size': 0.0, 'side': 'left', 'stabilize_anchor': False}, {'x_offset': -0.27532027971784023, 'y_offset': -0.6675770844255765, 'z_offset': 0.6969154565336088, 'patch_size': 0.0, 'side': 'left', 'stabilize_anchor': False}]"
4,5,4,0.6399468779563904,0.10000000149011612,"[11, 42, 21, 27]","[{'x_offset': 3.163328567458347, 'y_offset': 0.2037727535119912, 'z_offset': 1.2991314970380174, 'patch_size': 0.0, 'side': 'right', 'stabilize_anchor': False}, {'x_offset': 3.531652709505887, 'y_offset': -0.22177951056645573, 'z_offset': 1.9725190165630493, 'patch_size': 0.0, 'side': 'left', 'stabilize_anchor': False}, {'x_offset': -0.27532027971784023, 'y_offset': -0.6675770844255765, 'z_offset': 0.6969154565336088, 'patch_size': 0.0, 'side': 'left', 'stabilize_anchor': False}, {'x_offset': 2.5324460535744047, 'y_offset': 0.5459027193987913, 'z_offset': 2.069582946591335, 'patch_size': 0.0, 'side': 'left', 'stabilize_anchor': False}]"
4,10,1,0.7366596460342407,0.0,[28],"[{'x_offset': 0.40855333329081844, 'y_offset': 0.05672511924203627, 'z_offset': 1.4019753158986148, 'patch_size': 0.0, 'side': 'left', 'stabilize_anchor': False}]"
4,10,2,0.7203707098960876,0.0,"[28, 6]","[{'x_offset': 0.40855333329081844, 'y_offset': 0.05672511924203627, 'z_offset': 1.4019753158986148, 'patch_size': 0.0, 'side': 'left', 'stabilize_anchor': False}, {'x_offset': 2.7711545615153503, 'y_offset': 0.9131223203143599, 'z_offset': 1.1590162590012432, 'patch_size': 0.0, 'side': 'right', 'stabilize_anchor': False}]"
4,10,3,0.6889634132385254,0.0,"[28, 6, 33]","[{'x_offset': 0.40855333329081844, 'y_offset': 0.05672511924203627, 'z_offset': 1.4019753158986148, 'patch_size': 0.0, 'side': 'left', 'stabilize_anchor': False}, {'x_offset': 2.7711545615153503, 'y_offset': 0.9131223203143599, 'z_offset': 1.1590162590012432, 'patch_size': 0.0, 'side': 'right', 'stabilize_anchor': False}, {'x_offset': 1.1859073124581325, 'y_offset': 0.42043408139598015, 'z_offset': 0.9907912939272681, 'patch_size': 0.0, 'side': 'right', 'stabilize_anchor': False}]"
4,10,4,0.668213427066803,0.0,"[28, 6, 33, 13]","[{'x_offset': 0.40855333329081844, 'y_offset': 0.05672511924203627, 'z_offset': 1.4019753158986148, 'patch_size': 0.0, 'side': 'left', 'stabilize_anchor': False}, {'x_offset': 2.7711545615153503, 'y_offset': 0.9131223203143599, 'z_offset': 1.1590162590012432, 'patch_size': 0.0, 'side': 'right', 'stabilize_anchor': False}, {'x_offset': 1.1859073124581325, 'y_offset': 0.42043408139598015, 'z_offset': 0.9907912939272681, 'patch_size': 0.0, 'side': 'right', 'stabilize_anchor': False}, {'x_offset': 0.15150582145501845, 'y_offset': 0.314158065983307, 'z_offset': 0.03776889400368045, 'patch_size': 0.0, 'side': 'right', 'stabilize_anchor': False}]"
4,10,5,0.6558719277381897,0.0,"[28, 6, 33, 13, 44]","[{'x_offset': 0.40855333329081844, 'y_offset': 0.05672511924203627, 'z_offset': 1.4019753158986148, 'patch_size': 0.0, 'side': 'left', 'stabilize_anchor': False}, {'x_offset': 2.7711545615153503, 'y_offset': 0.9131223203143599, 'z_offset': 1.1590162590012432, 'patch_size': 0.0, 'side': 'right', 'stabilize_anchor': False}, {'x_offset': 1.1859073124581325, 'y_offset': 0.42043408139598015, 'z_offset': 0.9907912939272681, 'patch_size': 0.0, 'side': 'right', 'stabilize_anchor': False}, {'x_offset': 0.15150582145501845, 'y_offset': 0.314158065983307, 'z_offset': 0.03776889400368045, 'patch_size': 0.0, 'side': 'right', 'stabilize_anchor': False}, {'x_offset': 1.9895832895201608, 'y_offset': 0.5156021616012647, 'z_offset': 0.285620454158541, 'patch_size': 0.0, 'side': 'left', 'stabilize_anchor': False}]"
4,15,1,0.6755102872848511,0.10000000149011612,[33],"[{'x_offset': 1.1859073124581325, 'y_offset': 0.42043408139598015, 'z_offset': 0.9907912939272681, 'patch_size': 0.0, 'side': 'right', 'stabilize_anchor': False}]"
4,15,2,0.6548869609832764,0.10000000149011612,"[33, 17]","[{'x_offset': 1.1859073124581325, 'y_offset': 0.42043408139598015, 'z_offset': 0.9907912939272681, 'patch_size': 0.0, 'side': 'right', 'stabilize_anchor': False}, {'x_offset': 3.325790228939156, 'y_offset': 0.9782006957740284, 'z_offset': 1.698104754109664, 'patch_size': 0.0, 'side': 'left', 'stabilize_anchor': False}]"
4,15,3,0.5981849431991577,0.0,"[33, 17, 2]","[{'x_offset': 1.1859073124581325, 'y_offset': 0.42043408139598015, 'z_offset': 0.9907912939272681, 'patch_size': 0.0, 'side': 'right', 'stabilize_anchor': False}, {'x_offset': 3.325790228939156, 'y_offset': 0.9782006957740284, 'z_offset': 1.698104754109664, 'patch_size': 0.0, 'side': 'left', 'stabilize_anchor': False}, {'x_offset': 2.3094509434695993, 'y_offset': 0.648393781630934, 'z_offset': 1.5055534382837403, 'patch_size': 0.0, 'side': 'left', 'stabilize_anchor': False}]"
4,15,4,0.5681532025337219,0.0,"[33, 17, 2, 1]","[{'x_offset': 1.1859073124581325, 'y_offset': 0.42043408139598015, 'z_offset': 0.9907912939272681, 'patch_size': 0.0, 'side': 'right', 'stabilize_anchor': False}, {'x_offset': 3.325790228939156, 'y_offset': 0.9782006957740284, 'z_offset': 1.698104754109664, 'patch_size': 0.0, 'side': 'left', 'stabilize_anchor': False}, {'x_offset': 2.3094509434695993, 'y_offset': 0.648393781630934, 'z_offset': 1.5055534382837403, 'patch_size': 0.0, 'side': 'left', 'stabilize_anchor': False}, {'x_offset': 3.2055862696316764, 'y_offset': 0.17063148473942735, 'z_offset': 0.17896569583415478, 'patch_size': 0.0, 'side': 'left', 'stabilize_anchor': False}]"
4,15,5,0.5402325987815857,0.0,"[33, 17, 2, 1, 49]","[{'x_offset': 1.1859073124581325, 'y_offset': 0.42043408139598015, 'z_offset': 0.9907912939272681, 'patch_size': 0.0, 'side': 'right', 'stabilize_anchor': False}, {'x_offset': 3.325790228939156, 'y_offset': 0.9782006957740284, 'z_offset': 1.698104754109664, 'patch_size': 0.0, 'side': 'left', 'stabilize_anchor': False}, {'x_offset': 2.3094509434695993, 'y_offset': 0.648393781630934, 'z_offset': 1.5055534382837403, 'patch_size': 0.0, 'side': 'left', 'stabilize_anchor': False}, {'x_offset': 3.2055862696316764, 'y_offset': 0.17063148473942735, 'z_offset': 0.17896569583415478, 'patch_size': 0.0, 'side': 'left', 'stabilize_anchor': False}, {'x_offset': -0.486028602672007, 'y_offset': -0.10238685077766263, 'z_offset': 0.5356962130694333, 'patch_size': 0.0, 'side': 'left', 'stabilize_anchor': False}]"
4,20,1,0.5683574080467224,0.10000000149011612,[0],"[{'x_offset': -0.13671138299028185, 'y_offset': 0.945515358211261, 'z_offset': 1.9850094586934222, 'patch_size': 0.0, 'side': 'left', 'stabilize_anchor': False}]"
4,20,2,0.5501149892807007,0.10000000149011612,"[0, 13]","[{'x_offset': -0.13671138299028185, 'y_offset': 0.945515358211261, 'z_offset': 1.9850094586934222, 'patch_size': 0.0, 'side': 'left', 'stabilize_anchor': False}, {'x_offset': 0.15150582145501845, 'y_offset': 0.314158065983307, 'z_offset': 0.03776889400368045, 'patch_size': 0.0, 'side': 'right', 'stabilize_anchor': False}]"
4,20,3,0.5091529488563538,0.10000000149011612,"[0, 13, 33]","[{'x_offset': -0.13671138299028185, 'y_offset': 0.945515358211261, 'z_offset': 1.9850094586934222, 'patch_size': 0.0, 'side': 'left', 'stabilize_anchor': False}, {'x_offset': 0.15150582145501845, 'y_offset': 0.314158065983307, 'z_offset': 0.03776889400368045, 'patch_size': 0.0, 'side': 'right', 'stabilize_anchor': False}, {'x_offset': 1.1859073124581325, 'y_offset': 0.42043408139598015, 'z_offset': 0.9907912939272681, 'patch_size': 0.0, 'side': 'right', 'stabilize_anchor': False}]"
4,20,4,0.5010198354721069,0.10000000149011612,"[0, 13, 33, 35]","[{'x_offset': -0.13671138299028185, 'y_offset': 0.945515358211261, 'z_offset': 1.9850094586934222, 'patch_size': 0.0, 'side': 'left', 'stabilize_anchor': False}, {'x_offset': 0.15150582145501845, 'y_offset': 0.314158065983307, 'z_offset': 0.03776889400368045, 'patch_size': 0.0, 'side': 'right', 'stabilize_anchor': False}, {'x_offset': 1.1859073124581325, 'y_offset': 0.42043408139598015, 'z_offset': 0.9907912939272681, 'patch_size': 0.0, 'side': 'right', 'stabilize_anchor': False}, {'x_offset': 1.6256493805321686, 'y_offset': -0.23390582924461423, 'z_offset': 1.4805338900393463, 'patch_size': 0.0, 'side': 'right', 'stabilize_anchor': False}]"
4,20,5,0.4771782159805298,0.0,"[0, 13, 33, 35, 28]","[{'x_offset': -0.13671138299028185, 'y_offset': 0.945515358211261, 'z_offset': 1.9850094586934222, 'patch_size': 0.0, 'side': 'left', 'stabilize_anchor': False}, {'x_offset': 0.15150582145501845, 'y_offset': 0.314158065983307, 'z_offset': 0.03776889400368045, 'patch_size': 0.0, 'side': 'right', 'stabilize_anchor': False}, {'x_offset': 1.1859073124581325, 'y_offset': 0.42043408139598015, 'z_offset': 0.9907912939272681, 'patch_size': 0.0, 'side': 'right', 'stabilize_anchor': False}, {'x_offset': 1.6256493805321686, 'y_offset': -0.23390582924461423, 'z_offset': 1.4805338900393463, 'patch_size': 0.0, 'side': 'right', 'stabilize_anchor': False}, {'x_offset': 0.40855333329081844, 'y_offset': 0.05672511924203627, 'z_offset': 1.4019753158986148, 'patch_size': 0.0, 'side': 'left', 'stabilize_anchor': False}]"
4,20,6,0.39121121168136597,0.0,"[0, 13, 33, 35, 28, 29]","[{'x_offset': -0.13671138299028185, 'y_offset': 0.945515358211261, 'z_offset': 1.9850094586934222, 'patch_size': 0.0, 'side': 'left', 'stabilize_anchor': False}, {'x_offset': 0.15150582145501845, 'y_offset': 0.314158065983307, 'z_offset': 0.03776889400368045, 'patch_size': 0.0, 'side': 'right', 'stabilize_anchor': False}, {'x_offset': 1.1859073124581325, 'y_offset': 0.42043408139598015, 'z_offset': 0.9907912939272681, 'patch_size': 0.0, 'side': 'right', 'stabilize_anchor': False}, {'x_offset': 1.6256493805321686, 'y_offset': -0.23390582924461423, 'z_offset': 1.4805338900393463, 'patch_size': 0.0, 'side': 'right', 'stabilize_anchor': False}, {'x_offset': 0.40855333329081844, 'y_offset': 0.05672511924203627, 'z_offset': 1.4019753158986148, 'patch_size': 0.0, 'side': 'left', 'stabilize_anchor': False}, {'x_offset': 0.9662481384621571, 'y_offset': 0.948130057939272, 'z_offset': 1.0049326337644142, 'patch_size': 0.0, 'side': 'left', 'stabilize_anchor': False}]"
4,20,7,0.3854680359363556,0.0,"[0, 13, 33, 35, 28, 29, 2]","[{'x_offset': -0.13671138299028185, 'y_offset': 0.945515358211261, 'z_offset': 1.9850094586934222, 'patch_size': 0.0, 'side': 'left', 'stabilize_anchor': False}, {'x_offset': 0.15150582145501845, 'y_offset': 0.314158065983307, 'z_offset': 0.03776889400368045, 'patch_size': 0.0, 'side': 'right', 'stabilize_anchor': False}, {'x_offset': 1.1859073124581325, 'y_offset': 0.42043408139598015, 'z_offset': 0.9907912939272681, 'patch_size': 0.0, 'side': 'right', 'stabilize_anchor': False}, {'x_offset': 1.6256493805321686, 'y_offset': -0.23390582924461423, 'z_offset': 1.4805338900393463, 'patch_size': 0.0, 'side': 'right', 'stabilize_anchor': False}, {'x_offset': 0.40855333329081844, 'y_offset': 0.05672511924203627, 'z_offset': 1.4019753158986148, 'patch_size': 0.0, 'side': 'left', 'stabilize_anchor': False}, {'x_offset': 0.9662481384621571, 'y_offset': 0.948130057939272, 'z_offset': 1.0049326337644142, 'patch_size': 0.0, 'side': 'left', 'stabilize_anchor': False}, {'x_offset': 2.3094509434695993, 'y_offset': 0.648393781630934, 'z_offset': 1.5055534382837403, 'patch_size': 0.0, 'side': 'left', 'stabilize_anchor': False}]"
4,20,8,0.0,0.0,"[0, 13, 33, 35, 28, 29, 2, 16]","[{'x_offset': -0.13671138299028185, 'y_offset': 0.945515358211261, 'z_offset': 1.9850094586934222, 'patch_size': 0.0, 'side': 'left', 'stabilize_anchor': False}, {'x_offset': 0.15150582145501845, 'y_offset': 0.314158065983307, 'z_offset': 0.03776889400368045, 'patch_size': 0.0, 'side': 'right', 'stabilize_anchor': False}, {'x_offset': 1.1859073124581325, 'y_offset': 0.42043408139598015, 'z_offset': 0.9907912939272681, 'patch_size': 0.0, 'side': 'right', 'stabilize_anchor': False}, {'x_offset': 1.6256493805321686, 'y_offset': -0.23390582924461423, 'z_offset': 1.4805338900393463, 'patch_size': 0.0, 'side': 'right', 'stabilize_anchor': False}, {'x_offset': 0.40855333329081844, 'y_offset': 0.05672511924203627, 'z_offset': 1.4019753158986148, 'patch_size': 0.0, 'side': 'left', 'stabilize_anchor': False}, {'x_offset': 0.9662481384621571, 'y_offset': 0.948130057939272, 'z_offset': 1.0049326337644142, 'patch_size': 0.0, 'side': 'left', 'stabilize_anchor': False}, {'x_offset': 2.3094509434695993, 'y_offset': 0.648393781630934, 'z_offset': 1.5055534382837403, 'patch_size': 0.0, 'side': 'left', 'stabilize_anchor': False}, {'x_offset': 0.2902468352092267, 'y_offset': 0.7998369183390575, 'z_offset': 1.0914945680539783, 'patch_size': 0.0, 'side': 'right', 'stabilize_anchor': False}]"
4,25,1,0.6482092142105103,0.10000000149011612,[29],"[{'x_offset': 0.9662481384621571, 'y_offset': 0.948130057939272, 'z_offset': 1.0049326337644142, 'patch_size': 0.0, 'side': 'left', 'stabilize_anchor': False}]"
4,25,2,0.6083287000656128,0.10000000149011612,"[29, 17]","[{'x_offset': 0.9662481384621571, 'y_offset': 0.948130057939272, 'z_offset': 1.0049326337644142, 'patch_size': 0.0, 'side': 'left', 'stabilize_anchor': False}, {'x_offset': 3.325790228939156, 'y_offset': 0.9782006957740284, 'z_offset': 1.698104754109664, 'patch_size': 0.0, 'side': 'left', 'stabilize_anchor': False}]"
4,25,3,0.5072899460792542,0.10000000149011612,"[29, 17, 13]","[{'x_offset': 0.9662481384621571, 'y_offset': 0.948130057939272, 'z_offset': 1.0049326337644142, 'patch_size': 0.0, 'side': 'left', 'stabilize_anchor': False}, {'x_offset': 3.325790228939156, 'y_offset': 0.9782006957740284, 'z_offset': 1.698104754109664, 'patch_size': 0.0, 'side': 'left', 'stabilize_anchor': False}, {'x_offset': 0.15150582145501845, 'y_offset': 0.314158065983307, 'z_offset': 0.03776889400368045, 'patch_size': 0.0, 'side': 'right', 'stabilize_anchor': False}]"
4,25,4,0.4567723572254181,0.0,"[29, 17, 13, 33]","[{'x_offset': 0.9662481384621571, 'y_offset': 0.948130057939272, 'z_offset': 1.0049326337644142, 'patch_size': 0.0, 'side': 'left', 'stabilize_anchor': False}, {'x_offset': 3.325790228939156, 'y_offset': 0.9782006957740284, 'z_offset': 1.698104754109664, 'patch_size': 0.0, 'side': 'left', 'stabilize_anchor': False}, {'x_offset': 0.15150582145501845, 'y_offset': 0.314158065983307, 'z_offset': 0.03776889400368045, 'patch_size': 0.0, 'side': 'right', 'stabilize_anchor': False}, {'x_offset': 1.1859073124581325, 'y_offset': 0.42043408139598015, 'z_offset': 0.9907912939272681, 'patch_size': 0.0, 'side': 'right', 'stabilize_anchor': False}]"
4,25,5,0.0,0.0,"[29, 17, 13, 33, 28]","[{'x_offset': 0.9662481384621571, 'y_offset': 0.948130057939272, 'z_offset': 1.0049326337644142, 'patch_size': 0.0, 'side': 'left', 'stabilize_anchor': False}, {'x_offset': 3.325790228939156, 'y_offset': 0.9782006957740284, 'z_offset': 1.698104754109664, 'patch_size': 0.0, 'side': 'left', 'stabilize_anchor': False}, {'x_offset': 0.15150582145501845, 'y_offset': 0.314158065983307, 'z_offset': 0.03776889400368045, 'patch_size': 0.0, 'side': 'right', 'stabilize_anchor': False}, {'x_offset': 1.1859073124581325, 'y_offset': 0.42043408139598015, 'z_offset': 0.9907912939272681, 'patch_size': 0.0, 'side': 'right', 'stabilize_anchor': False}, {'x_offset': 0.40855333329081844, 'y_offset': 0.05672511924203627, 'z_offset': 1.4019753158986148, 'patch_size': 0.0, 'side': 'left', 'stabilize_anchor': False}]"
4,30,1,0.36060014367103577,0.0,[10],"[{'x_offset': -0.1079128012394267, 'y_offset': 0.2656020668581064, 'z_offset': 2.2730714842241233, 'patch_size': 0.0, 'side': 'left', 'stabilize_anchor': False}]"
4,30,2,0.3537256419658661,0.0,"[10, 32]","[{'x_offset': -0.1079128012394267, 'y_offset': 0.2656020668581064, 'z_offset': 2.2730714842241233, 'patch_size': 0.0, 'side': 'left', 'stabilize_anchor': False}, {'x_offset': 1.3165856280263588, 'y_offset': 0.822753902024159, 'z_offset': 0.8705443692986172, 'patch_size': 0.0, 'side': 'right', 'stabilize_anchor': False}]"
4,30,3,0.0,0.0,"[10, 32, 28]","[{'x_offset': -0.1079128012394267, 'y_offset': 0.2656020668581064, 'z_offset': 2.2730714842241233, 'patch_size': 0.0, 'side': 'left', 'stabilize_anchor': False}, {'x_offset': 1.3165856280263588, 'y_offset': 0.822753902024159, 'z_offset': 0.8705443692986172, 'patch_size': 0.0, 'side': 'right', 'stabilize_anchor': False}, {'x_offset': 0.40855333329081844, 'y_offset': 0.05672511924203627, 'z_offset': 1.4019753158986148, 'patch_size': 0.0, 'side': 'left', 'stabilize_anchor': False}]"
5,5,1,0.6797597408294678,0.0,[15],"[{'x_offset': 0.35734288903519174, 'y_offset': 0.309177927335059, 'z_offset': 1.2042660949874944, 'patch_size': 0.0, 'side': 'right', 'stabilize_anchor': False}]"
5,5,2,0.6636099219322205,0.0,"[15, 6]","[{'x_offset': 0.35734288903519174, 'y_offset': 0.309177927335059, 'z_offset': 1.2042660949874944, 'patch_size': 0.0, 'side': 'right', 'stabilize_anchor': False}, {'x_offset': 0.015631164182393853, 'y_offset': 0.18994004184421942, 'z_offset': 0.4435408708862277, 'patch_size': 0.0, 'side': 'right', 'stabilize_anchor': False}]"
5,5,3,0.6580610275268555,0.0,"[15, 6, 34]","[{'x_offset': 0.35734288903519174, 'y_offset': 0.309177927335059, 'z_offset': 1.2042660949874944, 'patch_size': 0.0, 'side': 'right', 'stabilize_anchor': False}, {'x_offset': 0.015631164182393853, 'y_offset': 0.18994004184421942, 'z_offset': 0.4435408708862277, 'patch_size': 0.0, 'side': 'right', 'stabilize_anchor': False}, {'x_offset': 0.6925898048936778, 'y_offset': 0.1921335135773664, 'z_offset': 1.7614700822561444, 'patch_size': 0.0, 'side': 'right', 'stabilize_anchor': False}]"
5,5,4,0.6496143937110901,0.0,"[15, 6, 34, 30]","[{'x_offset': 0.35734288903519174, 'y_offset': 0.309177927335059, 'z_offset': 1.2042660949874944, 'patch_size': 0.0, 'side': 'right', 'stabilize_anchor': False}, {'x_offset': 0.015631164182393853, 'y_offset': 0.18994004184421942, 'z_offset': 0.4435408708862277, 'patch_size': 0.0, 'side': 'right', 'stabilize_anchor': False}, {'x_offset': 0.6925898048936778, 'y_offset': 0.1921335135773664, 'z_offset': 1.7614700822561444, 'patch_size': 0.0, 'side': 'right', 'stabilize_anchor': False}, {'x_offset': 0.43012695028766235, 'y_offset': 0.5094288598757732, 'z_offset': 1.051720198335464, 'patch_size': 0.0, 'side': 'left', 'stabilize_anchor': False}]"
5,10,1,0.7010888457298279,0.10000000149011612,[12],"[{'x_offset': -0.7119584361021549, 'y_offset': -0.6608322906629496, 'z_offset': 0.8236774499329995, 'patch_size': 0.0, 'side': 'right', 'stabilize_anchor': False}]"
5,10,2,0.6944130063056946,0.10000000149011612,"[12, 0]","[{'x_offset': -0.7119584361021549, 'y_offset': -0.6608322906629496, 'z_offset': 0.8236774499329995, 'patch_size': 0.0, 'side': 'right', 'stabilize_anchor': False}, {'x_offset': 2.1148038424036057, 'y_offset': -0.48180902736616726, 'z_offset': 2.1881130506624262, 'patch_size': 0.0, 'side': 'left', 'stabilize_anchor': False}]"
5,10,3,0.6675400137901306,0.10000000149011612,"[12, 0, 47]","[{'x_offset': -0.7119584361021549, 'y_offset': -0.6608322906629496, 'z_offset': 0.8236774499329995, 'patch_size': 0.0, 'side': 'right', 'stabilize_anchor': False}, {'x_offset': 2.1148038424036057, 'y_offset': -0.48180902736616726, 'z_offset': 2.1881130506624262, 'patch_size': 0.0, 'side': 'left', 'stabilize_anchor': False}, {'x_offset': 2.9692940790490994, 'y_offset': 0.16942756146768678, 'z_offset': 0.585222665883004, 'patch_size': 0.0, 'side': 'right', 'stabilize_anchor': False}]"
5,10,4,0.6566700339317322,0.10000000149011612,"[12, 0, 47, 40]","[{'x_offset': -0.7119584361021549, 'y_offset': -0.6608322906629496, 'z_offset': 0.8236774499329995, 'patch_size': 0.0, 'side': 'right', 'stabilize_anchor': False}, {'x_offset': 2.1148038424036057, 'y_offset': -0.48180902736616726, 'z_offset': 2.1881130506624262, 'patch_size': 0.0, 'side': 'left', 'stabilize_anchor': False}, {'x_offset': 2.9692940790490994, 'y_offset': 0.16942756146768678, 'z_offset': 0.585222665883004, 'patch_size': 0.0, 'side': 'right', 'stabilize_anchor': False}, {'x_offset': 0.5320712869181792, 'y_offset': 0.5114205353639127, 'z_offset': 2.205781609144678, 'patch_size': 0.0, 'side': 'left', 'stabilize_anchor': False}]"
5,15,1,0.5963878035545349,0.10000000149011612,[12],"[{'x_offset': -0.7119584361021549, 'y_offset': -0.6608322906629496, 'z_offset': 0.8236774499329995, 'patch_size': 0.0, 'side': 'right', 'stabilize_anchor': False}]"
5,15,2,0.5848801136016846,0.10000000149011612,"[12, 35]","[{'x_offset': -0.7119584361021549, 'y_offset': -0.6608322906629496, 'z_offset': 0.8236774499329995, 'patch_size': 0.0, 'side': 'right', 'stabilize_anchor': False}, {'x_offset': 3.158022084914492, 'y_offset': -0.20288941022380358, 'z_offset': 2.149316748720197, 'patch_size': 0.0, 'side': 'left', 'stabilize_anchor': False}]"
5,15,3,0.5720371603965759,0.0,"[12, 35, 5]","[{'x_offset': -0.7119584361021549, 'y_offset': -0.6608322906629496, 'z_offset': 0.8236774499329995, 'patch_size': 0.0, 'side': 'right', 'stabilize_anchor': False}, {'x_offset': 3.158022084914492, 'y_offset': -0.20288941022380358, 'z_offset': 2.149316748720197, 'patch_size': 0.0, 'side': 'left', 'stabilize_anchor': False}, {'x_offset': 1.121813731214293, 'y_offset': 0.2772682478947226, 'z_offset': 1.2085606935804682, 'patch_size': 0.0, 'side': 'left', 'stabilize_anchor': False}]"
5,20,1,0.6162410378456116,0.10000000149011612,[29],"[{'x_offset': 1.909541860952583, 'y_offset': 0.8400494078333689, 'z_offset': 0.13435588295976156, 'patch_size': 0.0, 'side': 'right', 'stabilize_anchor': False}]"
5,20,2,0.5413040518760681,0.0,"[29, 6]","[{'x_offset': 1.909541860952583, 'y_offset': 0.8400494078333689, 'z_offset': 0.13435588295976156, 'patch_size': 0.0, 'side': 'right', 'stabilize_anchor': False}, {'x_offset': 0.015631164182393853, 'y_offset': 0.18994004184421942, 'z_offset': 0.4435408708862277, 'patch_size': 0.0, 'side': 'right', 'stabilize_anchor': False}]"
5,20,3,0.49535423517227173,0.0,"[29, 6, 32]","[{'x_offset': 1.909541860952583, 'y_offset': 0.8400494078333689, 'z_offset': 0.13435588295976156, 'patch_size': 0.0, 'side': 'right', 'stabilize_anchor': False}, {'x_offset': 0.015631164182393853, 'y_offset': 0.18994004184421942, 'z_offset': 0.4435408708862277, 'patch_size': 0.0, 'side': 'right', 'stabilize_anchor': False}, {'x_offset': -0.6662424521051044, 'y_offset': 0.13752878629335408, 'z_offset': 1.2996569909606264, 'patch_size': 0.0, 'side': 'right', 'stabilize_anchor': False}]"
5,20,4,0.44718798995018005,0.0,"[29, 6, 32, 40]","[{'x_offset': 1.909541860952583, 'y_offset': 0.8400494078333689, 'z_offset': 0.13435588295976156, 'patch_size': 0.0, 'side': 'right', 'stabilize_anchor': False}, {'x_offset': 0.015631164182393853, 'y_offset': 0.18994004184421942, 'z_offset': 0.4435408708862277, 'patch_size': 0.0, 'side': 'right', 'stabilize_anchor': False}, {'x_offset': -0.6662424521051044, 'y_offset': 0.13752878629335408, 'z_offset': 1.2996569909606264, 'patch_size': 0.0, 'side': 'right', 'stabilize_anchor': False}, {'x_offset': 0.5320712869181792, 'y_offset': 0.5114205353639127, 'z_offset': 2.205781609144678, 'patch_size': 0.0, 'side': 'left', 'stabilize_anchor': False}]"
5,20,5,0.38229286670684814,0.0,"[29, 6, 32, 40, 8]","[{'x_offset': 1.909541860952583, 'y_offset': 0.8400494078333689, 'z_offset': 0.13435588295976156, 'patch_size': 0.0, 'side': 'right', 'stabilize_anchor': False}, {'x_offset': 0.015631164182393853, 'y_offset': 0.18994004184421942, 'z_offset': 0.4435408708862277, 'patch_size': 0.0, 'side': 'right', 'stabilize_anchor': False}, {'x_offset': -0.6662424521051044, 'y_offset': 0.13752878629335408, 'z_offset': 1.2996569909606264, 'patch_size': 0.0, 'side': 'right', 'stabilize_anchor': False}, {'x_offset': 0.5320712869181792, 'y_offset': 0.5114205353639127, 'z_offset': 2.205781609144678, 'patch_size': 0.0, 'side': 'left', 'stabilize_anchor': False}, {'x_offset': 0.27837296439835657, 'y_offset': 0.8425294807685761, 'z_offset': 2.1289232123338797, 'patch_size': 0.0, 'side': 'right', 'stabilize_anchor': False}]"
5,20,6,0.0,0.0,"[29, 6, 32, 40, 8, 16]","[{'x_offset': 1.909541860952583, 'y_offset': 0.8400494078333689, 'z_offset': 0.13435588295976156, 'patch_size': 0.0, 'side': 'right', 'stabilize_anchor': False}, {'x_offset': 0.015631164182393853, 'y_offset': 0.18994004184421942, 'z_offset': 0.4435408708862277, 'patch_size': 0.0, 'side': 'right', 'stabilize_anchor': False}, {'x_offset': -0.6662424521051044, 'y_offset': 0.13752878629335408, 'z_offset': 1.2996569909606264, 'patch_size': 0.0, 'side': 'right', 'stabilize_anchor': False}, {'x_offset': 0.5320712869181792, 'y_offset': 0.5114205353639127, 'z_offset': 2.205781609144678, 'patch_size': 0.0, 'side': 'left', 'stabilize_anchor': False}, {'x_offset': 0.27837296439835657, 'y_offset': 0.8425294807685761, 'z_offset': 2.1289232123338797, 'patch_size': 0.0, 'side': 'right', 'stabilize_anchor': False}, {'x_offset': 0.27475155689126884, 'y_offset': 0.3338619295388283, 'z_offset': 1.7112328167807371, 'patch_size': 0.0, 'side': 'right', 'stabilize_anchor': False}]"
5,25,1,0.737860918045044,0.10000000149011612,[0],"[{'x_offset': 2.1148038424036057, 'y_offset': -0.48180902736616726, 'z_offset': 2.1881130506624262, 'patch_size': 0.0, 'side': 'left', 'stabilize_anchor': False}]"
5,25,2,0.7093255519866943,0.10000000149011612,"[0, 2]","[{'x_offset': 2.1148038424036057, 'y_offset': -0.48180902736616726, 'z_offset': 2.1881130506624262, 'patch_size': 0.0, 'side': 'left', 'stabilize_anchor': False}, {'x_offset': 0.6684634921703212, 'y_offset': 0.530317219524062, 'z_offset': 1.2185863815181368, 'patch_size': 0.0, 'side': 'left', 'stabilize_anchor': False}]"
5,25,3,0.5859435200691223,0.0,"[0, 2, 3]","[{'x_offset': 2.1148038424036057, 'y_offset': -0.48180902736616726, 'z_offset': 2.1881130506624262, 'patch_size': 0.0, 'side': 'left', 'stabilize_anchor': False}, {'x_offset': 0.6684634921703212, 'y_offset': 0.530317219524062, 'z_offset': 1.2185863815181368, 'patch_size': 0.0, 'side': 'left', 'stabilize_anchor': False}, {'x_offset': -0.05152409736233565, 'y_offset': 0.16072203316857447, 'z_offset': 0.7237377880160104, 'patch_size': 0.0, 'side': 'right', 'stabilize_anchor': False}]"
5,25,4,0.5455431938171387,0.0,"[0, 2, 3, 6]","[{'x_offset': 2.1148038424036057, 'y_offset': -0.48180902736616726, 'z_offset': 2.1881130506624262, 'patch_size': 0.0, 'side': 'left', 'stabilize_anchor': False}, {'x_offset': 0.6684634921703212, 'y_offset': 0.530317219524062, 'z_offset': 1.2185863815181368, 'patch_size': 0.0, 'side': 'left', 'stabilize_anchor': False}, {'x_offset': -0.05152409736233565, 'y_offset': 0.16072203316857447, 'z_offset': 0.7237377880160104, 'patch_size': 0.0, 'side': 'right', 'stabilize_anchor': False}, {'x_offset': 0.015631164182393853, 'y_offset': 0.18994004184421942, 'z_offset': 0.4435408708862277, 'patch_size': 0.0, 'side': 'right', 'stabilize_anchor': False}]"
5,25,5,0.4650212824344635,0.0,"[0, 2, 3, 6, 14]","[{'x_offset': 2.1148038424036057, 'y_offset': -0.48180902736616726, 'z_offset': 2.1881130506624262, 'patch_size': 0.0, 'side': 'left', 'stabilize_anchor': False}, {'x_offset': 0.6684634921703212, 'y_offset': 0.530317219524062, 'z_offset': 1.2185863815181368, 'patch_size': 0.0, 'side': 'left', 'stabilize_anchor': False}, {'x_offset': -0.05152409736233565, 'y_offset': 0.16072203316857447, 'z_offset': 0.7237377880160104, 'patch_size': 0.0, 'side': 'right', 'stabilize_anchor': False}, {'x_offset': 0.015631164182393853, 'y_offset': 0.18994004184421942, 'z_offset': 0.4435408708862277, 'patch_size': 0.0, 'side': 'right', 'stabilize_anchor': False}, {'x_offset': 2.281775458075607, 'y_offset': 0.7405828059630806, 'z_offset': 0.5892533918017958, 'patch_size': 0.0, 'side': 'left', 'stabilize_anchor': False}]"
5,25,6,0.4198935925960541,0.0,"[0, 2, 3, 6, 14, 17]","[{'x_offset': 2.1148038424036057, 'y_offset': -0.48180902736616726, 'z_offset': 2.1881130506624262, 'patch_size': 0.0, 'side': 'left', 'stabilize_anchor': False}, {'x_offset': 0.6684634921703212, 'y_offset': 0.530317219524062, 'z_offset': 1.2185863815181368, 'patch_size': 0.0, 'side': 'left', 'stabilize_anchor': False}, {'x_offset': -0.05152409736233565, 'y_offset': 0.16072203316857447, 'z_offset': 0.7237377880160104, 'patch_size': 0.0, 'side': 'right', 'stabilize_anchor': False}, {'x_offset': 0.015631164182393853, 'y_offset': 0.18994004184421942, 'z_offset': 0.4435408708862277, 'patch_size': 0.0, 'side': 'right', 'stabilize_anchor': False}, {'x_offset': 2.281775458075607, 'y_offset': 0.7405828059630806, 'z_offset': 0.5892533918017958, 'patch_size': 0.0, 'side': 'left', 'stabilize_anchor': False}, {'x_offset': -0.30337111784592663, 'y_offset': 0.9040005583743633, 'z_offset': 1.9834024401808266, 'patch_size': 0.0, 'side': 'right', 'stabilize_anchor': False}]"
5,25,7,0.0,0.0,"[0, 2, 3, 6, 14, 17, 30]","[{'x_offset': 2.1148038424036057, 'y_offset': -0.48180902736616726, 'z_offset': 2.1881130506624262, 'patch_size': 0.0, 'side': 'left', 'stabilize_anchor': False}, {'x_offset': 0.6684634921703212, 'y_offset': 0.530317219524062, 'z_offset': 1.2185863815181368, 'patch_size': 0.0, 'side': 'left', 'stabilize_anchor': False}, {'x_offset': -0.05152409736233565, 'y_offset': 0.16072203316857447, 'z_offset': 0.7237377880160104, 'patch_size': 0.0, 'side': 'right', 'stabilize_anchor': False}, {'x_offset': 0.015631164182393853, 'y_offset': 0.18994004184421942, 'z_offset': 0.4435408708862277, 'patch_size': 0.0, 'side': 'right', 'stabilize_anchor': False}, {'x_offset': 2.281775458075607, 'y_offset': 0.7405828059630806, 'z_offset': 0.5892533918017958, 'patch_size': 0.0, 'side': 'left', 'stabilize_anchor': False}, {'x_offset': -0.30337111784592663, 'y_offset': 0.9040005583743633, 'z_offset': 1.9834024401808266, 'patch_size': 0.0, 'side': 'right', 'stabilize_anchor': False}, {'x_offset': 0.43012695028766235, 'y_offset': 0.5094288598757732, 'z_offset': 1.051720198335464, 'patch_size': 0.0, 'side': 'left', 'stabilize_anchor': False}]"
5,30,1,0.605115532875061,0.0,[35],"[{'x_offset': 3.158022084914492, 'y_offset': -0.20288941022380358, 'z_offset': 2.149316748720197, 'patch_size': 0.0, 'side': 'left', 'stabilize_anchor': False}]"
5,30,2,0.46358636021614075,0.0,"[35, 49]","[{'x_offset': 3.158022084914492, 'y_offset': -0.20288941022380358, 'z_offset': 2.149316748720197, 'patch_size': 0.0, 'side': 'left', 'stabilize_anchor': False}, {'x_offset': 0.9035432271001267, 'y_offset': 0.7557708838071702, 'z_offset': 1.367419950614832, 'patch_size': 0.0, 'side': 'right', 'stabilize_anchor': False}]"
5,30,3,0.41155439615249634,0.0,"[35, 49, 10]","[{'x_offset': 3.158022084914492, 'y_offset': -0.20288941022380358, 'z_offset': 2.149316748720197, 'patch_size': 0.0, 'side': 'left', 'stabilize_anchor': False}, {'x_offset': 0.9035432271001267, 'y_offset': 0.7557708838071702, 'z_offset': 1.367419950614832, 'patch_size': 0.0, 'side': 'right', 'stabilize_anchor': False}, {'x_offset': 1.6360171584955783, 'y_offset': -0.4492455732971671, 'z_offset': 1.9379880776642937, 'patch_size': 0.0, 'side': 'left', 'stabilize_anchor': False}]"
5,30,4,0.38520941138267517,0.0,"[35, 49, 10, 36]","[{'x_offset': 3.158022084914492, 'y_offset': -0.20288941022380358, 'z_offset': 2.149316748720197, 'patch_size': 0.0, 'side': 'left', 'stabilize_anchor': False}, {'x_offset': 0.9035432271001267, 'y_offset': 0.7557708838071702, 'z_offset': 1.367419950614832, 'patch_size': 0.0, 'side': 'right', 'stabilize_anchor': False}, {'x_offset': 1.6360171584955783, 'y_offset': -0.4492455732971671, 'z_offset': 1.9379880776642937, 'patch_size': 0.0, 'side': 'left', 'stabilize_anchor': False}, {'x_offset': 0.012629206413293126, 'y_offset': -0.19008549683326315, 'z_offset': 1.8314186771513368, 'patch_size': 0.0, 'side': 'left', 'stabilize_anchor': False}]"
5,30,5,0.3763331174850464,0.0,"[35, 49, 10, 36, 41]","[{'x_offset': 3.158022084914492, 'y_offset': -0.20288941022380358, 'z_offset': 2.149316748720197, 'patch_size': 0.0, 'side': 'left', 'stabilize_anchor': False}, {'x_offset': 0.9035432271001267, 'y_offset': 0.7557708838071702, 'z_offset': 1.367419950614832, 'patch_size': 0.0, 'side': 'right', 'stabilize_anchor': False}, {'x_offset': 1.6360171584955783, 'y_offset': -0.4492455732971671, 'z_offset': 1.9379880776642937, 'patch_size': 0.0, 'side': 'left', 'stabilize_anchor': False}, {'x_offset': 0.012629206413293126, 'y_offset': -0.19008549683326315, 'z_offset': 1.8314186771513368, 'patch_size': 0.0, 'side': 'left', 'stabilize_anchor': False}, {'x_offset': -0.9465193480968656, 'y_offset': 0.6685134845547629, 'z_offset': 1.559139556959147, 'patch_size': 0.0, 'side': 'left', 'stabilize_anchor': False}]"
5,30,6,0.3581301271915436,0.0,"[35, 49, 10, 36, 41, 37]","[{'x_offset': 3.158022084914492, 'y_offset': -0.20288941022380358, 'z_offset': 2.149316748720197, 'patch_size': 0.0, 'side': 'left', 'stabilize_anchor': False}, {'x_offset': 0.9035432271001267, 'y_offset': 0.7557708838071702, 'z_offset': 1.367419950614832, 'patch_size': 0.0, 'side': 'right', 'stabilize_anchor': False}, {'x_offset': 1.6360171584955783, 'y_offset': -0.4492455732971671, 'z_offset': 1.9379880776642937, 'patch_size': 0.0, 'side': 'left', 'stabilize_anchor': False}, {'x_offset': 0.012629206413293126, 'y_offset': -0.19008549683326315, 'z_offset': 1.8314186771513368, 'patch_size': 0.0, 'side': 'left', 'stabilize_anchor': False}, {'x_offset': -0.9465193480968656, 'y_offset': 0.6685134845547629, 'z_offset': 1.559139556959147, 'patch_size': 0.0, 'side': 'left', 'stabilize_anchor': False}, {'x_offset': -0.11144831017922985, 'y_offset': 0.5728376618483109, 'z_offset': 1.626664801031609, 'patch_size': 0.0, 'side': 'left', 'stabilize_anchor': False}]"
5,30,7,0.0,0.0,"[35, 49, 10, 36, 41, 37, 44]","[{'x_offset': 3.158022084914492, 'y_offset': -0.20288941022380358, 'z_offset': 2.149316748720197, 'patch_size': 0.0, 'side': 'left', 'stabilize_anchor': False}, {'x_offset': 0.9035432271001267, 'y_offset': 0.7557708838071702, 'z_offset': 1.367419950614832, 'patch_size': 0.0, 'side': 'right', 'stabilize_anchor': False}, {'x_offset': 1.6360171584955783, 'y_offset': -0.4492455732971671, 'z_offset': 1.9379880776642937, 'patch_size': 0.0, 'side': 'left', 'stabilize_anchor': False}, {'x_offset': 0.012629206413293126, 'y_offset': -0.19008549683326315, 'z_offset': 1.8314186771513368, 'patch_size': 0.0, 'side': 'left', 'stabilize_anchor': False}, {'x_offset': -0.9465193480968656, 'y_offset': 0.6685134845547629, 'z_offset': 1.559139556959147, 'patch_size': 0.0, 'side': 'left', 'stabilize_anchor': False}, {'x_offset': -0.11144831017922985, 'y_offset': 0.5728376618483109, 'z_offset': 1.626664801031609, 'patch_size': 0.0, 'side': 'left', 'stabilize_anchor': False}, {'x_offset': 1.1432689269056726, 'y_offset': 0.731201125961809, 'z_offset': 1.3311717797705342, 'patch_size': 0.0, 'side': 'right', 'stabilize_anchor': False}]"
6,5,1,0.7221539616584778,0.10000000149011612,[47],"[{'x_offset': 1.447912622928548, 'y_offset': 0.08778498762597398, 'z_offset': 0.5545701746218763, 'patch_size': 0.0, 'side': 'left', 'stabilize_anchor': False}]"
6,5,2,0.7159516215324402,0.0,"[47, 36]","[{'x_offset': 1.447912622928548, 'y_offset': 0.08778498762597398, 'z_offset': 0.5545701746218763, 'patch_size': 0.0, 'side': 'left', 'stabilize_anchor': False}, {'x_offset': -0.2770388315607982, 'y_offset': -0.46037552792370495, 'z_offset': 1.4006116031265474, 'patch_size': 0.0, 'side': 'left', 'stabilize_anchor': False}]"
6,5,3,0.6988564729690552,0.0,"[47, 36, 23]","[{'x_offset': 1.447912622928548, 'y_offset': 0.08778498762597398, 'z_offset': 0.5545701746218763, 'patch_size': 0.0, 'side': 'left', 'stabilize_anchor': False}, {'x_offset': -0.2770388315607982, 'y_offset': -0.46037552792370495, 'z_offset': 1.4006116031265474, 'patch_size': 0.0, 'side': 'left', 'stabilize_anchor': False}, {'x_offset': 1.531442794121888, 'y_offset': 0.06583902562549881, 'z_offset': 0.5936699098238339, 'patch_size': 0.0, 'side': 'right', 'stabilize_anchor': False}]"
6,5,4,0.6639629006385803,0.0,"[47, 36, 23, 44]","[{'x_offset': 1.447912622928548, 'y_offset': 0.08778498762597398, 'z_offset': 0.5545701746218763, 'patch_size': 0.0, 'side': 'left', 'stabilize_anchor': False}, {'x_offset': -0.2770388315607982, 'y_offset': -0.46037552792370495, 'z_offset': 1.4006116031265474, 'patch_size': 0.0, 'side': 'left', 'stabilize_anchor': False}, {'x_offset': 1.531442794121888, 'y_offset': 0.06583902562549881, 'z_offset': 0.5936699098238339, 'patch_size': 0.0, 'side': 'right', 'stabilize_anchor': False}, {'x_offset': 1.275063235984533, 'y_offset': -0.6447119626221013, 'z_offset': 1.7702137602622958, 'patch_size': 0.0, 'side': 'left', 'stabilize_anchor': False}]"
6,5,5,0.6539708971977234,0.0,"[47, 36, 23, 44, 0]","[{'x_offset': 1.447912622928548, 'y_offset': 0.08778498762597398, 'z_offset': 0.5545701746218763, 'patch_size': 0.0, 'side': 'left', 'stabilize_anchor': False}, {'x_offset': -0.2770388315607982, 'y_offset': -0.46037552792370495, 'z_offset': 1.4006116031265474, 'patch_size': 0.0, 'side': 'left', 'stabilize_anchor': False}, {'x_offset': 1.531442794121888, 'y_offset': 0.06583902562549881, 'z_offset': 0.5936699098238339, 'patch_size': 0.0, 'side': 'right', 'stabilize_anchor': False}, {'x_offset': 1.275063235984533, 'y_offset': -0.6447119626221013, 'z_offset': 1.7702137602622958, 'patch_size': 0.0, 'side': 'left', 'stabilize_anchor': False}, {'x_offset': -0.5255369245625854, 'y_offset': -0.550152341884282, 'z_offset': 1.826116060610201, 'patch_size': 0.0, 'side': 'right', 'stabilize_anchor': False}]"
6,10,1,0.7580567002296448,0.10000000149011612,[3],"[{'x_offset': 2.3111753989867374, 'y_offset': 0.058986712586664436, 'z_offset': 1.7270254541205377, 'patch_size': 0.0, 'side': 'left', 'stabilize_anchor': False}]"
6,10,2,0.7532513737678528,0.0,"[3, 36]","[{'x_offset': 2.3111753989867374, 'y_offset': 0.058986712586664436, 'z_offset': 1.7270254541205377, 'patch_size': 0.0, 'side': 'left', 'stabilize_anchor': False}, {'x_offset': -0.2770388315607982, 'y_offset': -0.46037552792370495, 'z_offset': 1.4006116031265474, 'patch_size': 0.0, 'side': 'left', 'stabilize_anchor': False}]"
6,10,3,0.7286040782928467,0.0,"[3, 36, 21]","[{'x_offset': 2.3111753989867374, 'y_offset': 0.058986712586664436, 'z_offset': 1.7270254541205377, 'patch_size': 0.0, 'side': 'left', 'stabilize_anchor': False}, {'x_offset': -0.2770388315607982, 'y_offset': -0.46037552792370495, 'z_offset': 1.4006116031265474, 'patch_size': 0.0, 'side': 'left', 'stabilize_anchor': False}, {'x_offset': 3.1141135407560245, 'y_offset': 0.677411270079723, 'z_offset': 1.581938209502269, 'patch_size': 0.0, 'side': 'right', 'stabilize_anchor': False}]"
6,10,4,0.6931637525558472,0.0,"[3, 36, 21, 4]","[{'x_offset': 2.3111753989867374, 'y_offset': 0.058986712586664436, 'z_offset': 1.7270254541205377, 'patch_size': 0.0, 'side': 'left', 'stabilize_anchor': False}, {'x_offset': -0.2770388315607982, 'y_offset': -0.46037552792370495, 'z_offset': 1.4006116031265474, 'patch_size': 0.0, 'side': 'left', 'stabilize_anchor': False}, {'x_offset': 3.1141135407560245, 'y_offset': 0.677411270079723, 'z_offset': 1.581938209502269, 'patch_size': 0.0, 'side': 'right', 'stabilize_anchor': False}, {'x_offset': 2.6298527468621056, 'y_offset': -0.2282145771295262, 'z_offset': 2.0575093869240546, 'patch_size': 0.0, 'side': 'left', 'stabilize_anchor': False}]"
6,10,5,0.674506664276123,0.0,"[3, 36, 21, 4, 9]","[{'x_offset': 2.3111753989867374, 'y_offset': 0.058986712586664436, 'z_offset': 1.7270254541205377, 'patch_size': 0.0, 'side': 'left', 'stabilize_anchor': False}, {'x_offset': -0.2770388315607982, 'y_offset': -0.46037552792370495, 'z_offset': 1.4006116031265474, 'patch_size': 0.0, 'side': 'left', 'stabilize_anchor': False}, {'x_offset': 3.1141135407560245, 'y_offset': 0.677411270079723, 'z_offset': 1.581938209502269, 'patch_size': 0.0, 'side': 'right', 'stabilize_anchor': False}, {'x_offset': 2.6298527468621056, 'y_offset': -0.2282145771295262, 'z_offset': 2.0575093869240546, 'patch_size': 0.0, 'side': 'left', 'stabilize_anchor': False}, {'x_offset': 1.0970334805069566, 'y_offset': 0.961317609877977, 'z_offset': 0.13096635874185064, 'patch_size': 0.0, 'side': 'left', 'stabilize_anchor': False}]"
6,10,6,0.6638851165771484,0.0,"[3, 36, 21, 4, 9, 38]","[{'x_offset': 2.3111753989867374, 'y_offset': 0.058986712586664436, 'z_offset': 1.7270254541205377, 'patch_size': 0.0, 'side': 'left', 'stabilize_anchor': False}, {'x_offset': -0.2770388315607982, 'y_offset': -0.46037552792370495, 'z_offset': 1.4006116031265474, 'patch_size': 0.0, 'side': 'left', 'stabilize_anchor': False}, {'x_offset': 3.1141135407560245, 'y_offset': 0.677411270079723, 'z_offset': 1.581938209502269, 'patch_size': 0.0, 'side': 'right', 'stabilize_anchor': False}, {'x_offset': 2.6298527468621056, 'y_offset': -0.2282145771295262, 'z_offset': 2.0575093869240546, 'patch_size': 0.0, 'side': 'left', 'stabilize_anchor': False}, {'x_offset': 1.0970334805069566, 'y_offset': 0.961317609877977, 'z_offset': 0.13096635874185064, 'patch_size': 0.0, 'side': 'left', 'stabilize_anchor': False}, {'x_offset': -0.21802296573233426, 'y_offset': 0.10146102142418523, 'z_offset': 1.304073252731324, 'patch_size': 0.0, 'side': 'left', 'stabilize_anchor': False}]"
6,10,7,0.6560153961181641,0.0,"[3, 36, 21, 4, 9, 38, 31]","[{'x_offset': 2.3111753989867374, 'y_offset': 0.058986712586664436, 'z_offset': 1.7270254541205377, 'patch_size': 0.0, 'side': 'left', 'stabilize_anchor': False}, {'x_offset': -0.2770388315607982, 'y_offset': -0.46037552792370495, 'z_offset': 1.4006116031265474, 'patch_size': 0.0, 'side': 'left', 'stabilize_anchor': False}, {'x_offset': 3.1141135407560245, 'y_offset': 0.677411270079723, 'z_offset': 1.581938209502269, 'patch_size': 0.0, 'side': 'right', 'stabilize_anchor': False}, {'x_offset': 2.6298527468621056, 'y_offset': -0.2282145771295262, 'z_offset': 2.0575093869240546, 'patch_size': 0.0, 'side': 'left', 'stabilize_anchor': False}, {'x_offset': 1.0970334805069566, 'y_offset': 0.961317609877977, 'z_offset': 0.13096635874185064, 'patch_size': 0.0, 'side': 'left', 'stabilize_anchor': False}, {'x_offset': -0.21802296573233426, 'y_offset': 0.10146102142418523, 'z_offset': 1.304073252731324, 'patch_size': 0.0, 'side': 'left', 'stabilize_anchor': False}, {'x_offset': 0.22208386122187607, 'y_offset': 0.732341258283804, 'z_offset': 1.3398787637610268, 'patch_size': 0.0, 'side': 'left', 'stabilize_anchor': False}]"
6,15,1,0.5951583385467529,0.10000000149011612,[37],"[{'x_offset': 2.2906847023825248, 'y_offset': 0.7064974813188682, 'z_offset': 2.111049938062436, 'patch_size': 0.0, 'side': 'left', 'stabilize_anchor': False}]"
6,15,2,0.5702517628669739,0.10000000149011612,"[37, 14]","[{'x_offset': 2.2906847023825248, 'y_offset': 0.7064974813188682, 'z_offset': 2.111049938062436, 'patch_size': 0.0, 'side': 'left', 'stabilize_anchor': False}, {'x_offset': 1.2777837605335414, 'y_offset': 0.8235269230885132, 'z_offset': 1.7853657821636149, 'patch_size': 0.0, 'side': 'right', 'stabilize_anchor': False}]"
6,15,3,0.5394828915596008,0.0,"[37, 14, 32]","[{'x_offset': 2.2906847023825248, 'y_offset': 0.7064974813188682, 'z_offset': 2.111049938062436, 'patch_size': 0.0, 'side': 'left', 'stabilize_anchor': False}, {'x_offset': 1.2777837605335414, 'y_offset': 0.8235269230885132, 'z_offset': 1.7853657821636149, 'patch_size': 0.0, 'side': 'right', 'stabilize_anchor': False}, {'x_offset': 0.9310178067524415, 'y_offset': 0.4618678226377295, 'z_offset': 1.3912030911479931, 'patch_size': 0.0, 'side': 'right', 'stabilize_anchor': False}]"
6,20,1,0.5259041786193848,0.10000000149011612,[18],"[{'x_offset': 0.01149137187328586, 'y_offset': 0.132893277247915, 'z_offset': 2.266668377461328, 'patch_size': 0.0, 'side': 'right', 'stabilize_anchor': False}]"
6,20,2,0.4200132191181183,0.0,"[18, 5]","[{'x_offset': 0.01149137187328586, 'y_offset': 0.132893277247915, 'z_offset': 2.266668377461328, 'patch_size': 0.0, 'side': 'right', 'stabilize_anchor': False}, {'x_offset': 0.2839533063768789, 'y_offset': 0.4178541573364183, 'z_offset': 1.374894430016992, 'patch_size': 0.0, 'side': 'right', 'stabilize_anchor': False}]"
6,20,3,0.39109712839126587,0.0,"[18, 5, 10]","[{'x_offset': 0.01149137187328586, 'y_offset': 0.132893277247915, 'z_offset': 2.266668377461328, 'patch_size': 0.0, 'side': 'right', 'stabilize_anchor': False}, {'x_offset': 0.2839533063768789, 'y_offset': 0.4178541573364183, 'z_offset': 1.374894430016992, 'patch_size': 0.0, 'side': 'right', 'stabilize_anchor': False}, {'x_offset': 0.1825605340999905, 'y_offset': 0.9069011416802069, 'z_offset': 1.0433090514202648, 'patch_size': 0.0, 'side': 'right', 'stabilize_anchor': False}]"
6,20,4,0.0,0.0,"[18, 5, 10, 20]","[{'x_offset': 0.01149137187328586, 'y_offset': 0.132893277247915, 'z_offset': 2.266668377461328, 'patch_size': 0.0, 'side': 'right', 'stabilize_anchor': False}, {'x_offset': 0.2839533063768789, 'y_offset': 0.4178541573364183, 'z_offset': 1.374894430016992, 'patch_size': 0.0, 'side': 'right', 'stabilize_anchor': False}, {'x_offset': 0.1825605340999905, 'y_offset': 0.9069011416802069, 'z_offset': 1.0433090514202648, 'patch_size': 0.0, 'side': 'right', 'stabilize_anchor': False}, {'x_offset': -0.21319548528765742, 'y_offset': 0.7703078733096203, 'z_offset': 1.4196656717739256, 'patch_size': 0.0, 'side': 'left', 'stabilize_anchor': False}]"
6,25,1,0.7284762263298035,0.10000000149011612,[46],"[{'x_offset': 2.5712847036723345, 'y_offset': -0.6691655558534337, 'z_offset': 1.5556981273838144, 'patch_size': 0.0, 'side': 'left', 'stabilize_anchor': False}]"
6,25,2,0.7207059264183044,0.0,"[46, 5]","[{'x_offset': 2.5712847036723345, 'y_offset': -0.6691655558534337, 'z_offset': 1.5556981273838144, 'patch_size': 0.0, 'side': 'left', 'stabilize_anchor': False}, {'x_offset': 0.2839533063768789, 'y_offset': 0.4178541573364183, 'z_offset': 1.374894430016992, 'patch_size': 0.0, 'side': 'right', 'stabilize_anchor': False}]"
6,25,3,0.6915916204452515,0.0,"[46, 5, 12]","[{'x_offset': 2.5712847036723345, 'y_offset': -0.6691655558534337, 'z_offset': 1.5556981273838144, 'patch_size': 0.0, 'side': 'left', 'stabilize_anchor': False}, {'x_offset': 0.2839533063768789, 'y_offset': 0.4178541573364183, 'z_offset': 1.374894430016992, 'patch_size': 0.0, 'side': 'right', 'stabilize_anchor': False}, {'x_offset': 0.7054189944130322, 'y_offset': 0.15526910813892592, 'z_offset': 0.29205535062858845, 'patch_size': 0.0, 'side': 'right', 'stabilize_anchor': False}]"
6,25,4,0.6496543884277344,0.0,"[46, 5, 12, 14]","[{'x_offset': 2.5712847036723345, 'y_offset': -0.6691655558534337, 'z_offset': 1.5556981273838144, 'patch_size': 0.0, 'side': 'left', 'stabilize_anchor': False}, {'x_offset': 0.2839533063768789, 'y_offset': 0.4178541573364183, 'z_offset': 1.374894430016992, 'patch_size': 0.0, 'side': 'right', 'stabilize_anchor': False}, {'x_offset': 0.7054189944130322, 'y_offset': 0.15526910813892592, 'z_offset': 0.29205535062858845, 'patch_size': 0.0, 'side': 'right', 'stabilize_anchor': False}, {'x_offset': 1.2777837605335414, 'y_offset': 0.8235269230885132, 'z_offset': 1.7853657821636149, 'patch_size': 0.0, 'side': 'right', 'stabilize_anchor': False}]"
6,25,5,0.611253023147583,0.0,"[46, 5, 12, 14, 32]","[{'x_offset': 2.5712847036723345, 'y_offset': -0.6691655558534337, 'z_offset': 1.5556981273838144, 'patch_size': 0.0, 'side': 'left', 'stabilize_anchor': False}, {'x_offset': 0.2839533063768789, 'y_offset': 0.4178541573364183, 'z_offset': 1.374894430016992, 'patch_size': 0.0, 'side': 'right', 'stabilize_anchor': False}, {'x_offset': 0.7054189944130322, 'y_offset': 0.15526910813892592, 'z_offset': 0.29205535062858845, 'patch_size': 0.0, 'side': 'right', 'stabilize_anchor': False}, {'x_offset': 1.2777837605335414, 'y_offset': 0.8235269230885132, 'z_offset': 1.7853657821636149, 'patch_size': 0.0, 'side': 'right', 'stabilize_anchor': False}, {'x_offset': 0.9310178067524415, 'y_offset': 0.4618678226377295, 'z_offset': 1.3912030911479931, 'patch_size': 0.0, 'side': 'right', 'stabilize_anchor': False}]"
6,25,6,0.5804430246353149,0.0,"[46, 5, 12, 14, 32, 34]","[{'x_offset': 2.5712847036723345, 'y_offset': -0.6691655558534337, 'z_offset': 1.5556981273838144, 'patch_size': 0.0, 'side': 'left', 'stabilize_anchor': False}, {'x_offset': 0.2839533063768789, 'y_offset': 0.4178541573364183, 'z_offset': 1.374894430016992, 'patch_size': 0.0, 'side': 'right', 'stabilize_anchor': False}, {'x_offset': 0.7054189944130322, 'y_offset': 0.15526910813892592, 'z_offset': 0.29205535062858845, 'patch_size': 0.0, 'side': 'right', 'stabilize_anchor': False}, {'x_offset': 1.2777837605335414, 'y_offset': 0.8235269230885132, 'z_offset': 1.7853657821636149, 'patch_size': 0.0, 'side': 'right', 'stabilize_anchor': False}, {'x_offset': 0.9310178067524415, 'y_offset': 0.4618678226377295, 'z_offset': 1.3912030911479931, 'patch_size': 0.0, 'side': 'right', 'stabilize_anchor': False}, {'x_offset': -0.24010194638449578, 'y_offset': -0.2934418184626827, 'z_offset': 1.5747191302860992, 'patch_size': 0.0, 'side': 'right', 'stabilize_anchor': False}]"
6,25,7,0.5072041749954224,0.0,"[46, 5, 12, 14, 32, 34, 44]","[{'x_offset': 2.5712847036723345, 'y_offset': -0.6691655558534337, 'z_offset': 1.5556981273838144, 'patch_size': 0.0, 'side': 'left', 'stabilize_anchor': False}, {'x_offset': 0.2839533063768789, 'y_offset': 0.4178541573364183, 'z_offset': 1.374894430016992, 'patch_size': 0.0, 'side': 'right', 'stabilize_anchor': False}, {'x_offset': 0.7054189944130322, 'y_offset': 0.15526910813892592, 'z_offset': 0.29205535062858845, 'patch_size': 0.0, 'side': 'right', 'stabilize_anchor': False}, {'x_offset': 1.2777837605335414, 'y_offset': 0.8235269230885132, 'z_offset': 1.7853657821636149, 'patch_size': 0.0, 'side': 'right', 'stabilize_anchor': False}, {'x_offset': 0.9310178067524415, 'y_offset': 0.4618678226377295, 'z_offset': 1.3912030911479931, 'patch_size': 0.0, 'side': 'right', 'stabilize_anchor': False}, {'x_offset': -0.24010194638449578, 'y_offset': -0.2934418184626827, 'z_offset': 1.5747191302860992, 'patch_size': 0.0, 'side': 'right', 'stabilize_anchor': False}, {'x_offset': 1.275063235984533, 'y_offset': -0.6447119626221013, 'z_offset': 1.7702137602622958, 'patch_size': 0.0, 'side': 'left', 'stabilize_anchor': False}]"
6,30,1,0.4038194715976715,0.0,[10],"[{'x_offset': 0.1825605340999905, 'y_offset': 0.9069011416802069, 'z_offset': 1.0433090514202648, 'patch_size': 0.0, 'side': 'right', 'stabilize_anchor': False}]"
6,30,2,0.35968825221061707,0.0,"[10, 34]","[{'x_offset': 0.1825605340999905, 'y_offset': 0.9069011416802069, 'z_offset': 1.0433090514202648, 'patch_size': 0.0, 'side': 'right', 'stabilize_anchor': False}, {'x_offset': -0.24010194638449578, 'y_offset': -0.2934418184626827, 'z_offset': 1.5747191302860992, 'patch_size': 0.0, 'side': 'right', 'stabilize_anchor': False}]"
6,30,3,0.0,0.0,"[10, 34, 32]","[{'x_offset': 0.1825605340999905, 'y_offset': 0.9069011416802069, 'z_offset': 1.0433090514202648, 'patch_size': 0.0, 'side': 'right', 'stabilize_anchor': False}, {'x_offset': -0.24010194638449578, 'y_offset': -0.2934418184626827, 'z_offset': 1.5747191302860992, 'patch_size': 0.0, 'side': 'right', 'stabilize_anchor': False}, {'x_offset': 0.9310178067524415, 'y_offset': 0.4618678226377295, 'z_offset': 1.3912030911479931, 'patch_size': 0.0, 'side': 'right', 'stabilize_anchor': False}]"
7,5,1,0.6819689869880676,0.0,[39],"[{'x_offset': 0.44439027583624435, 'y_offset': 0.2926712933730815, 'z_offset': 1.179654162944469, 'patch_size': 0.0, 'side': 'left', 'stabilize_anchor': False}]"
7,5,2,0.6760835647583008,0.0,"[39, 20]","[{'x_offset': 0.44439027583624435, 'y_offset': 0.2926712933730815, 'z_offset': 1.179654162944469, 'patch_size': 0.0, 'side': 'left', 'stabilize_anchor': False}, {'x_offset': -0.8807013218505269, 'y_offset': -0.12425055584778755, 'z_offset': 0.1704068214795258, 'patch_size': 0.0, 'side': 'left', 'stabilize_anchor': False}]"
7,5,3,0.6557074189186096,0.0,"[39, 20, 7]","[{'x_offset': 0.44439027583624435, 'y_offset': 0.2926712933730815, 'z_offset': 1.179654162944469, 'patch_size': 0.0, 'side': 'left', 'stabilize_anchor': False}, {'x_offset': -0.8807013218505269, 'y_offset': -0.12425055584778755, 'z_offset': 0.1704068214795258, 'patch_size': 0.0, 'side': 'left', 'stabilize_anchor': False}, {'x_offset': -0.27152989882474465, 'y_offset': -0.17252677831869867, 'z_offset': 1.6609057571481287, 'patch_size': 0.0, 'side': 'left', 'stabilize_anchor': False}]"
7,5,4,0.6382521390914917,0.0,"[39, 20, 7, 23]","[{'x_offset': 0.44439027583624435, 'y_offset': 0.2926712933730815, 'z_offset': 1.179654162944469, 'patch_size': 0.0, 'side': 'left', 'stabilize_anchor': False}, {'x_offset': -0.8807013218505269, 'y_offset': -0.12425055584778755, 'z_offset': 0.1704068214795258, 'patch_size': 0.0, 'side': 'left', 'stabilize_anchor': False}, {'x_offset': -0.27152989882474465, 'y_offset': -0.17252677831869867, 'z_offset': 1.6609057571481287, 'patch_size': 0.0, 'side': 'left', 'stabilize_anchor': False}, {'x_offset': -0.23904796154510877, 'y_offset': 0.08142922451222767, 'z_offset': 0.7088992044845089, 'patch_size': 0.0, 'side': 'right', 'stabilize_anchor': False}]"
7,5,5,0.631693959236145,0.0,"[39, 20, 7, 23, 27]","[{'x_offset': 0.44439027583624435, 'y_offset': 0.2926712933730815, 'z_offset': 1.179654162944469, 'patch_size': 0.0, 'side': 'left', 'stabilize_anchor': False}, {'x_offset': -0.8807013218505269, 'y_offset': -0.12425055584778755, 'z_offset': 0.1704068214795258, 'patch_size': 0.0, 'side': 'left', 'stabilize_anchor': False}, {'x_offset': -0.27152989882474465, 'y_offset': -0.17252677831869867, 'z_offset': 1.6609057571481287, 'patch_size': 0.0, 'side': 'left', 'stabilize_anchor': False}, {'x_offset': -0.23904796154510877, 'y_offset': 0.08142922451222767, 'z_offset': 0.7088992044845089, 'patch_size': 0.0, 'side': 'right', 'stabilize_anchor': False}, {'x_offset': -0.07635293956329858, 'y_offset': -0.13350957034420075, 'z_offset': 1.5616816284426267, 'patch_size': 0.0, 'side': 'left', 'stabilize_anchor': False}]"
7,5,6,0.6207461953163147,0.0,"[39, 20, 7, 23, 27, 1]","[{'x_offset': 0.44439027583624435, 'y_offset': 0.2926712933730815, 'z_offset': 1.179654162944469, 'patch_size': 0.0, 'side': 'left', 'stabilize_anchor': False}, {'x_offset': -0.8807013218505269, 'y_offset': -0.12425055584778755, 'z_offset': 0.1704068214795258, 'patch_size': 0.0, 'side': 'left', 'stabilize_anchor': False}, {'x_offset': -0.27152989882474465, 'y_offset': -0.17252677831869867, 'z_offset': 1.6609057571481287, 'patch_size': 0.0, 'side': 'left', 'stabilize_anchor': False}, {'x_offset': -0.23904796154510877, 'y_offset': 0.08142922451222767, 'z_offset': 0.7088992044845089, 'patch_size': 0.0, 'side': 'right', 'stabilize_anchor': False}, {'x_offset': -0.07635293956329858, 'y_offset': -0.13350957034420075, 'z_offset': 1.5616816284426267, 'patch_size': 0.0, 'side': 'left', 'stabilize_anchor': False}, {'x_offset': -0.17179029345164765, 'y_offset': -0.49703798884163564, 'z_offset': 1.2193471393414637, 'patch_size': 0.0, 'side': 'right', 'stabilize_anchor': False}]"
7,10,1,0.6975284218788147,0.10000000149011612,[48],"[{'x_offset': 0.670592061555312, 'y_offset': 0.7485120170798159, 'z_offset': 0.8408325780230349, 'patch_size': 0.0, 'side': 'left', 'stabilize_anchor': False}]"
7,10,2,0.6601997017860413,0.10000000149011612,"[48, 29]","[{'x_offset': 0.670592061555312, 'y_offset': 0.7485120170798159, 'z_offset': 0.8408325780230349, 'patch_size': 0.0, 'side': 'left', 'stabilize_anchor': False}, {'x_offset': 1.9242167413502163, 'y_offset': 0.9672354865220469, 'z_offset': 0.8679867420458192, 'patch_size': 0.0, 'side': 'left', 'stabilize_anchor': False}]"
7,10,3,0.6396209001541138,0.10000000149011612,"[48, 29, 16]","[{'x_offset': 0.670592061555312, 'y_offset': 0.7485120170798159, 'z_offset': 0.8408325780230349, 'patch_size': 0.0, 'side': 'left', 'stabilize_anchor': False}, {'x_offset': 1.9242167413502163, 'y_offset': 0.9672354865220469, 'z_offset': 0.8679867420458192, 'patch_size': 0.0, 'side': 'left', 'stabilize_anchor': False}, {'x_offset': 1.5518620372757903, 'y_offset': 0.5139756308875576, 'z_offset': 1.1331008348732192, 'patch_size': 0.0, 'side': 'right', 'stabilize_anchor': False}]"
7,10,4,0.6325209736824036,0.10000000149011612,"[48, 29, 16, 11]","[{'x_offset': 0.670592061555312, 'y_offset': 0.7485120170798159, 'z_offset': 0.8408325780230349, 'patch_size': 0.0, 'side': 'left', 'stabilize_anchor': False}, {'x_offset': 1.9242167413502163, 'y_offset': 0.9672354865220469, 'z_offset': 0.8679867420458192, 'patch_size': 0.0, 'side': 'left', 'stabilize_anchor': False}, {'x_offset': 1.5518620372757903, 'y_offset': 0.5139756308875576, 'z_offset': 1.1331008348732192, 'patch_size': 0.0, 'side': 'right', 'stabilize_anchor': False}, {'x_offset': -0.6975950269382749, 'y_offset': -0.358423458575185, 'z_offset': 0.2399179053258078, 'patch_size': 0.0, 'side': 'right', 'stabilize_anchor': False}]"
7,15,1,0.5578157901763916,0.0,[32],"[{'x_offset': 0.8246188308926765, 'y_offset': 0.5006999083713164, 'z_offset': 0.879110036373684, 'patch_size': 0.0, 'side': 'right', 'stabilize_anchor': False}]"
7,15,2,0.5392284989356995,0.0,"[32, 29]","[{'x_offset': 0.8246188308926765, 'y_offset': 0.5006999083713164, 'z_offset': 0.879110036373684, 'patch_size': 0.0, 'side': 'right', 'stabilize_anchor': False}, {'x_offset': 1.9242167413502163, 'y_offset': 0.9672354865220469, 'z_offset': 0.8679867420458192, 'patch_size': 0.0, 'side': 'left', 'stabilize_anchor': False}]"
7,15,3,0.47852301597595215,0.0,"[32, 29, 12]","[{'x_offset': 0.8246188308926765, 'y_offset': 0.5006999083713164, 'z_offset': 0.879110036373684, 'patch_size': 0.0, 'side': 'right', 'stabilize_anchor': False}, {'x_offset': 1.9242167413502163, 'y_offset': 0.9672354865220469, 'z_offset': 0.8679867420458192, 'patch_size': 0.0, 'side': 'left', 'stabilize_anchor': False}, {'x_offset': -0.06024119845090736, 'y_offset': 0.04944652012876449, 'z_offset': 1.2831408503245791, 'patch_size': 0.0, 'side': 'right', 'stabilize_anchor': False}]"
7,15,4,0.0,0.0,"[32, 29, 12, 39]","[{'x_offset': 0.8246188308926765, 'y_offset': 0.5006999083713164, 'z_offset': 0.879110036373684, 'patch_size': 0.0, 'side': 'right', 'stabilize_anchor': False}, {'x_offset': 1.9242167413502163, 'y_offset': 0.9672354865220469, 'z_offset': 0.8679867420458192, 'patch_size': 0.0, 'side': 'left', 'stabilize_anchor': False}, {'x_offset': -0.06024119845090736, 'y_offset': 0.04944652012876449, 'z_offset': 1.2831408503245791, 'patch_size': 0.0, 'side': 'right', 'stabilize_anchor': False}, {'x_offset': 0.44439027583624435, 'y_offset': 0.2926712933730815, 'z_offset': 1.179654162944469, 'patch_size': 0.0, 'side': 'left', 'stabilize_anchor': False}]"
7,20,1,0.3943580985069275,0.10000000149011612,[32],"[{'x_offset': 0.8246188308926765, 'y_offset': 0.5006999083713164, 'z_offset': 0.879110036373684, 'patch_size': 0.0, 'side': 'right', 'stabilize_anchor': False}]"
7,20,2,0.38998737931251526,0.0,"[32, 38]","[{'x_offset': 0.8246188308926765, 'y_offset': 0.5006999083713164, 'z_offset': 0.879110036373684, 'patch_size': 0.0, 'side': 'right', 'stabilize_anchor': False}, {'x_offset': 1.0548880708910993, 'y_offset': 0.903877557464908, 'z_offset': 1.2306689131699275, 'patch_size': 0.0, 'side': 'right', 'stabilize_anchor': False}]"
7,20,3,0.0,0.0,"[32, 38, 48]","[{'x_offset': 0.8246188308926765, 'y_offset': 0.5006999083713164, 'z_offset': 0.879110036373684, 'patch_size': 0.0, 'side': 'right', 'stabilize_anchor': False}, {'x_offset': 1.0548880708910993, 'y_offset': 0.903877557464908, 'z_offset': 1.2306689131699275, 'patch_size': 0.0, 'side': 'right', 'stabilize_anchor': False}, {'x_offset': 0.670592061555312, 'y_offset': 0.7485120170798159, 'z_offset': 0.8408325780230349, 'patch_size': 0.0, 'side': 'left', 'stabilize_anchor': False}]"
7,25,1,0.7215204238891602,0.0,[39],"[{'x_offset': 0.44439027583624435, 'y_offset': 0.2926712933730815, 'z_offset': 1.179654162944469, 'patch_size': 0.0, 'side': 'left', 'stabilize_anchor': False}]"
7,25,2,0.6995195150375366,0.0,"[39, 47]","[{'x_offset': 0.44439027583624435, 'y_offset': 0.2926712933730815, 'z_offset': 1.179654162944469, 'patch_size': 0.0, 'side': 'left', 'stabilize_anchor': False}, {'x_offset': -0.7590419795136446, 'y_offset': -0.1715651026677676, 'z_offset': 1.961837671868979, 'patch_size': 0.0, 'side': 'right', 'stabilize_anchor': False}]"
7,25,3,0.6358233094215393,0.0,"[39, 47, 0]","[{'x_offset': 0.44439027583624435, 'y_offset': 0.2926712933730815, 'z_offset': 1.179654162944469, 'patch_size': 0.0, 'side': 'left', 'stabilize_anchor': False}, {'x_offset': -0.7590419795136446, 'y_offset': -0.1715651026677676, 'z_offset': 1.961837671868979, 'patch_size': 0.0, 'side': 'right', 'stabilize_anchor': False}, {'x_offset': 0.32717107788117294, 'y_offset': 0.8001840669192957, 'z_offset': 1.8308187974437746, 'patch_size': 0.0, 'side': 'right', 'stabilize_anchor': False}]"
7,25,4,0.5714861750602722,0.0,"[39, 47, 0, 48]","[{'x_offset': 0.44439027583624435, 'y_offset': 0.2926712933730815, 'z_offset': 1.179654162944469, 'patch_size': 0.0, 'side': 'left', 'stabilize_anchor': False}, {'x_offset': -0.7590419795136446, 'y_offset': -0.1715651026677676, 'z_offset': 1.961837671868979, 'patch_size': 0.0, 'side': 'right', 'stabilize_anchor': False}, {'x_offset': 0.32717107788117294, 'y_offset': 0.8001840669192957, 'z_offset': 1.8308187974437746, 'patch_size': 0.0, 'side': 'right', 'stabilize_anchor': False}, {'x_offset': 0.670592061555312, 'y_offset': 0.7485120170798159, 'z_offset': 0.8408325780230349, 'patch_size': 0.0, 'side': 'left', 'stabilize_anchor': False}]"
7,25,5,0.39531633257865906,0.0,"[39, 47, 0, 48, 3]","[{'x_offset': 0.44439027583624435, 'y_offset': 0.2926712933730815, 'z_offset': 1.179654162944469, 'patch_size': 0.0, 'side': 'left', 'stabilize_anchor': False}, {'x_offset': -0.7590419795136446, 'y_offset': -0.1715651026677676, 'z_offset': 1.961837671868979, 'patch_size': 0.0, 'side': 'right', 'stabilize_anchor': False}, {'x_offset': 0.32717107788117294, 'y_offset': 0.8001840669192957, 'z_offset': 1.8308187974437746, 'patch_size': 0.0, 'side': 'right', 'stabilize_anchor': False}, {'x_offset': 0.670592061555312, 'y_offset': 0.7485120170798159, 'z_offset': 0.8408325780230349, 'patch_size': 0.0, 'side': 'left', 'stabilize_anchor': False}, {'x_offset': 1.1111195630858486, 'y_offset': 0.25249692381307753, 'z_offset': 1.7616090604888033, 'patch_size': 0.0, 'side': 'right', 'stabilize_anchor': False}]"
7,25,6,0.0,0.0,"[39, 47, 0, 48, 3, 38]","[{'x_offset': 0.44439027583624435, 'y_offset': 0.2926712933730815, 'z_offset': 1.179654162944469, 'patch_size': 0.0, 'side': 'left', 'stabilize_anchor': False}, {'x_offset': -0.7590419795136446, 'y_offset': -0.1715651026677676, 'z_offset': 1.961837671868979, 'patch_size': 0.0, 'side': 'right', 'stabilize_anchor': False}, {'x_offset': 0.32717107788117294, 'y_offset': 0.8001840669192957, 'z_offset': 1.8308187974437746, 'patch_size': 0.0, 'side': 'right', 'stabilize_anchor': False}, {'x_offset': 0.670592061555312, 'y_offset': 0.7485120170798159, 'z_offset': 0.8408325780230349, 'patch_size': 0.0, 'side': 'left', 'stabilize_anchor': False}, {'x_offset': 1.1111195630858486, 'y_offset': 0.25249692381307753, 'z_offset': 1.7616090604888033, 'patch_size': 0.0, 'side': 'right', 'stabilize_anchor': False}, {'x_offset': 1.0548880708910993, 'y_offset': 0.903877557464908, 'z_offset': 1.2306689131699275, 'patch_size': 0.0, 'side': 'right', 'stabilize_anchor': False}]"
7,30,1,0.5879647135734558,0.10000000149011612,[21],"[{'x_offset': 2.975923042565985, 'y_offset': 0.8953632746194198, 'z_offset': 2.0163037616126545, 'patch_size': 0.0, 'side': 'left', 'stabilize_anchor': False}]"
7,30,2,0.5802498459815979,0.0,"[21, 0]","[{'x_offset': 2.975923042565985, 'y_offset': 0.8953632746194198, 'z_offset': 2.0163037616126545, 'patch_size': 0.0, 'side': 'left', 'stabilize_anchor': False}, {'x_offset': 0.32717107788117294, 'y_offset': 0.8001840669192957, 'z_offset': 1.8308187974437746, 'patch_size': 0.0, 'side': 'right', 'stabilize_anchor': False}]"
7,30,3,0.5104867815971375,0.0,"[21, 0, 7]","[{'x_offset': 2.975923042565985, 'y_offset': 0.8953632746194198, 'z_offset': 2.0163037616126545, 'patch_size': 0.0, 'side': 'left', 'stabilize_anchor': False}, {'x_offset': 0.32717107788117294, 'y_offset': 0.8001840669192957, 'z_offset': 1.8308187974437746, 'patch_size': 0.0, 'side': 'right', 'stabilize_anchor': False}, {'x_offset': -0.27152989882474465, 'y_offset': -0.17252677831869867, 'z_offset': 1.6609057571481287, 'patch_size': 0.0, 'side': 'left', 'stabilize_anchor': False}]"
7,30,4,0.49904054403305054,0.0,"[21, 0, 7, 31]","[{'x_offset': 2.975923042565985, 'y_offset': 0.8953632746194198, 'z_offset': 2.0163037616126545, 'patch_size': 0.0, 'side': 'left', 'stabilize_anchor': False}, {'x_offset': 0.32717107788117294, 'y_offset': 0.8001840669192957, 'z_offset': 1.8308187974437746, 'patch_size': 0.0, 'side': 'right', 'stabilize_anchor': False}, {'x_offset': -0.27152989882474465, 'y_offset': -0.17252677831869867, 'z_offset': 1.6609057571481287, 'patch_size': 0.0, 'side': 'left', 'stabilize_anchor': False}, {'x_offset': 0.0678931369753153, 'y_offset': -0.24509885808636583, 'z_offset': 1.5776304272262938, 'patch_size': 0.0, 'side': 'right', 'stabilize_anchor': False}]"
7,30,5,0.47414931654930115,0.0,"[21, 0, 7, 31, 48]","[{'x_offset': 2.975923042565985, 'y_offset': 0.8953632746194198, 'z_offset': 2.0163037616126545, 'patch_size': 0.0, 'side': 'left', 'stabilize_anchor': False}, {'x_offset': 0.32717107788117294, 'y_offset': 0.8001840669192957, 'z_offset': 1.8308187974437746, 'patch_size': 0.0, 'side': 'right', 'stabilize_anchor': False}, {'x_offset': -0.27152989882474465, 'y_offset': -0.17252677831869867, 'z_offset': 1.6609057571481287, 'patch_size': 0.0, 'side': 'left', 'stabilize_anchor': False}, {'x_offset': 0.0678931369753153, 'y_offset': -0.24509885808636583, 'z_offset': 1.5776304272262938, 'patch_size': 0.0, 'side': 'right', 'stabilize_anchor': False}, {'x_offset': 0.670592061555312, 'y_offset': 0.7485120170798159, 'z_offset': 0.8408325780230349, 'patch_size': 0.0, 'side': 'left', 'stabilize_anchor': False}]"
7,30,6,0.4615175724029541,0.0,"[21, 0, 7, 31, 48, 16]","[{'x_offset': 2.975923042565985, 'y_offset': 0.8953632746194198, 'z_offset': 2.0163037616126545, 'patch_size': 0.0, 'side': 'left', 'stabilize_anchor': False}, {'x_offset': 0.32717107788117294, 'y_offset': 0.8001840669192957, 'z_offset': 1.8308187974437746, 'patch_size': 0.0, 'side': 'right', 'stabilize_anchor': False}, {'x_offset': -0.27152989882474465, 'y_offset': -0.17252677831869867, 'z_offset': 1.6609057571481287, 'patch_size': 0.0, 'side': 'left', 'stabilize_anchor': False}, {'x_offset': 0.0678931369753153, 'y_offset': -0.24509885808636583, 'z_offset': 1.5776304272262938, 'patch_size': 0.0, 'side': 'right', 'stabilize_anchor': False}, {'x_offset': 0.670592061555312, 'y_offset': 0.7485120170798159, 'z_offset': 0.8408325780230349, 'patch_size': 0.0, 'side': 'left', 'stabilize_anchor': False}, {'x_offset': 1.5518620372757903, 'y_offset': 0.5139756308875576, 'z_offset': 1.1331008348732192, 'patch_size': 0.0, 'side': 'right', 'stabilize_anchor': False}]"
7,30,7,0.4108324944972992,0.0,"[21, 0, 7, 31, 48, 16, 45]","[{'x_offset': 2.975923042565985, 'y_offset': 0.8953632746194198, 'z_offset': 2.0163037616126545, 'patch_size': 0.0, 'side': 'left', 'stabilize_anchor': False}, {'x_offset': 0.32717107788117294, 'y_offset': 0.8001840669192957, 'z_offset': 1.8308187974437746, 'patch_size': 0.0, 'side': 'right', 'stabilize_anchor': False}, {'x_offset': -0.27152989882474465, 'y_offset': -0.17252677831869867, 'z_offset': 1.6609057571481287, 'patch_size': 0.0, 'side': 'left', 'stabilize_anchor': False}, {'x_offset': 0.0678931369753153, 'y_offset': -0.24509885808636583, 'z_offset': 1.5776304272262938, 'patch_size': 0.0, 'side': 'right', 'stabilize_anchor': False}, {'x_offset': 0.670592061555312, 'y_offset': 0.7485120170798159, 'z_offset': 0.8408325780230349, 'patch_size': 0.0, 'side': 'left', 'stabilize_anchor': False}, {'x_offset': 1.5518620372757903, 'y_offset': 0.5139756308875576, 'z_offset': 1.1331008348732192, 'patch_size': 0.0, 'side': 'right', 'stabilize_anchor': False}, {'x_offset': 2.3773240109196383, 'y_offset': 0.054695654295879303, 'z_offset': 0.7483506793155155, 'patch_size': 0.0, 'side': 'left', 'stabilize_anchor': False}]"
7,30,8,0.36535781621932983,0.0,"[21, 0, 7, 31, 48, 16, 45, 38]","[{'x_offset': 2.975923042565985, 'y_offset': 0.8953632746194198, 'z_offset': 2.0163037616126545, 'patch_size': 0.0, 'side': 'left', 'stabilize_anchor': False}, {'x_offset': 0.32717107788117294, 'y_offset': 0.8001840669192957, 'z_offset': 1.8308187974437746, 'patch_size': 0.0, 'side': 'right', 'stabilize_anchor': False}, {'x_offset': -0.27152989882474465, 'y_offset': -0.17252677831869867, 'z_offset': 1.6609057571481287, 'patch_size': 0.0, 'side': 'left', 'stabilize_anchor': False}, {'x_offset': 0.0678931369753153, 'y_offset': -0.24509885808636583, 'z_offset': 1.5776304272262938, 'patch_size': 0.0, 'side': 'right', 'stabilize_anchor': False}, {'x_offset': 0.670592061555312, 'y_offset': 0.7485120170798159, 'z_offset': 0.8408325780230349, 'patch_size': 0.0, 'side': 'left', 'stabilize_anchor': False}, {'x_offset': 1.5518620372757903, 'y_offset': 0.5139756308875576, 'z_offset': 1.1331008348732192, 'patch_size': 0.0, 'side': 'right', 'stabilize_anchor': False}, {'x_offset': 2.3773240109196383, 'y_offset': 0.054695654295879303, 'z_offset': 0.7483506793155155, 'patch_size': 0.0, 'side': 'left', 'stabilize_anchor': False}, {'x_offset': 1.0548880708910993, 'y_offset': 0.903877557464908, 'z_offset': 1.2306689131699275, 'patch_size': 0.0, 'side': 'right', 'stabilize_anchor': False}]"
7,30,9,0.0,0.0,"[21, 0, 7, 31, 48, 16, 45, 38, 34]","[{'x_offset': 2.975923042565985, 'y_offset': 0.8953632746194198, 'z_offset': 2.0163037616126545, 'patch_size': 0.0, 'side': 'left', 'stabilize_anchor': False}, {'x_offset': 0.32717107788117294, 'y_offset': 0.8001840669192957, 'z_offset': 1.8308187974437746, 'patch_size': 0.0, 'side': 'right', 'stabilize_anchor': False}, {'x_offset': -0.27152989882474465, 'y_offset': -0.17252677831869867, 'z_offset': 1.6609057571481287, 'patch_size': 0.0, 'side': 'left', 'stabilize_anchor': False}, {'x_offset': 0.0678931369753153, 'y_offset': -0.24509885808636583, 'z_offset': 1.5776304272262938, 'patch_size': 0.0, 'side': 'right', 'stabilize_anchor': False}, {'x_offset': 0.670592061555312, 'y_offset': 0.7485120170798159, 'z_offset': 0.8408325780230349, 'patch_size': 0.0, 'side': 'left', 'stabilize_anchor': False}, {'x_offset': 1.5518620372757903, 'y_offset': 0.5139756308875576, 'z_offset': 1.1331008348732192, 'patch_size': 0.0, 'side': 'right', 'stabilize_anchor': False}, {'x_offset': 2.3773240109196383, 'y_offset': 0.054695654295879303, 'z_offset': 0.7483506793155155, 'patch_size': 0.0, 'side': 'left', 'stabilize_anchor': False}, {'x_offset': 1.0548880708910993, 'y_offset': 0.903877557464908, 'z_offset': 1.2306689131699275, 'patch_size': 0.0, 'side': 'right', 'stabilize_anchor': False}, {'x_offset': 3.1071035493405432, 'y_offset': 0.6014478874909215, 'z_offset': 0.4617299625704788, 'patch_size': 0.0, 'side': 'left', 'stabilize_anchor': False}]"
8,5,1,0.6807318925857544,0.10000000149011612,[8],"[{'x_offset': -0.9855707760838636, 'y_offset': -0.3694261749214114, 'z_offset': 0.9318828342316452, 'patch_size': 0.0, 'side': 'left', 'stabilize_anchor': False}]"
8,5,2,0.6500422954559326,0.10000000149011612,"[8, 46]","[{'x_offset': -0.9855707760838636, 'y_offset': -0.3694261749214114, 'z_offset': 0.9318828342316452, 'patch_size': 0.0, 'side': 'left', 'stabilize_anchor': False}, {'x_offset': -0.8130772744243733, 'y_offset': -0.38107148053305184, 'z_offset': 0.9454723385938192, 'patch_size': 0.0, 'side': 'right', 'stabilize_anchor': False}]"
8,5,3,0.6415014863014221,0.10000000149011612,"[8, 46, 23]","[{'x_offset': -0.9855707760838636, 'y_offset': -0.3694261749214114, 'z_offset': 0.9318828342316452, 'patch_size': 0.0, 'side': 'left', 'stabilize_anchor': False}, {'x_offset': -0.8130772744243733, 'y_offset': -0.38107148053305184, 'z_offset': 0.9454723385938192, 'patch_size': 0.0, 'side': 'right', 'stabilize_anchor': False}, {'x_offset': 2.0440763607799664, 'y_offset': 0.6587253348466637, 'z_offset': 0.7985123079950365, 'patch_size': 0.0, 'side': 'right', 'stabilize_anchor': False}]"
8,5,4,0.6347147822380066,0.10000000149011612,"[8, 46, 23, 17]","[{'x_offset': -0.9855707760838636, 'y_offset': -0.3694261749214114, 'z_offset': 0.9318828342316452, 'patch_size': 0.0, 'side': 'left', 'stabilize_anchor': False}, {'x_offset': -0.8130772744243733, 'y_offset': -0.38107148053305184, 'z_offset': 0.9454723385938192, 'patch_size': 0.0, 'side': 'right', 'stabilize_anchor': False}, {'x_offset': 2.0440763607799664, 'y_offset': 0.6587253348466637, 'z_offset': 0.7985123079950365, 'patch_size': 0.0, 'side': 'right', 'stabilize_anchor': False}, {'x_offset': 1.8424203932413135, 'y_offset': -0.6544304000800649, 'z_offset': 1.5869018758011746, 'patch_size': 0.0, 'side': 'left', 'stabilize_anchor': False}]"
8,5,5,0.6246312856674194,0.0,"[8, 46, 23, 17, 47]","[{'x_offset': -0.9855707760838636, 'y_offset': -0.3694261749214114, 'z_offset': 0.9318828342316452, 'patch_size': 0.0, 'side': 'left', 'stabilize_anchor': False}, {'x_offset': -0.8130772744243733, 'y_offset': -0.38107148053305184, 'z_offset': 0.9454723385938192, 'patch_size': 0.0, 'side': 'right', 'stabilize_anchor': False}, {'x_offset': 2.0440763607799664, 'y_offset': 0.6587253348466637, 'z_offset': 0.7985123079950365, 'patch_size': 0.0, 'side': 'right', 'stabilize_anchor': False}, {'x_offset': 1.8424203932413135, 'y_offset': -0.6544304000800649, 'z_offset': 1.5869018758011746, 'patch_size': 0.0, 'side': 'left', 'stabilize_anchor': False}, {'x_offset': -0.27581964074433385, 'y_offset': 0.5558279650344324, 'z_offset': 0.7162675998033778, 'patch_size': 0.0, 'side': 'right', 'stabilize_anchor': False}]"
8,10,1,0.7327312231063843,0.10000000149011612,[8],"[{'x_offset': -0.9855707760838636, 'y_offset': -0.3694261749214114, 'z_offset': 0.9318828342316452, 'patch_size': 0.0, 'side': 'left', 'stabilize_anchor': False}]"
8,10,2,0.6557612419128418,0.0,"[8, 9]","[{'x_offset': -0.9855707760838636, 'y_offset': -0.3694261749214114, 'z_offset': 0.9318828342316452, 'patch_size': 0.0, 'side': 'left', 'stabilize_anchor': False}, {'x_offset': 0.8285085202387759, 'y_offset': 0.48576965454669785, 'z_offset': 0.8674079383436686, 'patch_size': 0.0, 'side': 'right', 'stabilize_anchor': False}]"
8,15,1,0.5815238356590271,0.0,[9],"[{'x_offset': 0.8285085202387759, 'y_offset': 0.48576965454669785, 'z_offset': 0.8674079383436686, 'patch_size': 0.0, 'side': 'right', 'stabilize_anchor': False}]"
8,15,2,0.540418803691864,0.0,"[9, 46]","[{'x_offset': 0.8285085202387759, 'y_offset': 0.48576965454669785, 'z_offset': 0.8674079383436686, 'patch_size': 0.0, 'side': 'right', 'stabilize_anchor': False}, {'x_offset': -0.8130772744243733, 'y_offset': -0.38107148053305184, 'z_offset': 0.9454723385938192, 'patch_size': 0.0, 'side': 'right', 'stabilize_anchor': False}]"
8,15,3,0.5319505929946899,0.0,"[9, 46, 40]","[{'x_offset': 0.8285085202387759, 'y_offset': 0.48576965454669785, 'z_offset': 0.8674079383436686, 'patch_size': 0.0, 'side': 'right', 'stabilize_anchor': False}, {'x_offset': -0.8130772744243733, 'y_offset': -0.38107148053305184, 'z_offset': 0.9454723385938192, 'patch_size': 0.0, 'side': 'right', 'stabilize_anchor': False}, {'x_offset': 0.4009223393242949, 'y_offset': 0.2176138885235418, 'z_offset': 0.5550347215892242, 'patch_size': 0.0, 'side': 'right', 'stabilize_anchor': False}]"
8,15,4,0.472860723733902,0.0,"[9, 46, 40, 33]","[{'x_offset': 0.8285085202387759, 'y_offset': 0.48576965454669785, 'z_offset': 0.8674079383436686, 'patch_size': 0.0, 'side': 'right', 'stabilize_anchor': False}, {'x_offset': -0.8130772744243733, 'y_offset': -0.38107148053305184, 'z_offset': 0.9454723385938192, 'patch_size': 0.0, 'side': 'right', 'stabilize_anchor': False}, {'x_offset': 0.4009223393242949, 'y_offset': 0.2176138885235418, 'z_offset': 0.5550347215892242, 'patch_size': 0.0, 'side': 'right', 'stabilize_anchor': False}, {'x_offset': 1.4950954616642393, 'y_offset': 0.7326069516941183, 'z_offset': 1.05306740277323, 'patch_size': 0.0, 'side': 'left', 'stabilize_anchor': False}]"
8,15,5,0.4180239140987396,0.0,"[9, 46, 40, 33, 37]","[{'x_offset': 0.8285085202387759, 'y_offset': 0.48576965454669785, 'z_offset': 0.8674079383436686, 'patch_size': 0.0, 'side': 'right', 'stabilize_anchor': False}, {'x_offset': -0.8130772744243733, 'y_offset': -0.38107148053305184, 'z_offset': 0.9454723385938192, 'patch_size': 0.0, 'side': 'right', 'stabilize_anchor': False}, {'x_offset': 0.4009223393242949, 'y_offset': 0.2176138885235418, 'z_offset': 0.5550347215892242, 'patch_size': 0.0, 'side': 'right', 'stabilize_anchor': False}, {'x_offset': 1.4950954616642393, 'y_offset': 0.7326069516941183, 'z_offset': 1.05306740277323, 'patch_size': 0.0, 'side': 'left', 'stabilize_anchor': False}, {'x_offset': 0.9627530197273524, 'y_offset': 0.2567543423283303, 'z_offset': 2.027264631356207, 'patch_size': 0.0, 'side': 'left', 'stabilize_anchor': False}]"
8,15,6,0.4093514382839203,0.0,"[9, 46, 40, 33, 37, 2]","[{'x_offset': 0.8285085202387759, 'y_offset': 0.48576965454669785, 'z_offset': 0.8674079383436686, 'patch_size': 0.0, 'side': 'right', 'stabilize_anchor': False}, {'x_offset': -0.8130772744243733, 'y_offset': -0.38107148053305184, 'z_offset': 0.9454723385938192, 'patch_size': 0.0, 'side': 'right', 'stabilize_anchor': False}, {'x_offset': 0.4009223393242949, 'y_offset': 0.2176138885235418, 'z_offset': 0.5550347215892242, 'patch_size': 0.0, 'side': 'right', 'stabilize_anchor': False}, {'x_offset': 1.4950954616642393, 'y_offset': 0.7326069516941183, 'z_offset': 1.05306740277323, 'patch_size': 0.0, 'side': 'left', 'stabilize_anchor': False}, {'x_offset': 0.9627530197273524, 'y_offset': 0.2567543423283303, 'z_offset': 2.027264631356207, 'patch_size': 0.0, 'side': 'left', 'stabilize_anchor': False}, {'x_offset': 1.1945151902353688, 'y_offset': 0.8095649462331707, 'z_offset': 1.5898117299963208, 'patch_size': 0.0, 'side': 'right', 'stabilize_anchor': False}]"
8,15,7,0.3897109627723694,0.0,"[9, 46, 40, 33, 37, 2, 20]","[{'x_offset': 0.8285085202387759, 'y_offset': 0.48576965454669785, 'z_offset': 0.8674079383436686, 'patch_size': 0.0, 'side': 'right', 'stabilize_anchor': False}, {'x_offset': -0.8130772744243733, 'y_offset': -0.38107148053305184, 'z_offset': 0.9454723385938192, 'patch_size': 0.0, 'side': 'right', 'stabilize_anchor': False}, {'x_offset': 0.4009223393242949, 'y_offset': 0.2176138885235418, 'z_offset': 0.5550347215892242, 'patch_size': 0.0, 'side': 'right', 'stabilize_anchor': False}, {'x_offset': 1.4950954616642393, 'y_offset': 0.7326069516941183, 'z_offset': 1.05306740277323, 'patch_size': 0.0, 'side': 'left', 'stabilize_anchor': False}, {'x_offset': 0.9627530197273524, 'y_offset': 0.2567543423283303, 'z_offset': 2.027264631356207, 'patch_size': 0.0, 'side': 'left', 'stabilize_anchor': False}, {'x_offset': 1.1945151902353688, 'y_offset': 0.8095649462331707, 'z_offset': 1.5898117299963208, 'patch_size': 0.0, 'side': 'right', 'stabilize_anchor': False}, {'x_offset': -0.9360788615655843, 'y_offset': 0.8759189284198583, 'z_offset': 1.8395455470381885, 'patch_size': 0.0, 'side': 'left', 'stabilize_anchor': False}]"
8,15,8,0.38410937786102295,0.0,"[9, 46, 40, 33, 37, 2, 20, 28]","[{'x_offset': 0.8285085202387759, 'y_offset': 0.48576965454669785, 'z_offset': 0.8674079383436686, 'patch_size': 0.0, 'side': 'right', 'stabilize_anchor': False}, {'x_offset': -0.8130772744243733, 'y_offset': -0.38107148053305184, 'z_offset': 0.9454723385938192, 'patch_size': 0.0, 'side': 'right', 'stabilize_anchor': False}, {'x_offset': 0.4009223393242949, 'y_offset': 0.2176138885235418, 'z_offset': 0.5550347215892242, 'patch_size': 0.0, 'side': 'right', 'stabilize_anchor': False}, {'x_offset': 1.4950954616642393, 'y_offset': 0.7326069516941183, 'z_offset': 1.05306740277323, 'patch_size': 0.0, 'side': 'left', 'stabilize_anchor': False}, {'x_offset': 0.9627530197273524, 'y_offset': 0.2567543423283303, 'z_offset': 2.027264631356207, 'patch_size': 0.0, 'side': 'left', 'stabilize_anchor': False}, {'x_offset': 1.1945151902353688, 'y_offset': 0.8095649462331707, 'z_offset': 1.5898117299963208, 'patch_size': 0.0, 'side': 'right', 'stabilize_anchor': False}, {'x_offset': -0.9360788615655843, 'y_offset': 0.8759189284198583, 'z_offset': 1.8395455470381885, 'patch_size': 0.0, 'side': 'left', 'stabilize_anchor': False}, {'x_offset': -0.7195885317192898, 'y_offset': 0.25605651827037856, 'z_offset': 1.45473351495608, 'patch_size': 0.0, 'side': 'left', 'stabilize_anchor': False}]"
8,15,9,0.35149243474006653,0.0,"[9, 46, 40, 33, 37, 2, 20, 28, 41]","[{'x_offset': 0.8285085202387759, 'y_offset': 0.48576965454669785, 'z_offset': 0.8674079383436686, 'patch_size': 0.0, 'side': 'right', 'stabilize_anchor': False}, {'x_offset': -0.8130772744243733, 'y_offset': -0.38107148053305184, 'z_offset': 0.9454723385938192, 'patch_size': 0.0, 'side': 'right', 'stabilize_anchor': False}, {'x_offset': 0.4009223393242949, 'y_offset': 0.2176138885235418, 'z_offset': 0.5550347215892242, 'patch_size': 0.0, 'side': 'right', 'stabilize_anchor': False}, {'x_offset': 1.4950954616642393, 'y_offset': 0.7326069516941183, 'z_offset': 1.05306740277323, 'patch_size': 0.0, 'side': 'left', 'stabilize_anchor': False}, {'x_offset': 0.9627530197273524, 'y_offset': 0.2567543423283303, 'z_offset': 2.027264631356207, 'patch_size': 0.0, 'side': 'left', 'stabilize_anchor': False}, {'x_offset': 1.1945151902353688, 'y_offset': 0.8095649462331707, 'z_offset': 1.5898117299963208, 'patch_size': 0.0, 'side': 'right', 'stabilize_anchor': False}, {'x_offset': -0.9360788615655843, 'y_offset': 0.8759189284198583, 'z_offset': 1.8395455470381885, 'patch_size': 0.0, 'side': 'left', 'stabilize_anchor': False}, {'x_offset': -0.7195885317192898, 'y_offset': 0.25605651827037856, 'z_offset': 1.45473351495608, 'patch_size': 0.0, 'side': 'left', 'stabilize_anchor': False}, {'x_offset': 0.2525424839466004, 'y_offset': 0.9236896364895193, 'z_offset': 0.5536106961165298, 'patch_size': 0.0, 'side': 'right', 'stabilize_anchor': False}]"
8,20,1,0.6668538451194763,0.10000000149011612,[25],"[{'x_offset': 2.4493634597747, 'y_offset': 0.8474106080365098, 'z_offset': 0.5357436843988037, 'patch_size': 0.0, 'side': 'left', 'stabilize_anchor': False}]"
8,20,2,0.4768204092979431,0.10000000149011612,"[25, 2]","[{'x_offset': 2.4493634597747, 'y_offset': 0.8474106080365098, 'z_offset': 0.5357436843988037, 'patch_size': 0.0, 'side': 'left', 'stabilize_anchor': False}, {'x_offset': 1.1945151902353688, 'y_offset': 0.8095649462331707, 'z_offset': 1.5898117299963208, 'patch_size': 0.0, 'side': 'right', 'stabilize_anchor': False}]"
8,20,3,0.3648701012134552,0.0,"[25, 2, 9]","[{'x_offset': 2.4493634597747, 'y_offset': 0.8474106080365098, 'z_offset': 0.5357436843988037, 'patch_size': 0.0, 'side': 'left', 'stabilize_anchor': False}, {'x_offset': 1.1945151902353688, 'y_offset': 0.8095649462331707, 'z_offset': 1.5898117299963208, 'patch_size': 0.0, 'side': 'right', 'stabilize_anchor': False}, {'x_offset': 0.8285085202387759, 'y_offset': 0.48576965454669785, 'z_offset': 0.8674079383436686, 'patch_size': 0.0, 'side': 'right', 'stabilize_anchor': False}]"
8,20,4,0.3540748953819275,0.0,"[25, 2, 9, 31]","[{'x_offset': 2.4493634597747, 'y_offset': 0.8474106080365098, 'z_offset': 0.5357436843988037, 'patch_size': 0.0, 'side': 'left', 'stabilize_anchor': False}, {'x_offset': 1.1945151902353688, 'y_offset': 0.8095649462331707, 'z_offset': 1.5898117299963208, 'patch_size': 0.0, 'side': 'right', 'stabilize_anchor': False}, {'x_offset': 0.8285085202387759, 'y_offset': 0.48576965454669785, 'z_offset': 0.8674079383436686, 'patch_size': 0.0, 'side': 'right', 'stabilize_anchor': False}, {'x_offset': -0.35673400255918386, 'y_offset': -0.24894920150777167, 'z_offset': 0.2702723920798846, 'patch_size': 0.0, 'side': 'right', 'stabilize_anchor': False}]"
8,20,5,0.0,0.0,"[25, 2, 9, 31, 1]","[{'x_offset': 2.4493634597747, 'y_offset': 0.8474106080365098, 'z_offset': 0.5357436843988037, 'patch_size': 0.0, 'side': 'left', 'stabilize_anchor': False}, {'x_offset': 1.1945151902353688, 'y_offset': 0.8095649462331707, 'z_offset': 1.5898117299963208, 'patch_size': 0.0, 'side': 'right', 'stabilize_anchor': False}, {'x_offset': 0.8285085202387759, 'y_offset': 0.48576965454669785, 'z_offset': 0.8674079383436686, 'patch_size': 0.0, 'side': 'right', 'stabilize_anchor': False}, {'x_offset': -0.35673400255918386, 'y_offset': -0.24894920150777167, 'z_offset': 0.2702723920798846, 'patch_size': 0.0, 'side': 'right', 'stabilize_anchor': False}, {'x_offset': 0.9182819691498343, 'y_offset': 0.20882601568176518, 'z_offset': 0.9273495841269943, 'patch_size': 0.0, 'side': 'left', 'stabilize_anchor': False}]"
8,25,1,0.7463244795799255,0.0,[0],"[{'x_offset': -0.18417131411362608, 'y_offset': 0.25236815846386684, 'z_offset': 1.387074299928226, 'patch_size': 0.0, 'side': 'left', 'stabilize_anchor': False}]"
8,25,2,0.6232768297195435,0.0,"[0, 9]","[{'x_offset': -0.18417131411362608, 'y_offset': 0.25236815846386684, 'z_offset': 1.387074299928226, 'patch_size': 0.0, 'side': 'left', 'stabilize_anchor': False}, {'x_offset': 0.8285085202387759, 'y_offset': 0.48576965454669785, 'z_offset': 0.8674079383436686, 'patch_size': 0.0, 'side': 'right', 'stabilize_anchor': False}]"
8,25,3,0.5184032917022705,0.0,"[0, 9, 15]","[{'x_offset': -0.18417131411362608, 'y_offset': 0.25236815846386684, 'z_offset': 1.387074299928226, 'patch_size': 0.0, 'side': 'left', 'stabilize_anchor': False}, {'x_offset': 0.8285085202387759, 'y_offset': 0.48576965454669785, 'z_offset': 0.8674079383436686, 'patch_size': 0.0, 'side': 'right', 'stabilize_anchor': False}, {'x_offset': 1.7013193398478972, 'y_offset': 0.9185417611187312, 'z_offset': 0.3930721579897827, 'patch_size': 0.0, 'side': 'right', 'stabilize_anchor': False}]"
8,25,4,0.46458736062049866,0.0,"[0, 9, 15, 20]","[{'x_offset': -0.18417131411362608, 'y_offset': 0.25236815846386684, 'z_offset': 1.387074299928226, 'patch_size': 0.0, 'side': 'left', 'stabilize_anchor': False}, {'x_offset': 0.8285085202387759, 'y_offset': 0.48576965454669785, 'z_offset': 0.8674079383436686, 'patch_size': 0.0, 'side': 'right', 'stabilize_anchor': False}, {'x_offset': 1.7013193398478972, 'y_offset': 0.9185417611187312, 'z_offset': 0.3930721579897827, 'patch_size': 0.0, 'side': 'right', 'stabilize_anchor': False}, {'x_offset': -0.9360788615655843, 'y_offset': 0.8759189284198583, 'z_offset': 1.8395455470381885, 'patch_size': 0.0, 'side': 'left', 'stabilize_anchor': False}]"
8,25,5,0.4547747075557709,0.0,"[0, 9, 15, 20, 45]","[{'x_offset': -0.18417131411362608, 'y_offset': 0.25236815846386684, 'z_offset': 1.387074299928226, 'patch_size': 0.0, 'side': 'left', 'stabilize_anchor': False}, {'x_offset': 0.8285085202387759, 'y_offset': 0.48576965454669785, 'z_offset': 0.8674079383436686, 'patch_size': 0.0, 'side': 'right', 'stabilize_anchor': False}, {'x_offset': 1.7013193398478972, 'y_offset': 0.9185417611187312, 'z_offset': 0.3930721579897827, 'patch_size': 0.0, 'side': 'right', 'stabilize_anchor': False}, {'x_offset': -0.9360788615655843, 'y_offset': 0.8759189284198583, 'z_offset': 1.8395455470381885, 'patch_size': 0.0, 'side': 'left', 'stabilize_anchor': False}, {'x_offset': 0.6391440986092654, 'y_offset': -0.4757471095262781, 'z_offset': 1.931982497146284, 'patch_size': 0.0, 'side': 'left', 'stabilize_anchor': False}]"
8,25,6,0.38128843903541565,0.0,"[0, 9, 15, 20, 45, 47]","[{'x_offset': -0.18417131411362608, 'y_offset': 0.25236815846386684, 'z_offset': 1.387074299928226, 'patch_size': 0.0, 'side': 'left', 'stabilize_anchor': False}, {'x_offset': 0.8285085202387759, 'y_offset': 0.48576965454669785, 'z_offset': 0.8674079383436686, 'patch_size': 0.0, 'side': 'right', 'stabilize_anchor': False}, {'x_offset': 1.7013193398478972, 'y_offset': 0.9185417611187312, 'z_offset': 0.3930721579897827, 'patch_size': 0.0, 'side': 'right', 'stabilize_anchor': False}, {'x_offset': -0.9360788615655843, 'y_offset': 0.8759189284198583, 'z_offset': 1.8395455470381885, 'patch_size': 0.0, 'side': 'left', 'stabilize_anchor': False}, {'x_offset': 0.6391440986092654, 'y_offset': -0.4757471095262781, 'z_offset': 1.931982497146284, 'patch_size': 0.0, 'side': 'left', 'stabilize_anchor': False}, {'x_offset': -0.27581964074433385, 'y_offset': 0.5558279650344324, 'z_offset': 0.7162675998033778, 'patch_size': 0.0, 'side': 'right', 'stabilize_anchor': False}]"
8,30,1,0.4560961425304413,0.0,[7],"[{'x_offset': -0.5938415283835637, 'y_offset': 0.9157854092894981, 'z_offset': 1.1433229736973414, 'patch_size': 0.0, 'side': 'right', 'stabilize_anchor': False}]"
8,30,2,0.3894551396369934,0.0,"[7, 47]","[{'x_offset': -0.5938415283835637, 'y_offset': 0.9157854092894981, 'z_offset': 1.1433229736973414, 'patch_size': 0.0, 'side': 'right', 'stabilize_anchor': False}, {'x_offset': -0.27581964074433385, 'y_offset': 0.5558279650344324, 'z_offset': 0.7162675998033778, 'patch_size': 0.0, 'side': 'right', 'stabilize_anchor': False}]"
8,30,3,0.0,0.0,"[7, 47, 32]","[{'x_offset': -0.5938415283835637, 'y_offset': 0.9157854092894981, 'z_offset': 1.1433229736973414, 'patch_size': 0.0, 'side': 'right', 'stabilize_anchor': False}, {'x_offset': -0.27581964074433385, 'y_offset': 0.5558279650344324, 'z_offset': 0.7162675998033778, 'patch_size': 0.0, 'side': 'right', 'stabilize_anchor': False}, {'x_offset': 0.27914150623136536, 'y_offset': 0.6119308732173752, 'z_offset': 1.0074121292788725, 'patch_size': 0.0, 'side': 'left', 'stabilize_anchor': False}]"
9,5,1,0.7295892238616943,0.10000000149011612,[22],"[{'x_offset': 2.2173680010050267, 'y_offset': 0.4282877466441486, 'z_offset': 1.0217030458803538, 'patch_size': 0.0, 'side': 'left', 'stabilize_anchor': False}]"
9,5,2,0.7053840756416321,0.10000000149011612,"[22, 0]","[{'x_offset': 2.2173680010050267, 'y_offset': 0.4282877466441486, 'z_offset': 1.0217030458803538, 'patch_size': 0.0, 'side': 'left', 'stabilize_anchor': False}, {'x_offset': 1.8765463511841811, 'y_offset': 0.5671570315445729, 'z_offset': 0.793688541371142, 'patch_size': 0.0, 'side': 'right', 'stabilize_anchor': False}]"
9,5,3,0.6872566342353821,0.10000000149011612,"[22, 0, 11]","[{'x_offset': 2.2173680010050267, 'y_offset': 0.4282877466441486, 'z_offset': 1.0217030458803538, 'patch_size': 0.0, 'side': 'left', 'stabilize_anchor': False}, {'x_offset': 1.8765463511841811, 'y_offset': 0.5671570315445729, 'z_offset': 0.793688541371142, 'patch_size': 0.0, 'side': 'right', 'stabilize_anchor': False}, {'x_offset': 0.10980561359001806, 'y_offset': 0.6222917172336639, 'z_offset': 1.1192283682386104, 'patch_size': 0.0, 'side': 'left', 'stabilize_anchor': False}]"
9,5,4,0.6752147674560547,0.10000000149011612,"[22, 0, 11, 24]","[{'x_offset': 2.2173680010050267, 'y_offset': 0.4282877466441486, 'z_offset': 1.0217030458803538, 'patch_size': 0.0, 'side': 'left', 'stabilize_anchor': False}, {'x_offset': 1.8765463511841811, 'y_offset': 0.5671570315445729, 'z_offset': 0.793688541371142, 'patch_size': 0.0, 'side': 'right', 'stabilize_anchor': False}, {'x_offset': 0.10980561359001806, 'y_offset': 0.6222917172336639, 'z_offset': 1.1192283682386104, 'patch_size': 0.0, 'side': 'left', 'stabilize_anchor': False}, {'x_offset': -0.7015645107985321, 'y_offset': 0.30386096548543895, 'z_offset': 1.6051636770214779, 'patch_size': 0.0, 'side': 'left', 'stabilize_anchor': False}]"
9,5,5,0.6594972610473633,0.10000000149011612,"[22, 0, 11, 24, 39]","[{'x_offset': 2.2173680010050267, 'y_offset': 0.4282877466441486, 'z_offset': 1.0217030458803538, 'patch_size': 0.0, 'side': 'left', 'stabilize_anchor': False}, {'x_offset': 1.8765463511841811, 'y_offset': 0.5671570315445729, 'z_offset': 0.793688541371142, 'patch_size': 0.0, 'side': 'right', 'stabilize_anchor': False}, {'x_offset': 0.10980561359001806, 'y_offset': 0.6222917172336639, 'z_offset': 1.1192283682386104, 'patch_size': 0.0, 'side': 'left', 'stabilize_anchor': False}, {'x_offset': -0.7015645107985321, 'y_offset': 0.30386096548543895, 'z_offset': 1.6051636770214779, 'patch_size': 0.0, 'side': 'left', 'stabilize_anchor': False}, {'x_offset': -0.8077192446171285, 'y_offset': 0.15815991680371388, 'z_offset': 0.4600294022568311, 'patch_size': 0.0, 'side': 'right', 'stabilize_anchor': False}]"
9,5,6,0.6455717086791992,0.10000000149011612,"[22, 0, 11, 24, 39, 21]","[{'x_offset': 2.2173680010050267, 'y_offset': 0.4282877466441486, 'z_offset': 1.0217030458803538, 'patch_size': 0.0, 'side': 'left', 'stabilize_anchor': False}, {'x_offset': 1.8765463511841811, 'y_offset': 0.5671570315445729, 'z_offset': 0.793688541371142, 'patch_size': 0.0, 'side': 'right', 'stabilize_anchor': False}, {'x_offset': 0.10980561359001806, 'y_offset': 0.6222917172336639, 'z_offset': 1.1192283682386104, 'patch_size': 0.0, 'side': 'left', 'stabilize_anchor': False}, {'x_offset': -0.7015645107985321, 'y_offset': 0.30386096548543895, 'z_offset': 1.6051636770214779, 'patch_size': 0.0, 'side': 'left', 'stabilize_anchor': False}, {'x_offset': -0.8077192446171285, 'y_offset': 0.15815991680371388, 'z_offset': 0.4600294022568311, 'patch_size': 0.0, 'side': 'right', 'stabilize_anchor': False}, {'x_offset': 2.6247476500085236, 'y_offset': 0.9530774621792575, 'z_offset': 2.2268352140758556, 'patch_size': 0.0, 'side': 'right', 'stabilize_anchor': False}]"
9,10,1,0.7290818691253662,0.10000000149011612,[26],"[{'x_offset': 3.2915417108757516, 'y_offset': -0.5284110415663602, 'z_offset': 1.4519596282738927, 'patch_size': 0.0, 'side': 'left', 'stabilize_anchor': False}]"
9,10,2,0.7037436366081238,0.10000000149011612,"[26, 43]","[{'x_offset': 3.2915417108757516, 'y_offset': -0.5284110415663602, 'z_offset': 1.4519596282738927, 'patch_size': 0.0, 'side': 'left', 'stabilize_anchor': False}, {'x_offset': 3.285432845496656, 'y_offset': -0.5367119830201368, 'z_offset': 2.273940722141937, 'patch_size': 0.0, 'side': 'left', 'stabilize_anchor': False}]"
9,10,3,0.6818143129348755,0.10000000149011612,"[26, 43, 30]","[{'x_offset': 3.2915417108757516, 'y_offset': -0.5284110415663602, 'z_offset': 1.4519596282738927, 'patch_size': 0.0, 'side': 'left', 'stabilize_anchor': False}, {'x_offset': 3.285432845496656, 'y_offset': -0.5367119830201368, 'z_offset': 2.273940722141937, 'patch_size': 0.0, 'side': 'left', 'stabilize_anchor': False}, {'x_offset': 1.749662858512893, 'y_offset': 0.7619111955937141, 'z_offset': 0.16983005293729514, 'patch_size': 0.0, 'side': 'right', 'stabilize_anchor': False}]"
9,10,4,0.6758533120155334,0.10000000149011612,"[26, 43, 30, 16]","[{'x_offset': 3.2915417108757516, 'y_offset': -0.5284110415663602, 'z_offset': 1.4519596282738927, 'patch_size': 0.0, 'side': 'left', 'stabilize_anchor': False}, {'x_offset': 3.285432845496656, 'y_offset': -0.5367119830201368, 'z_offset': 2.273940722141937, 'patch_size': 0.0, 'side': 'left', 'stabilize_anchor': False}, {'x_offset': 1.749662858512893, 'y_offset': 0.7619111955937141, 'z_offset': 0.16983005293729514, 'patch_size': 0.0, 'side': 'right', 'stabilize_anchor': False}, {'x_offset': 0.01643263863173061, 'y_offset': 0.10972906994691034, 'z_offset': 1.6988922759154466, 'patch_size': 0.0, 'side': 'right', 'stabilize_anchor': False}]"
9,10,5,0.6625033617019653,0.0,"[26, 43, 30, 16, 36]","[{'x_offset': 3.2915417108757516, 'y_offset': -0.5284110415663602, 'z_offset': 1.4519596282738927, 'patch_size': 0.0, 'side': 'left', 'stabilize_anchor': False}, {'x_offset': 3.285432845496656, 'y_offset': -0.5367119830201368, 'z_offset': 2.273940722141937, 'patch_size': 0.0, 'side': 'left', 'stabilize_anchor': False}, {'x_offset': 1.749662858512893, 'y_offset': 0.7619111955937141, 'z_offset': 0.16983005293729514, 'patch_size': 0.0, 'side': 'right', 'stabilize_anchor': False}, {'x_offset': 0.01643263863173061, 'y_offset': 0.10972906994691034, 'z_offset': 1.6988922759154466, 'patch_size': 0.0, 'side': 'right', 'stabilize_anchor': False}, {'x_offset': 0.8861674563858566, 'y_offset': 0.31562215608534605, 'z_offset': 1.172861670852504, 'patch_size': 0.0, 'side': 'left', 'stabilize_anchor': False}]"
9,15,1,0.6204521656036377,0.10000000149011612,[43],"[{'x_offset': 3.285432845496656, 'y_offset': -0.5367119830201368, 'z_offset': 2.273940722141937, 'patch_size': 0.0, 'side': 'left', 'stabilize_anchor': False}]"
9,15,2,0.604104220867157,0.0,"[43, 20]","[{'x_offset': 3.285432845496656, 'y_offset': -0.5367119830201368, 'z_offset': 2.273940722141937, 'patch_size': 0.0, 'side': 'left', 'stabilize_anchor': False}, {'x_offset': 0.7875128696098082, 'y_offset': 0.4975064053761642, 'z_offset': 1.3547642012374397, 'patch_size': 0.0, 'side': 'right', 'stabilize_anchor': False}]"
9,15,3,0.5837507247924805,0.0,"[43, 20, 18]","[{'x_offset': 3.285432845496656, 'y_offset': -0.5367119830201368, 'z_offset': 2.273940722141937, 'patch_size': 0.0, 'side': 'left', 'stabilize_anchor': False}, {'x_offset': 0.7875128696098082, 'y_offset': 0.4975064053761642, 'z_offset': 1.3547642012374397, 'patch_size': 0.0, 'side': 'right', 'stabilize_anchor': False}, {'x_offset': -0.3836868482540564, 'y_offset': -0.3068342314770525, 'z_offset': 1.2973863147935498, 'patch_size': 0.0, 'side': 'left', 'stabilize_anchor': False}]"
9,15,4,0.5552805662155151,0.0,"[43, 20, 18, 34]","[{'x_offset': 3.285432845496656, 'y_offset': -0.5367119830201368, 'z_offset': 2.273940722141937, 'patch_size': 0.0, 'side': 'left', 'stabilize_anchor': False}, {'x_offset': 0.7875128696098082, 'y_offset': 0.4975064053761642, 'z_offset': 1.3547642012374397, 'patch_size': 0.0, 'side': 'right', 'stabilize_anchor': False}, {'x_offset': -0.3836868482540564, 'y_offset': -0.3068342314770525, 'z_offset': 1.2973863147935498, 'patch_size': 0.0, 'side': 'left', 'stabilize_anchor': False}, {'x_offset': -0.10300914962453189, 'y_offset': 0.0752710584944225, 'z_offset': 1.709293062276685, 'patch_size': 0.0, 'side': 'left', 'stabilize_anchor': False}]"
9,15,5,0.5221608281135559,0.0,"[43, 20, 18, 34, 49]","[{'x_offset': 3.285432845496656, 'y_offset': -0.5367119830201368, 'z_offset': 2.273940722141937, 'patch_size': 0.0, 'side': 'left', 'stabilize_anchor': False}, {'x_offset': 0.7875128696098082, 'y_offset': 0.4975064053761642, 'z_offset': 1.3547642012374397, 'patch_size': 0.0, 'side': 'right', 'stabilize_anchor': False}, {'x_offset': -0.3836868482540564, 'y_offset': -0.3068342314770525, 'z_offset': 1.2973863147935498, 'patch_size': 0.0, 'side': 'left', 'stabilize_anchor': False}, {'x_offset': -0.10300914962453189, 'y_offset': 0.0752710584944225, 'z_offset': 1.709293062276685, 'patch_size': 0.0, 'side': 'left', 'stabilize_anchor': False}, {'x_offset': 1.0210998286286257, 'y_offset': 0.6024848942785967, 'z_offset': 1.4143640212849018, 'patch_size': 0.0, 'side': 'left', 'stabilize_anchor': False}]"
9,15,6,0.5161368250846863,0.0,"[43, 20, 18, 34, 49, 2]","[{'x_offset': 3.285432845496656, 'y_offset': -0.5367119830201368, 'z_offset': 2.273940722141937, 'patch_size': 0.0, 'side': 'left', 'stabilize_anchor': False}, {'x_offset': 0.7875128696098082, 'y_offset': 0.4975064053761642, 'z_offset': 1.3547642012374397, 'patch_size': 0.0, 'side': 'right', 'stabilize_anchor': False}, {'x_offset': -0.3836868482540564, 'y_offset': -0.3068342314770525, 'z_offset': 1.2973863147935498, 'patch_size': 0.0, 'side': 'left', 'stabilize_anchor': False}, {'x_offset': -0.10300914962453189, 'y_offset': 0.0752710584944225, 'z_offset': 1.709293062276685, 'patch_size': 0.0, 'side': 'left', 'stabilize_anchor': False}, {'x_offset': 1.0210998286286257, 'y_offset': 0.6024848942785967, 'z_offset': 1.4143640212849018, 'patch_size': 0.0, 'side': 'left', 'stabilize_anchor': False}, {'x_offset': 1.2619130889991688, 'y_offset': 0.4378804858208385, 'z_offset': 2.289701428404528, 'patch_size': 0.0, 'side': 'left', 'stabilize_anchor': False}]"
9,20,1,0.6521689295768738,0.10000000149011612,[26],"[{'x_offset': 3.2915417108757516, 'y_offset': -0.5284110415663602, 'z_offset': 1.4519596282738927, 'patch_size': 0.0, 'side': 'left', 'stabilize_anchor': False}]"
9,20,2,0.5753008723258972,0.0,"[26, 20]","[{'x_offset': 3.2915417108757516, 'y_offset': -0.5284110415663602, 'z_offset': 1.4519596282738927, 'patch_size': 0.0, 'side': 'left', 'stabilize_anchor': False}, {'x_offset': 0.7875128696098082, 'y_offset': 0.4975064053761642, 'z_offset': 1.3547642012374397, 'patch_size': 0.0, 'side': 'right', 'stabilize_anchor': False}]"
9,20,3,0.41659364104270935,0.0,"[26, 20, 43]","[{'x_offset': 3.2915417108757516, 'y_offset': -0.5284110415663602, 'z_offset': 1.4519596282738927, 'patch_size': 0.0, 'side': 'left', 'stabilize_anchor': False}, {'x_offset': 0.7875128696098082, 'y_offset': 0.4975064053761642, 'z_offset': 1.3547642012374397, 'patch_size': 0.0, 'side': 'right', 'stabilize_anchor': False}, {'x_offset': 3.285432845496656, 'y_offset': -0.5367119830201368, 'z_offset': 2.273940722141937, 'patch_size': 0.0, 'side': 'left', 'stabilize_anchor': False}]"
9,20,4,0.39126452803611755,0.0,"[26, 20, 43, 49]","[{'x_offset': 3.2915417108757516, 'y_offset': -0.5284110415663602, 'z_offset': 1.4519596282738927, 'patch_size': 0.0, 'side': 'left', 'stabilize_anchor': False}, {'x_offset': 0.7875128696098082, 'y_offset': 0.4975064053761642, 'z_offset': 1.3547642012374397, 'patch_size': 0.0, 'side': 'right', 'stabilize_anchor': False}, {'x_offset': 3.285432845496656, 'y_offset': -0.5367119830201368, 'z_offset': 2.273940722141937, 'patch_size': 0.0, 'side': 'left', 'stabilize_anchor': False}, {'x_offset': 1.0210998286286257, 'y_offset': 0.6024848942785967, 'z_offset': 1.4143640212849018, 'patch_size': 0.0, 'side': 'left', 'stabilize_anchor': False}]"
9,20,5,0.0,0.0,"[26, 20, 43, 49, 17]","[{'x_offset': 3.2915417108757516, 'y_offset': -0.5284110415663602, 'z_offset': 1.4519596282738927, 'patch_size': 0.0, 'side': 'left', 'stabilize_anchor': False}, {'x_offset': 0.7875128696098082, 'y_offset': 0.4975064053761642, 'z_offset': 1.3547642012374397, 'patch_size': 0.0, 'side': 'right', 'stabilize_anchor': False}, {'x_offset': 3.285432845496656, 'y_offset': -0.5367119830201368, 'z_offset': 2.273940722141937, 'patch_size': 0.0, 'side': 'left', 'stabilize_anchor': False}, {'x_offset': 1.0210998286286257, 'y_offset': 0.6024848942785967, 'z_offset': 1.4143640212849018, 'patch_size': 0.0, 'side': 'left', 'stabilize_anchor': False}, {'x_offset': 1.540075710577256, 'y_offset': 0.988498454433409, 'z_offset': 0.5497490613217135, 'patch_size': 0.0, 'side': 'right', 'stabilize_anchor': False}]"
9,25,1,0.7230720520019531,0.10000000149011612,[26],"[{'x_offset': 3.2915417108757516, 'y_offset': -0.5284110415663602, 'z_offset': 1.4519596282738927, 'patch_size': 0.0, 'side': 'left', 'stabilize_anchor': False}]"
9,25,2,0.7056143283843994,0.10000000149011612,"[26, 23]","[{'x_offset': 3.2915417108757516, 'y_offset': -0.5284110415663602, 'z_offset': 1.4519596282738927, 'patch_size': 0.0, 'side': 'left', 'stabilize_anchor': False}, {'x_offset': -0.1022951668947949, 'y_offset': 0.9391722903624082, 'z_offset': 0.7817806479044922, 'patch_size': 0.0, 'side': 'right', 'stabilize_anchor': False}]"
9,25,3,0.6851667761802673,0.10000000149011612,"[26, 23, 25]","[{'x_offset': 3.2915417108757516, 'y_offset': -0.5284110415663602, 'z_offset': 1.4519596282738927, 'patch_size': 0.0, 'side': 'left', 'stabilize_anchor': False}, {'x_offset': -0.1022951668947949, 'y_offset': 0.9391722903624082, 'z_offset': 0.7817806479044922, 'patch_size': 0.0, 'side': 'right', 'stabilize_anchor': False}, {'x_offset': 2.2149050006707105, 'y_offset': 0.30225189392099305, 'z_offset': 1.2187190710413751, 'patch_size': 0.0, 'side': 'right', 'stabilize_anchor': False}]"
9,25,4,0.6788986921310425,0.10000000149011612,"[26, 23, 25, 30]","[{'x_offset': 3.2915417108757516, 'y_offset': -0.5284110415663602, 'z_offset': 1.4519596282738927, 'patch_size': 0.0, 'side': 'left', 'stabilize_anchor': False}, {'x_offset': -0.1022951668947949, 'y_offset': 0.9391722903624082, 'z_offset': 0.7817806479044922, 'patch_size': 0.0, 'side': 'right', 'stabilize_anchor': False}, {'x_offset': 2.2149050006707105, 'y_offset': 0.30225189392099305, 'z_offset': 1.2187190710413751, 'patch_size': 0.0, 'side': 'right', 'stabilize_anchor': False}, {'x_offset': 1.749662858512893, 'y_offset': 0.7619111955937141, 'z_offset': 0.16983005293729514, 'patch_size': 0.0, 'side': 'right', 'stabilize_anchor': False}]"
9,25,5,0.6479775905609131,0.10000000149011612,"[26, 23, 25, 30, 17]","[{'x_offset': 3.2915417108757516, 'y_offset': -0.5284110415663602, 'z_offset': 1.4519596282738927, 'patch_size': 0.0, 'side': 'left', 'stabilize_anchor': False}, {'x_offset': -0.1022951668947949, 'y_offset': 0.9391722903624082, 'z_offset': 0.7817806479044922, 'patch_size': 0.0, 'side': 'right', 'stabilize_anchor': False}, {'x_offset': 2.2149050006707105, 'y_offset': 0.30225189392099305, 'z_offset': 1.2187190710413751, 'patch_size': 0.0, 'side': 'right', 'stabilize_anchor': False}, {'x_offset': 1.749662858512893, 'y_offset': 0.7619111955937141, 'z_offset': 0.16983005293729514, 'patch_size': 0.0, 'side': 'right', 'stabilize_anchor': False}, {'x_offset': 1.540075710577256, 'y_offset': 0.988498454433409, 'z_offset': 0.5497490613217135, 'patch_size': 0.0, 'side': 'right', 'stabilize_anchor': False}]"
9,25,6,0.6349548101425171,0.10000000149011612,"[26, 23, 25, 30, 17, 44]","[{'x_offset': 3.2915417108757516, 'y_offset': -0.5284110415663602, 'z_offset': 1.4519596282738927, 'patch_size': 0.0, 'side': 'left', 'stabilize_anchor': False}, {'x_offset': -0.1022951668947949, 'y_offset': 0.9391722903624082, 'z_offset': 0.7817806479044922, 'patch_size': 0.0, 'side': 'right', 'stabilize_anchor': False}, {'x_offset': 2.2149050006707105, 'y_offset': 0.30225189392099305, 'z_offset': 1.2187190710413751, 'patch_size': 0.0, 'side': 'right', 'stabilize_anchor': False}, {'x_offset': 1.749662858512893, 'y_offset': 0.7619111955937141, 'z_offset': 0.16983005293729514, 'patch_size': 0.0, 'side': 'right', 'stabilize_anchor': False}, {'x_offset': 1.540075710577256, 'y_offset': 0.988498454433409, 'z_offset': 0.5497490613217135, 'patch_size': 0.0, 'side': 'right', 'stabilize_anchor': False}, {'x_offset': 3.2641639773922178, 'y_offset': 0.8852961324510451, 'z_offset': 2.1898392332879753, 'patch_size': 0.0, 'side': 'left', 'stabilize_anchor': False}]"
9,25,7,0.5953994393348694,0.10000000149011612,"[26, 23, 25, 30, 17, 44, 37]","[{'x_offset': 3.2915417108757516, 'y_offset': -0.5284110415663602, 'z_offset': 1.4519596282738927, 'patch_size': 0.0, 'side': 'left', 'stabilize_anchor': False}, {'x_offset': -0.1022951668947949, 'y_offset': 0.9391722903624082, 'z_offset': 0.7817806479044922, 'patch_size': 0.0, 'side': 'right', 'stabilize_anchor': False}, {'x_offset': 2.2149050006707105, 'y_offset': 0.30225189392099305, 'z_offset': 1.2187190710413751, 'patch_size': 0.0, 'side': 'right', 'stabilize_anchor': False}, {'x_offset': 1.749662858512893, 'y_offset': 0.7619111955937141, 'z_offset': 0.16983005293729514, 'patch_size': 0.0, 'side': 'right', 'stabilize_anchor': False}, {'x_offset': 1.540075710577256, 'y_offset': 0.988498454433409, 'z_offset': 0.5497490613217135, 'patch_size': 0.0, 'side': 'right', 'stabilize_anchor': False}, {'x_offset': 3.2641639773922178, 'y_offset': 0.8852961324510451, 'z_offset': 2.1898392332879753, 'patch_size': 0.0, 'side': 'left', 'stabilize_anchor': False}, {'x_offset': -0.5111323738606796, 'y_offset': -0.19481286560162503, 'z_offset': 1.7547676632601883, 'patch_size': 0.0, 'side': 'right', 'stabilize_anchor': False}]"
9,25,8,0.5178912878036499,0.10000000149011612,"[26, 23, 25, 30, 17, 44, 37, 19]","[{'x_offset': 3.2915417108757516, 'y_offset': -0.5284110415663602, 'z_offset': 1.4519596282738927, 'patch_size': 0.0, 'side': 'left', 'stabilize_anchor': False}, {'x_offset': -0.1022951668947949, 'y_offset': 0.9391722903624082, 'z_offset': 0.7817806479044922, 'patch_size': 0.0, 'side': 'right', 'stabilize_anchor': False}, {'x_offset': 2.2149050006707105, 'y_offset': 0.30225189392099305, 'z_offset': 1.2187190710413751, 'patch_size': 0.0, 'side': 'right', 'stabilize_anchor': False}, {'x_offset': 1.749662858512893, 'y_offset': 0.7619111955937141, 'z_offset': 0.16983005293729514, 'patch_size': 0.0, 'side': 'right', 'stabilize_anchor': False}, {'x_offset': 1.540075710577256, 'y_offset': 0.988498454433409, 'z_offset': 0.5497490613217135, 'patch_size': 0.0, 'side': 'right', 'stabilize_anchor': False}, {'x_offset': 3.2641639773922178, 'y_offset': 0.8852961324510451, 'z_offset': 2.1898392332879753, 'patch_size': 0.0, 'side': 'left', 'stabilize_anchor': False}, {'x_offset': -0.5111323738606796, 'y_offset': -0.19481286560162503, 'z_offset': 1.7547676632601883, 'patch_size': 0.0, 'side': 'right', 'stabilize_anchor': False}, {'x_offset': 1.8157308034541928, 'y_offset': 0.6864465883586821, 'z_offset': 0.2456972153909189, 'patch_size': 0.0, 'side': 'right', 'stabilize_anchor': False}]"
9,25,9,0.4794290363788605,0.10000000149011612,"[26, 23, 25, 30, 17, 44, 37, 19, 40]","[{'x_offset': 3.2915417108757516, 'y_offset': -0.5284110415663602, 'z_offset': 1.4519596282738927, 'patch_size': 0.0, 'side': 'left', 'stabilize_anchor': False}, {'x_offset': -0.1022951668947949, 'y_offset': 0.9391722903624082, 'z_offset': 0.7817806479044922, 'patch_size': 0.0, 'side': 'right', 'stabilize_anchor': False}, {'x_offset': 2.2149050006707105, 'y_offset': 0.30225189392099305, 'z_offset': 1.2187190710413751, 'patch_size': 0.0, 'side': 'right', 'stabilize_anchor': False}, {'x_offset': 1.749662858512893, 'y_offset': 0.7619111955937141, 'z_offset': 0.16983005293729514, 'patch_size': 0.0, 'side': 'right', 'stabilize_anchor': False}, {'x_offset': 1.540075710577256, 'y_offset': 0.988498454433409, 'z_offset': 0.5497490613217135, 'patch_size': 0.0, 'side': 'right', 'stabilize_anchor': False}, {'x_offset': 3.2641639773922178, 'y_offset': 0.8852961324510451, 'z_offset': 2.1898392332879753, 'patch_size': 0.0, 'side': 'left', 'stabilize_anchor': False}, {'x_offset': -0.5111323738606796, 'y_offset': -0.19481286560162503, 'z_offset': 1.7547676632601883, 'patch_size': 0.0, 'side': 'right', 'stabilize_anchor': False}, {'x_offset': 1.8157308034541928, 'y_offset': 0.6864465883586821, 'z_offset': 0.2456972153909189, 'patch_size': 0.0, 'side': 'right', 'stabilize_anchor': False}, {'x_offset': 0.5406398248116027, 'y_offset': 0.93197892403454, 'z_offset': 0.679364980307366, 'patch_size': 0.0, 'side': 'left', 'stabilize_anchor': False}]"
9,25,10,0.358431875705719,0.10000000149011612,"[26, 23, 25, 30, 17, 44, 37, 19, 40, 36]","[{'x_offset': 3.2915417108757516, 'y_offset': -0.5284110415663602, 'z_offset': 1.4519596282738927, 'patch_size': 0.0, 'side': 'left', 'stabilize_anchor': False}, {'x_offset': -0.1022951668947949, 'y_offset': 0.9391722903624082, 'z_offset': 0.7817806479044922, 'patch_size': 0.0, 'side': 'right', 'stabilize_anchor': False}, {'x_offset': 2.2149050006707105, 'y_offset': 0.30225189392099305, 'z_offset': 1.2187190710413751, 'patch_size': 0.0, 'side': 'right', 'stabilize_anchor': False}, {'x_offset': 1.749662858512893, 'y_offset': 0.7619111955937141, 'z_offset': 0.16983005293729514, 'patch_size': 0.0, 'side': 'right', 'stabilize_anchor': False}, {'x_offset': 1.540075710577256, 'y_offset': 0.988498454433409, 'z_offset': 0.5497490613217135, 'patch_size': 0.0, 'side': 'right', 'stabilize_anchor': False}, {'x_offset': 3.2641639773922178, 'y_offset': 0.8852961324510451, 'z_offset': 2.1898392332879753, 'patch_size': 0.0, 'side': 'left', 'stabilize_anchor': False}, {'x_offset': -0.5111323738606796, 'y_offset': -0.19481286560162503, 'z_offset': 1.7547676632601883, 'patch_size': 0.0, 'side': 'right', 'stabilize_anchor': False}, {'x_offset': 1.8157308034541928, 'y_offset': 0.6864465883586821, 'z_offset': 0.2456972153909189, 'patch_size': 0.0, 'side': 'right', 'stabilize_anchor': False}, {'x_offset': 0.5406398248116027, 'y_offset': 0.93197892403454, 'z_offset': 0.679364980307366, 'patch_size': 0.0, 'side': 'left', 'stabilize_anchor': False}, {'x_offset': 0.8861674563858566, 'y_offset': 0.31562215608534605, 'z_offset': 1.172861670852504, 'patch_size': 0.0, 'side': 'left', 'stabilize_anchor': False}]"
9,25,11,0.3519996106624603,0.0,"[26, 23, 25, 30, 17, 44, 37, 19, 40, 36, 29]","[{'x_offset': 3.2915417108757516, 'y_offset': -0.5284110415663602, 'z_offset': 1.4519596282738927, 'patch_size': 0.0, 'side': 'left', 'stabilize_anchor': False}, {'x_offset': -0.1022951668947949, 'y_offset': 0.9391722903624082, 'z_offset': 0.7817806479044922, 'patch_size': 0.0, 'side': 'right', 'stabilize_anchor': False}, {'x_offset': 2.2149050006707105, 'y_offset': 0.30225189392099305, 'z_offset': 1.2187190710413751, 'patch_size': 0.0, 'side': 'right', 'stabilize_anchor': False}, {'x_offset': 1.749662858512893, 'y_offset': 0.7619111955937141, 'z_offset': 0.16983005293729514, 'patch_size': 0.0, 'side': 'right', 'stabilize_anchor': False}, {'x_offset': 1.540075710577256, 'y_offset': 0.988498454433409, 'z_offset': 0.5497490613217135, 'patch_size': 0.0, 'side': 'right', 'stabilize_anchor': False}, {'x_offset': 3.2641639773922178, 'y_offset': 0.8852961324510451, 'z_offset': 2.1898392332879753, 'patch_size': 0.0, 'side': 'left', 'stabilize_anchor': False}, {'x_offset': -0.5111323738606796, 'y_offset': -0.19481286560162503, 'z_offset': 1.7547676632601883, 'patch_size': 0.0, 'side': 'right', 'stabilize_anchor': False}, {'x_offset': 1.8157308034541928, 'y_offset': 0.6864465883586821, 'z_offset': 0.2456972153909189, 'patch_size': 0.0, 'side': 'right', 'stabilize_anchor': False}, {'x_offset': 0.5406398248116027, 'y_offset': 0.93197892403454, 'z_offset': 0.679364980307366, 'patch_size': 0.0, 'side': 'left', 'stabilize_anchor': False}, {'x_offset': 0.8861674563858566, 'y_offset': 0.31562215608534605, 'z_offset': 1.172861670852504, 'patch_size': 0.0, 'side': 'left', 'stabilize_anchor': False}, {'x_offset': 2.878205274342526, 'y_offset': 0.5829750834495298, 'z_offset': 0.7672409131157997, 'patch_size': 0.0, 'side': 'left', 'stabilize_anchor': False}]"
9,30,1,0.6275638937950134,0.0,[14],"[{'x_offset': 2.773942649089353, 'y_offset': 0.5214787576169435, 'z_offset': 1.4180087269712323, 'patch_size': 0.0, 'side': 'right', 'stabilize_anchor': False}]"
9,30,2,0.5814352631568909,0.0,"[14, 49]","[{'x_offset': 2.773942649089353, 'y_offset': 0.5214787576169435, 'z_offset': 1.4180087269712323, 'patch_size': 0.0, 'side': 'right', 'stabilize_anchor': False}, {'x_offset': 1.0210998286286257, 'y_offset': 0.6024848942785967, 'z_offset': 1.4143640212849018, 'patch_size': 0.0, 'side': 'left', 'stabilize_anchor': False}]"
9,30,3,0.4874437153339386,0.0,"[14, 49, 18]","[{'x_offset': 2.773942649089353, 'y_offset': 0.5214787576169435, 'z_offset': 1.4180087269712323, 'patch_size': 0.0, 'side': 'right', 'stabilize_anchor': False}, {'x_offset': 1.0210998286286257, 'y_offset': 0.6024848942785967, 'z_offset': 1.4143640212849018, 'patch_size': 0.0, 'side': 'left', 'stabilize_anchor': False}, {'x_offset': -0.3836868482540564, 'y_offset': -0.3068342314770525, 'z_offset': 1.2973863147935498, 'patch_size': 0.0, 'side': 'left', 'stabilize_anchor': False}]"
9,30,4,0.4714084565639496,0.0,"[14, 49, 18, 48]","[{'x_offset': 2.773942649089353, 'y_offset': 0.5214787576169435, 'z_offset': 1.4180087269712323, 'patch_size': 0.0, 'side': 'right', 'stabilize_anchor': False}, {'x_offset': 1.0210998286286257, 'y_offset': 0.6024848942785967, 'z_offset': 1.4143640212849018, 'patch_size': 0.0, 'side': 'left', 'stabilize_anchor': False}, {'x_offset': -0.3836868482540564, 'y_offset': -0.3068342314770525, 'z_offset': 1.2973863147935498, 'patch_size': 0.0, 'side': 'left', 'stabilize_anchor': False}, {'x_offset': -0.5560130539846821, 'y_offset': 0.6904427042068535, 'z_offset': 1.1760416033110375, 'patch_size': 0.0, 'side': 'left', 'stabilize_anchor': False}]"
9,30,5,0.4196096956729889,0.0,"[14, 49, 18, 48, 28]","[{'x_offset': 2.773942649089353, 'y_offset': 0.5214787576169435, 'z_offset': 1.4180087269712323, 'patch_size': 0.0, 'side': 'right', 'stabilize_anchor': False}, {'x_offset': 1.0210998286286257, 'y_offset': 0.6024848942785967, 'z_offset': 1.4143640212849018, 'patch_size': 0.0, 'side': 'left', 'stabilize_anchor': False}, {'x_offset': -0.3836868482540564, 'y_offset': -0.3068342314770525, 'z_offset': 1.2973863147935498, 'patch_size': 0.0, 'side': 'left', 'stabilize_anchor': False}, {'x_offset': -0.5560130539846821, 'y_offset': 0.6904427042068535, 'z_offset': 1.1760416033110375, 'patch_size': 0.0, 'side': 'left', 'stabilize_anchor': False}, {'x_offset': -0.8509293078923404, 'y_offset': 0.8971476820224062, 'z_offset': 0.9315210127888579, 'patch_size': 0.0, 'side': 'left', 'stabilize_anchor': False}]"
9,30,6,0.3836093544960022,0.0,"[14, 49, 18, 48, 28, 17]","[{'x_offset': 2.773942649089353, 'y_offset': 0.5214787576169435, 'z_offset': 1.4180087269712323, 'patch_size': 0.0, 'side': 'right', 'stabilize_anchor': False}, {'x_offset': 1.0210998286286257, 'y_offset': 0.6024848942785967, 'z_offset': 1.4143640212849018, 'patch_size': 0.0, 'side': 'left', 'stabilize_anchor': False}, {'x_offset': -0.3836868482540564, 'y_offset': -0.3068342314770525, 'z_offset': 1.2973863147935498, 'patch_size': 0.0, 'side': 'left', 'stabilize_anchor': False}, {'x_offset': -0.5560130539846821, 'y_offset': 0.6904427042068535, 'z_offset': 1.1760416033110375, 'patch_size': 0.0, 'side': 'left', 'stabilize_anchor': False}, {'x_offset': -0.8509293078923404, 'y_offset': 0.8971476820224062, 'z_offset': 0.9315210127888579, 'patch_size': 0.0, 'side': 'left', 'stabilize_anchor': False}, {'x_offset': 1.540075710577256, 'y_offset': 0.988498454433409, 'z_offset': 0.5497490613217135, 'patch_size': 0.0, 'side': 'right', 'stabilize_anchor': False}]"
9,30,7,0.37089434266090393,0.0,"[14, 49, 18, 48, 28, 17, 35]","[{'x_offset': 2.773942649089353, 'y_offset': 0.5214787576169435, 'z_offset': 1.4180087269712323, 'patch_size': 0.0, 'side': 'right', 'stabilize_anchor': False}, {'x_offset': 1.0210998286286257, 'y_offset': 0.6024848942785967, 'z_offset': 1.4143640212849018, 'patch_size': 0.0, 'side': 'left', 'stabilize_anchor': False}, {'x_offset': -0.3836868482540564, 'y_offset': -0.3068342314770525, 'z_offset': 1.2973863147935498, 'patch_size': 0.0, 'side': 'left', 'stabilize_anchor': False}, {'x_offset': -0.5560130539846821, 'y_offset': 0.6904427042068535, 'z_offset': 1.1760416033110375, 'patch_size': 0.0, 'side': 'left', 'stabilize_anchor': False}, {'x_offset': -0.8509293078923404, 'y_offset': 0.8971476820224062, 'z_offset': 0.9315210127888579, 'patch_size': 0.0, 'side': 'left', 'stabilize_anchor': False}, {'x_offset': 1.540075710577256, 'y_offset': 0.988498454433409, 'z_offset': 0.5497490613217135, 'patch_size': 0.0, 'side': 'right', 'stabilize_anchor': False}, {'x_offset': -0.9950460329627616, 'y_offset': 0.05212360210695832, 'z_offset': 1.1110134071392737, 'patch_size': 0.0, 'side': 'right', 'stabilize_anchor': False}]"
